Año,ID_ESTADO,NOMBRE_ESTADO,ID_DISTRITO,CABECERA_DISTRITAL,Partido,Votos,NUM_VOTOS_VALIDOS,NUM_VOTOS_CAN_NREG,NUM_VOTOS_NULOS,TOTAL_VOTOS,LISTA_NOMINAL,votos_coalicion,Coalición
2016,1,AGUASCALIENTES,1,RINCON DE ROMOS,PAN,8036,24551,19,1041,25611,46287,8036,No
2016,1,AGUASCALIENTES,1,RINCON DE ROMOS,PRI,6505,24551,19,1041,25611,46287,6505,No
2016,1,AGUASCALIENTES,1,RINCON DE ROMOS,PRD,951,24551,19,1041,25611,46287,951,No
2016,1,AGUASCALIENTES,1,RINCON DE ROMOS,PT,549,24551,19,1041,25611,46287,549,No
2016,1,AGUASCALIENTES,1,RINCON DE ROMOS,PVEM,1762,24551,19,1041,25611,46287,1762,No
2016,1,AGUASCALIENTES,1,RINCON DE ROMOS,MC,1778,24551,19,1041,25611,46287,1778,No
2016,1,AGUASCALIENTES,1,RINCON DE ROMOS,NUAL,1427,24551,19,1041,25611,46287,1427,No
2016,1,AGUASCALIENTES,1,RINCON DE ROMOS,MORENA,1034,24551,19,1041,25611,46287,1034,No
2016,1,AGUASCALIENTES,1,RINCON DE ROMOS,ES,2277,24551,19,1041,25611,46287,2277,No
2016,1,AGUASCALIENTES,1,RINCON DE ROMOS,PRI_PT_PVEM_NUAL,25,24551,19,1041,25611,46287,10268,Sí
2016,1,AGUASCALIENTES,1,RINCON DE ROMOS,PRI_PT_PVEM,12,24551,19,1041,25611,46287,8828,Sí
2016,1,AGUASCALIENTES,1,RINCON DE ROMOS,PRI_PT_NUAL,28,24551,19,1041,25611,46287,8509,Sí
2016,1,AGUASCALIENTES,1,RINCON DE ROMOS,PRI_PVEM_NUAL,31,24551,19,1041,25611,46287,9725,Sí
2016,1,AGUASCALIENTES,1,RINCON DE ROMOS,PT_PVEM_NUAL,2,24551,19,1041,25611,46287,3740,Sí
2016,1,AGUASCALIENTES,1,RINCON DE ROMOS,PRI_PT,21,24551,19,1041,25611,46287,7075,Sí
2016,1,AGUASCALIENTES,1,RINCON DE ROMOS,PRI_PVEM,40,24551,19,1041,25611,46287,8307,Sí
2016,1,AGUASCALIENTES,1,RINCON DE ROMOS,PRI_NUAL,60,24551,19,1041,25611,46287,7992,Sí
2016,1,AGUASCALIENTES,1,RINCON DE ROMOS,PT_PVEM,4,24551,19,1041,25611,46287,2315,Sí
2016,1,AGUASCALIENTES,1,RINCON DE ROMOS,PT_NUAL,0,24551,19,1041,25611,46287,1976,Sí
2016,1,AGUASCALIENTES,1,RINCON DE ROMOS,PVEM_NUAL,9,24551,19,1041,25611,46287,3198,Sí
2016,1,AGUASCALIENTES,10,AGUASCALIENTES,PAN,13296,27524,71,1141,28736,54026,13296,No
2016,1,AGUASCALIENTES,10,AGUASCALIENTES,PRI,6255,27524,71,1141,28736,54026,6255,No
2016,1,AGUASCALIENTES,10,AGUASCALIENTES,PRD,881,27524,71,1141,28736,54026,881,No
2016,1,AGUASCALIENTES,10,AGUASCALIENTES,PT,208,27524,71,1141,28736,54026,208,No
2016,1,AGUASCALIENTES,10,AGUASCALIENTES,PVEM,523,27524,71,1141,28736,54026,523,No
2016,1,AGUASCALIENTES,10,AGUASCALIENTES,MC,553,27524,71,1141,28736,54026,553,No
2016,1,AGUASCALIENTES,10,AGUASCALIENTES,NUAL,1554,27524,71,1141,28736,54026,1554,No
2016,1,AGUASCALIENTES,10,AGUASCALIENTES,MORENA,1438,27524,71,1141,28736,54026,1438,No
2016,1,AGUASCALIENTES,10,AGUASCALIENTES,ES,556,27524,71,1141,28736,54026,556,No
2016,1,AGUASCALIENTES,10,AGUASCALIENTES,PRI_PT_PVEM_NUAL,28,27524,71,1141,28736,54026,8568,Sí
2016,1,AGUASCALIENTES,10,AGUASCALIENTES,PRI_PT_PVEM,4,27524,71,1141,28736,54026,6990,Sí
2016,1,AGUASCALIENTES,10,AGUASCALIENTES,PRI_PT_NUAL,4,27524,71,1141,28736,54026,8021,Sí
2016,1,AGUASCALIENTES,10,AGUASCALIENTES,PRI_PVEM_NUAL,26,27524,71,1141,28736,54026,8358,Sí
2016,1,AGUASCALIENTES,10,AGUASCALIENTES,PT_PVEM_NUAL,7,27524,71,1141,28736,54026,2292,Sí
2016,1,AGUASCALIENTES,10,AGUASCALIENTES,PRI_PT,15,27524,71,1141,28736,54026,6478,Sí
2016,1,AGUASCALIENTES,10,AGUASCALIENTES,PRI_PVEM,18,27524,71,1141,28736,54026,6796,Sí
2016,1,AGUASCALIENTES,10,AGUASCALIENTES,PRI_NUAL,49,27524,71,1141,28736,54026,7858,Sí
2016,1,AGUASCALIENTES,10,AGUASCALIENTES,PT_PVEM,4,27524,71,1141,28736,54026,735,Sí
2016,1,AGUASCALIENTES,10,AGUASCALIENTES,PT_NUAL,1,27524,71,1141,28736,54026,1763,Sí
2016,1,AGUASCALIENTES,10,AGUASCALIENTES,PVEM_NUAL,10,27524,71,1141,28736,54026,2087,Sí
2016,1,AGUASCALIENTES,10,AGUASCALIENTES,Candidatura Independiente,2094,27524,71,1141,28736,54026,2094,No
2016,1,AGUASCALIENTES,11,AGUASCALIENTES,PAN,14188,29859,101,1471,31431,57291,14188,No
2016,1,AGUASCALIENTES,11,AGUASCALIENTES,PRI,7663,29859,101,1471,31431,57291,7663,No
2016,1,AGUASCALIENTES,11,AGUASCALIENTES,PRD,1413,29859,101,1471,31431,57291,1413,No
2016,1,AGUASCALIENTES,11,AGUASCALIENTES,PT,275,29859,101,1471,31431,57291,275,No
2016,1,AGUASCALIENTES,11,AGUASCALIENTES,PVEM,760,29859,101,1471,31431,57291,760,No
2016,1,AGUASCALIENTES,11,AGUASCALIENTES,MC,756,29859,101,1471,31431,57291,756,No
2016,1,AGUASCALIENTES,11,AGUASCALIENTES,NUAL,1625,29859,101,1471,31431,57291,1625,No
2016,1,AGUASCALIENTES,11,AGUASCALIENTES,MORENA,2044,29859,101,1471,31431,57291,2044,No
2016,1,AGUASCALIENTES,11,AGUASCALIENTES,ES,958,29859,101,1471,31431,57291,958,No
2016,1,AGUASCALIENTES,11,AGUASCALIENTES,PRI_PT_PVEM_NUAL,53,29859,101,1471,31431,57291,10376,Sí
2016,1,AGUASCALIENTES,11,AGUASCALIENTES,PRI_PT_PVEM,7,29859,101,1471,31431,57291,8705,Sí
2016,1,AGUASCALIENTES,11,AGUASCALIENTES,PRI_PT_NUAL,15,29859,101,1471,31431,57291,9578,Sí
2016,1,AGUASCALIENTES,11,AGUASCALIENTES,PRI_PVEM_NUAL,21,29859,101,1471,31431,57291,10069,Sí
2016,1,AGUASCALIENTES,11,AGUASCALIENTES,PT_PVEM_NUAL,2,29859,101,1471,31431,57291,2662,Sí
2016,1,AGUASCALIENTES,11,AGUASCALIENTES,PRI_PT,8,29859,101,1471,31431,57291,7946,Sí
2016,1,AGUASCALIENTES,11,AGUASCALIENTES,PRI_PVEM,30,29859,101,1471,31431,57291,8453,Sí
2016,1,AGUASCALIENTES,11,AGUASCALIENTES,PRI_NUAL,34,29859,101,1471,31431,57291,9322,Sí
2016,1,AGUASCALIENTES,11,AGUASCALIENTES,PT_PVEM,0,29859,101,1471,31431,57291,1035,Sí
2016,1,AGUASCALIENTES,11,AGUASCALIENTES,PT_NUAL,1,29859,101,1471,31431,57291,1901,Sí
2016,1,AGUASCALIENTES,11,AGUASCALIENTES,PVEM_NUAL,6,29859,101,1471,31431,57291,2391,Sí
2016,1,AGUASCALIENTES,12,AGUASCALIENTES,PAN,5996,16607,29,554,17190,44877,5996,No
2016,1,AGUASCALIENTES,12,AGUASCALIENTES,PRI,6592,16607,29,554,17190,44877,6592,No
2016,1,AGUASCALIENTES,12,AGUASCALIENTES,PRD,1179,16607,29,554,17190,44877,1179,No
2016,1,AGUASCALIENTES,12,AGUASCALIENTES,PT,312,16607,29,554,17190,44877,312,No
2016,1,AGUASCALIENTES,12,AGUASCALIENTES,PVEM,449,16607,29,554,17190,44877,449,No
2016,1,AGUASCALIENTES,12,AGUASCALIENTES,MC,591,16607,29,554,17190,44877,591,No
2016,1,AGUASCALIENTES,12,AGUASCALIENTES,NUAL,528,16607,29,554,17190,44877,528,No
2016,1,AGUASCALIENTES,12,AGUASCALIENTES,ES,866,16607,29,554,17190,44877,866,No
2016,1,AGUASCALIENTES,12,AGUASCALIENTES,PRI_PT_PVEM_NUAL,24,16607,29,554,17190,44877,7905,Sí
2016,1,AGUASCALIENTES,12,AGUASCALIENTES,PRI_PT_PVEM,6,16607,29,554,17190,44877,7359,Sí
2016,1,AGUASCALIENTES,12,AGUASCALIENTES,PRI_PT_NUAL,2,16607,29,554,17190,44877,7434,Sí
2016,1,AGUASCALIENTES,12,AGUASCALIENTES,PRI_PVEM_NUAL,12,16607,29,554,17190,44877,7581,Sí
2016,1,AGUASCALIENTES,12,AGUASCALIENTES,PT_PVEM_NUAL,1,16607,29,554,17190,44877,1290,Sí
2016,1,AGUASCALIENTES,12,AGUASCALIENTES,PRI_PT,19,16607,29,554,17190,44877,6923,Sí
2016,1,AGUASCALIENTES,12,AGUASCALIENTES,PRI_PVEM,22,16607,29,554,17190,44877,7063,Sí
2016,1,AGUASCALIENTES,12,AGUASCALIENTES,PRI_NUAL,6,16607,29,554,17190,44877,7126,Sí
2016,1,AGUASCALIENTES,12,AGUASCALIENTES,PT_PVEM,1,16607,29,554,17190,44877,762,Sí
2016,1,AGUASCALIENTES,12,AGUASCALIENTES,PT_NUAL,1,16607,29,554,17190,44877,841,Sí
2016,1,AGUASCALIENTES,12,AGUASCALIENTES,PVEM_NUAL,0,16607,29,554,17190,44877,977,Sí
2016,1,AGUASCALIENTES,13,AGUASCALIENTES,PAN,8460,22242,58,889,23189,48844,8460,No
2016,1,AGUASCALIENTES,13,AGUASCALIENTES,PRI,6535,22242,58,889,23189,48844,6535,No
2016,1,AGUASCALIENTES,13,AGUASCALIENTES,PRD,727,22242,58,889,23189,48844,727,No
2016,1,AGUASCALIENTES,13,AGUASCALIENTES,PT,191,22242,58,889,23189,48844,191,No
2016,1,AGUASCALIENTES,13,AGUASCALIENTES,PVEM,532,22242,58,889,23189,48844,532,No
2016,1,AGUASCALIENTES,13,AGUASCALIENTES,MC,522,22242,58,889,23189,48844,522,No
2016,1,AGUASCALIENTES,13,AGUASCALIENTES,NUAL,592,22242,58,889,23189,48844,592,No
2016,1,AGUASCALIENTES,13,AGUASCALIENTES,MORENA,1173,22242,58,889,23189,48844,1173,No
2016,1,AGUASCALIENTES,13,AGUASCALIENTES,ES,427,22242,58,889,23189,48844,427,No
2016,1,AGUASCALIENTES,13,AGUASCALIENTES,PRI_PT_PVEM_NUAL,12,22242,58,889,23189,48844,7862,Sí
2016,1,AGUASCALIENTES,13,AGUASCALIENTES,PRI_PT_PVEM,6,22242,58,889,23189,48844,7264,Sí
2016,1,AGUASCALIENTES,13,AGUASCALIENTES,PRI_PT_NUAL,2,22242,58,889,23189,48844,7320,Sí
2016,1,AGUASCALIENTES,13,AGUASCALIENTES,PRI_PVEM_NUAL,16,22242,58,889,23189,48844,7675,Sí
2016,1,AGUASCALIENTES,13,AGUASCALIENTES,PT_PVEM_NUAL,2,22242,58,889,23189,48844,1317,Sí
2016,1,AGUASCALIENTES,13,AGUASCALIENTES,PRI_PT,8,22242,58,889,23189,48844,6734,Sí
2016,1,AGUASCALIENTES,13,AGUASCALIENTES,PRI_PVEM,20,22242,58,889,23189,48844,7087,Sí
2016,1,AGUASCALIENTES,13,AGUASCALIENTES,PRI_NUAL,10,22242,58,889,23189,48844,7137,Sí
2016,1,AGUASCALIENTES,13,AGUASCALIENTES,PT_PVEM,1,22242,58,889,23189,48844,724,Sí
2016,1,AGUASCALIENTES,13,AGUASCALIENTES,PT_NUAL,0,22242,58,889,23189,48844,783,Sí
2016,1,AGUASCALIENTES,13,AGUASCALIENTES,PVEM_NUAL,4,22242,58,889,23189,48844,1128,Sí
2016,1,AGUASCALIENTES,13,AGUASCALIENTES,Candidatura Independiente,402,22242,58,889,23189,48844,402,No
2016,1,AGUASCALIENTES,13,AGUASCALIENTES,Candidatura Independiente,673,22242,58,889,23189,48844,673,No
2016,1,AGUASCALIENTES,13,AGUASCALIENTES,Candidatura Independiente,1927,22242,58,889,23189,48844,1927,No
2016,1,AGUASCALIENTES,14,AGUASCALIENTES,PAN,11167,25480,119,1201,26800,51918,11167,No
2016,1,AGUASCALIENTES,14,AGUASCALIENTES,PRI,7213,25480,119,1201,26800,51918,7213,No
2016,1,AGUASCALIENTES,14,AGUASCALIENTES,PRD,1174,25480,119,1201,26800,51918,1174,No
2016,1,AGUASCALIENTES,14,AGUASCALIENTES,PT,341,25480,119,1201,26800,51918,341,No
2016,1,AGUASCALIENTES,14,AGUASCALIENTES,PVEM,603,25480,119,1201,26800,51918,603,No
2016,1,AGUASCALIENTES,14,AGUASCALIENTES,MC,727,25480,119,1201,26800,51918,727,No
2016,1,AGUASCALIENTES,14,AGUASCALIENTES,NUAL,850,25480,119,1201,26800,51918,850,No
2016,1,AGUASCALIENTES,14,AGUASCALIENTES,MORENA,2121,25480,119,1201,26800,51918,2121,No
2016,1,AGUASCALIENTES,14,AGUASCALIENTES,ES,1186,25480,119,1201,26800,51918,1186,No
2016,1,AGUASCALIENTES,14,AGUASCALIENTES,PRI_PT_PVEM_NUAL,28,25480,119,1201,26800,51918,9035,Sí
2016,1,AGUASCALIENTES,14,AGUASCALIENTES,PRI_PT_PVEM,4,25480,119,1201,26800,51918,8161,Sí
2016,1,AGUASCALIENTES,14,AGUASCALIENTES,PRI_PT_NUAL,4,25480,119,1201,26800,51918,8408,Sí
2016,1,AGUASCALIENTES,14,AGUASCALIENTES,PRI_PVEM_NUAL,11,25480,119,1201,26800,51918,8677,Sí
2016,1,AGUASCALIENTES,14,AGUASCALIENTES,PT_PVEM_NUAL,1,25480,119,1201,26800,51918,1795,Sí
2016,1,AGUASCALIENTES,14,AGUASCALIENTES,PRI_PT,17,25480,119,1201,26800,51918,7571,Sí
2016,1,AGUASCALIENTES,14,AGUASCALIENTES,PRI_PVEM,16,25480,119,1201,26800,51918,7832,Sí
2016,1,AGUASCALIENTES,14,AGUASCALIENTES,PRI_NUAL,10,25480,119,1201,26800,51918,8073,Sí
2016,1,AGUASCALIENTES,14,AGUASCALIENTES,PT_PVEM,1,25480,119,1201,26800,51918,945,Sí
2016,1,AGUASCALIENTES,14,AGUASCALIENTES,PT_NUAL,2,25480,119,1201,26800,51918,1193,Sí
2016,1,AGUASCALIENTES,14,AGUASCALIENTES,PVEM_NUAL,4,25480,119,1201,26800,51918,1457,Sí
2016,1,AGUASCALIENTES,15,AGUASCALIENTES,PAN,8195,21775,76,1009,22860,49606,8195,No
2016,1,AGUASCALIENTES,15,AGUASCALIENTES,PRI,6387,21775,76,1009,22860,49606,6387,No
2016,1,AGUASCALIENTES,15,AGUASCALIENTES,PRD,1289,21775,76,1009,22860,49606,1289,No
2016,1,AGUASCALIENTES,15,AGUASCALIENTES,PT,324,21775,76,1009,22860,49606,324,No
2016,1,AGUASCALIENTES,15,AGUASCALIENTES,PVEM,600,21775,76,1009,22860,49606,600,No
2016,1,AGUASCALIENTES,15,AGUASCALIENTES,MC,507,21775,76,1009,22860,49606,507,No
2016,1,AGUASCALIENTES,15,AGUASCALIENTES,NUAL,1186,21775,76,1009,22860,49606,1186,No
2016,1,AGUASCALIENTES,15,AGUASCALIENTES,MORENA,1962,21775,76,1009,22860,49606,1962,No
2016,1,AGUASCALIENTES,15,AGUASCALIENTES,ES,1161,21775,76,1009,22860,49606,1161,No
2016,1,AGUASCALIENTES,15,AGUASCALIENTES,PRI_PT_PVEM_NUAL,34,21775,76,1009,22860,49606,8531,Sí
2016,1,AGUASCALIENTES,15,AGUASCALIENTES,PRI_PT_PVEM,9,21775,76,1009,22860,49606,7320,Sí
2016,1,AGUASCALIENTES,15,AGUASCALIENTES,PRI_PT_NUAL,8,21775,76,1009,22860,49606,7905,Sí
2016,1,AGUASCALIENTES,15,AGUASCALIENTES,PRI_PVEM_NUAL,36,21775,76,1009,22860,49606,8209,Sí
2016,1,AGUASCALIENTES,15,AGUASCALIENTES,PT_PVEM_NUAL,4,21775,76,1009,22860,49606,2114,Sí
2016,1,AGUASCALIENTES,15,AGUASCALIENTES,PRI_PT,10,21775,76,1009,22860,49606,6721,Sí
2016,1,AGUASCALIENTES,15,AGUASCALIENTES,PRI_PVEM,27,21775,76,1009,22860,49606,7014,Sí
2016,1,AGUASCALIENTES,15,AGUASCALIENTES,PRI_NUAL,29,21775,76,1009,22860,49606,7602,Sí
2016,1,AGUASCALIENTES,15,AGUASCALIENTES,PT_PVEM,2,21775,76,1009,22860,49606,926,Sí
2016,1,AGUASCALIENTES,15,AGUASCALIENTES,PT_NUAL,3,21775,76,1009,22860,49606,1513,Sí
2016,1,AGUASCALIENTES,15,AGUASCALIENTES,PVEM_NUAL,2,21775,76,1009,22860,49606,1788,Sí
2016,1,AGUASCALIENTES,16,AGUASCALIENTES,PAN,6780,17475,30,748,18253,41517,6780,No
2016,1,AGUASCALIENTES,16,AGUASCALIENTES,PRI,5137,17475,30,748,18253,41517,5137,No
2016,1,AGUASCALIENTES,16,AGUASCALIENTES,PRD,1300,17475,30,748,18253,41517,1300,No
2016,1,AGUASCALIENTES,16,AGUASCALIENTES,PT,348,17475,30,748,18253,41517,348,No
2016,1,AGUASCALIENTES,16,AGUASCALIENTES,PVEM,643,17475,30,748,18253,41517,643,No
2016,1,AGUASCALIENTES,16,AGUASCALIENTES,MC,796,17475,30,748,18253,41517,796,No
2016,1,AGUASCALIENTES,16,AGUASCALIENTES,NUAL,1055,17475,30,748,18253,41517,1055,No
2016,1,AGUASCALIENTES,16,AGUASCALIENTES,ES,1319,17475,30,748,18253,41517,1319,No
2016,1,AGUASCALIENTES,16,AGUASCALIENTES,PRI_PT_PVEM_NUAL,19,17475,30,748,18253,41517,7202,Sí
2016,1,AGUASCALIENTES,16,AGUASCALIENTES,PRI_PT_PVEM,0,17475,30,748,18253,41517,6128,Sí
2016,1,AGUASCALIENTES,16,AGUASCALIENTES,PRI_PT_NUAL,5,17475,30,748,18253,41517,6545,Sí
2016,1,AGUASCALIENTES,16,AGUASCALIENTES,PRI_PVEM_NUAL,22,17475,30,748,18253,41517,6857,Sí
2016,1,AGUASCALIENTES,16,AGUASCALIENTES,PT_PVEM_NUAL,0,17475,30,748,18253,41517,2046,Sí
2016,1,AGUASCALIENTES,16,AGUASCALIENTES,PRI_PT,7,17475,30,748,18253,41517,5492,Sí
2016,1,AGUASCALIENTES,16,AGUASCALIENTES,PRI_PVEM,16,17475,30,748,18253,41517,5796,Sí
2016,1,AGUASCALIENTES,16,AGUASCALIENTES,PRI_NUAL,21,17475,30,748,18253,41517,6213,Sí
2016,1,AGUASCALIENTES,16,AGUASCALIENTES,PT_PVEM,0,17475,30,748,18253,41517,991,Sí
2016,1,AGUASCALIENTES,16,AGUASCALIENTES,PT_NUAL,1,17475,30,748,18253,41517,1404,Sí
2016,1,AGUASCALIENTES,16,AGUASCALIENTES,PVEM_NUAL,6,17475,30,748,18253,41517,1704,Sí
2016,1,AGUASCALIENTES,17,AGUASCALIENTES,PAN,13867,28805,82,1225,30112,55892,13867,No
2016,1,AGUASCALIENTES,17,AGUASCALIENTES,PRI,7125,28805,82,1225,30112,55892,7125,No
2016,1,AGUASCALIENTES,17,AGUASCALIENTES,PRD,1051,28805,82,1225,30112,55892,1051,No
2016,1,AGUASCALIENTES,17,AGUASCALIENTES,PT,229,28805,82,1225,30112,55892,229,No
2016,1,AGUASCALIENTES,17,AGUASCALIENTES,PVEM,528,28805,82,1225,30112,55892,528,No
2016,1,AGUASCALIENTES,17,AGUASCALIENTES,MC,645,28805,82,1225,30112,55892,645,No
2016,1,AGUASCALIENTES,17,AGUASCALIENTES,NUAL,552,28805,82,1225,30112,55892,552,No
2016,1,AGUASCALIENTES,17,AGUASCALIENTES,MORENA,1621,28805,82,1225,30112,55892,1621,No
2016,1,AGUASCALIENTES,17,AGUASCALIENTES,ES,660,28805,82,1225,30112,55892,660,No
2016,1,AGUASCALIENTES,17,AGUASCALIENTES,PRI_PT_PVEM_NUAL,28,28805,82,1225,30112,55892,8462,Sí
2016,1,AGUASCALIENTES,17,AGUASCALIENTES,PRI_PT_PVEM,7,28805,82,1225,30112,55892,7889,Sí
2016,1,AGUASCALIENTES,17,AGUASCALIENTES,PRI_PT_NUAL,3,28805,82,1225,30112,55892,7909,Sí
2016,1,AGUASCALIENTES,17,AGUASCALIENTES,PRI_PVEM_NUAL,10,28805,82,1225,30112,55892,8215,Sí
2016,1,AGUASCALIENTES,17,AGUASCALIENTES,PT_PVEM_NUAL,1,28805,82,1225,30112,55892,1310,Sí
2016,1,AGUASCALIENTES,17,AGUASCALIENTES,PRI_PT,15,28805,82,1225,30112,55892,7369,Sí
2016,1,AGUASCALIENTES,17,AGUASCALIENTES,PRI_PVEM,24,28805,82,1225,30112,55892,7677,Sí
2016,1,AGUASCALIENTES,17,AGUASCALIENTES,PRI_NUAL,13,28805,82,1225,30112,55892,7690,Sí
2016,1,AGUASCALIENTES,17,AGUASCALIENTES,PT_PVEM,3,28805,82,1225,30112,55892,760,Sí
2016,1,AGUASCALIENTES,17,AGUASCALIENTES,PT_NUAL,0,28805,82,1225,30112,55892,781,Sí
2016,1,AGUASCALIENTES,17,AGUASCALIENTES,Candidatura Independiente,2423,28805,82,1225,30112,55892,2423,No
2016,1,AGUASCALIENTES,18,AGUASCALIENTES,PAN,9174,21220,99,1091,22410,48117,9174,No
2016,1,AGUASCALIENTES,18,AGUASCALIENTES,PRI,6250,21220,99,1091,22410,48117,6250,No
2016,1,AGUASCALIENTES,18,AGUASCALIENTES,PRD,929,21220,99,1091,22410,48117,929,No
2016,1,AGUASCALIENTES,18,AGUASCALIENTES,PT,522,21220,99,1091,22410,48117,522,No
2016,1,AGUASCALIENTES,18,AGUASCALIENTES,PVEM,640,21220,99,1091,22410,48117,640,No
2016,1,AGUASCALIENTES,18,AGUASCALIENTES,MC,701,21220,99,1091,22410,48117,701,No
2016,1,AGUASCALIENTES,18,AGUASCALIENTES,NUAL,532,21220,99,1091,22410,48117,532,No
2016,1,AGUASCALIENTES,18,AGUASCALIENTES,MORENA,1441,21220,99,1091,22410,48117,1441,No
2016,1,AGUASCALIENTES,18,AGUASCALIENTES,ES,897,21220,99,1091,22410,48117,897,No
2016,1,AGUASCALIENTES,18,AGUASCALIENTES,PRI_PT_PVEM_NUAL,23,21220,99,1091,22410,48117,7967,Sí
2016,1,AGUASCALIENTES,18,AGUASCALIENTES,PRI_PT_PVEM,18,21220,99,1091,22410,48117,7430,Sí
2016,1,AGUASCALIENTES,18,AGUASCALIENTES,PRI_PT_NUAL,6,21220,99,1091,22410,48117,7310,Sí
2016,1,AGUASCALIENTES,18,AGUASCALIENTES,PRI_PVEM_NUAL,11,21220,99,1091,22410,48117,7433,Sí
2016,1,AGUASCALIENTES,18,AGUASCALIENTES,PT_PVEM_NUAL,1,21220,99,1091,22410,48117,1695,Sí
2016,1,AGUASCALIENTES,18,AGUASCALIENTES,PRI_PT,38,21220,99,1091,22410,48117,6810,Sí
2016,1,AGUASCALIENTES,18,AGUASCALIENTES,PRI_PVEM,21,21220,99,1091,22410,48117,6911,Sí
2016,1,AGUASCALIENTES,18,AGUASCALIENTES,PRI_NUAL,9,21220,99,1091,22410,48117,6791,Sí
2016,1,AGUASCALIENTES,18,AGUASCALIENTES,PT_PVEM,1,21220,99,1091,22410,48117,1163,Sí
2016,1,AGUASCALIENTES,18,AGUASCALIENTES,PT_NUAL,1,21220,99,1091,22410,48117,1055,Sí
2016,1,AGUASCALIENTES,18,AGUASCALIENTES,PVEM_NUAL,5,21220,99,1091,22410,48117,1177,Sí
2016,1,AGUASCALIENTES,2,EL LLANO,PAN,9410,30337,17,988,31342,46299,9410,No
2016,1,AGUASCALIENTES,2,EL LLANO,PRI,6298,30337,17,988,31342,46299,6298,No
2016,1,AGUASCALIENTES,2,EL LLANO,PRD,2183,30337,17,988,31342,46299,2183,No
2016,1,AGUASCALIENTES,2,EL LLANO,PT,2196,30337,17,988,31342,46299,2196,No
2016,1,AGUASCALIENTES,2,EL LLANO,PVEM,910,30337,17,988,31342,46299,910,No
2016,1,AGUASCALIENTES,2,EL LLANO,MC,717,30337,17,988,31342,46299,717,No
2016,1,AGUASCALIENTES,2,EL LLANO,NUAL,6962,30337,17,988,31342,46299,6962,No
2016,1,AGUASCALIENTES,2,EL LLANO,MORENA,624,30337,17,988,31342,46299,624,No
2016,1,AGUASCALIENTES,2,EL LLANO,ES,593,30337,17,988,31342,46299,593,No
2016,1,AGUASCALIENTES,2,EL LLANO,PRI_PT_PVEM_NUAL,57,30337,17,988,31342,46299,16423,Sí
2016,1,AGUASCALIENTES,2,EL LLANO,PRI_PT_PVEM,8,30337,17,988,31342,46299,9412,Sí
2016,1,AGUASCALIENTES,2,EL LLANO,PRI_PT_NUAL,53,30337,17,988,31342,46299,15509,Sí
2016,1,AGUASCALIENTES,2,EL LLANO,PRI_PVEM_NUAL,39,30337,17,988,31342,46299,14209,Sí
2016,1,AGUASCALIENTES,2,EL LLANO,PT_PVEM_NUAL,5,30337,17,988,31342,46299,10073,Sí
2016,1,AGUASCALIENTES,2,EL LLANO,PRI_PT,71,30337,17,988,31342,46299,8565,Sí
2016,1,AGUASCALIENTES,2,EL LLANO,PRI_PVEM,28,30337,17,988,31342,46299,7236,Sí
2016,1,AGUASCALIENTES,2,EL LLANO,PRI_NUAL,146,30337,17,988,31342,46299,13406,Sí
2016,1,AGUASCALIENTES,2,EL LLANO,PT_PVEM,5,30337,17,988,31342,46299,3111,Sí
2016,1,AGUASCALIENTES,2,EL LLANO,PT_NUAL,7,30337,17,988,31342,46299,9165,Sí
2016,1,AGUASCALIENTES,2,EL LLANO,PVEM_NUAL,25,30337,17,988,31342,46299,7897,Sí
2016,1,AGUASCALIENTES,3,PABELLON DE ARTEAGA,PAN,8797,28095,28,1004,29127,43691,8797,No
2016,1,AGUASCALIENTES,3,PABELLON DE ARTEAGA,PRI,3636,28095,28,1004,29127,43691,3636,No
2016,1,AGUASCALIENTES,3,PABELLON DE ARTEAGA,PRD,6689,28095,28,1004,29127,43691,6689,No
2016,1,AGUASCALIENTES,3,PABELLON DE ARTEAGA,PT,802,28095,28,1004,29127,43691,802,No
2016,1,AGUASCALIENTES,3,PABELLON DE ARTEAGA,PVEM,3038,28095,28,1004,29127,43691,3038,No
2016,1,AGUASCALIENTES,3,PABELLON DE ARTEAGA,MC,603,28095,28,1004,29127,43691,603,No
2016,1,AGUASCALIENTES,3,PABELLON DE ARTEAGA,NUAL,2912,28095,28,1004,29127,43691,2912,No
2016,1,AGUASCALIENTES,3,PABELLON DE ARTEAGA,MORENA,675,28095,28,1004,29127,43691,675,No
2016,1,AGUASCALIENTES,3,PABELLON DE ARTEAGA,ES,722,28095,28,1004,29127,43691,722,No
2016,1,AGUASCALIENTES,3,PABELLON DE ARTEAGA,PRI_PT_PVEM_NUAL,16,28095,28,1004,29127,43691,10404,Sí
2016,1,AGUASCALIENTES,3,PABELLON DE ARTEAGA,PRI_PT_PVEM,7,28095,28,1004,29127,43691,7483,Sí
2016,1,AGUASCALIENTES,3,PABELLON DE ARTEAGA,PRI_PT_NUAL,21,28095,28,1004,29127,43691,7371,Sí
2016,1,AGUASCALIENTES,3,PABELLON DE ARTEAGA,PRI_PVEM_NUAL,11,28095,28,1004,29127,43691,9597,Sí
2016,1,AGUASCALIENTES,3,PABELLON DE ARTEAGA,PT_PVEM_NUAL,1,28095,28,1004,29127,43691,6753,Sí
2016,1,AGUASCALIENTES,3,PABELLON DE ARTEAGA,PRI_PT,18,28095,28,1004,29127,43691,4456,Sí
2016,1,AGUASCALIENTES,3,PABELLON DE ARTEAGA,PRI_PVEM,49,28095,28,1004,29127,43691,6723,Sí
2016,1,AGUASCALIENTES,3,PABELLON DE ARTEAGA,PRI_NUAL,66,28095,28,1004,29127,43691,6614,Sí
2016,1,AGUASCALIENTES,3,PABELLON DE ARTEAGA,PT_PVEM,6,28095,28,1004,29127,43691,3846,Sí
2016,1,AGUASCALIENTES,3,PABELLON DE ARTEAGA,PT_NUAL,5,28095,28,1004,29127,43691,3719,Sí
2016,1,AGUASCALIENTES,3,PABELLON DE ARTEAGA,PVEM_NUAL,21,28095,28,1004,29127,43691,5971,Sí
2016,1,AGUASCALIENTES,4,SAN FRANCISCO DE LOS ROMO,PAN,10350,25341,76,875,26292,51633,10350,No
2016,1,AGUASCALIENTES,4,SAN FRANCISCO DE LOS ROMO,PRI,7823,25341,76,875,26292,51633,7823,No
2016,1,AGUASCALIENTES,4,SAN FRANCISCO DE LOS ROMO,PRD,857,25341,76,875,26292,51633,857,No
2016,1,AGUASCALIENTES,4,SAN FRANCISCO DE LOS ROMO,PT,325,25341,76,875,26292,51633,325,No
2016,1,AGUASCALIENTES,4,SAN FRANCISCO DE LOS ROMO,PVEM,1313,25341,76,875,26292,51633,1313,No
2016,1,AGUASCALIENTES,4,SAN FRANCISCO DE LOS ROMO,MC,579,25341,76,875,26292,51633,579,No
2016,1,AGUASCALIENTES,4,SAN FRANCISCO DE LOS ROMO,NUAL,1483,25341,76,875,26292,51633,1483,No
2016,1,AGUASCALIENTES,4,SAN FRANCISCO DE LOS ROMO,MORENA,1393,25341,76,875,26292,51633,1393,No
2016,1,AGUASCALIENTES,4,SAN FRANCISCO DE LOS ROMO,ES,1097,25341,76,875,26292,51633,1097,No
2016,1,AGUASCALIENTES,4,SAN FRANCISCO DE LOS ROMO,PRI_PT_PVEM_NUAL,7,25341,76,875,26292,51633,10951,Sí
2016,1,AGUASCALIENTES,4,SAN FRANCISCO DE LOS ROMO,PRI_PT_PVEM,6,25341,76,875,26292,51633,9467,Sí
2016,1,AGUASCALIENTES,4,SAN FRANCISCO DE LOS ROMO,PRI_PT_NUAL,3,25341,76,875,26292,51633,9634,Sí
2016,1,AGUASCALIENTES,4,SAN FRANCISCO DE LOS ROMO,PRI_PVEM_NUAL,12,25341,76,875,26292,51633,10631,Sí
2016,1,AGUASCALIENTES,4,SAN FRANCISCO DE LOS ROMO,PT_PVEM_NUAL,1,25341,76,875,26292,51633,3122,Sí
2016,1,AGUASCALIENTES,4,SAN FRANCISCO DE LOS ROMO,PRI_PT,21,25341,76,875,26292,51633,8169,Sí
2016,1,AGUASCALIENTES,4,SAN FRANCISCO DE LOS ROMO,PRI_PVEM,50,25341,76,875,26292,51633,9186,Sí
2016,1,AGUASCALIENTES,4,SAN FRANCISCO DE LOS ROMO,PRI_NUAL,14,25341,76,875,26292,51633,9320,Sí
2016,1,AGUASCALIENTES,4,SAN FRANCISCO DE LOS ROMO,PT_PVEM,2,25341,76,875,26292,51633,1640,Sí
2016,1,AGUASCALIENTES,4,SAN FRANCISCO DE LOS ROMO,PT_NUAL,0,25341,76,875,26292,51633,1808,Sí
2016,1,AGUASCALIENTES,4,SAN FRANCISCO DE LOS ROMO,PVEM_NUAL,5,25341,76,875,26292,51633,2801,Sí
2016,1,AGUASCALIENTES,5,AGUASCALIENTES,PAN,8275,20187,36,793,21016,46255,8275,No
2016,1,AGUASCALIENTES,5,AGUASCALIENTES,PRI,5799,20187,36,793,21016,46255,5799,No
2016,1,AGUASCALIENTES,5,AGUASCALIENTES,PRD,913,20187,36,793,21016,46255,913,No
2016,1,AGUASCALIENTES,5,AGUASCALIENTES,PT,233,20187,36,793,21016,46255,233,No
2016,1,AGUASCALIENTES,5,AGUASCALIENTES,PVEM,406,20187,36,793,21016,46255,406,No
2016,1,AGUASCALIENTES,5,AGUASCALIENTES,MC,364,20187,36,793,21016,46255,364,No
2016,1,AGUASCALIENTES,5,AGUASCALIENTES,NUAL,472,20187,36,793,21016,46255,472,No
2016,1,AGUASCALIENTES,5,AGUASCALIENTES,MORENA,1270,20187,36,793,21016,46255,1270,No
2016,1,AGUASCALIENTES,5,AGUASCALIENTES,ES,435,20187,36,793,21016,46255,435,No
2016,1,AGUASCALIENTES,5,AGUASCALIENTES,PRI_PT_PVEM_NUAL,23,20187,36,793,21016,46255,6933,Sí
2016,1,AGUASCALIENTES,5,AGUASCALIENTES,PRI_PT_PVEM,5,20187,36,793,21016,46255,6443,Sí
2016,1,AGUASCALIENTES,5,AGUASCALIENTES,PRI_PT_NUAL,7,20187,36,793,21016,46255,6511,Sí
2016,1,AGUASCALIENTES,5,AGUASCALIENTES,PRI_PVEM_NUAL,7,20187,36,793,21016,46255,6684,Sí
2016,1,AGUASCALIENTES,5,AGUASCALIENTES,PT_PVEM_NUAL,4,20187,36,793,21016,46255,1115,Sí
2016,1,AGUASCALIENTES,5,AGUASCALIENTES,PRI_PT,8,20187,36,793,21016,46255,6040,Sí
2016,1,AGUASCALIENTES,5,AGUASCALIENTES,PRI_PVEM,11,20187,36,793,21016,46255,6216,Sí
2016,1,AGUASCALIENTES,5,AGUASCALIENTES,PRI_NUAL,3,20187,36,793,21016,46255,6274,Sí
2016,1,AGUASCALIENTES,5,AGUASCALIENTES,PT_PVEM,2,20187,36,793,21016,46255,641,Sí
2016,1,AGUASCALIENTES,5,AGUASCALIENTES,PT_NUAL,0,20187,36,793,21016,46255,705,Sí
2016,1,AGUASCALIENTES,5,AGUASCALIENTES,PVEM_NUAL,0,20187,36,793,21016,46255,878,Sí
2016,1,AGUASCALIENTES,5,AGUASCALIENTES,Candidatura Independiente,1950,20187,36,793,21016,46255,1950,No
2016,1,AGUASCALIENTES,6,AGUASCALIENTES,PAN,16676,30246,116,1577,31939,55381,16676,No
2016,1,AGUASCALIENTES,6,AGUASCALIENTES,PRI,6593,30246,116,1577,31939,55381,6593,No
2016,1,AGUASCALIENTES,6,AGUASCALIENTES,PRD,911,30246,116,1577,31939,55381,911,No
2016,1,AGUASCALIENTES,6,AGUASCALIENTES,PT,190,30246,116,1577,31939,55381,190,No
2016,1,AGUASCALIENTES,6,AGUASCALIENTES,PVEM,746,30246,116,1577,31939,55381,746,No
2016,1,AGUASCALIENTES,6,AGUASCALIENTES,MC,1890,30246,116,1577,31939,55381,1890,No
2016,1,AGUASCALIENTES,6,AGUASCALIENTES,NUAL,632,30246,116,1577,31939,55381,632,No
2016,1,AGUASCALIENTES,6,AGUASCALIENTES,MORENA,1679,30246,116,1577,31939,55381,1679,No
2016,1,AGUASCALIENTES,6,AGUASCALIENTES,ES,832,30246,116,1577,31939,55381,832,No
2016,1,AGUASCALIENTES,6,AGUASCALIENTES,PRI_PT_PVEM_NUAL,19,30246,116,1577,31939,55381,8180,Sí
2016,1,AGUASCALIENTES,6,AGUASCALIENTES,PRI_PT_PVEM,5,30246,116,1577,31939,55381,7534,Sí
2016,1,AGUASCALIENTES,6,AGUASCALIENTES,PRI_PT_NUAL,4,30246,116,1577,31939,55381,7419,Sí
2016,1,AGUASCALIENTES,6,AGUASCALIENTES,PRI_PVEM_NUAL,15,30246,116,1577,31939,55381,7986,Sí
2016,1,AGUASCALIENTES,6,AGUASCALIENTES,PT_PVEM_NUAL,1,30246,116,1577,31939,55381,1569,Sí
2016,1,AGUASCALIENTES,6,AGUASCALIENTES,PRI_PT,8,30246,116,1577,31939,55381,6791,Sí
2016,1,AGUASCALIENTES,6,AGUASCALIENTES,PRI_PVEM,26,30246,116,1577,31939,55381,7365,Sí
2016,1,AGUASCALIENTES,6,AGUASCALIENTES,PRI_NUAL,14,30246,116,1577,31939,55381,7239,Sí
2016,1,AGUASCALIENTES,6,AGUASCALIENTES,PT_PVEM,1,30246,116,1577,31939,55381,937,Sí
2016,1,AGUASCALIENTES,6,AGUASCALIENTES,PT_NUAL,0,30246,116,1577,31939,55381,822,Sí
2016,1,AGUASCALIENTES,6,AGUASCALIENTES,PVEM_NUAL,4,30246,116,1577,31939,55381,1382,Sí
2016,1,AGUASCALIENTES,7,JESUS MARIA,PAN,10464,23413,19,718,24150,49193,10464,No
2016,1,AGUASCALIENTES,7,JESUS MARIA,PRI,8621,23413,19,718,24150,49193,8621,No
2016,1,AGUASCALIENTES,7,JESUS MARIA,PRD,387,23413,19,718,24150,49193,387,No
2016,1,AGUASCALIENTES,7,JESUS MARIA,PT,364,23413,19,718,24150,49193,364,No
2016,1,AGUASCALIENTES,7,JESUS MARIA,PVEM,464,23413,19,718,24150,49193,464,No
2016,1,AGUASCALIENTES,7,JESUS MARIA,MC,332,23413,19,718,24150,49193,332,No
2016,1,AGUASCALIENTES,7,JESUS MARIA,NUAL,630,23413,19,718,24150,49193,630,No
2016,1,AGUASCALIENTES,7,JESUS MARIA,MORENA,824,23413,19,718,24150,49193,824,No
2016,1,AGUASCALIENTES,7,JESUS MARIA,ES,450,23413,19,718,24150,49193,450,No
2016,1,AGUASCALIENTES,7,JESUS MARIA,Candidatura Independiente,877,23413,19,718,24150,49193,877,No
2016,1,AGUASCALIENTES,8,CALVILLO,PAN,14364,28201,18,866,29085,50515,14364,No
2016,1,AGUASCALIENTES,8,CALVILLO,PRI,6455,28201,18,866,29085,50515,6455,No
2016,1,AGUASCALIENTES,8,CALVILLO,PRD,2200,28201,18,866,29085,50515,2200,No
2016,1,AGUASCALIENTES,8,CALVILLO,PT,1382,28201,18,866,29085,50515,1382,No
2016,1,AGUASCALIENTES,8,CALVILLO,PVEM,754,28201,18,866,29085,50515,754,No
2016,1,AGUASCALIENTES,8,CALVILLO,MC,716,28201,18,866,29085,50515,716,No
2016,1,AGUASCALIENTES,8,CALVILLO,NUAL,878,28201,18,866,29085,50515,878,No
2016,1,AGUASCALIENTES,8,CALVILLO,MORENA,840,28201,18,866,29085,50515,840,No
2016,1,AGUASCALIENTES,8,CALVILLO,ES,452,28201,18,866,29085,50515,452,No
2016,1,AGUASCALIENTES,8,CALVILLO,PRI_PT_PVEM_NUAL,24,28201,18,866,29085,50515,9493,Sí
2016,1,AGUASCALIENTES,8,CALVILLO,PRI_PT_PVEM,13,28201,18,866,29085,50515,8604,Sí
2016,1,AGUASCALIENTES,8,CALVILLO,PRI_PT_NUAL,12,28201,18,866,29085,50515,8727,Sí
2016,1,AGUASCALIENTES,8,CALVILLO,PRI_PVEM_NUAL,4,28201,18,866,29085,50515,8091,Sí
2016,1,AGUASCALIENTES,8,CALVILLO,PT_PVEM_NUAL,3,28201,18,866,29085,50515,3017,Sí
2016,1,AGUASCALIENTES,8,CALVILLO,PRI_PT,61,28201,18,866,29085,50515,7898,Sí
2016,1,AGUASCALIENTES,8,CALVILLO,PRI_PVEM,23,28201,18,866,29085,50515,7232,Sí
2016,1,AGUASCALIENTES,8,CALVILLO,PRI_NUAL,14,28201,18,866,29085,50515,7347,Sí
2016,1,AGUASCALIENTES,8,CALVILLO,PT_PVEM,2,28201,18,866,29085,50515,2138,Sí
2016,1,AGUASCALIENTES,8,CALVILLO,PT_NUAL,2,28201,18,866,29085,50515,2262,Sí
2016,1,AGUASCALIENTES,8,CALVILLO,PVEM_NUAL,2,28201,18,866,29085,50515,1634,Sí
2016,1,AGUASCALIENTES,9,AGUASCALIENTES,PAN,9394,23156,58,951,24165,52294,9394,No
2016,1,AGUASCALIENTES,9,AGUASCALIENTES,PRI,7690,23156,58,951,24165,52294,7690,No
2016,1,AGUASCALIENTES,9,AGUASCALIENTES,PRD,1920,23156,58,951,24165,52294,1920,No
2016,1,AGUASCALIENTES,9,AGUASCALIENTES,PT,307,23156,58,951,24165,52294,307,No
2016,1,AGUASCALIENTES,9,AGUASCALIENTES,PVEM,573,23156,58,951,24165,52294,573,No
2016,1,AGUASCALIENTES,9,AGUASCALIENTES,MC,372,23156,58,951,24165,52294,372,No
2016,1,AGUASCALIENTES,9,AGUASCALIENTES,NUAL,558,23156,58,951,24165,52294,558,No
2016,1,AGUASCALIENTES,9,AGUASCALIENTES,MORENA,1349,23156,58,951,24165,52294,1349,No
2016,1,AGUASCALIENTES,9,AGUASCALIENTES,ES,809,23156,58,951,24165,52294,809,No
2016,1,AGUASCALIENTES,9,AGUASCALIENTES,PRI_PT_PVEM_NUAL,39,23156,58,951,24165,52294,9167,Sí
2016,1,AGUASCALIENTES,9,AGUASCALIENTES,PRI_PT_PVEM,8,23156,58,951,24165,52294,8578,Sí
2016,1,AGUASCALIENTES,9,AGUASCALIENTES,PRI_PT_NUAL,9,23156,58,951,24165,52294,8564,Sí
2016,1,AGUASCALIENTES,9,AGUASCALIENTES,PRI_PVEM_NUAL,24,23156,58,951,24165,52294,8845,Sí
2016,1,AGUASCALIENTES,9,AGUASCALIENTES,PT_PVEM_NUAL,1,23156,58,951,24165,52294,1439,Sí
2016,1,AGUASCALIENTES,9,AGUASCALIENTES,PRI_PT,28,23156,58,951,24165,52294,8025,Sí
2016,1,AGUASCALIENTES,9,AGUASCALIENTES,PRI_PVEM,45,23156,58,951,24165,52294,8308,Sí
2016,1,AGUASCALIENTES,9,AGUASCALIENTES,PRI_NUAL,20,23156,58,951,24165,52294,8268,Sí
2016,1,AGUASCALIENTES,9,AGUASCALIENTES,PT_PVEM,3,23156,58,951,24165,52294,883,Sí
2016,1,AGUASCALIENTES,9,AGUASCALIENTES,PT_NUAL,0,23156,58,951,24165,52294,865,Sí
2016,1,AGUASCALIENTES,9,AGUASCALIENTES,PVEM_NUAL,7,23156,58,951,24165,52294,1138,Sí
2016,10,DURANGO,1,DURANGO,PAN_PRD,23606,47780,49,1190,49019,89141,23606,Sí
2016,10,DURANGO,1,DURANGO,PRI,15425,47780,49,1190,49019,89141,15425,No
2016,10,DURANGO,1,DURANGO,PT,2930,47780,49,1190,49019,89141,2930,No
2016,10,DURANGO,1,DURANGO,PVEM,785,47780,49,1190,49019,89141,785,No
2016,10,DURANGO,1,DURANGO,PD,313,47780,49,1190,49019,89141,313,No
2016,10,DURANGO,1,DURANGO,NUAL,790,47780,49,1190,49019,89141,790,No
2016,10,DURANGO,1,DURANGO,MORENA,1521,47780,49,1190,49019,89141,1521,No
2016,10,DURANGO,1,DURANGO,ES,657,47780,49,1190,49019,89141,657,No
2016,10,DURANGO,1,DURANGO,Candidatura Independiente,1753,47780,49,1190,49019,89141,1753,No
2016,10,DURANGO,10,GOMEZ PALACIO,PAN_PRD,10241,34258,28,1044,35330,76490,10241,Sí
2016,10,DURANGO,10,GOMEZ PALACIO,PRI,20236,34258,28,1044,35330,76490,20236,No
2016,10,DURANGO,10,GOMEZ PALACIO,PT,748,34258,28,1044,35330,76490,748,No
2016,10,DURANGO,10,GOMEZ PALACIO,PVEM,587,34258,28,1044,35330,76490,587,No
2016,10,DURANGO,10,GOMEZ PALACIO,MC,144,34258,28,1044,35330,76490,144,No
2016,10,DURANGO,10,GOMEZ PALACIO,PD,132,34258,28,1044,35330,76490,132,No
2016,10,DURANGO,10,GOMEZ PALACIO,NUAL,604,34258,28,1044,35330,76490,604,No
2016,10,DURANGO,10,GOMEZ PALACIO,MORENA,1238,34258,28,1044,35330,76490,1238,No
2016,10,DURANGO,10,GOMEZ PALACIO,ES,328,34258,28,1044,35330,76490,328,No
2016,10,DURANGO,11,GOMEZ PALACIO,PAN_PRD,12165,38084,103,1304,39491,88005,12165,Sí
2016,10,DURANGO,11,GOMEZ PALACIO,PRI,19401,38084,103,1304,39491,88005,19401,No
2016,10,DURANGO,11,GOMEZ PALACIO,PT,713,38084,103,1304,39491,88005,713,No
2016,10,DURANGO,11,GOMEZ PALACIO,PVEM,1339,38084,103,1304,39491,88005,1339,No
2016,10,DURANGO,11,GOMEZ PALACIO,MC,269,38084,103,1304,39491,88005,269,No
2016,10,DURANGO,11,GOMEZ PALACIO,PD,103,38084,103,1304,39491,88005,103,No
2016,10,DURANGO,11,GOMEZ PALACIO,NUAL,967,38084,103,1304,39491,88005,967,No
2016,10,DURANGO,11,GOMEZ PALACIO,MORENA,1801,38084,103,1304,39491,88005,1801,No
2016,10,DURANGO,11,GOMEZ PALACIO,ES,616,38084,103,1304,39491,88005,616,No
2016,10,DURANGO,11,GOMEZ PALACIO,Candidatura Independiente,710,38084,103,1304,39491,88005,710,No
2016,10,DURANGO,12,GOMEZ PALACIO,PAN_PRD,10150,33906,34,1073,35013,78799,10150,Sí
2016,10,DURANGO,12,GOMEZ PALACIO,PRI,18755,33906,34,1073,35013,78799,18755,No
2016,10,DURANGO,12,GOMEZ PALACIO,PT,362,33906,34,1073,35013,78799,362,No
2016,10,DURANGO,12,GOMEZ PALACIO,PVEM,991,33906,34,1073,35013,78799,991,No
2016,10,DURANGO,12,GOMEZ PALACIO,MC,241,33906,34,1073,35013,78799,241,No
2016,10,DURANGO,12,GOMEZ PALACIO,PD,185,33906,34,1073,35013,78799,185,No
2016,10,DURANGO,12,GOMEZ PALACIO,NUAL,818,33906,34,1073,35013,78799,818,No
2016,10,DURANGO,12,GOMEZ PALACIO,MORENA,1780,33906,34,1073,35013,78799,1780,No
2016,10,DURANGO,12,GOMEZ PALACIO,ES,624,33906,34,1073,35013,78799,624,No
2016,10,DURANGO,13,LERDO,PAN_PRD,12842,35733,55,1932,37720,78124,12842,Sí
2016,10,DURANGO,13,LERDO,PVEM_PRI_PD_NUAL,16252,35733,55,1932,37720,78124,16252,Sí
2016,10,DURANGO,13,LERDO,PT,1071,35733,55,1932,37720,78124,1071,No
2016,10,DURANGO,13,LERDO,MC,656,35733,55,1932,37720,78124,656,No
2016,10,DURANGO,13,LERDO,MORENA,3329,35733,55,1932,37720,78124,3329,No
2016,10,DURANGO,13,LERDO,ES,1583,35733,55,1932,37720,78124,1583,No
2016,10,DURANGO,14,CUENCAME,PAN_PRD,18516,47708,19,1927,49654,78683,18516,Sí
2016,10,DURANGO,14,CUENCAME,PVEM_PRI_PD_NUAL,19218,47708,19,1927,49654,78683,19218,Sí
2016,10,DURANGO,14,CUENCAME,PT,5013,47708,19,1927,49654,78683,5013,No
2016,10,DURANGO,14,CUENCAME,MC,250,47708,19,1927,49654,78683,250,No
2016,10,DURANGO,14,CUENCAME,MORENA,3881,47708,19,1927,49654,78683,3881,No
2016,10,DURANGO,14,CUENCAME,ES,830,47708,19,1927,49654,78683,830,No
2016,10,DURANGO,15,NOMBRE DE DIOS,PAN_PRD,11205,50127,180,2838,53145,80555,11205,Sí
2016,10,DURANGO,15,NOMBRE DE DIOS,PRI,18604,50127,180,2838,53145,80555,18604,No
2016,10,DURANGO,15,NOMBRE DE DIOS,PT,9718,50127,180,2838,53145,80555,9718,No
2016,10,DURANGO,15,NOMBRE DE DIOS,PVEM,812,50127,180,2838,53145,80555,812,No
2016,10,DURANGO,15,NOMBRE DE DIOS,MC,1646,50127,180,2838,53145,80555,1646,No
2016,10,DURANGO,15,NOMBRE DE DIOS,PD,1192,50127,180,2838,53145,80555,1192,No
2016,10,DURANGO,15,NOMBRE DE DIOS,NUAL,1389,50127,180,2838,53145,80555,1389,No
2016,10,DURANGO,15,NOMBRE DE DIOS,MORENA,2669,50127,180,2838,53145,80555,2669,No
2016,10,DURANGO,15,NOMBRE DE DIOS,ES,2892,50127,180,2838,53145,80555,2892,No
2016,10,DURANGO,2,DURANGO,PAN_PRD,24251,47629,41,1085,48755,90060,24251,Sí
2016,10,DURANGO,2,DURANGO,PRI,14592,47629,41,1085,48755,90060,14592,No
2016,10,DURANGO,2,DURANGO,PT,3117,47629,41,1085,48755,90060,3117,No
2016,10,DURANGO,2,DURANGO,PVEM,892,47629,41,1085,48755,90060,892,No
2016,10,DURANGO,2,DURANGO,PD,239,47629,41,1085,48755,90060,239,No
2016,10,DURANGO,2,DURANGO,NUAL,1156,47629,41,1085,48755,90060,1156,No
2016,10,DURANGO,2,DURANGO,MORENA,1526,47629,41,1085,48755,90060,1526,No
2016,10,DURANGO,2,DURANGO,ES,712,47629,41,1085,48755,90060,712,No
2016,10,DURANGO,2,DURANGO,Candidatura Independiente,1144,47629,41,1085,48755,90060,1144,No
2016,10,DURANGO,3,DURANGO,PAN_PRD,20970,47654,22,1237,48913,87781,20970,Sí
2016,10,DURANGO,3,DURANGO,PRI,18461,47654,22,1237,48913,87781,18461,No
2016,10,DURANGO,3,DURANGO,PT,3058,47654,22,1237,48913,87781,3058,No
2016,10,DURANGO,3,DURANGO,PVEM,800,47654,22,1237,48913,87781,800,No
2016,10,DURANGO,3,DURANGO,MC,283,47654,22,1237,48913,87781,283,No
2016,10,DURANGO,3,DURANGO,PD,239,47654,22,1237,48913,87781,239,No
2016,10,DURANGO,3,DURANGO,NUAL,896,47654,22,1237,48913,87781,896,No
2016,10,DURANGO,3,DURANGO,MORENA,1350,47654,22,1237,48913,87781,1350,No
2016,10,DURANGO,3,DURANGO,ES,463,47654,22,1237,48913,87781,463,No
2016,10,DURANGO,3,DURANGO,Candidatura Independiente,1134,47654,22,1237,48913,87781,1134,No
2016,10,DURANGO,4,DURANGO,PAN_PRD,23548,49362,38,1236,50636,90887,23548,Sí
2016,10,DURANGO,4,DURANGO,PRI,16342,49362,38,1236,50636,90887,16342,No
2016,10,DURANGO,4,DURANGO,PT,3796,49362,38,1236,50636,90887,3796,No
2016,10,DURANGO,4,DURANGO,PVEM,845,49362,38,1236,50636,90887,845,No
2016,10,DURANGO,4,DURANGO,PD,239,49362,38,1236,50636,90887,239,No
2016,10,DURANGO,4,DURANGO,NUAL,904,49362,38,1236,50636,90887,904,No
2016,10,DURANGO,4,DURANGO,MORENA,1442,49362,38,1236,50636,90887,1442,No
2016,10,DURANGO,4,DURANGO,ES,674,49362,38,1236,50636,90887,674,No
2016,10,DURANGO,4,DURANGO,Candidatura Independiente,1572,49362,38,1236,50636,90887,1572,No
2016,10,DURANGO,5,DURANGO,PAN_PRD,34104,60833,40,1305,62178,97361,34104,Sí
2016,10,DURANGO,5,DURANGO,PRI,16508,60833,40,1305,62178,97361,16508,No
2016,10,DURANGO,5,DURANGO,PT,2667,60833,40,1305,62178,97361,2667,No
2016,10,DURANGO,5,DURANGO,PVEM,878,60833,40,1305,62178,97361,878,No
2016,10,DURANGO,5,DURANGO,PD,248,60833,40,1305,62178,97361,248,No
2016,10,DURANGO,5,DURANGO,NUAL,1358,60833,40,1305,62178,97361,1358,No
2016,10,DURANGO,5,DURANGO,MORENA,1603,60833,40,1305,62178,97361,1603,No
2016,10,DURANGO,5,DURANGO,ES,784,60833,40,1305,62178,97361,784,No
2016,10,DURANGO,5,DURANGO,Candidatura Independiente,1759,60833,40,1305,62178,97361,1759,No
2016,10,DURANGO,5,DURANGO,Candidatura Independiente,924,60833,40,1305,62178,97361,924,No
2016,10,DURANGO,6,PUEBLO NUEVO,PAN_PRD,15578,37712,52,1974,39738,67913,15578,Sí
2016,10,DURANGO,6,PUEBLO NUEVO,PVEM_PRI_PD_NUAL,14928,37712,52,1974,39738,67913,14928,Sí
2016,10,DURANGO,6,PUEBLO NUEVO,PT,1782,37712,52,1974,39738,67913,1782,No
2016,10,DURANGO,6,PUEBLO NUEVO,MC,546,37712,52,1974,39738,67913,546,No
2016,10,DURANGO,6,PUEBLO NUEVO,MORENA,3313,37712,52,1974,39738,67913,3313,No
2016,10,DURANGO,6,PUEBLO NUEVO,ES,1565,37712,52,1974,39738,67913,1565,No
2016,10,DURANGO,7,SANTIAGO PAPASQUIARO,PAN_PRD,13948,41266,17,1628,42911,72690,13948,Sí
2016,10,DURANGO,7,SANTIAGO PAPASQUIARO,PRI,21329,41266,17,1628,42911,72690,21329,No
2016,10,DURANGO,7,SANTIAGO PAPASQUIARO,PT,429,41266,17,1628,42911,72690,429,No
2016,10,DURANGO,7,SANTIAGO PAPASQUIARO,PVEM,1233,41266,17,1628,42911,72690,1233,No
2016,10,DURANGO,7,SANTIAGO PAPASQUIARO,MC,2112,41266,17,1628,42911,72690,2112,No
2016,10,DURANGO,7,SANTIAGO PAPASQUIARO,PD,172,41266,17,1628,42911,72690,172,No
2016,10,DURANGO,7,SANTIAGO PAPASQUIARO,NUAL,843,41266,17,1628,42911,72690,843,No
2016,10,DURANGO,7,SANTIAGO PAPASQUIARO,MORENA,920,41266,17,1628,42911,72690,920,No
2016,10,DURANGO,7,SANTIAGO PAPASQUIARO,ES,280,41266,17,1628,42911,72690,280,No
2016,10,DURANGO,8,EL ORO,PAN_PRD,21069,50495,59,2623,53177,85191,21069,Sí
2016,10,DURANGO,8,EL ORO,PVEM_PRI_PD_NUAL,24510,50495,59,2623,53177,85191,24510,Sí
2016,10,DURANGO,8,EL ORO,PT,1745,50495,59,2623,53177,85191,1745,No
2016,10,DURANGO,8,EL ORO,MC,321,50495,59,2623,53177,85191,321,No
2016,10,DURANGO,8,EL ORO,MORENA,2351,50495,59,2623,53177,85191,2351,No
2016,10,DURANGO,8,EL ORO,ES,499,50495,59,2623,53177,85191,499,No
2016,10,DURANGO,9,MAPIMI,PAN_PRD,14685,45578,28,1489,47095,73834,14685,Sí
2016,10,DURANGO,9,MAPIMI,PRI,20749,45578,28,1489,47095,73834,20749,No
2016,10,DURANGO,9,MAPIMI,PT,1210,45578,28,1489,47095,73834,1210,No
2016,10,DURANGO,9,MAPIMI,PVEM,2070,45578,28,1489,47095,73834,2070,No
2016,10,DURANGO,9,MAPIMI,MC,178,45578,28,1489,47095,73834,178,No
2016,10,DURANGO,9,MAPIMI,PD,405,45578,28,1489,47095,73834,405,No
2016,10,DURANGO,9,MAPIMI,NUAL,2497,45578,28,1489,47095,73834,2497,No
2016,10,DURANGO,9,MAPIMI,MORENA,3378,45578,28,1489,47095,73834,3378,No
2016,10,DURANGO,9,MAPIMI,ES,406,45578,28,1489,47095,73834,406,No
2016,13,HIDALGO,1,ZIMAPAN,PAN,9800,66108,15,2747,68870,108749,9800,No
2016,13,HIDALGO,1,ZIMAPAN,PRI,21836,66108,15,2747,68870,108749,21836,No
2016,13,HIDALGO,1,ZIMAPAN,PRD,23814,66108,15,2747,68870,108749,23814,No
2016,13,HIDALGO,1,ZIMAPAN,PVEM,3006,66108,15,2747,68870,108749,3006,No
2016,13,HIDALGO,1,ZIMAPAN,PT,514,66108,15,2747,68870,108749,514,No
2016,13,HIDALGO,1,ZIMAPAN,MC,1067,66108,15,2747,68870,108749,1067,No
2016,13,HIDALGO,1,ZIMAPAN,NVA _ALIANZA,3332,66108,15,2747,68870,108749,3332,Sí
2016,13,HIDALGO,1,ZIMAPAN,MORENA,2288,66108,15,2747,68870,108749,2288,No
2016,13,HIDALGO,1,ZIMAPAN,ES,451,66108,15,2747,68870,108749,451,No
2016,13,HIDALGO,10,APAN,PAN,11681,67831,0,3100,70931,119955,11681,No
2016,13,HIDALGO,10,APAN,PRI,23073,67831,0,3100,70931,119955,23073,No
2016,13,HIDALGO,10,APAN,PRD,4657,67831,0,3100,70931,119955,4657,No
2016,13,HIDALGO,10,APAN,PVEM,3372,67831,0,3100,70931,119955,3372,No
2016,13,HIDALGO,10,APAN,PT,4401,67831,0,3100,70931,119955,4401,No
2016,13,HIDALGO,10,APAN,MC,7555,67831,0,3100,70931,119955,7555,No
2016,13,HIDALGO,10,APAN,NVA _ALIANZA,4464,67831,0,3100,70931,119955,4464,Sí
2016,13,HIDALGO,10,APAN,MORENA,6752,67831,0,3100,70931,119955,6752,No
2016,13,HIDALGO,10,APAN,ES,1876,67831,0,3100,70931,119955,1876,No
2016,13,HIDALGO,11,TULANCINGO DE BRAVO,PAN,10692,55495,73,2307,57875,118375,10692,No
2016,13,HIDALGO,11,TULANCINGO DE BRAVO,PRI,16197,55495,73,2307,57875,118375,16197,No
2016,13,HIDALGO,11,TULANCINGO DE BRAVO,PRD,1300,55495,73,2307,57875,118375,1300,No
2016,13,HIDALGO,11,TULANCINGO DE BRAVO,PVEM,910,55495,73,2307,57875,118375,910,No
2016,13,HIDALGO,11,TULANCINGO DE BRAVO,PT,969,55495,73,2307,57875,118375,969,No
2016,13,HIDALGO,11,TULANCINGO DE BRAVO,MC,14200,55495,73,2307,57875,118375,14200,No
2016,13,HIDALGO,11,TULANCINGO DE BRAVO,NVA _ALIANZA,1929,55495,73,2307,57875,118375,1929,Sí
2016,13,HIDALGO,11,TULANCINGO DE BRAVO,MORENA,4667,55495,73,2307,57875,118375,4667,No
2016,13,HIDALGO,11,TULANCINGO DE BRAVO,ES,4288,55495,73,2307,57875,118375,4288,No
2016,13,HIDALGO,11,TULANCINGO DE BRAVO,PRI_PVEM_NUAL,191,55495,73,2307,57875,118375,17298,Sí
2016,13,HIDALGO,11,TULANCINGO DE BRAVO,PRI_PVEM,97,55495,73,2307,57875,118375,17204,Sí
2016,13,HIDALGO,11,TULANCINGO DE BRAVO,PRI_NUAL,44,55495,73,2307,57875,118375,16241,Sí
2016,13,HIDALGO,11,TULANCINGO DE BRAVO,PVEM_NUAL,11,55495,73,2307,57875,118375,921,Sí
2016,13,HIDALGO,12,PACHUCA DE SOTO,PAN,23003,60177,89,2216,62482,110204,23003,No
2016,13,HIDALGO,12,PACHUCA DE SOTO,PRI,15717,60177,89,2216,62482,110204,15717,No
2016,13,HIDALGO,12,PACHUCA DE SOTO,PRD,2806,60177,89,2216,62482,110204,2806,No
2016,13,HIDALGO,12,PACHUCA DE SOTO,PVEM,1210,60177,89,2216,62482,110204,1210,No
2016,13,HIDALGO,12,PACHUCA DE SOTO,PT,1160,60177,89,2216,62482,110204,1160,No
2016,13,HIDALGO,12,PACHUCA DE SOTO,MC,5751,60177,89,2216,62482,110204,5751,No
2016,13,HIDALGO,12,PACHUCA DE SOTO,NVA _ALIANZA,2880,60177,89,2216,62482,110204,2880,Sí
2016,13,HIDALGO,12,PACHUCA DE SOTO,MORENA,5569,60177,89,2216,62482,110204,5569,No
2016,13,HIDALGO,12,PACHUCA DE SOTO,ES,2081,60177,89,2216,62482,110204,2081,No
2016,13,HIDALGO,13,PACHUCA DE SOTO,PAN,16138,51765,109,1776,53650,105777,16138,No
2016,13,HIDALGO,13,PACHUCA DE SOTO,PRI,11892,51765,109,1776,53650,105777,11892,No
2016,13,HIDALGO,13,PACHUCA DE SOTO,PRD,2938,51765,109,1776,53650,105777,2938,No
2016,13,HIDALGO,13,PACHUCA DE SOTO,PVEM,2197,51765,109,1776,53650,105777,2197,No
2016,13,HIDALGO,13,PACHUCA DE SOTO,PT,839,51765,109,1776,53650,105777,839,No
2016,13,HIDALGO,13,PACHUCA DE SOTO,MC,6397,51765,109,1776,53650,105777,6397,No
2016,13,HIDALGO,13,PACHUCA DE SOTO,NVA _ALIANZA,3168,51765,109,1776,53650,105777,3168,Sí
2016,13,HIDALGO,13,PACHUCA DE SOTO,MORENA,6042,51765,109,1776,53650,105777,6042,No
2016,13,HIDALGO,13,PACHUCA DE SOTO,ES,2154,51765,109,1776,53650,105777,2154,No
2016,13,HIDALGO,14,TULA DE ALLENDE,PAN,9803,56660,36,1899,58595,114386,9803,No
2016,13,HIDALGO,14,TULA DE ALLENDE,PRI,14267,56660,36,1899,58595,114386,14267,No
2016,13,HIDALGO,14,TULA DE ALLENDE,PRD,8511,56660,36,1899,58595,114386,8511,No
2016,13,HIDALGO,14,TULA DE ALLENDE,PVEM,1683,56660,36,1899,58595,114386,1683,No
2016,13,HIDALGO,14,TULA DE ALLENDE,PT,1647,56660,36,1899,58595,114386,1647,No
2016,13,HIDALGO,14,TULA DE ALLENDE,MC,4419,56660,36,1899,58595,114386,4419,No
2016,13,HIDALGO,14,TULA DE ALLENDE,NVA _ALIANZA,2259,56660,36,1899,58595,114386,2259,Sí
2016,13,HIDALGO,14,TULA DE ALLENDE,MORENA,12698,56660,36,1899,58595,114386,12698,No
2016,13,HIDALGO,14,TULA DE ALLENDE,ES,1373,56660,36,1899,58595,114386,1373,No
2016,13,HIDALGO,15,TEPEJI DEL RIO DE OCAMPO,PAN,9115,59624,54,1901,61579,113310,9115,No
2016,13,HIDALGO,15,TEPEJI DEL RIO DE OCAMPO,PRI,14569,59624,54,1901,61579,113310,14569,No
2016,13,HIDALGO,15,TEPEJI DEL RIO DE OCAMPO,PRD,8741,59624,54,1901,61579,113310,8741,No
2016,13,HIDALGO,15,TEPEJI DEL RIO DE OCAMPO,PVEM,1462,59624,54,1901,61579,113310,1462,No
2016,13,HIDALGO,15,TEPEJI DEL RIO DE OCAMPO,PT,2694,59624,54,1901,61579,113310,2694,No
2016,13,HIDALGO,15,TEPEJI DEL RIO DE OCAMPO,MC,4250,59624,54,1901,61579,113310,4250,No
2016,13,HIDALGO,15,TEPEJI DEL RIO DE OCAMPO,NVA _ALIANZA,5547,59624,54,1901,61579,113310,5547,Sí
2016,13,HIDALGO,15,TEPEJI DEL RIO DE OCAMPO,MORENA,9084,59624,54,1901,61579,113310,9084,No
2016,13,HIDALGO,15,TEPEJI DEL RIO DE OCAMPO,ES,3914,59624,54,1901,61579,113310,3914,No
2016,13,HIDALGO,15,TEPEJI DEL RIO DE OCAMPO,PRI_PVEM_NUAL,127,59624,54,1901,61579,113310,16158,Sí
2016,13,HIDALGO,15,TEPEJI DEL RIO DE OCAMPO,PRI_PVEM,48,59624,54,1901,61579,113310,16079,Sí
2016,13,HIDALGO,15,TEPEJI DEL RIO DE OCAMPO,PRI_NUAL,54,59624,54,1901,61579,113310,14623,Sí
2016,13,HIDALGO,15,TEPEJI DEL RIO DE OCAMPO,PVEM_NUAL,19,59624,54,1901,61579,113310,1481,Sí
2016,13,HIDALGO,16,TIZAYUCA,PAN,6576,49849,49,1447,51345,112056,6576,No
2016,13,HIDALGO,16,TIZAYUCA,PRI,18750,49849,49,1447,51345,112056,18750,No
2016,13,HIDALGO,16,TIZAYUCA,PRD,4199,49849,49,1447,51345,112056,4199,No
2016,13,HIDALGO,16,TIZAYUCA,PVEM,1946,49849,49,1447,51345,112056,1946,No
2016,13,HIDALGO,16,TIZAYUCA,PT,744,49849,49,1447,51345,112056,744,No
2016,13,HIDALGO,16,TIZAYUCA,MC,2652,49849,49,1447,51345,112056,2652,No
2016,13,HIDALGO,16,TIZAYUCA,NVA _ALIANZA,6327,49849,49,1447,51345,112056,6327,Sí
2016,13,HIDALGO,16,TIZAYUCA,MORENA,4096,49849,49,1447,51345,112056,4096,No
2016,13,HIDALGO,16,TIZAYUCA,ES,4559,49849,49,1447,51345,112056,4559,No
2016,13,HIDALGO,17,MINERAL DE LA REFORMA,PAN,20755,57273,81,1565,58919,112848,20755,No
2016,13,HIDALGO,17,MINERAL DE LA REFORMA,PRI,13555,57273,81,1565,58919,112848,13555,No
2016,13,HIDALGO,17,MINERAL DE LA REFORMA,PRD,2231,57273,81,1565,58919,112848,2231,No
2016,13,HIDALGO,17,MINERAL DE LA REFORMA,PVEM,720,57273,81,1565,58919,112848,720,No
2016,13,HIDALGO,17,MINERAL DE LA REFORMA,PT,907,57273,81,1565,58919,112848,907,No
2016,13,HIDALGO,17,MINERAL DE LA REFORMA,MC,9449,57273,81,1565,58919,112848,9449,No
2016,13,HIDALGO,17,MINERAL DE LA REFORMA,NVA _ALIANZA,1812,57273,81,1565,58919,112848,1812,Sí
2016,13,HIDALGO,17,MINERAL DE LA REFORMA,MORENA,5072,57273,81,1565,58919,112848,5072,No
2016,13,HIDALGO,17,MINERAL DE LA REFORMA,ES,2605,57273,81,1565,58919,112848,2605,No
2016,13,HIDALGO,17,MINERAL DE LA REFORMA,PRI_PVEM_NUAL,99,57273,81,1565,58919,112848,14374,Sí
2016,13,HIDALGO,17,MINERAL DE LA REFORMA,PRI_PVEM,50,57273,81,1565,58919,112848,14325,Sí
2016,13,HIDALGO,17,MINERAL DE LA REFORMA,PRI_NUAL,13,57273,81,1565,58919,112848,13568,Sí
2016,13,HIDALGO,17,MINERAL DE LA REFORMA,PVEM_NUAL,5,57273,81,1565,58919,112848,725,Sí
2016,13,HIDALGO,18,TEPEAPULCO,PAN,9455,63591,59,2427,66077,115158,9455,No
2016,13,HIDALGO,18,TEPEAPULCO,PRI,22529,63591,59,2427,66077,115158,22529,No
2016,13,HIDALGO,18,TEPEAPULCO,PRD,4625,63591,59,2427,66077,115158,4625,No
2016,13,HIDALGO,18,TEPEAPULCO,PVEM,1824,63591,59,2427,66077,115158,1824,No
2016,13,HIDALGO,18,TEPEAPULCO,PT,1812,63591,59,2427,66077,115158,1812,No
2016,13,HIDALGO,18,TEPEAPULCO,MC,4428,63591,59,2427,66077,115158,4428,No
2016,13,HIDALGO,18,TEPEAPULCO,NVA _ALIANZA,10422,63591,59,2427,66077,115158,10422,Sí
2016,13,HIDALGO,18,TEPEAPULCO,MORENA,5162,63591,59,2427,66077,115158,5162,No
2016,13,HIDALGO,18,TEPEAPULCO,ES,3334,63591,59,2427,66077,115158,3334,No
2016,13,HIDALGO,2,ZACUALTIPAN DE ANGELES,PAN,5333,76381,85,4218,80684,114454,5333,No
2016,13,HIDALGO,2,ZACUALTIPAN DE ANGELES,PRI,30075,76381,85,4218,80684,114454,30075,No
2016,13,HIDALGO,2,ZACUALTIPAN DE ANGELES,PRD,12359,76381,85,4218,80684,114454,12359,No
2016,13,HIDALGO,2,ZACUALTIPAN DE ANGELES,PVEM,2201,76381,85,4218,80684,114454,2201,No
2016,13,HIDALGO,2,ZACUALTIPAN DE ANGELES,PT,2768,76381,85,4218,80684,114454,2768,No
2016,13,HIDALGO,2,ZACUALTIPAN DE ANGELES,MC,3624,76381,85,4218,80684,114454,3624,No
2016,13,HIDALGO,2,ZACUALTIPAN DE ANGELES,NVA _ALIANZA,8348,76381,85,4218,80684,114454,8348,Sí
2016,13,HIDALGO,2,ZACUALTIPAN DE ANGELES,MORENA,1947,76381,85,4218,80684,114454,1947,No
2016,13,HIDALGO,2,ZACUALTIPAN DE ANGELES,ES,9726,76381,85,4218,80684,114454,9726,No
2016,13,HIDALGO,3,SAN FELIPE ORIZATLAN,PAN,16131,72019,23,4168,76210,101246,16131,No
2016,13,HIDALGO,3,SAN FELIPE ORIZATLAN,PRI,25012,72019,23,4168,76210,101246,25012,No
2016,13,HIDALGO,3,SAN FELIPE ORIZATLAN,PRD,8988,72019,23,4168,76210,101246,8988,No
2016,13,HIDALGO,3,SAN FELIPE ORIZATLAN,PVEM,492,72019,23,4168,76210,101246,492,No
2016,13,HIDALGO,3,SAN FELIPE ORIZATLAN,PT,1037,72019,23,4168,76210,101246,1037,No
2016,13,HIDALGO,3,SAN FELIPE ORIZATLAN,MC,736,72019,23,4168,76210,101246,736,No
2016,13,HIDALGO,3,SAN FELIPE ORIZATLAN,NVA _ALIANZA,4372,72019,23,4168,76210,101246,4372,Sí
2016,13,HIDALGO,3,SAN FELIPE ORIZATLAN,MORENA,3169,72019,23,4168,76210,101246,3169,No
2016,13,HIDALGO,3,SAN FELIPE ORIZATLAN,ES,12082,72019,23,4168,76210,101246,12082,No
2016,13,HIDALGO,4,HUEJUTLA DE REYES,PAN,8127,69948,61,4688,74697,108880,8127,No
2016,13,HIDALGO,4,HUEJUTLA DE REYES,PRI,19964,69948,61,4688,74697,108880,19964,No
2016,13,HIDALGO,4,HUEJUTLA DE REYES,PRD,5745,69948,61,4688,74697,108880,5745,No
2016,13,HIDALGO,4,HUEJUTLA DE REYES,PVEM,873,69948,61,4688,74697,108880,873,No
2016,13,HIDALGO,4,HUEJUTLA DE REYES,PT,2205,69948,61,4688,74697,108880,2205,No
2016,13,HIDALGO,4,HUEJUTLA DE REYES,MC,2774,69948,61,4688,74697,108880,2774,No
2016,13,HIDALGO,4,HUEJUTLA DE REYES,NVA _ALIANZA,3591,69948,61,4688,74697,108880,3591,Sí
2016,13,HIDALGO,4,HUEJUTLA DE REYES,MORENA,2634,69948,61,4688,74697,108880,2634,No
2016,13,HIDALGO,4,HUEJUTLA DE REYES,ES,23597,69948,61,4688,74697,108880,23597,No
2016,13,HIDALGO,4,HUEJUTLA DE REYES,PRI_PVEM_NUAL,194,69948,61,4688,74697,108880,21031,Sí
2016,13,HIDALGO,4,HUEJUTLA DE REYES,PRI_PVEM,81,69948,61,4688,74697,108880,20918,Sí
2016,13,HIDALGO,4,HUEJUTLA DE REYES,PRI_NUAL,120,69948,61,4688,74697,108880,20084,Sí
2016,13,HIDALGO,4,HUEJUTLA DE REYES,PVEM_NUAL,43,69948,61,4688,74697,108880,916,Sí
2016,13,HIDALGO,5,IXMIQUILPAN,PAN,33242,69362,435,1961,71758,113918,33242,No
2016,13,HIDALGO,5,IXMIQUILPAN,PRI,21261,69362,435,1961,71758,113918,21261,No
2016,13,HIDALGO,5,IXMIQUILPAN,PRD,2961,69362,435,1961,71758,113918,2961,No
2016,13,HIDALGO,5,IXMIQUILPAN,PVEM,1180,69362,435,1961,71758,113918,1180,No
2016,13,HIDALGO,5,IXMIQUILPAN,PT,404,69362,435,1961,71758,113918,404,No
2016,13,HIDALGO,5,IXMIQUILPAN,MC,1004,69362,435,1961,71758,113918,1004,No
2016,13,HIDALGO,5,IXMIQUILPAN,NVA _ALIANZA,4177,69362,435,1961,71758,113918,4177,Sí
2016,13,HIDALGO,5,IXMIQUILPAN,MORENA,3954,69362,435,1961,71758,113918,3954,No
2016,13,HIDALGO,5,IXMIQUILPAN,ES,1179,69362,435,1961,71758,113918,1179,No
2016,13,HIDALGO,6,HUICHAPAN,PAN,24814,75516,89,2966,78571,122028,24814,No
2016,13,HIDALGO,6,HUICHAPAN,PRI,21159,75516,89,2966,78571,122028,21159,No
2016,13,HIDALGO,6,HUICHAPAN,PRD,2520,75516,89,2966,78571,122028,2520,No
2016,13,HIDALGO,6,HUICHAPAN,PVEM,9093,75516,89,2966,78571,122028,9093,No
2016,13,HIDALGO,6,HUICHAPAN,PT,653,75516,89,2966,78571,122028,653,No
2016,13,HIDALGO,6,HUICHAPAN,MC,4729,75516,89,2966,78571,122028,4729,No
2016,13,HIDALGO,6,HUICHAPAN,NVA _ALIANZA,3829,75516,89,2966,78571,122028,3829,Sí
2016,13,HIDALGO,6,HUICHAPAN,MORENA,6951,75516,89,2966,78571,122028,6951,No
2016,13,HIDALGO,6,HUICHAPAN,ES,1768,75516,89,2966,78571,122028,1768,No
2016,13,HIDALGO,7,MIXQUIAHUALA DE JUAREZ,PAN,9687,67765,55,2862,70682,112181,9687,No
2016,13,HIDALGO,7,MIXQUIAHUALA DE JUAREZ,PRI,17849,67765,55,2862,70682,112181,17849,No
2016,13,HIDALGO,7,MIXQUIAHUALA DE JUAREZ,PRD,12797,67765,55,2862,70682,112181,12797,No
2016,13,HIDALGO,7,MIXQUIAHUALA DE JUAREZ,PVEM,3724,67765,55,2862,70682,112181,3724,No
2016,13,HIDALGO,7,MIXQUIAHUALA DE JUAREZ,PT,4052,67765,55,2862,70682,112181,4052,No
2016,13,HIDALGO,7,MIXQUIAHUALA DE JUAREZ,MC,2232,67765,55,2862,70682,112181,2232,No
2016,13,HIDALGO,7,MIXQUIAHUALA DE JUAREZ,NVA _ALIANZA,6687,67765,55,2862,70682,112181,6687,Sí
2016,13,HIDALGO,7,MIXQUIAHUALA DE JUAREZ,MORENA,7251,67765,55,2862,70682,112181,7251,No
2016,13,HIDALGO,7,MIXQUIAHUALA DE JUAREZ,ES,3133,67765,55,2862,70682,112181,3133,No
2016,13,HIDALGO,7,MIXQUIAHUALA DE JUAREZ,PRI_PVEM_NUAL,165,67765,55,2862,70682,112181,21738,Sí
2016,13,HIDALGO,7,MIXQUIAHUALA DE JUAREZ,PRI_PVEM,73,67765,55,2862,70682,112181,21646,Sí
2016,13,HIDALGO,7,MIXQUIAHUALA DE JUAREZ,PRI_NUAL,95,67765,55,2862,70682,112181,17944,Sí
2016,13,HIDALGO,7,MIXQUIAHUALA DE JUAREZ,PVEM_NUAL,20,67765,55,2862,70682,112181,3744,Sí
2016,13,HIDALGO,8,ACTOPAN,PAN,10040,67814,48,2477,70339,115180,10040,No
2016,13,HIDALGO,8,ACTOPAN,PRI,27477,67814,48,2477,70339,115180,27477,No
2016,13,HIDALGO,8,ACTOPAN,PRD,6784,67814,48,2477,70339,115180,6784,No
2016,13,HIDALGO,8,ACTOPAN,PVEM,910,67814,48,2477,70339,115180,910,No
2016,13,HIDALGO,8,ACTOPAN,PT,1172,67814,48,2477,70339,115180,1172,No
2016,13,HIDALGO,8,ACTOPAN,MC,2839,67814,48,2477,70339,115180,2839,No
2016,13,HIDALGO,8,ACTOPAN,NVA _ALIANZA,5024,67814,48,2477,70339,115180,5024,Sí
2016,13,HIDALGO,8,ACTOPAN,MORENA,4456,67814,48,2477,70339,115180,4456,No
2016,13,HIDALGO,8,ACTOPAN,ES,9112,67814,48,2477,70339,115180,9112,No
2016,13,HIDALGO,9,METEPEC,PAN,10015,69137,82,2739,71958,103913,10015,No
2016,13,HIDALGO,9,METEPEC,PRI,20021,69137,82,2739,71958,103913,20021,No
2016,13,HIDALGO,9,METEPEC,PRD,10276,69137,82,2739,71958,103913,10276,No
2016,13,HIDALGO,9,METEPEC,PVEM,5052,69137,82,2739,71958,103913,5052,No
2016,13,HIDALGO,9,METEPEC,PT,871,69137,82,2739,71958,103913,871,No
2016,13,HIDALGO,9,METEPEC,MC,2855,69137,82,2739,71958,103913,2855,No
2016,13,HIDALGO,9,METEPEC,NVA _ALIANZA,10139,69137,82,2739,71958,103913,10139,Sí
2016,13,HIDALGO,9,METEPEC,MORENA,4207,69137,82,2739,71958,103913,4207,No
2016,13,HIDALGO,9,METEPEC,ES,3977,69137,82,2739,71958,103913,3977,No
2016,13,HIDALGO,9,METEPEC,PRI_PVEM_NUAL,838,69137,82,2739,71958,103913,25911,Sí
2016,13,HIDALGO,9,METEPEC,PRI_PVEM,222,69137,82,2739,71958,103913,25295,Sí
2016,13,HIDALGO,9,METEPEC,PRI_NUAL,481,69137,82,2739,71958,103913,20502,Sí
2016,13,HIDALGO,9,METEPEC,PVEM_NUAL,183,69137,82,2739,71958,103913,5235,Sí
2016,2,BAJA CALIFORNIA,1,MEXICALI,PAN,8056,27500,20,1093,28613,90960,8056,No
2016,2,BAJA CALIFORNIA,1,MEXICALI,PRI,5225,27500,20,1093,28613,90960,5225,No
2016,2,BAJA CALIFORNIA,1,MEXICALI,PRD,684,27500,20,1093,28613,90960,684,No
2016,2,BAJA CALIFORNIA,1,MEXICALI,PT,238,27500,20,1093,28613,90960,238,No
2016,2,BAJA CALIFORNIA,1,MEXICALI,PVEM,472,27500,20,1093,28613,90960,472,No
2016,2,BAJA CALIFORNIA,1,MEXICALI,PBC,2344,27500,20,1093,28613,90960,2344,No
2016,2,BAJA CALIFORNIA,1,MEXICALI,NUAL,452,27500,20,1093,28613,90960,452,No
2016,2,BAJA CALIFORNIA,1,MEXICALI,PES,1032,27500,20,1093,28613,90960,1032,No
2016,2,BAJA CALIFORNIA,1,MEXICALI,MC,4664,27500,20,1093,28613,90960,4664,No
2016,2,BAJA CALIFORNIA,1,MEXICALI,MORENA,2702,27500,20,1093,28613,90960,2702,No
2016,2,BAJA CALIFORNIA,1,MEXICALI,PPC,426,27500,20,1093,28613,90960,426,No
2016,2,BAJA CALIFORNIA,1,MEXICALI,MUNICIPALISTA,253,27500,20,1093,28613,90960,253,No
2016,2,BAJA CALIFORNIA,1,MEXICALI,PH,692,27500,20,1093,28613,90960,692,No
2016,2,BAJA CALIFORNIA,1,MEXICALI,PRI_PT_PVEM_NUAL,73,27500,20,1093,28613,90960,6460,Sí
2016,2,BAJA CALIFORNIA,1,MEXICALI,PRI_PT_PVEM,12,27500,20,1093,28613,90960,5947,Sí
2016,2,BAJA CALIFORNIA,1,MEXICALI,PRI_PT_NUAL,2,27500,20,1093,28613,90960,5917,Sí
2016,2,BAJA CALIFORNIA,1,MEXICALI,PRI_PVEM_NUAL,16,27500,20,1093,28613,90960,6165,Sí
2016,2,BAJA CALIFORNIA,1,MEXICALI,PT_PVEM_NUAL,1,27500,20,1093,28613,90960,1163,Sí
2016,2,BAJA CALIFORNIA,1,MEXICALI,PRI_PT,39,27500,20,1093,28613,90960,5502,Sí
2016,2,BAJA CALIFORNIA,1,MEXICALI,PRI_PVEM,86,27500,20,1093,28613,90960,5783,Sí
2016,2,BAJA CALIFORNIA,1,MEXICALI,PRI_NUAL,18,27500,20,1093,28613,90960,5695,Sí
2016,2,BAJA CALIFORNIA,1,MEXICALI,PT_PVEM,5,27500,20,1093,28613,90960,715,Sí
2016,2,BAJA CALIFORNIA,1,MEXICALI,PT_NUAL,2,27500,20,1093,28613,90960,692,Sí
2016,2,BAJA CALIFORNIA,1,MEXICALI,PVEM_NUAL,6,27500,20,1093,28613,90960,930,Sí
2016,2,BAJA CALIFORNIA,10,TIJUANA,PAN,16727,48523,126,1965,50614,139799,16727,No
2016,2,BAJA CALIFORNIA,10,TIJUANA,PRI,7682,48523,126,1965,50614,139799,7682,No
2016,2,BAJA CALIFORNIA,10,TIJUANA,PRD,870,48523,126,1965,50614,139799,870,No
2016,2,BAJA CALIFORNIA,10,TIJUANA,PT,361,48523,126,1965,50614,139799,361,No
2016,2,BAJA CALIFORNIA,10,TIJUANA,PVEM,975,48523,126,1965,50614,139799,975,No
2016,2,BAJA CALIFORNIA,10,TIJUANA,PBC,1886,48523,126,1965,50614,139799,1886,No
2016,2,BAJA CALIFORNIA,10,TIJUANA,NUAL,792,48523,126,1965,50614,139799,792,No
2016,2,BAJA CALIFORNIA,10,TIJUANA,PES,8286,48523,126,1965,50614,139799,8286,No
2016,2,BAJA CALIFORNIA,10,TIJUANA,MC,2014,48523,126,1965,50614,139799,2014,No
2016,2,BAJA CALIFORNIA,10,TIJUANA,MORENA,6303,48523,126,1965,50614,139799,6303,No
2016,2,BAJA CALIFORNIA,10,TIJUANA,PPC,738,48523,126,1965,50614,139799,738,No
2016,2,BAJA CALIFORNIA,10,TIJUANA,MUNICIPALISTA,518,48523,126,1965,50614,139799,518,No
2016,2,BAJA CALIFORNIA,10,TIJUANA,PH,1184,48523,126,1965,50614,139799,1184,No
2016,2,BAJA CALIFORNIA,10,TIJUANA,PRI_PT_PVEM_NUAL,37,48523,126,1965,50614,139799,9847,Sí
2016,2,BAJA CALIFORNIA,10,TIJUANA,PRI_PT_PVEM,15,48523,126,1965,50614,139799,9033,Sí
2016,2,BAJA CALIFORNIA,10,TIJUANA,PRI_PT_NUAL,1,48523,126,1965,50614,139799,8836,Sí
2016,2,BAJA CALIFORNIA,10,TIJUANA,PRI_PVEM_NUAL,12,48523,126,1965,50614,139799,9461,Sí
2016,2,BAJA CALIFORNIA,10,TIJUANA,PT_PVEM_NUAL,1,48523,126,1965,50614,139799,2129,Sí
2016,2,BAJA CALIFORNIA,10,TIJUANA,PRI_PT,22,48523,126,1965,50614,139799,8065,Sí
2016,2,BAJA CALIFORNIA,10,TIJUANA,PRI_PVEM,69,48523,126,1965,50614,139799,8726,Sí
2016,2,BAJA CALIFORNIA,10,TIJUANA,PRI_NUAL,16,48523,126,1965,50614,139799,8490,Sí
2016,2,BAJA CALIFORNIA,10,TIJUANA,PT_PVEM,4,48523,126,1965,50614,139799,1340,Sí
2016,2,BAJA CALIFORNIA,10,TIJUANA,PT_NUAL,2,48523,126,1965,50614,139799,1155,Sí
2016,2,BAJA CALIFORNIA,10,TIJUANA,PVEM_NUAL,8,48523,126,1965,50614,139799,1775,Sí
2016,2,BAJA CALIFORNIA,11,TIJUANA,PAN,17529,52398,72,2019,54489,171988,17529,No
2016,2,BAJA CALIFORNIA,11,TIJUANA,PRI,6088,52398,72,2019,54489,171988,6088,No
2016,2,BAJA CALIFORNIA,11,TIJUANA,PRD,1612,52398,72,2019,54489,171988,1612,No
2016,2,BAJA CALIFORNIA,11,TIJUANA,PT,1773,52398,72,2019,54489,171988,1773,No
2016,2,BAJA CALIFORNIA,11,TIJUANA,PVEM,921,52398,72,2019,54489,171988,921,No
2016,2,BAJA CALIFORNIA,11,TIJUANA,PBC,1811,52398,72,2019,54489,171988,1811,No
2016,2,BAJA CALIFORNIA,11,TIJUANA,NUAL,1068,52398,72,2019,54489,171988,1068,No
2016,2,BAJA CALIFORNIA,11,TIJUANA,PES,8429,52398,72,2019,54489,171988,8429,No
2016,2,BAJA CALIFORNIA,11,TIJUANA,MC,1207,52398,72,2019,54489,171988,1207,No
2016,2,BAJA CALIFORNIA,11,TIJUANA,MORENA,8708,52398,72,2019,54489,171988,8708,No
2016,2,BAJA CALIFORNIA,11,TIJUANA,PPC,1043,52398,72,2019,54489,171988,1043,No
2016,2,BAJA CALIFORNIA,11,TIJUANA,MUNICIPALISTA,760,52398,72,2019,54489,171988,760,No
2016,2,BAJA CALIFORNIA,11,TIJUANA,PH,1075,52398,72,2019,54489,171988,1075,No
2016,2,BAJA CALIFORNIA,11,TIJUANA,PRI_PT_PVEM_NUAL,43,52398,72,2019,54489,171988,9893,Sí
2016,2,BAJA CALIFORNIA,11,TIJUANA,PRI_PT_PVEM,32,52398,72,2019,54489,171988,8814,Sí
2016,2,BAJA CALIFORNIA,11,TIJUANA,PRI_PT_NUAL,8,52398,72,2019,54489,171988,8937,Sí
2016,2,BAJA CALIFORNIA,11,TIJUANA,PRI_PVEM_NUAL,12,52398,72,2019,54489,171988,8089,Sí
2016,2,BAJA CALIFORNIA,11,TIJUANA,PT_PVEM_NUAL,8,52398,72,2019,54489,171988,3770,Sí
2016,2,BAJA CALIFORNIA,11,TIJUANA,PRI_PT,184,52398,72,2019,54489,171988,8045,Sí
2016,2,BAJA CALIFORNIA,11,TIJUANA,PRI_PVEM,59,52398,72,2019,54489,171988,7068,Sí
2016,2,BAJA CALIFORNIA,11,TIJUANA,PRI_NUAL,6,52398,72,2019,54489,171988,7162,Sí
2016,2,BAJA CALIFORNIA,11,TIJUANA,PT_PVEM,9,52398,72,2019,54489,171988,2703,Sí
2016,2,BAJA CALIFORNIA,11,TIJUANA,PT_NUAL,5,52398,72,2019,54489,171988,2846,Sí
2016,2,BAJA CALIFORNIA,11,TIJUANA,PVEM_NUAL,8,52398,72,2019,54489,171988,1997,Sí
2016,2,BAJA CALIFORNIA,12,TIJUANA,PAN,10494,33318,40,1270,34628,104577,10494,No
2016,2,BAJA CALIFORNIA,12,TIJUANA,PRI,5404,33318,40,1270,34628,104577,5404,No
2016,2,BAJA CALIFORNIA,12,TIJUANA,PRD,1252,33318,40,1270,34628,104577,1252,No
2016,2,BAJA CALIFORNIA,12,TIJUANA,PT,235,33318,40,1270,34628,104577,235,No
2016,2,BAJA CALIFORNIA,12,TIJUANA,PVEM,685,33318,40,1270,34628,104577,685,No
2016,2,BAJA CALIFORNIA,12,TIJUANA,PBC,1166,33318,40,1270,34628,104577,1166,No
2016,2,BAJA CALIFORNIA,12,TIJUANA,NUAL,696,33318,40,1270,34628,104577,696,No
2016,2,BAJA CALIFORNIA,12,TIJUANA,PES,4985,33318,40,1270,34628,104577,4985,No
2016,2,BAJA CALIFORNIA,12,TIJUANA,MC,821,33318,40,1270,34628,104577,821,No
2016,2,BAJA CALIFORNIA,12,TIJUANA,MORENA,5900,33318,40,1270,34628,104577,5900,No
2016,2,BAJA CALIFORNIA,12,TIJUANA,PPC,654,33318,40,1270,34628,104577,654,No
2016,2,BAJA CALIFORNIA,12,TIJUANA,MUNICIPALISTA,452,33318,40,1270,34628,104577,452,No
2016,2,BAJA CALIFORNIA,12,TIJUANA,PH,574,33318,40,1270,34628,104577,574,No
2016,2,BAJA CALIFORNIA,12,TIJUANA,PRI_PT_PVEM_NUAL,24,33318,40,1270,34628,104577,7044,Sí
2016,2,BAJA CALIFORNIA,12,TIJUANA,PRI_PT_PVEM,11,33318,40,1270,34628,104577,6335,Sí
2016,2,BAJA CALIFORNIA,12,TIJUANA,PRI_PT_NUAL,5,33318,40,1270,34628,104577,6340,Sí
2016,2,BAJA CALIFORNIA,12,TIJUANA,PRI_PVEM_NUAL,14,33318,40,1270,34628,104577,6799,Sí
2016,2,BAJA CALIFORNIA,12,TIJUANA,PT_PVEM_NUAL,1,33318,40,1270,34628,104577,1617,Sí
2016,2,BAJA CALIFORNIA,12,TIJUANA,PRI_PT,15,33318,40,1270,34628,104577,5654,Sí
2016,2,BAJA CALIFORNIA,12,TIJUANA,PRI_PVEM,43,33318,40,1270,34628,104577,6132,Sí
2016,2,BAJA CALIFORNIA,12,TIJUANA,PRI_NUAL,20,33318,40,1270,34628,104577,6120,Sí
2016,2,BAJA CALIFORNIA,12,TIJUANA,PT_PVEM,2,33318,40,1270,34628,104577,922,Sí
2016,2,BAJA CALIFORNIA,12,TIJUANA,PT_NUAL,1,33318,40,1270,34628,104577,932,Sí
2016,2,BAJA CALIFORNIA,12,TIJUANA,PVEM_NUAL,5,33318,40,1270,34628,104577,1386,Sí
2016,2,BAJA CALIFORNIA,13,TIJUANA,PAN,34017,117477,169,4718,122364,442808,34017,No
2016,2,BAJA CALIFORNIA,13,TIJUANA,PRI,19897,117477,169,4718,122364,442808,19897,No
2016,2,BAJA CALIFORNIA,13,TIJUANA,PRD,3330,117477,169,4718,122364,442808,3330,No
2016,2,BAJA CALIFORNIA,13,TIJUANA,PT,3513,117477,169,4718,122364,442808,3513,No
2016,2,BAJA CALIFORNIA,13,TIJUANA,PVEM,2525,117477,169,4718,122364,442808,2525,No
2016,2,BAJA CALIFORNIA,13,TIJUANA,PBC,1900,117477,169,4718,122364,442808,1900,No
2016,2,BAJA CALIFORNIA,13,TIJUANA,NUAL,6062,117477,169,4718,122364,442808,6062,No
2016,2,BAJA CALIFORNIA,13,TIJUANA,PES,16716,117477,169,4718,122364,442808,16716,No
2016,2,BAJA CALIFORNIA,13,TIJUANA,MC,3651,117477,169,4718,122364,442808,3651,No
2016,2,BAJA CALIFORNIA,13,TIJUANA,MORENA,20218,117477,169,4718,122364,442808,20218,No
2016,2,BAJA CALIFORNIA,13,TIJUANA,PPC,1493,117477,169,4718,122364,442808,1493,No
2016,2,BAJA CALIFORNIA,13,TIJUANA,MUNICIPALISTA,1698,117477,169,4718,122364,442808,1698,No
2016,2,BAJA CALIFORNIA,13,TIJUANA,PH,2457,117477,169,4718,122364,442808,2457,No
2016,2,BAJA CALIFORNIA,14,ENSENADA,PAN,13206,56730,55,2394,59179,166602,13206,No
2016,2,BAJA CALIFORNIA,14,ENSENADA,PRI,7783,56730,55,2394,59179,166602,7783,No
2016,2,BAJA CALIFORNIA,14,ENSENADA,PRD,6091,56730,55,2394,59179,166602,6091,No
2016,2,BAJA CALIFORNIA,14,ENSENADA,PT,3491,56730,55,2394,59179,166602,3491,No
2016,2,BAJA CALIFORNIA,14,ENSENADA,PVEM,894,56730,55,2394,59179,166602,894,No
2016,2,BAJA CALIFORNIA,14,ENSENADA,PBC,1496,56730,55,2394,59179,166602,1496,No
2016,2,BAJA CALIFORNIA,14,ENSENADA,NUAL,840,56730,55,2394,59179,166602,840,No
2016,2,BAJA CALIFORNIA,14,ENSENADA,PES,3335,56730,55,2394,59179,166602,3335,No
2016,2,BAJA CALIFORNIA,14,ENSENADA,MC,1267,56730,55,2394,59179,166602,1267,No
2016,2,BAJA CALIFORNIA,14,ENSENADA,MORENA,7911,56730,55,2394,59179,166602,7911,No
2016,2,BAJA CALIFORNIA,14,ENSENADA,PPC,1057,56730,55,2394,59179,166602,1057,No
2016,2,BAJA CALIFORNIA,14,ENSENADA,MUNICIPALISTA,1023,56730,55,2394,59179,166602,1023,No
2016,2,BAJA CALIFORNIA,14,ENSENADA,PH,1830,56730,55,2394,59179,166602,1830,No
2016,2,BAJA CALIFORNIA,14,ENSENADA,PRI_PT_PVEM_NUAL,95,56730,55,2394,59179,166602,13103,Sí
2016,2,BAJA CALIFORNIA,14,ENSENADA,PRI_PT_PVEM,38,56730,55,2394,59179,166602,12206,Sí
2016,2,BAJA CALIFORNIA,14,ENSENADA,PRI_PT_NUAL,9,56730,55,2394,59179,166602,12123,Sí
2016,2,BAJA CALIFORNIA,14,ENSENADA,PRI_PVEM_NUAL,16,56730,55,2394,59179,166602,9533,Sí
2016,2,BAJA CALIFORNIA,14,ENSENADA,PT_PVEM_NUAL,4,56730,55,2394,59179,166602,5229,Sí
2016,2,BAJA CALIFORNIA,14,ENSENADA,PRI_PT,199,56730,55,2394,59179,166602,11473,Sí
2016,2,BAJA CALIFORNIA,14,ENSENADA,PRI_PVEM,64,56730,55,2394,59179,166602,8741,Sí
2016,2,BAJA CALIFORNIA,14,ENSENADA,PRI_NUAL,20,56730,55,2394,59179,166602,8643,Sí
2016,2,BAJA CALIFORNIA,14,ENSENADA,PT_PVEM,23,56730,55,2394,59179,166602,4408,Sí
2016,2,BAJA CALIFORNIA,14,ENSENADA,PT_NUAL,2,56730,55,2394,59179,166602,4333,Sí
2016,2,BAJA CALIFORNIA,14,ENSENADA,PVEM_NUAL,3,56730,55,2394,59179,166602,1737,Sí
2016,2,BAJA CALIFORNIA,14,ENSENADA,Candidatura Independiente,6322,56730,55,2394,59179,166602,6322,No
2016,2,BAJA CALIFORNIA,15,ENSENADA,PAN,19308,69434,105,2919,72458,203394,19308,No
2016,2,BAJA CALIFORNIA,15,ENSENADA,PRI,16906,69434,105,2919,72458,203394,16906,No
2016,2,BAJA CALIFORNIA,15,ENSENADA,PRD,4169,69434,105,2919,72458,203394,4169,No
2016,2,BAJA CALIFORNIA,15,ENSENADA,PT,2109,69434,105,2919,72458,203394,2109,No
2016,2,BAJA CALIFORNIA,15,ENSENADA,PVEM,1322,69434,105,2919,72458,203394,1322,No
2016,2,BAJA CALIFORNIA,15,ENSENADA,PBC,1862,69434,105,2919,72458,203394,1862,No
2016,2,BAJA CALIFORNIA,15,ENSENADA,NUAL,1634,69434,105,2919,72458,203394,1634,No
2016,2,BAJA CALIFORNIA,15,ENSENADA,PES,3428,69434,105,2919,72458,203394,3428,No
2016,2,BAJA CALIFORNIA,15,ENSENADA,MC,2600,69434,105,2919,72458,203394,2600,No
2016,2,BAJA CALIFORNIA,15,ENSENADA,MORENA,9376,69434,105,2919,72458,203394,9376,No
2016,2,BAJA CALIFORNIA,15,ENSENADA,PPC,1408,69434,105,2919,72458,203394,1408,No
2016,2,BAJA CALIFORNIA,15,ENSENADA,MUNICIPALISTA,2259,69434,105,2919,72458,203394,2259,No
2016,2,BAJA CALIFORNIA,15,ENSENADA,PH,2539,69434,105,2919,72458,203394,2539,No
2016,2,BAJA CALIFORNIA,15,ENSENADA,PRI_PT_PVEM_NUAL,108,69434,105,2919,72458,203394,22079,Sí
2016,2,BAJA CALIFORNIA,15,ENSENADA,PRI_PT_PVEM,25,69434,105,2919,72458,203394,20362,Sí
2016,2,BAJA CALIFORNIA,15,ENSENADA,PRI_PT_NUAL,8,69434,105,2919,72458,203394,20657,Sí
2016,2,BAJA CALIFORNIA,15,ENSENADA,PRI_PVEM_NUAL,28,69434,105,2919,72458,203394,19890,Sí
2016,2,BAJA CALIFORNIA,15,ENSENADA,PT_PVEM_NUAL,5,69434,105,2919,72458,203394,5070,Sí
2016,2,BAJA CALIFORNIA,15,ENSENADA,PRI_PT,120,69434,105,2919,72458,203394,19135,Sí
2016,2,BAJA CALIFORNIA,15,ENSENADA,PRI_PVEM,143,69434,105,2919,72458,203394,18371,Sí
2016,2,BAJA CALIFORNIA,15,ENSENADA,PRI_NUAL,35,69434,105,2919,72458,203394,18575,Sí
2016,2,BAJA CALIFORNIA,15,ENSENADA,PT_PVEM,22,69434,105,2919,72458,203394,3453,Sí
2016,2,BAJA CALIFORNIA,15,ENSENADA,PT_NUAL,5,69434,105,2919,72458,203394,3748,Sí
2016,2,BAJA CALIFORNIA,15,ENSENADA,PVEM_NUAL,15,69434,105,2919,72458,203394,2971,Sí
2016,2,BAJA CALIFORNIA,16,TIJUANA,PAN,11296,41549,50,1782,43381,146016,11296,No
2016,2,BAJA CALIFORNIA,16,TIJUANA,PRI,8722,41549,50,1782,43381,146016,8722,No
2016,2,BAJA CALIFORNIA,16,TIJUANA,PRD,1109,41549,50,1782,43381,146016,1109,No
2016,2,BAJA CALIFORNIA,16,TIJUANA,PT,450,41549,50,1782,43381,146016,450,No
2016,2,BAJA CALIFORNIA,16,TIJUANA,PVEM,1369,41549,50,1782,43381,146016,1369,No
2016,2,BAJA CALIFORNIA,16,TIJUANA,PBC,659,41549,50,1782,43381,146016,659,No
2016,2,BAJA CALIFORNIA,16,TIJUANA,NUAL,781,41549,50,1782,43381,146016,781,No
2016,2,BAJA CALIFORNIA,16,TIJUANA,PES,5728,41549,50,1782,43381,146016,5728,No
2016,2,BAJA CALIFORNIA,16,TIJUANA,MC,1209,41549,50,1782,43381,146016,1209,No
2016,2,BAJA CALIFORNIA,16,TIJUANA,MORENA,7965,41549,50,1782,43381,146016,7965,No
2016,2,BAJA CALIFORNIA,16,TIJUANA,PPC,493,41549,50,1782,43381,146016,493,No
2016,2,BAJA CALIFORNIA,16,TIJUANA,MUNICIPALISTA,572,41549,50,1782,43381,146016,572,No
2016,2,BAJA CALIFORNIA,16,TIJUANA,PH,819,41549,50,1782,43381,146016,819,No
2016,2,BAJA CALIFORNIA,16,TIJUANA,PRI_PT_PVEM_NUAL,87,41549,50,1782,43381,146016,11409,Sí
2016,2,BAJA CALIFORNIA,16,TIJUANA,PRI_PT_PVEM,21,41549,50,1782,43381,146016,10562,Sí
2016,2,BAJA CALIFORNIA,16,TIJUANA,PRI_PT_NUAL,9,41549,50,1782,43381,146016,9962,Sí
2016,2,BAJA CALIFORNIA,16,TIJUANA,PRI_PVEM_NUAL,12,41549,50,1782,43381,146016,10884,Sí
2016,2,BAJA CALIFORNIA,16,TIJUANA,PT_PVEM_NUAL,2,41549,50,1782,43381,146016,2602,Sí
2016,2,BAJA CALIFORNIA,16,TIJUANA,PRI_PT,38,41549,50,1782,43381,146016,9210,Sí
2016,2,BAJA CALIFORNIA,16,TIJUANA,PRI_PVEM,168,41549,50,1782,43381,146016,10259,Sí
2016,2,BAJA CALIFORNIA,16,TIJUANA,PRI_NUAL,15,41549,50,1782,43381,146016,9518,Sí
2016,2,BAJA CALIFORNIA,16,TIJUANA,PT_PVEM,16,41549,50,1782,43381,146016,1835,Sí
2016,2,BAJA CALIFORNIA,16,TIJUANA,PT_NUAL,6,41549,50,1782,43381,146016,1237,Sí
2016,2,BAJA CALIFORNIA,16,TIJUANA,PVEM_NUAL,3,41549,50,1782,43381,146016,2153,Sí
2016,2,BAJA CALIFORNIA,17,PLAYAS DE ROSARITO,PAN,11682,28784,15,1206,30005,85320,11682,No
2016,2,BAJA CALIFORNIA,17,PLAYAS DE ROSARITO,PRI,5219,28784,15,1206,30005,85320,5219,No
2016,2,BAJA CALIFORNIA,17,PLAYAS DE ROSARITO,PRD,893,28784,15,1206,30005,85320,893,No
2016,2,BAJA CALIFORNIA,17,PLAYAS DE ROSARITO,PT,131,28784,15,1206,30005,85320,131,No
2016,2,BAJA CALIFORNIA,17,PLAYAS DE ROSARITO,PVEM,971,28784,15,1206,30005,85320,971,No
2016,2,BAJA CALIFORNIA,17,PLAYAS DE ROSARITO,PBC,1662,28784,15,1206,30005,85320,1662,No
2016,2,BAJA CALIFORNIA,17,PLAYAS DE ROSARITO,NUAL,321,28784,15,1206,30005,85320,321,No
2016,2,BAJA CALIFORNIA,17,PLAYAS DE ROSARITO,PES,1054,28784,15,1206,30005,85320,1054,No
2016,2,BAJA CALIFORNIA,17,PLAYAS DE ROSARITO,MC,1783,28784,15,1206,30005,85320,1783,No
2016,2,BAJA CALIFORNIA,17,PLAYAS DE ROSARITO,MORENA,3255,28784,15,1206,30005,85320,3255,No
2016,2,BAJA CALIFORNIA,17,PLAYAS DE ROSARITO,PPC,526,28784,15,1206,30005,85320,526,No
2016,2,BAJA CALIFORNIA,17,PLAYAS DE ROSARITO,MUNICIPALISTA,295,28784,15,1206,30005,85320,295,No
2016,2,BAJA CALIFORNIA,17,PLAYAS DE ROSARITO,PH,765,28784,15,1206,30005,85320,765,No
2016,2,BAJA CALIFORNIA,17,PLAYAS DE ROSARITO,PRI_PT_PVEM_NUAL,45,28784,15,1206,30005,85320,6687,Sí
2016,2,BAJA CALIFORNIA,17,PLAYAS DE ROSARITO,PRI_PT_PVEM,12,28784,15,1206,30005,85320,6333,Sí
2016,2,BAJA CALIFORNIA,17,PLAYAS DE ROSARITO,PRI_PT_NUAL,5,28784,15,1206,30005,85320,5676,Sí
2016,2,BAJA CALIFORNIA,17,PLAYAS DE ROSARITO,PRI_PVEM_NUAL,14,28784,15,1206,30005,85320,6525,Sí
2016,2,BAJA CALIFORNIA,17,PLAYAS DE ROSARITO,PT_PVEM_NUAL,1,28784,15,1206,30005,85320,1424,Sí
2016,2,BAJA CALIFORNIA,17,PLAYAS DE ROSARITO,PRI_PT,34,28784,15,1206,30005,85320,5384,Sí
2016,2,BAJA CALIFORNIA,17,PLAYAS DE ROSARITO,PRI_PVEM,98,28784,15,1206,30005,85320,6288,Sí
2016,2,BAJA CALIFORNIA,17,PLAYAS DE ROSARITO,PRI_NUAL,13,28784,15,1206,30005,85320,5553,Sí
2016,2,BAJA CALIFORNIA,17,PLAYAS DE ROSARITO,PT_PVEM,2,28784,15,1206,30005,85320,1104,Sí
2016,2,BAJA CALIFORNIA,17,PLAYAS DE ROSARITO,PT_NUAL,1,28784,15,1206,30005,85320,453,Sí
2016,2,BAJA CALIFORNIA,17,PLAYAS DE ROSARITO,PVEM_NUAL,2,28784,15,1206,30005,85320,1294,Sí
2016,2,BAJA CALIFORNIA,2,MEXICALI,PAN,12198,32519,55,1113,33687,94204,12198,No
2016,2,BAJA CALIFORNIA,2,MEXICALI,PRI,6017,32519,55,1113,33687,94204,6017,No
2016,2,BAJA CALIFORNIA,2,MEXICALI,PRD,361,32519,55,1113,33687,94204,361,No
2016,2,BAJA CALIFORNIA,2,MEXICALI,PT,154,32519,55,1113,33687,94204,154,No
2016,2,BAJA CALIFORNIA,2,MEXICALI,PVEM,494,32519,55,1113,33687,94204,494,No
2016,2,BAJA CALIFORNIA,2,MEXICALI,PBC,2762,32519,55,1113,33687,94204,2762,No
2016,2,BAJA CALIFORNIA,2,MEXICALI,NUAL,1002,32519,55,1113,33687,94204,1002,No
2016,2,BAJA CALIFORNIA,2,MEXICALI,PES,1396,32519,55,1113,33687,94204,1396,No
2016,2,BAJA CALIFORNIA,2,MEXICALI,MC,3318,32519,55,1113,33687,94204,3318,No
2016,2,BAJA CALIFORNIA,2,MEXICALI,MORENA,2901,32519,55,1113,33687,94204,2901,No
2016,2,BAJA CALIFORNIA,2,MEXICALI,PPC,475,32519,55,1113,33687,94204,475,No
2016,2,BAJA CALIFORNIA,2,MEXICALI,MUNICIPALISTA,362,32519,55,1113,33687,94204,362,No
2016,2,BAJA CALIFORNIA,2,MEXICALI,PH,821,32519,55,1113,33687,94204,821,No
2016,2,BAJA CALIFORNIA,2,MEXICALI,PRI_PT_PVEM_NUAL,71,32519,55,1113,33687,94204,7738,Sí
2016,2,BAJA CALIFORNIA,2,MEXICALI,PRI_PT_PVEM,13,32519,55,1113,33687,94204,6678,Sí
2016,2,BAJA CALIFORNIA,2,MEXICALI,PRI_PT_NUAL,2,32519,55,1113,33687,94204,7175,Sí
2016,2,BAJA CALIFORNIA,2,MEXICALI,PRI_PVEM_NUAL,28,32519,55,1113,33687,94204,7541,Sí
2016,2,BAJA CALIFORNIA,2,MEXICALI,PT_PVEM_NUAL,3,32519,55,1113,33687,94204,1653,Sí
2016,2,BAJA CALIFORNIA,2,MEXICALI,PRI_PT,28,32519,55,1113,33687,94204,6199,Sí
2016,2,BAJA CALIFORNIA,2,MEXICALI,PRI_PVEM,54,32519,55,1113,33687,94204,6565,Sí
2016,2,BAJA CALIFORNIA,2,MEXICALI,PRI_NUAL,46,32519,55,1113,33687,94204,7065,Sí
2016,2,BAJA CALIFORNIA,2,MEXICALI,PT_PVEM,4,32519,55,1113,33687,94204,652,Sí
2016,2,BAJA CALIFORNIA,2,MEXICALI,PT_NUAL,2,32519,55,1113,33687,94204,1158,Sí
2016,2,BAJA CALIFORNIA,2,MEXICALI,PVEM_NUAL,7,32519,55,1113,33687,94204,1503,Sí
2016,2,BAJA CALIFORNIA,3,MEXICALI,PAN,9174,29087,41,1012,30140,74288,9174,No
2016,2,BAJA CALIFORNIA,3,MEXICALI,PRI,5655,29087,41,1012,30140,74288,5655,No
2016,2,BAJA CALIFORNIA,3,MEXICALI,PRD,198,29087,41,1012,30140,74288,198,No
2016,2,BAJA CALIFORNIA,3,MEXICALI,PT,176,29087,41,1012,30140,74288,176,No
2016,2,BAJA CALIFORNIA,3,MEXICALI,PVEM,410,29087,41,1012,30140,74288,410,No
2016,2,BAJA CALIFORNIA,3,MEXICALI,PBC,2507,29087,41,1012,30140,74288,2507,No
2016,2,BAJA CALIFORNIA,3,MEXICALI,NUAL,480,29087,41,1012,30140,74288,480,No
2016,2,BAJA CALIFORNIA,3,MEXICALI,PES,1061,29087,41,1012,30140,74288,1061,No
2016,2,BAJA CALIFORNIA,3,MEXICALI,MC,2172,29087,41,1012,30140,74288,2172,No
2016,2,BAJA CALIFORNIA,3,MEXICALI,MORENA,2705,29087,41,1012,30140,74288,2705,No
2016,2,BAJA CALIFORNIA,3,MEXICALI,PPC,433,29087,41,1012,30140,74288,433,No
2016,2,BAJA CALIFORNIA,3,MEXICALI,MUNICIPALISTA,174,29087,41,1012,30140,74288,174,No
2016,2,BAJA CALIFORNIA,3,MEXICALI,PH,327,29087,41,1012,30140,74288,327,No
2016,2,BAJA CALIFORNIA,3,MEXICALI,PRI_PT_PVEM_NUAL,68,29087,41,1012,30140,74288,6789,Sí
2016,2,BAJA CALIFORNIA,3,MEXICALI,PRI_PT_PVEM,13,29087,41,1012,30140,74288,6254,Sí
2016,2,BAJA CALIFORNIA,3,MEXICALI,PRI_PT_NUAL,2,29087,41,1012,30140,74288,6313,Sí
2016,2,BAJA CALIFORNIA,3,MEXICALI,PRI_PVEM_NUAL,25,29087,41,1012,30140,74288,6570,Sí
2016,2,BAJA CALIFORNIA,3,MEXICALI,PT_PVEM_NUAL,0,29087,41,1012,30140,74288,1066,Sí
2016,2,BAJA CALIFORNIA,3,MEXICALI,PRI_PT,32,29087,41,1012,30140,74288,5863,Sí
2016,2,BAJA CALIFORNIA,3,MEXICALI,PRI_PVEM,48,29087,41,1012,30140,74288,6113,Sí
2016,2,BAJA CALIFORNIA,3,MEXICALI,PRI_NUAL,41,29087,41,1012,30140,74288,6176,Sí
2016,2,BAJA CALIFORNIA,3,MEXICALI,PT_PVEM,3,29087,41,1012,30140,74288,589,Sí
2016,2,BAJA CALIFORNIA,3,MEXICALI,PT_NUAL,4,29087,41,1012,30140,74288,660,Sí
2016,2,BAJA CALIFORNIA,3,MEXICALI,PVEM_NUAL,3,29087,41,1012,30140,74288,893,Sí
2016,2,BAJA CALIFORNIA,3,MEXICALI,Candidatura Independiente,2396,29087,41,1012,30140,74288,2396,No
2016,2,BAJA CALIFORNIA,3,MEXICALI,Candidatura Independiente,440,29087,41,1012,30140,74288,440,No
2016,2,BAJA CALIFORNIA,4,MEXICALI,PAN,18514,52807,78,1713,54598,191823,18514,No
2016,2,BAJA CALIFORNIA,4,MEXICALI,PRI,9174,52807,78,1713,54598,191823,9174,No
2016,2,BAJA CALIFORNIA,4,MEXICALI,PRD,802,52807,78,1713,54598,191823,802,No
2016,2,BAJA CALIFORNIA,4,MEXICALI,PT,349,52807,78,1713,54598,191823,349,No
2016,2,BAJA CALIFORNIA,4,MEXICALI,PVEM,890,52807,78,1713,54598,191823,890,No
2016,2,BAJA CALIFORNIA,4,MEXICALI,PBC,3871,52807,78,1713,54598,191823,3871,No
2016,2,BAJA CALIFORNIA,4,MEXICALI,NUAL,1129,52807,78,1713,54598,191823,1129,No
2016,2,BAJA CALIFORNIA,4,MEXICALI,PES,3062,52807,78,1713,54598,191823,3062,No
2016,2,BAJA CALIFORNIA,4,MEXICALI,MC,7134,52807,78,1713,54598,191823,7134,No
2016,2,BAJA CALIFORNIA,4,MEXICALI,MORENA,5265,52807,78,1713,54598,191823,5265,No
2016,2,BAJA CALIFORNIA,4,MEXICALI,PPC,670,52807,78,1713,54598,191823,670,No
2016,2,BAJA CALIFORNIA,4,MEXICALI,MUNICIPALISTA,596,52807,78,1713,54598,191823,596,No
2016,2,BAJA CALIFORNIA,4,MEXICALI,PH,936,52807,78,1713,54598,191823,936,No
2016,2,BAJA CALIFORNIA,4,MEXICALI,PRI_PT_PVEM_NUAL,205,52807,78,1713,54598,191823,11747,Sí
2016,2,BAJA CALIFORNIA,4,MEXICALI,PRI_PT_PVEM,15,52807,78,1713,54598,191823,10428,Sí
2016,2,BAJA CALIFORNIA,4,MEXICALI,PRI_PT_NUAL,5,52807,78,1713,54598,191823,10657,Sí
2016,2,BAJA CALIFORNIA,4,MEXICALI,PRI_PVEM_NUAL,22,52807,78,1713,54598,191823,11215,Sí
2016,2,BAJA CALIFORNIA,4,MEXICALI,PT_PVEM_NUAL,7,52807,78,1713,54598,191823,2375,Sí
2016,2,BAJA CALIFORNIA,4,MEXICALI,PRI_PT,48,52807,78,1713,54598,191823,9571,Sí
2016,2,BAJA CALIFORNIA,4,MEXICALI,PRI_PVEM,73,52807,78,1713,54598,191823,10137,Sí
2016,2,BAJA CALIFORNIA,4,MEXICALI,PRI_NUAL,27,52807,78,1713,54598,191823,10330,Sí
2016,2,BAJA CALIFORNIA,4,MEXICALI,PT_PVEM,1,52807,78,1713,54598,191823,1240,Sí
2016,2,BAJA CALIFORNIA,4,MEXICALI,PT_NUAL,3,52807,78,1713,54598,191823,1481,Sí
2016,2,BAJA CALIFORNIA,4,MEXICALI,PVEM_NUAL,9,52807,78,1713,54598,191823,2028,Sí
2016,2,BAJA CALIFORNIA,5,MEXICALI,PAN,14516,35006,14,1499,36519,96579,14516,No
2016,2,BAJA CALIFORNIA,5,MEXICALI,PRI,6711,35006,14,1499,36519,96579,6711,No
2016,2,BAJA CALIFORNIA,5,MEXICALI,PRD,1217,35006,14,1499,36519,96579,1217,No
2016,2,BAJA CALIFORNIA,5,MEXICALI,PT,303,35006,14,1499,36519,96579,303,No
2016,2,BAJA CALIFORNIA,5,MEXICALI,PVEM,568,35006,14,1499,36519,96579,568,No
2016,2,BAJA CALIFORNIA,5,MEXICALI,PBC,711,35006,14,1499,36519,96579,711,No
2016,2,BAJA CALIFORNIA,5,MEXICALI,NUAL,3080,35006,14,1499,36519,96579,3080,No
2016,2,BAJA CALIFORNIA,5,MEXICALI,PES,600,35006,14,1499,36519,96579,600,No
2016,2,BAJA CALIFORNIA,5,MEXICALI,MC,2781,35006,14,1499,36519,96579,2781,No
2016,2,BAJA CALIFORNIA,5,MEXICALI,MORENA,2927,35006,14,1499,36519,96579,2927,No
2016,2,BAJA CALIFORNIA,5,MEXICALI,PPC,482,35006,14,1499,36519,96579,482,No
2016,2,BAJA CALIFORNIA,5,MEXICALI,MUNICIPALISTA,161,35006,14,1499,36519,96579,161,No
2016,2,BAJA CALIFORNIA,5,MEXICALI,PH,308,35006,14,1499,36519,96579,308,No
2016,2,BAJA CALIFORNIA,5,MEXICALI,PRI_PT_PVEM_NUAL,89,35006,14,1499,36519,96579,10751,Sí
2016,2,BAJA CALIFORNIA,5,MEXICALI,PRI_PT_PVEM,12,35006,14,1499,36519,96579,7594,Sí
2016,2,BAJA CALIFORNIA,5,MEXICALI,PRI_PT_NUAL,10,35006,14,1499,36519,96579,10104,Sí
2016,2,BAJA CALIFORNIA,5,MEXICALI,PRI_PVEM_NUAL,41,35006,14,1499,36519,96579,10400,Sí
2016,2,BAJA CALIFORNIA,5,MEXICALI,PT_PVEM_NUAL,2,35006,14,1499,36519,96579,3953,Sí
2016,2,BAJA CALIFORNIA,5,MEXICALI,PRI_PT,29,35006,14,1499,36519,96579,7043,Sí
2016,2,BAJA CALIFORNIA,5,MEXICALI,PRI_PVEM,63,35006,14,1499,36519,96579,7342,Sí
2016,2,BAJA CALIFORNIA,5,MEXICALI,PRI_NUAL,193,35006,14,1499,36519,96579,9984,Sí
2016,2,BAJA CALIFORNIA,5,MEXICALI,PT_PVEM,10,35006,14,1499,36519,96579,881,Sí
2016,2,BAJA CALIFORNIA,5,MEXICALI,PT_NUAL,10,35006,14,1499,36519,96579,3393,Sí
2016,2,BAJA CALIFORNIA,5,MEXICALI,PVEM_NUAL,12,35006,14,1499,36519,96579,3660,Sí
2016,2,BAJA CALIFORNIA,5,MEXICALI,Candidatura Independiente,170,35006,14,1499,36519,96579,170,No
2016,2,BAJA CALIFORNIA,6,MEXICALI,PAN,17148,51025,53,2240,53318,191062,17148,No
2016,2,BAJA CALIFORNIA,6,MEXICALI,PRI,10917,51025,53,2240,53318,191062,10917,No
2016,2,BAJA CALIFORNIA,6,MEXICALI,PRD,899,51025,53,2240,53318,191062,899,No
2016,2,BAJA CALIFORNIA,6,MEXICALI,PT,392,51025,53,2240,53318,191062,392,No
2016,2,BAJA CALIFORNIA,6,MEXICALI,PVEM,1211,51025,53,2240,53318,191062,1211,No
2016,2,BAJA CALIFORNIA,6,MEXICALI,PBC,2391,51025,53,2240,53318,191062,2391,No
2016,2,BAJA CALIFORNIA,6,MEXICALI,NUAL,937,51025,53,2240,53318,191062,937,No
2016,2,BAJA CALIFORNIA,6,MEXICALI,PES,1756,51025,53,2240,53318,191062,1756,No
2016,2,BAJA CALIFORNIA,6,MEXICALI,MC,4773,51025,53,2240,53318,191062,4773,No
2016,2,BAJA CALIFORNIA,6,MEXICALI,MORENA,3546,51025,53,2240,53318,191062,3546,No
2016,2,BAJA CALIFORNIA,6,MEXICALI,PPC,512,51025,53,2240,53318,191062,512,No
2016,2,BAJA CALIFORNIA,6,MEXICALI,MUNICIPALISTA,1678,51025,53,2240,53318,191062,1678,No
2016,2,BAJA CALIFORNIA,6,MEXICALI,PH,1204,51025,53,2240,53318,191062,1204,No
2016,2,BAJA CALIFORNIA,6,MEXICALI,PRI_PT_PVEM_NUAL,126,51025,53,2240,53318,191062,13583,Sí
2016,2,BAJA CALIFORNIA,6,MEXICALI,PRI_PT_PVEM,25,51025,53,2240,53318,191062,12545,Sí
2016,2,BAJA CALIFORNIA,6,MEXICALI,PRI_PT_NUAL,7,51025,53,2240,53318,191062,12253,Sí
2016,2,BAJA CALIFORNIA,6,MEXICALI,PRI_PVEM_NUAL,59,51025,53,2240,53318,191062,13124,Sí
2016,2,BAJA CALIFORNIA,6,MEXICALI,PT_PVEM_NUAL,3,51025,53,2240,53318,191062,2543,Sí
2016,2,BAJA CALIFORNIA,6,MEXICALI,PRI_PT,64,51025,53,2240,53318,191062,11373,Sí
2016,2,BAJA CALIFORNIA,6,MEXICALI,PRI_PVEM,257,51025,53,2240,53318,191062,12385,Sí
2016,2,BAJA CALIFORNIA,6,MEXICALI,PRI_NUAL,29,51025,53,2240,53318,191062,11883,Sí
2016,2,BAJA CALIFORNIA,6,MEXICALI,PT_PVEM,8,51025,53,2240,53318,191062,1611,Sí
2016,2,BAJA CALIFORNIA,6,MEXICALI,PT_NUAL,2,51025,53,2240,53318,191062,1331,Sí
2016,2,BAJA CALIFORNIA,6,MEXICALI,PVEM_NUAL,20,51025,53,2240,53318,191062,2168,Sí
2016,2,BAJA CALIFORNIA,6,MEXICALI,Candidatura Independiente,3061,51025,53,2240,53318,191062,3061,No
2016,2,BAJA CALIFORNIA,7,TECATE,PAN,8005,28975,19,1096,30090,80575,8005,No
2016,2,BAJA CALIFORNIA,7,TECATE,PRI,6963,28975,19,1096,30090,80575,6963,No
2016,2,BAJA CALIFORNIA,7,TECATE,PRD,802,28975,19,1096,30090,80575,802,No
2016,2,BAJA CALIFORNIA,7,TECATE,PT,359,28975,19,1096,30090,80575,359,No
2016,2,BAJA CALIFORNIA,7,TECATE,PVEM,593,28975,19,1096,30090,80575,593,No
2016,2,BAJA CALIFORNIA,7,TECATE,PBC,594,28975,19,1096,30090,80575,594,No
2016,2,BAJA CALIFORNIA,7,TECATE,NUAL,380,28975,19,1096,30090,80575,380,No
2016,2,BAJA CALIFORNIA,7,TECATE,PES,1693,28975,19,1096,30090,80575,1693,No
2016,2,BAJA CALIFORNIA,7,TECATE,MC,3049,28975,19,1096,30090,80575,3049,No
2016,2,BAJA CALIFORNIA,7,TECATE,MORENA,2225,28975,19,1096,30090,80575,2225,No
2016,2,BAJA CALIFORNIA,7,TECATE,PPC,2684,28975,19,1096,30090,80575,2684,No
2016,2,BAJA CALIFORNIA,7,TECATE,MUNICIPALISTA,280,28975,19,1096,30090,80575,280,No
2016,2,BAJA CALIFORNIA,7,TECATE,PH,1062,28975,19,1096,30090,80575,1062,No
2016,2,BAJA CALIFORNIA,7,TECATE,PRI_PT_PVEM_NUAL,94,28975,19,1096,30090,80575,8389,Sí
2016,2,BAJA CALIFORNIA,7,TECATE,PRI_PT_PVEM,21,28975,19,1096,30090,80575,7936,Sí
2016,2,BAJA CALIFORNIA,7,TECATE,PRI_PT_NUAL,0,28975,19,1096,30090,80575,7702,Sí
2016,2,BAJA CALIFORNIA,7,TECATE,PRI_PVEM_NUAL,14,28975,19,1096,30090,80575,7950,Sí
2016,2,BAJA CALIFORNIA,7,TECATE,PT_PVEM_NUAL,13,28975,19,1096,30090,80575,1345,Sí
2016,2,BAJA CALIFORNIA,7,TECATE,PRI_PT,27,28975,19,1096,30090,80575,7349,Sí
2016,2,BAJA CALIFORNIA,7,TECATE,PRI_PVEM,101,28975,19,1096,30090,80575,7657,Sí
2016,2,BAJA CALIFORNIA,7,TECATE,PRI_NUAL,5,28975,19,1096,30090,80575,7348,Sí
2016,2,BAJA CALIFORNIA,7,TECATE,PT_PVEM,2,28975,19,1096,30090,80575,954,Sí
2016,2,BAJA CALIFORNIA,7,TECATE,PT_NUAL,2,28975,19,1096,30090,80575,741,Sí
2016,2,BAJA CALIFORNIA,7,TECATE,PVEM_NUAL,7,28975,19,1096,30090,80575,980,Sí
2016,2,BAJA CALIFORNIA,8,TIJUANA,PAN,14979,62247,81,2617,64945,189529,14979,No
2016,2,BAJA CALIFORNIA,8,TIJUANA,PRI,10786,62247,81,2617,64945,189529,10786,No
2016,2,BAJA CALIFORNIA,8,TIJUANA,PRD,1091,62247,81,2617,64945,189529,1091,No
2016,2,BAJA CALIFORNIA,8,TIJUANA,PT,487,62247,81,2617,64945,189529,487,No
2016,2,BAJA CALIFORNIA,8,TIJUANA,PVEM,1492,62247,81,2617,64945,189529,1492,No
2016,2,BAJA CALIFORNIA,8,TIJUANA,PBC,2699,62247,81,2617,64945,189529,2699,No
2016,2,BAJA CALIFORNIA,8,TIJUANA,NUAL,1169,62247,81,2617,64945,189529,1169,No
2016,2,BAJA CALIFORNIA,8,TIJUANA,PES,2031,62247,81,2617,64945,189529,2031,No
2016,2,BAJA CALIFORNIA,8,TIJUANA,MC,2175,62247,81,2617,64945,189529,2175,No
2016,2,BAJA CALIFORNIA,8,TIJUANA,MORENA,8923,62247,81,2617,64945,189529,8923,No
2016,2,BAJA CALIFORNIA,8,TIJUANA,PPC,972,62247,81,2617,64945,189529,972,No
2016,2,BAJA CALIFORNIA,8,TIJUANA,MUNICIPALISTA,631,62247,81,2617,64945,189529,631,No
2016,2,BAJA CALIFORNIA,8,TIJUANA,PH,983,62247,81,2617,64945,189529,983,No
2016,2,BAJA CALIFORNIA,8,TIJUANA,PRI_PT_PVEM_NUAL,38,62247,81,2617,64945,189529,13972,Sí
2016,2,BAJA CALIFORNIA,8,TIJUANA,PRI_PT_PVEM,17,62247,81,2617,64945,189529,12782,Sí
2016,2,BAJA CALIFORNIA,8,TIJUANA,PRI_PT_NUAL,0,62247,81,2617,64945,189529,12442,Sí
2016,2,BAJA CALIFORNIA,8,TIJUANA,PRI_PVEM_NUAL,20,62247,81,2617,64945,189529,13467,Sí
2016,2,BAJA CALIFORNIA,8,TIJUANA,PT_PVEM_NUAL,4,62247,81,2617,64945,189529,3152,Sí
2016,2,BAJA CALIFORNIA,8,TIJUANA,PRI_PT,40,62247,81,2617,64945,189529,11313,Sí
2016,2,BAJA CALIFORNIA,8,TIJUANA,PRI_PVEM,189,62247,81,2617,64945,189529,12467,Sí
2016,2,BAJA CALIFORNIA,8,TIJUANA,PRI_NUAL,22,62247,81,2617,64945,189529,11977,Sí
2016,2,BAJA CALIFORNIA,8,TIJUANA,PT_PVEM,5,62247,81,2617,64945,189529,1984,Sí
2016,2,BAJA CALIFORNIA,8,TIJUANA,PT_NUAL,7,62247,81,2617,64945,189529,1663,Sí
2016,2,BAJA CALIFORNIA,8,TIJUANA,PVEM_NUAL,8,62247,81,2617,64945,189529,2669,Sí
2016,2,BAJA CALIFORNIA,8,TIJUANA,Candidatura Independiente,3479,62247,81,2617,64945,189529,3479,No
2016,2,BAJA CALIFORNIA,9,TIJUANA,PAN,9400,33342,26,1362,34730,99013,9400,No
2016,2,BAJA CALIFORNIA,9,TIJUANA,PRI,7032,33342,26,1362,34730,99013,7032,No
2016,2,BAJA CALIFORNIA,9,TIJUANA,PT,313,33342,26,1362,34730,99013,313,No
2016,2,BAJA CALIFORNIA,9,TIJUANA,PVEM,728,33342,26,1362,34730,99013,728,No
2016,2,BAJA CALIFORNIA,9,TIJUANA,PBC,1031,33342,26,1362,34730,99013,1031,No
2016,2,BAJA CALIFORNIA,9,TIJUANA,NUAL,599,33342,26,1362,34730,99013,599,No
2016,2,BAJA CALIFORNIA,9,TIJUANA,PES,4931,33342,26,1362,34730,99013,4931,No
2016,2,BAJA CALIFORNIA,9,TIJUANA,MC,1078,33342,26,1362,34730,99013,1078,No
2016,2,BAJA CALIFORNIA,9,TIJUANA,MORENA,4216,33342,26,1362,34730,99013,4216,No
2016,2,BAJA CALIFORNIA,9,TIJUANA,PPC,402,33342,26,1362,34730,99013,402,No
2016,2,BAJA CALIFORNIA,9,TIJUANA,MUNICIPALISTA,242,33342,26,1362,34730,99013,242,No
2016,2,BAJA CALIFORNIA,9,TIJUANA,PH,514,33342,26,1362,34730,99013,514,No
2016,2,BAJA CALIFORNIA,9,TIJUANA,PRI_PT_PVEM_NUAL,37,33342,26,1362,34730,99013,8709,Sí
2016,2,BAJA CALIFORNIA,9,TIJUANA,PRI_PT_PVEM,11,33342,26,1362,34730,99013,8084,Sí
2016,2,BAJA CALIFORNIA,9,TIJUANA,PRI_PT_NUAL,4,33342,26,1362,34730,99013,7948,Sí
2016,2,BAJA CALIFORNIA,9,TIJUANA,PRI_PVEM_NUAL,29,33342,26,1362,34730,99013,8388,Sí
2016,2,BAJA CALIFORNIA,9,TIJUANA,PT_PVEM_NUAL,5,33342,26,1362,34730,99013,1645,Sí
2016,2,BAJA CALIFORNIA,9,TIJUANA,PRI_PT,18,33342,26,1362,34730,99013,7363,Sí
2016,2,BAJA CALIFORNIA,9,TIJUANA,PRI_PVEM,119,33342,26,1362,34730,99013,7879,Sí
2016,2,BAJA CALIFORNIA,9,TIJUANA,PRI_NUAL,9,33342,26,1362,34730,99013,7640,Sí
2016,2,BAJA CALIFORNIA,9,TIJUANA,PT_PVEM,7,33342,26,1362,34730,99013,1048,Sí
2016,2,BAJA CALIFORNIA,9,TIJUANA,PT_NUAL,3,33342,26,1362,34730,99013,915,Sí
2016,2,BAJA CALIFORNIA,9,TIJUANA,PVEM_NUAL,9,33342,26,1362,34730,99013,1336,Sí
2016,2,BAJA CALIFORNIA,9,TIJUANA,Candidatura Independiente,2605,33342,26,1362,34730,99013,2605,No
2016,20,OAXACA,1,ACATLAN DE PEREZ FIGUEROA,PAN,17927,75336,20,2007,77363,103807,17927,No
2016,20,OAXACA,1,ACATLAN DE PEREZ FIGUEROA,PRI,31843,75336,20,2007,77363,103807,31843,No
2016,20,OAXACA,1,ACATLAN DE PEREZ FIGUEROA,PRD,6154,75336,20,2007,77363,103807,6154,No
2016,20,OAXACA,1,ACATLAN DE PEREZ FIGUEROA,PVEM,795,75336,20,2007,77363,103807,795,No
2016,20,OAXACA,1,ACATLAN DE PEREZ FIGUEROA,PT,3364,75336,20,2007,77363,103807,3364,No
2016,20,OAXACA,1,ACATLAN DE PEREZ FIGUEROA,MC,4137,75336,20,2007,77363,103807,4137,No
2016,20,OAXACA,1,ACATLAN DE PEREZ FIGUEROA,PUP,406,75336,20,2007,77363,103807,406,No
2016,20,OAXACA,1,ACATLAN DE PEREZ FIGUEROA,NUAL,433,75336,20,2007,77363,103807,433,No
2016,20,OAXACA,1,ACATLAN DE PEREZ FIGUEROA,PSD,514,75336,20,2007,77363,103807,514,No
2016,20,OAXACA,1,ACATLAN DE PEREZ FIGUEROA,MORENA,6180,75336,20,2007,77363,103807,6180,No
2016,20,OAXACA,1,ACATLAN DE PEREZ FIGUEROA,PRS,1927,75336,20,2007,77363,103807,1927,No
2016,20,OAXACA,1,ACATLAN DE PEREZ FIGUEROA,PAN_PRD,1118,75336,20,2007,77363,103807,25199,Sí
2016,20,OAXACA,1,ACATLAN DE PEREZ FIGUEROA,PRI_PVEM,538,75336,20,2007,77363,103807,33176,Sí
2016,20,OAXACA,10,SAN PEDRO Y SAN PABLO AYUTLA,PAN,3160,40545,17,2261,42848,87800,3160,No
2016,20,OAXACA,10,SAN PEDRO Y SAN PABLO AYUTLA,PRI,15245,40545,17,2261,42848,87800,15245,No
2016,20,OAXACA,10,SAN PEDRO Y SAN PABLO AYUTLA,PRD,2261,40545,17,2261,42848,87800,2261,No
2016,20,OAXACA,10,SAN PEDRO Y SAN PABLO AYUTLA,PVEM,857,40545,17,2261,42848,87800,857,No
2016,20,OAXACA,10,SAN PEDRO Y SAN PABLO AYUTLA,PT,10320,40545,17,2261,42848,87800,10320,No
2016,20,OAXACA,10,SAN PEDRO Y SAN PABLO AYUTLA,MC,728,40545,17,2261,42848,87800,728,No
2016,20,OAXACA,10,SAN PEDRO Y SAN PABLO AYUTLA,PUP,792,40545,17,2261,42848,87800,792,No
2016,20,OAXACA,10,SAN PEDRO Y SAN PABLO AYUTLA,NUAL,722,40545,17,2261,42848,87800,722,No
2016,20,OAXACA,10,SAN PEDRO Y SAN PABLO AYUTLA,PSD,388,40545,17,2261,42848,87800,388,No
2016,20,OAXACA,10,SAN PEDRO Y SAN PABLO AYUTLA,MORENA,5268,40545,17,2261,42848,87800,5268,No
2016,20,OAXACA,10,SAN PEDRO Y SAN PABLO AYUTLA,PRS,106,40545,17,2261,42848,87800,106,No
2016,20,OAXACA,10,SAN PEDRO Y SAN PABLO AYUTLA,PAN_PRD,427,40545,17,2261,42848,87800,5848,Sí
2016,20,OAXACA,10,SAN PEDRO Y SAN PABLO AYUTLA,PRI_PVEM,271,40545,17,2261,42848,87800,16373,Sí
2016,20,OAXACA,11,MATIAS ROMERO AVENDAÑO,PAN,7634,63855,33,3300,67188,122462,7634,No
2016,20,OAXACA,11,MATIAS ROMERO AVENDAÑO,PRI,20007,63855,33,3300,67188,122462,20007,No
2016,20,OAXACA,11,MATIAS ROMERO AVENDAÑO,PRD,9916,63855,33,3300,67188,122462,9916,No
2016,20,OAXACA,11,MATIAS ROMERO AVENDAÑO,PVEM,1911,63855,33,3300,67188,122462,1911,No
2016,20,OAXACA,11,MATIAS ROMERO AVENDAÑO,PT,3270,63855,33,3300,67188,122462,3270,No
2016,20,OAXACA,11,MATIAS ROMERO AVENDAÑO,MC,2625,63855,33,3300,67188,122462,2625,No
2016,20,OAXACA,11,MATIAS ROMERO AVENDAÑO,PUP,470,63855,33,3300,67188,122462,470,No
2016,20,OAXACA,11,MATIAS ROMERO AVENDAÑO,NUAL,3451,63855,33,3300,67188,122462,3451,No
2016,20,OAXACA,11,MATIAS ROMERO AVENDAÑO,PSD,911,63855,33,3300,67188,122462,911,No
2016,20,OAXACA,11,MATIAS ROMERO AVENDAÑO,MORENA,6086,63855,33,3300,67188,122462,6086,No
2016,20,OAXACA,11,MATIAS ROMERO AVENDAÑO,ES,353,63855,33,3300,67188,122462,353,No
2016,20,OAXACA,11,MATIAS ROMERO AVENDAÑO,PRS,430,63855,33,3300,67188,122462,430,No
2016,20,OAXACA,11,MATIAS ROMERO AVENDAÑO,PAN_PRD,359,63855,33,3300,67188,122462,17909,Sí
2016,20,OAXACA,11,MATIAS ROMERO AVENDAÑO,PRI_PVEM,0,63855,33,3300,67188,122462,21918,Sí
2016,20,OAXACA,11,MATIAS ROMERO AVENDAÑO,C_COMUN_PRI_PES,8,63855,33,3300,67188,122462,20015,Sí
2016,20,OAXACA,11,MATIAS ROMERO AVENDAÑO,Candidatura Independiente,6424,63855,33,3300,67188,122462,6424,No
2016,20,OAXACA,12,SANTA LUCIA DEL CAMINO,PAN,6184,54741,78,2535,57354,109717,6184,No
2016,20,OAXACA,12,SANTA LUCIA DEL CAMINO,PRI,10263,54741,78,2535,57354,109717,10263,No
2016,20,OAXACA,12,SANTA LUCIA DEL CAMINO,PRD,4086,54741,78,2535,57354,109717,4086,No
2016,20,OAXACA,12,SANTA LUCIA DEL CAMINO,PVEM,1685,54741,78,2535,57354,109717,1685,No
2016,20,OAXACA,12,SANTA LUCIA DEL CAMINO,PT,6787,54741,78,2535,57354,109717,6787,No
2016,20,OAXACA,12,SANTA LUCIA DEL CAMINO,MC,2014,54741,78,2535,57354,109717,2014,No
2016,20,OAXACA,12,SANTA LUCIA DEL CAMINO,PUP,3591,54741,78,2535,57354,109717,3591,No
2016,20,OAXACA,12,SANTA LUCIA DEL CAMINO,NUAL,1757,54741,78,2535,57354,109717,1757,No
2016,20,OAXACA,12,SANTA LUCIA DEL CAMINO,PSD,1882,54741,78,2535,57354,109717,1882,No
2016,20,OAXACA,12,SANTA LUCIA DEL CAMINO,MORENA,13339,54741,78,2535,57354,109717,13339,No
2016,20,OAXACA,12,SANTA LUCIA DEL CAMINO,PRS,2380,54741,78,2535,57354,109717,2380,No
2016,20,OAXACA,12,SANTA LUCIA DEL CAMINO,PAN_PRD,406,54741,78,2535,57354,109717,10676,Sí
2016,20,OAXACA,12,SANTA LUCIA DEL CAMINO,PRI_PVEM,367,54741,78,2535,57354,109717,12315,Sí
2016,20,OAXACA,13,OAXACA DE JUAREZ ZONA SUR,PAN,5957,61070,71,2685,63826,125119,5957,No
2016,20,OAXACA,13,OAXACA DE JUAREZ ZONA SUR,PRI,13034,61070,71,2685,63826,125119,13034,No
2016,20,OAXACA,13,OAXACA DE JUAREZ ZONA SUR,PRD,5459,61070,71,2685,63826,125119,5459,No
2016,20,OAXACA,13,OAXACA DE JUAREZ ZONA SUR,PVEM,1498,61070,71,2685,63826,125119,1498,No
2016,20,OAXACA,13,OAXACA DE JUAREZ ZONA SUR,PT,6837,61070,71,2685,63826,125119,6837,No
2016,20,OAXACA,13,OAXACA DE JUAREZ ZONA SUR,MC,1428,61070,71,2685,63826,125119,1428,No
2016,20,OAXACA,13,OAXACA DE JUAREZ ZONA SUR,PUP,1729,61070,71,2685,63826,125119,1729,No
2016,20,OAXACA,13,OAXACA DE JUAREZ ZONA SUR,NUAL,1608,61070,71,2685,63826,125119,1608,No
2016,20,OAXACA,13,OAXACA DE JUAREZ ZONA SUR,PSD,1074,61070,71,2685,63826,125119,1074,No
2016,20,OAXACA,13,OAXACA DE JUAREZ ZONA SUR,MORENA,17138,61070,71,2685,63826,125119,17138,No
2016,20,OAXACA,13,OAXACA DE JUAREZ ZONA SUR,PRS,1602,61070,71,2685,63826,125119,1602,No
2016,20,OAXACA,13,OAXACA DE JUAREZ ZONA SUR,PAN_PRD,420,61070,71,2685,63826,125119,11836,Sí
2016,20,OAXACA,13,OAXACA DE JUAREZ ZONA SUR,PRI_PVEM,374,61070,71,2685,63826,125119,14906,Sí
2016,20,OAXACA,13,OAXACA DE JUAREZ ZONA SUR,Candidatura Independiente,2912,61070,71,2685,63826,125119,2912,No
2016,20,OAXACA,14,OAXACA DE JUAREZ ZONA NORTE,PAN,10727,66524,96,2785,69405,126006,10727,No
2016,20,OAXACA,14,OAXACA DE JUAREZ ZONA NORTE,PRI,14999,66524,96,2785,69405,126006,14999,No
2016,20,OAXACA,14,OAXACA DE JUAREZ ZONA NORTE,PRD,4657,66524,96,2785,69405,126006,4657,No
2016,20,OAXACA,14,OAXACA DE JUAREZ ZONA NORTE,PVEM,1825,66524,96,2785,69405,126006,1825,No
2016,20,OAXACA,14,OAXACA DE JUAREZ ZONA NORTE,PT,5879,66524,96,2785,69405,126006,5879,No
2016,20,OAXACA,14,OAXACA DE JUAREZ ZONA NORTE,MC,880,66524,96,2785,69405,126006,880,No
2016,20,OAXACA,14,OAXACA DE JUAREZ ZONA NORTE,PUP,1393,66524,96,2785,69405,126006,1393,No
2016,20,OAXACA,14,OAXACA DE JUAREZ ZONA NORTE,NUAL,2363,66524,96,2785,69405,126006,2363,No
2016,20,OAXACA,14,OAXACA DE JUAREZ ZONA NORTE,PSD,760,66524,96,2785,69405,126006,760,No
2016,20,OAXACA,14,OAXACA DE JUAREZ ZONA NORTE,MORENA,16073,66524,96,2785,69405,126006,16073,No
2016,20,OAXACA,14,OAXACA DE JUAREZ ZONA NORTE,PRS,1439,66524,96,2785,69405,126006,1439,No
2016,20,OAXACA,14,OAXACA DE JUAREZ ZONA NORTE,PAN_PRD,787,66524,96,2785,69405,126006,16171,Sí
2016,20,OAXACA,14,OAXACA DE JUAREZ ZONA NORTE,PRI_PVEM,490,66524,96,2785,69405,126006,17314,Sí
2016,20,OAXACA,14,OAXACA DE JUAREZ ZONA NORTE,Candidatura Independiente,2278,66524,96,2785,69405,126006,2278,No
2016,20,OAXACA,14,OAXACA DE JUAREZ ZONA NORTE,Candidatura Independiente,1974,66524,96,2785,69405,126006,1974,No
2016,20,OAXACA,15,SANTA CRUZ XOXOCOTLAN,PAN,3992,59726,49,2543,62318,117890,3992,No
2016,20,OAXACA,15,SANTA CRUZ XOXOCOTLAN,PRI,11442,59726,49,2543,62318,117890,11442,No
2016,20,OAXACA,15,SANTA CRUZ XOXOCOTLAN,PRD,13102,59726,49,2543,62318,117890,13102,No
2016,20,OAXACA,15,SANTA CRUZ XOXOCOTLAN,PVEM,1288,59726,49,2543,62318,117890,1288,No
2016,20,OAXACA,15,SANTA CRUZ XOXOCOTLAN,PT,5542,59726,49,2543,62318,117890,5542,No
2016,20,OAXACA,15,SANTA CRUZ XOXOCOTLAN,MC,839,59726,49,2543,62318,117890,839,No
2016,20,OAXACA,15,SANTA CRUZ XOXOCOTLAN,PUP,1912,59726,49,2543,62318,117890,1912,No
2016,20,OAXACA,15,SANTA CRUZ XOXOCOTLAN,NUAL,1789,59726,49,2543,62318,117890,1789,No
2016,20,OAXACA,15,SANTA CRUZ XOXOCOTLAN,PSD,2308,59726,49,2543,62318,117890,2308,No
2016,20,OAXACA,15,SANTA CRUZ XOXOCOTLAN,MORENA,14769,59726,49,2543,62318,117890,14769,No
2016,20,OAXACA,15,SANTA CRUZ XOXOCOTLAN,PRS,1730,59726,49,2543,62318,117890,1730,No
2016,20,OAXACA,15,SANTA CRUZ XOXOCOTLAN,PAN_PRD,754,59726,49,2543,62318,117890,17848,Sí
2016,20,OAXACA,15,SANTA CRUZ XOXOCOTLAN,PRI_PVEM,259,59726,49,2543,62318,117890,12989,Sí
2016,20,OAXACA,16,ZIMATLAN DE ALVAREZ,PAN,7517,66040,48,3494,69582,114797,7517,No
2016,20,OAXACA,16,ZIMATLAN DE ALVAREZ,PRI,15138,66040,48,3494,69582,114797,15138,No
2016,20,OAXACA,16,ZIMATLAN DE ALVAREZ,PRD,12360,66040,48,3494,69582,114797,12360,No
2016,20,OAXACA,16,ZIMATLAN DE ALVAREZ,PVEM,1503,66040,48,3494,69582,114797,1503,No
2016,20,OAXACA,16,ZIMATLAN DE ALVAREZ,PT,4956,66040,48,3494,69582,114797,4956,No
2016,20,OAXACA,16,ZIMATLAN DE ALVAREZ,MC,4075,66040,48,3494,69582,114797,4075,No
2016,20,OAXACA,16,ZIMATLAN DE ALVAREZ,PUP,2004,66040,48,3494,69582,114797,2004,No
2016,20,OAXACA,16,ZIMATLAN DE ALVAREZ,NUAL,2837,66040,48,3494,69582,114797,2837,No
2016,20,OAXACA,16,ZIMATLAN DE ALVAREZ,PSD,1551,66040,48,3494,69582,114797,1551,No
2016,20,OAXACA,16,ZIMATLAN DE ALVAREZ,MORENA,12161,66040,48,3494,69582,114797,12161,No
2016,20,OAXACA,16,ZIMATLAN DE ALVAREZ,PRS,822,66040,48,3494,69582,114797,822,No
2016,20,OAXACA,16,ZIMATLAN DE ALVAREZ,PAN_PRD,858,66040,48,3494,69582,114797,20735,Sí
2016,20,OAXACA,16,ZIMATLAN DE ALVAREZ,PRI_PVEM,258,66040,48,3494,69582,114797,16899,Sí
2016,20,OAXACA,17,TLACOLULA DE MATAMOROS,PAN,11903,56882,30,3082,59994,124704,11903,No
2016,20,OAXACA,17,TLACOLULA DE MATAMOROS,PRI,17101,56882,30,3082,59994,124704,17101,No
2016,20,OAXACA,17,TLACOLULA DE MATAMOROS,PRD,6328,56882,30,3082,59994,124704,6328,No
2016,20,OAXACA,17,TLACOLULA DE MATAMOROS,PVEM,2060,56882,30,3082,59994,124704,2060,No
2016,20,OAXACA,17,TLACOLULA DE MATAMOROS,PT,4906,56882,30,3082,59994,124704,4906,No
2016,20,OAXACA,17,TLACOLULA DE MATAMOROS,MC,1179,56882,30,3082,59994,124704,1179,No
2016,20,OAXACA,17,TLACOLULA DE MATAMOROS,PUP,768,56882,30,3082,59994,124704,768,No
2016,20,OAXACA,17,TLACOLULA DE MATAMOROS,NUAL,1393,56882,30,3082,59994,124704,1393,No
2016,20,OAXACA,17,TLACOLULA DE MATAMOROS,PSD,777,56882,30,3082,59994,124704,777,No
2016,20,OAXACA,17,TLACOLULA DE MATAMOROS,MORENA,8485,56882,30,3082,59994,124704,8485,No
2016,20,OAXACA,17,TLACOLULA DE MATAMOROS,PRS,496,56882,30,3082,59994,124704,496,No
2016,20,OAXACA,17,TLACOLULA DE MATAMOROS,PAN_PRD,772,56882,30,3082,59994,124704,19003,Sí
2016,20,OAXACA,17,TLACOLULA DE MATAMOROS,PRI_PVEM,714,56882,30,3082,59994,124704,19875,Sí
2016,20,OAXACA,18,SANTO DOMINGO TEHUANTEPEC,PAN,2305,65579,45,2610,68234,98748,2305,No
2016,20,OAXACA,18,SANTO DOMINGO TEHUANTEPEC,PRI,19124,65579,45,2610,68234,98748,19124,No
2016,20,OAXACA,18,SANTO DOMINGO TEHUANTEPEC,PRD,9948,65579,45,2610,68234,98748,9948,No
2016,20,OAXACA,18,SANTO DOMINGO TEHUANTEPEC,PVEM,1124,65579,45,2610,68234,98748,1124,No
2016,20,OAXACA,18,SANTO DOMINGO TEHUANTEPEC,PT,7039,65579,45,2610,68234,98748,7039,No
2016,20,OAXACA,18,SANTO DOMINGO TEHUANTEPEC,MC,791,65579,45,2610,68234,98748,791,No
2016,20,OAXACA,18,SANTO DOMINGO TEHUANTEPEC,PUP,2014,65579,45,2610,68234,98748,2014,No
2016,20,OAXACA,18,SANTO DOMINGO TEHUANTEPEC,NUAL,1709,65579,45,2610,68234,98748,1709,No
2016,20,OAXACA,18,SANTO DOMINGO TEHUANTEPEC,PSD,984,65579,45,2610,68234,98748,984,No
2016,20,OAXACA,18,SANTO DOMINGO TEHUANTEPEC,MORENA,17032,65579,45,2610,68234,98748,17032,No
2016,20,OAXACA,18,SANTO DOMINGO TEHUANTEPEC,PRS,2926,65579,45,2610,68234,98748,2926,No
2016,20,OAXACA,18,SANTO DOMINGO TEHUANTEPEC,PAN_PRD,329,65579,45,2610,68234,98748,12582,Sí
2016,20,OAXACA,18,SANTO DOMINGO TEHUANTEPEC,PRI_PVEM,254,65579,45,2610,68234,98748,20502,Sí
2016,20,OAXACA,19,SALINA CRUZ,PAN,7585,67250,22,2505,69777,118328,7585,No
2016,20,OAXACA,19,SALINA CRUZ,PRI,17730,67250,22,2505,69777,118328,17730,No
2016,20,OAXACA,19,SALINA CRUZ,PRD,16221,67250,22,2505,69777,118328,16221,No
2016,20,OAXACA,19,SALINA CRUZ,PVEM,1469,67250,22,2505,69777,118328,1469,No
2016,20,OAXACA,19,SALINA CRUZ,PT,4555,67250,22,2505,69777,118328,4555,No
2016,20,OAXACA,19,SALINA CRUZ,MC,469,67250,22,2505,69777,118328,469,No
2016,20,OAXACA,19,SALINA CRUZ,PUP,1703,67250,22,2505,69777,118328,1703,No
2016,20,OAXACA,19,SALINA CRUZ,NUAL,2074,67250,22,2505,69777,118328,2074,No
2016,20,OAXACA,19,SALINA CRUZ,PSD,294,67250,22,2505,69777,118328,294,No
2016,20,OAXACA,19,SALINA CRUZ,MORENA,13507,67250,22,2505,69777,118328,13507,No
2016,20,OAXACA,19,SALINA CRUZ,PRS,570,67250,22,2505,69777,118328,570,No
2016,20,OAXACA,19,SALINA CRUZ,PAN_PRD,753,67250,22,2505,69777,118328,24559,Sí
2016,20,OAXACA,19,SALINA CRUZ,PRI_PVEM,320,67250,22,2505,69777,118328,19519,Sí
2016,20,OAXACA,2,SAN JUAN BAUTISTA TUXTEPEC,PAN,7887,60435,28,1865,62328,108681,7887,No
2016,20,OAXACA,2,SAN JUAN BAUTISTA TUXTEPEC,PRI,11758,60435,28,1865,62328,108681,11758,No
2016,20,OAXACA,2,SAN JUAN BAUTISTA TUXTEPEC,PRD,4468,60435,28,1865,62328,108681,4468,No
2016,20,OAXACA,2,SAN JUAN BAUTISTA TUXTEPEC,PVEM,900,60435,28,1865,62328,108681,900,No
2016,20,OAXACA,2,SAN JUAN BAUTISTA TUXTEPEC,PT,11606,60435,28,1865,62328,108681,11606,No
2016,20,OAXACA,2,SAN JUAN BAUTISTA TUXTEPEC,MC,7158,60435,28,1865,62328,108681,7158,No
2016,20,OAXACA,2,SAN JUAN BAUTISTA TUXTEPEC,PUP,443,60435,28,1865,62328,108681,443,No
2016,20,OAXACA,2,SAN JUAN BAUTISTA TUXTEPEC,NUAL,1468,60435,28,1865,62328,108681,1468,No
2016,20,OAXACA,2,SAN JUAN BAUTISTA TUXTEPEC,PSD,976,60435,28,1865,62328,108681,976,No
2016,20,OAXACA,2,SAN JUAN BAUTISTA TUXTEPEC,MORENA,12154,60435,28,1865,62328,108681,12154,No
2016,20,OAXACA,2,SAN JUAN BAUTISTA TUXTEPEC,PRS,454,60435,28,1865,62328,108681,454,No
2016,20,OAXACA,2,SAN JUAN BAUTISTA TUXTEPEC,PAN_PRD,896,60435,28,1865,62328,108681,13251,Sí
2016,20,OAXACA,2,SAN JUAN BAUTISTA TUXTEPEC,PRI_PVEM,267,60435,28,1865,62328,108681,12925,Sí
2016,20,OAXACA,20,HEROICA CIUDAD DE JUCHITAN DE ZARAGOZA,PAN,2669,65086,45,3746,68877,108489,2669,No
2016,20,OAXACA,20,HEROICA CIUDAD DE JUCHITAN DE ZARAGOZA,PRI,20019,65086,45,3746,68877,108489,20019,No
2016,20,OAXACA,20,HEROICA CIUDAD DE JUCHITAN DE ZARAGOZA,PRD,14204,65086,45,3746,68877,108489,14204,No
2016,20,OAXACA,20,HEROICA CIUDAD DE JUCHITAN DE ZARAGOZA,PVEM,1519,65086,45,3746,68877,108489,1519,No
2016,20,OAXACA,20,HEROICA CIUDAD DE JUCHITAN DE ZARAGOZA,PT,5170,65086,45,3746,68877,108489,5170,No
2016,20,OAXACA,20,HEROICA CIUDAD DE JUCHITAN DE ZARAGOZA,MC,768,65086,45,3746,68877,108489,768,No
2016,20,OAXACA,20,HEROICA CIUDAD DE JUCHITAN DE ZARAGOZA,PUP,2386,65086,45,3746,68877,108489,2386,No
2016,20,OAXACA,20,HEROICA CIUDAD DE JUCHITAN DE ZARAGOZA,NUAL,829,65086,45,3746,68877,108489,829,No
2016,20,OAXACA,20,HEROICA CIUDAD DE JUCHITAN DE ZARAGOZA,PSD,762,65086,45,3746,68877,108489,762,No
2016,20,OAXACA,20,HEROICA CIUDAD DE JUCHITAN DE ZARAGOZA,MORENA,15357,65086,45,3746,68877,108489,15357,No
2016,20,OAXACA,20,HEROICA CIUDAD DE JUCHITAN DE ZARAGOZA,PRS,629,65086,45,3746,68877,108489,629,No
2016,20,OAXACA,20,HEROICA CIUDAD DE JUCHITAN DE ZARAGOZA,PAN_PRD,452,65086,45,3746,68877,108489,17325,Sí
2016,20,OAXACA,20,HEROICA CIUDAD DE JUCHITAN DE ZARAGOZA,PRI_PVEM,322,65086,45,3746,68877,108489,21860,Sí
2016,20,OAXACA,21,HEROICA CIUDAD DE EJUTLA DE CRESPO,PAN,6468,47321,60,1105,48486,94557,6468,No
2016,20,OAXACA,21,HEROICA CIUDAD DE EJUTLA DE CRESPO,PRI,14637,47321,60,1105,48486,94557,14637,No
2016,20,OAXACA,21,HEROICA CIUDAD DE EJUTLA DE CRESPO,PRD,4881,47321,60,1105,48486,94557,4881,No
2016,20,OAXACA,21,HEROICA CIUDAD DE EJUTLA DE CRESPO,PVEM,1018,47321,60,1105,48486,94557,1018,No
2016,20,OAXACA,21,HEROICA CIUDAD DE EJUTLA DE CRESPO,PT,4753,47321,60,1105,48486,94557,4753,No
2016,20,OAXACA,21,HEROICA CIUDAD DE EJUTLA DE CRESPO,MC,351,47321,60,1105,48486,94557,351,No
2016,20,OAXACA,21,HEROICA CIUDAD DE EJUTLA DE CRESPO,PUP,2476,47321,60,1105,48486,94557,2476,No
2016,20,OAXACA,21,HEROICA CIUDAD DE EJUTLA DE CRESPO,NUAL,1335,47321,60,1105,48486,94557,1335,No
2016,20,OAXACA,21,HEROICA CIUDAD DE EJUTLA DE CRESPO,PSD,1002,47321,60,1105,48486,94557,1002,No
2016,20,OAXACA,21,HEROICA CIUDAD DE EJUTLA DE CRESPO,MORENA,9334,47321,60,1105,48486,94557,9334,No
2016,20,OAXACA,21,HEROICA CIUDAD DE EJUTLA DE CRESPO,PRS,219,47321,60,1105,48486,94557,219,No
2016,20,OAXACA,21,HEROICA CIUDAD DE EJUTLA DE CRESPO,PAN_PRD,411,47321,60,1105,48486,94557,11760,Sí
2016,20,OAXACA,21,HEROICA CIUDAD DE EJUTLA DE CRESPO,PRI_PVEM,436,47321,60,1105,48486,94557,16091,Sí
2016,20,OAXACA,22,SANTIAGO PINOTEPA NACIONAL,PAN,2331,82209,31,2666,84906,127515,2331,No
2016,20,OAXACA,22,SANTIAGO PINOTEPA NACIONAL,PRI,25568,82209,31,2666,84906,127515,25568,No
2016,20,OAXACA,22,SANTIAGO PINOTEPA NACIONAL,PRD,30479,82209,31,2666,84906,127515,30479,No
2016,20,OAXACA,22,SANTIAGO PINOTEPA NACIONAL,PVEM,593,82209,31,2666,84906,127515,593,No
2016,20,OAXACA,22,SANTIAGO PINOTEPA NACIONAL,PT,5306,82209,31,2666,84906,127515,5306,No
2016,20,OAXACA,22,SANTIAGO PINOTEPA NACIONAL,MC,1277,82209,31,2666,84906,127515,1277,No
2016,20,OAXACA,22,SANTIAGO PINOTEPA NACIONAL,PUP,2481,82209,31,2666,84906,127515,2481,No
2016,20,OAXACA,22,SANTIAGO PINOTEPA NACIONAL,NUAL,1281,82209,31,2666,84906,127515,1281,No
2016,20,OAXACA,22,SANTIAGO PINOTEPA NACIONAL,PSD,603,82209,31,2666,84906,127515,603,No
2016,20,OAXACA,22,SANTIAGO PINOTEPA NACIONAL,MORENA,11023,82209,31,2666,84906,127515,11023,No
2016,20,OAXACA,22,SANTIAGO PINOTEPA NACIONAL,PRS,196,82209,31,2666,84906,127515,196,No
2016,20,OAXACA,22,SANTIAGO PINOTEPA NACIONAL,PAN_PRD,641,82209,31,2666,84906,127515,33451,Sí
2016,20,OAXACA,22,SANTIAGO PINOTEPA NACIONAL,PRI_PVEM,430,82209,31,2666,84906,127515,26591,Sí
2016,20,OAXACA,23,SAN PEDRO MIXTEPEC,PAN,4201,61269,46,2719,64034,108478,4201,No
2016,20,OAXACA,23,SAN PEDRO MIXTEPEC,PRI,19582,61269,46,2719,64034,108478,19582,No
2016,20,OAXACA,23,SAN PEDRO MIXTEPEC,PRD,5154,61269,46,2719,64034,108478,5154,No
2016,20,OAXACA,23,SAN PEDRO MIXTEPEC,PVEM,1524,61269,46,2719,64034,108478,1524,No
2016,20,OAXACA,23,SAN PEDRO MIXTEPEC,PT,5959,61269,46,2719,64034,108478,5959,No
2016,20,OAXACA,23,SAN PEDRO MIXTEPEC,MC,543,61269,46,2719,64034,108478,543,No
2016,20,OAXACA,23,SAN PEDRO MIXTEPEC,PUP,905,61269,46,2719,64034,108478,905,No
2016,20,OAXACA,23,SAN PEDRO MIXTEPEC,NUAL,2569,61269,46,2719,64034,108478,2569,No
2016,20,OAXACA,23,SAN PEDRO MIXTEPEC,PSD,683,61269,46,2719,64034,108478,683,No
2016,20,OAXACA,23,SAN PEDRO MIXTEPEC,MORENA,18247,61269,46,2719,64034,108478,18247,No
2016,20,OAXACA,23,SAN PEDRO MIXTEPEC,PRS,300,61269,46,2719,64034,108478,300,No
2016,20,OAXACA,23,SAN PEDRO MIXTEPEC,PAN_PRD,705,61269,46,2719,64034,108478,10060,Sí
2016,20,OAXACA,23,SAN PEDRO MIXTEPEC,PRI_PVEM,897,61269,46,2719,64034,108478,22003,Sí
2016,20,OAXACA,24,MIAHUATLAN DE PORFIRIO DIAZ,PAN,9880,50592,29,2473,53094,108585,9880,No
2016,20,OAXACA,24,MIAHUATLAN DE PORFIRIO DIAZ,PRI,18036,50592,29,2473,53094,108585,18036,No
2016,20,OAXACA,24,MIAHUATLAN DE PORFIRIO DIAZ,PRD,3235,50592,29,2473,53094,108585,3235,No
2016,20,OAXACA,24,MIAHUATLAN DE PORFIRIO DIAZ,PVEM,1312,50592,29,2473,53094,108585,1312,No
2016,20,OAXACA,24,MIAHUATLAN DE PORFIRIO DIAZ,PT,3176,50592,29,2473,53094,108585,3176,No
2016,20,OAXACA,24,MIAHUATLAN DE PORFIRIO DIAZ,MC,338,50592,29,2473,53094,108585,338,No
2016,20,OAXACA,24,MIAHUATLAN DE PORFIRIO DIAZ,PUP,2646,50592,29,2473,53094,108585,2646,No
2016,20,OAXACA,24,MIAHUATLAN DE PORFIRIO DIAZ,NUAL,933,50592,29,2473,53094,108585,933,No
2016,20,OAXACA,24,MIAHUATLAN DE PORFIRIO DIAZ,PSD,755,50592,29,2473,53094,108585,755,No
2016,20,OAXACA,24,MIAHUATLAN DE PORFIRIO DIAZ,MORENA,9104,50592,29,2473,53094,108585,9104,No
2016,20,OAXACA,24,MIAHUATLAN DE PORFIRIO DIAZ,PRS,358,50592,29,2473,53094,108585,358,No
2016,20,OAXACA,24,MIAHUATLAN DE PORFIRIO DIAZ,PAN_PRD,418,50592,29,2473,53094,108585,13533,Sí
2016,20,OAXACA,24,MIAHUATLAN DE PORFIRIO DIAZ,PRI_PVEM,401,50592,29,2473,53094,108585,19749,Sí
2016,20,OAXACA,25,SAN PEDRO POCHUTLA,PAN,7427,63503,6,2833,66342,110150,7427,No
2016,20,OAXACA,25,SAN PEDRO POCHUTLA,PRI,12076,63503,6,2833,66342,110150,12076,No
2016,20,OAXACA,25,SAN PEDRO POCHUTLA,PRD,5751,63503,6,2833,66342,110150,5751,No
2016,20,OAXACA,25,SAN PEDRO POCHUTLA,PVEM,1267,63503,6,2833,66342,110150,1267,No
2016,20,OAXACA,25,SAN PEDRO POCHUTLA,PT,10135,63503,6,2833,66342,110150,10135,No
2016,20,OAXACA,25,SAN PEDRO POCHUTLA,MC,5967,63503,6,2833,66342,110150,5967,No
2016,20,OAXACA,25,SAN PEDRO POCHUTLA,PUP,981,63503,6,2833,66342,110150,981,No
2016,20,OAXACA,25,SAN PEDRO POCHUTLA,NUAL,4189,63503,6,2833,66342,110150,4189,No
2016,20,OAXACA,25,SAN PEDRO POCHUTLA,PSD,2208,63503,6,2833,66342,110150,2208,No
2016,20,OAXACA,25,SAN PEDRO POCHUTLA,MORENA,10497,63503,6,2833,66342,110150,10497,No
2016,20,OAXACA,25,SAN PEDRO POCHUTLA,PRS,1896,63503,6,2833,66342,110150,1896,No
2016,20,OAXACA,25,SAN PEDRO POCHUTLA,PAN_PRD,706,63503,6,2833,66342,110150,13884,Sí
2016,20,OAXACA,25,SAN PEDRO POCHUTLA,PRI_PVEM,403,63503,6,2833,66342,110150,13746,Sí
2016,20,OAXACA,3,LOMA BONITA,PAN,4351,76095,5,2048,78148,102867,4351,No
2016,20,OAXACA,3,LOMA BONITA,PRI,18923,76095,5,2048,78148,102867,18923,No
2016,20,OAXACA,3,LOMA BONITA,PRD,12800,76095,5,2048,78148,102867,12800,No
2016,20,OAXACA,3,LOMA BONITA,PVEM,2003,76095,5,2048,78148,102867,2003,No
2016,20,OAXACA,3,LOMA BONITA,PT,3713,76095,5,2048,78148,102867,3713,No
2016,20,OAXACA,3,LOMA BONITA,MC,7175,76095,5,2048,78148,102867,7175,No
2016,20,OAXACA,3,LOMA BONITA,PUP,1626,76095,5,2048,78148,102867,1626,No
2016,20,OAXACA,3,LOMA BONITA,NUAL,1300,76095,5,2048,78148,102867,1300,No
2016,20,OAXACA,3,LOMA BONITA,PSD,811,76095,5,2048,78148,102867,811,No
2016,20,OAXACA,3,LOMA BONITA,MORENA,22457,76095,5,2048,78148,102867,22457,No
2016,20,OAXACA,3,LOMA BONITA,PRS,272,76095,5,2048,78148,102867,272,No
2016,20,OAXACA,3,LOMA BONITA,PAN_PRD,408,76095,5,2048,78148,102867,17559,Sí
2016,20,OAXACA,3,LOMA BONITA,PRI_PVEM,256,76095,5,2048,78148,102867,21182,Sí
2016,20,OAXACA,4,TEOTITLAN DE FLORES MAGON,PAN,3058,64635,14,3640,68289,104617,3058,No
2016,20,OAXACA,4,TEOTITLAN DE FLORES MAGON,PRI,19049,64635,14,3640,68289,104617,19049,No
2016,20,OAXACA,4,TEOTITLAN DE FLORES MAGON,PRD,13923,64635,14,3640,68289,104617,13923,No
2016,20,OAXACA,4,TEOTITLAN DE FLORES MAGON,PVEM,1470,64635,14,3640,68289,104617,1470,No
2016,20,OAXACA,4,TEOTITLAN DE FLORES MAGON,PT,3239,64635,14,3640,68289,104617,3239,No
2016,20,OAXACA,4,TEOTITLAN DE FLORES MAGON,MC,212,64635,14,3640,68289,104617,212,No
2016,20,OAXACA,4,TEOTITLAN DE FLORES MAGON,PUP,3024,64635,14,3640,68289,104617,3024,No
2016,20,OAXACA,4,TEOTITLAN DE FLORES MAGON,NUAL,2580,64635,14,3640,68289,104617,2580,No
2016,20,OAXACA,4,TEOTITLAN DE FLORES MAGON,PSD,3056,64635,14,3640,68289,104617,3056,No
2016,20,OAXACA,4,TEOTITLAN DE FLORES MAGON,MORENA,13096,64635,14,3640,68289,104617,13096,No
2016,20,OAXACA,4,TEOTITLAN DE FLORES MAGON,PRS,690,64635,14,3640,68289,104617,690,No
2016,20,OAXACA,4,TEOTITLAN DE FLORES MAGON,PAN_PRD,837,64635,14,3640,68289,104617,17818,Sí
2016,20,OAXACA,4,TEOTITLAN DE FLORES MAGON,PRI_PVEM,401,64635,14,3640,68289,104617,20920,Sí
2016,20,OAXACA,5,ASUNCION NOCHIXTLAN,PAN,2844,53315,35,2295,55645,109639,2844,No
2016,20,OAXACA,5,ASUNCION NOCHIXTLAN,PRI,17161,53315,35,2295,55645,109639,17161,No
2016,20,OAXACA,5,ASUNCION NOCHIXTLAN,PRD,7928,53315,35,2295,55645,109639,7928,No
2016,20,OAXACA,5,ASUNCION NOCHIXTLAN,PVEM,1417,53315,35,2295,55645,109639,1417,No
2016,20,OAXACA,5,ASUNCION NOCHIXTLAN,PT,5847,53315,35,2295,55645,109639,5847,No
2016,20,OAXACA,5,ASUNCION NOCHIXTLAN,MC,392,53315,35,2295,55645,109639,392,No
2016,20,OAXACA,5,ASUNCION NOCHIXTLAN,PUP,4060,53315,35,2295,55645,109639,4060,No
2016,20,OAXACA,5,ASUNCION NOCHIXTLAN,NUAL,1051,53315,35,2295,55645,109639,1051,No
2016,20,OAXACA,5,ASUNCION NOCHIXTLAN,PSD,1858,53315,35,2295,55645,109639,1858,No
2016,20,OAXACA,5,ASUNCION NOCHIXTLAN,MORENA,9561,53315,35,2295,55645,109639,9561,No
2016,20,OAXACA,5,ASUNCION NOCHIXTLAN,PRS,554,53315,35,2295,55645,109639,554,No
2016,20,OAXACA,5,ASUNCION NOCHIXTLAN,PAN_PRD,281,53315,35,2295,55645,109639,11053,Sí
2016,20,OAXACA,5,ASUNCION NOCHIXTLAN,PRI_PVEM,361,53315,35,2295,55645,109639,18939,Sí
2016,20,OAXACA,6,HEROICA CIUDAD DE HUAJUAPAN DE LEON,PAN,9078,59584,47,2183,61814,118506,9078,No
2016,20,OAXACA,6,HEROICA CIUDAD DE HUAJUAPAN DE LEON,PRI,19863,59584,47,2183,61814,118506,19863,No
2016,20,OAXACA,6,HEROICA CIUDAD DE HUAJUAPAN DE LEON,PRD,9687,59584,47,2183,61814,118506,9687,No
2016,20,OAXACA,6,HEROICA CIUDAD DE HUAJUAPAN DE LEON,PVEM,753,59584,47,2183,61814,118506,753,No
2016,20,OAXACA,6,HEROICA CIUDAD DE HUAJUAPAN DE LEON,PT,4003,59584,47,2183,61814,118506,4003,No
2016,20,OAXACA,6,HEROICA CIUDAD DE HUAJUAPAN DE LEON,MC,1328,59584,47,2183,61814,118506,1328,No
2016,20,OAXACA,6,HEROICA CIUDAD DE HUAJUAPAN DE LEON,PUP,399,59584,47,2183,61814,118506,399,No
2016,20,OAXACA,6,HEROICA CIUDAD DE HUAJUAPAN DE LEON,NUAL,1123,59584,47,2183,61814,118506,1123,No
2016,20,OAXACA,6,HEROICA CIUDAD DE HUAJUAPAN DE LEON,PSD,429,59584,47,2183,61814,118506,429,No
2016,20,OAXACA,6,HEROICA CIUDAD DE HUAJUAPAN DE LEON,MORENA,11920,59584,47,2183,61814,118506,11920,No
2016,20,OAXACA,6,HEROICA CIUDAD DE HUAJUAPAN DE LEON,PRS,268,59584,47,2183,61814,118506,268,No
2016,20,OAXACA,6,HEROICA CIUDAD DE HUAJUAPAN DE LEON,PAN_PRD,388,59584,47,2183,61814,118506,19153,Sí
2016,20,OAXACA,6,HEROICA CIUDAD DE HUAJUAPAN DE LEON,PRI_PVEM,345,59584,47,2183,61814,118506,20961,Sí
2016,20,OAXACA,7,PUTLA VILLA DE GUERRERO,PAN,1399,60215,7,3285,63507,110623,1399,No
2016,20,OAXACA,7,PUTLA VILLA DE GUERRERO,PRI,16688,60215,7,3285,63507,110623,16688,No
2016,20,OAXACA,7,PUTLA VILLA DE GUERRERO,PRD,11868,60215,7,3285,63507,110623,11868,No
2016,20,OAXACA,7,PUTLA VILLA DE GUERRERO,PVEM,1546,60215,7,3285,63507,110623,1546,No
2016,20,OAXACA,7,PUTLA VILLA DE GUERRERO,PT,4294,60215,7,3285,63507,110623,4294,No
2016,20,OAXACA,7,PUTLA VILLA DE GUERRERO,MC,1069,60215,7,3285,63507,110623,1069,No
2016,20,OAXACA,7,PUTLA VILLA DE GUERRERO,PUP,1839,60215,7,3285,63507,110623,1839,No
2016,20,OAXACA,7,PUTLA VILLA DE GUERRERO,NUAL,578,60215,7,3285,63507,110623,578,No
2016,20,OAXACA,7,PUTLA VILLA DE GUERRERO,PSD,1303,60215,7,3285,63507,110623,1303,No
2016,20,OAXACA,7,PUTLA VILLA DE GUERRERO,MORENA,18212,60215,7,3285,63507,110623,18212,No
2016,20,OAXACA,7,PUTLA VILLA DE GUERRERO,PRS,894,60215,7,3285,63507,110623,894,No
2016,20,OAXACA,7,PUTLA VILLA DE GUERRERO,PAN_PRD,134,60215,7,3285,63507,110623,13401,Sí
2016,20,OAXACA,7,PUTLA VILLA DE GUERRERO,PRI_PVEM,391,60215,7,3285,63507,110623,18625,Sí
2016,20,OAXACA,8,HEROICA CIUDAD DE TLAXIACO,PAN,1540,54786,21,2674,57481,109417,1540,No
2016,20,OAXACA,8,HEROICA CIUDAD DE TLAXIACO,PRI,11064,54786,21,2674,57481,109417,11064,No
2016,20,OAXACA,8,HEROICA CIUDAD DE TLAXIACO,PRD,14090,54786,21,2674,57481,109417,14090,No
2016,20,OAXACA,8,HEROICA CIUDAD DE TLAXIACO,PVEM,1276,54786,21,2674,57481,109417,1276,No
2016,20,OAXACA,8,HEROICA CIUDAD DE TLAXIACO,PT,4417,54786,21,2674,57481,109417,4417,No
2016,20,OAXACA,8,HEROICA CIUDAD DE TLAXIACO,MC,977,54786,21,2674,57481,109417,977,No
2016,20,OAXACA,8,HEROICA CIUDAD DE TLAXIACO,PUP,5089,54786,21,2674,57481,109417,5089,No
2016,20,OAXACA,8,HEROICA CIUDAD DE TLAXIACO,NUAL,1658,54786,21,2674,57481,109417,1658,No
2016,20,OAXACA,8,HEROICA CIUDAD DE TLAXIACO,PSD,1439,54786,21,2674,57481,109417,1439,No
2016,20,OAXACA,8,HEROICA CIUDAD DE TLAXIACO,MORENA,12618,54786,21,2674,57481,109417,12618,No
2016,20,OAXACA,8,HEROICA CIUDAD DE TLAXIACO,PAN_PRD,346,54786,21,2674,57481,109417,15976,Sí
2016,20,OAXACA,8,HEROICA CIUDAD DE TLAXIACO,PRI_PVEM,272,54786,21,2674,57481,109417,12612,Sí
2016,20,OAXACA,9,IXTLAN DE JUAREZ,PAN,4216,54818,21,2634,57473,107072,4216,No
2016,20,OAXACA,9,IXTLAN DE JUAREZ,PRI,12765,54818,21,2634,57473,107072,12765,No
2016,20,OAXACA,9,IXTLAN DE JUAREZ,PRD,3788,54818,21,2634,57473,107072,3788,No
2016,20,OAXACA,9,IXTLAN DE JUAREZ,PVEM,1049,54818,21,2634,57473,107072,1049,No
2016,20,OAXACA,9,IXTLAN DE JUAREZ,PT,5861,54818,21,2634,57473,107072,5861,No
2016,20,OAXACA,9,IXTLAN DE JUAREZ,MC,1804,54818,21,2634,57473,107072,1804,No
2016,20,OAXACA,9,IXTLAN DE JUAREZ,PUP,4180,54818,21,2634,57473,107072,4180,No
2016,20,OAXACA,9,IXTLAN DE JUAREZ,NUAL,1497,54818,21,2634,57473,107072,1497,No
2016,20,OAXACA,9,IXTLAN DE JUAREZ,PSD,3402,54818,21,2634,57473,107072,3402,No
2016,20,OAXACA,9,IXTLAN DE JUAREZ,MORENA,12982,54818,21,2634,57473,107072,12982,No
2016,20,OAXACA,9,IXTLAN DE JUAREZ,PRS,725,54818,21,2634,57473,107072,725,No
2016,20,OAXACA,9,IXTLAN DE JUAREZ,PAN_PRD,370,54818,21,2634,57473,107072,8374,Sí
2016,20,OAXACA,9,IXTLAN DE JUAREZ,PRI_PVEM,294,54818,21,2634,57473,107072,14108,Sí
2016,20,OAXACA,9,IXTLAN DE JUAREZ,Candidatura Independiente,1885,54818,21,2634,57473,107072,1885,No
2016,23,QUINTANA ROO,1,KANTUNILKIN,PAN,13010,43540,46,1387,44973,75198,13010,No
2016,23,QUINTANA ROO,1,KANTUNILKIN,PRI,13201,43540,46,1387,44973,75198,13201,No
2016,23,QUINTANA ROO,1,KANTUNILKIN,PRD,1933,43540,46,1387,44973,75198,1933,No
2016,23,QUINTANA ROO,1,KANTUNILKIN,PVEM,4689,43540,46,1387,44973,75198,4689,No
2016,23,QUINTANA ROO,1,KANTUNILKIN,PT,717,43540,46,1387,44973,75198,717,No
2016,23,QUINTANA ROO,1,KANTUNILKIN,MC,1112,43540,46,1387,44973,75198,1112,No
2016,23,QUINTANA ROO,1,KANTUNILKIN,NUAL,812,43540,46,1387,44973,75198,812,No
2016,23,QUINTANA ROO,1,KANTUNILKIN,MORENA,4095,43540,46,1387,44973,75198,4095,No
2016,23,QUINTANA ROO,1,KANTUNILKIN,ES,1716,43540,46,1387,44973,75198,1716,No
2016,23,QUINTANA ROO,1,KANTUNILKIN,PAN_PRD,1290,43540,46,1387,44973,75198,16233,Sí
2016,23,QUINTANA ROO,1,KANTUNILKIN,PRI_PVEM_NUAL,239,43540,46,1387,44973,75198,18941,Sí
2016,23,QUINTANA ROO,1,KANTUNILKIN,PRI_PVEM,698,43540,46,1387,44973,75198,18588,Sí
2016,23,QUINTANA ROO,1,KANTUNILKIN,PRI_NUAL,23,43540,46,1387,44973,75198,14036,Sí
2016,23,QUINTANA ROO,1,KANTUNILKIN,PVEM_NUAL,5,43540,46,1387,44973,75198,5506,Sí
2016,23,QUINTANA ROO,10,PLAYA DEL CARMEN,PAN,7104,32250,45,1428,33723,79361,7104,No
2016,23,QUINTANA ROO,10,PLAYA DEL CARMEN,PRI,8073,32250,45,1428,33723,79361,8073,No
2016,23,QUINTANA ROO,10,PLAYA DEL CARMEN,PRD,3620,32250,45,1428,33723,79361,3620,No
2016,23,QUINTANA ROO,10,PLAYA DEL CARMEN,PVEM,1287,32250,45,1428,33723,79361,1287,No
2016,23,QUINTANA ROO,10,PLAYA DEL CARMEN,PT,460,32250,45,1428,33723,79361,460,No
2016,23,QUINTANA ROO,10,PLAYA DEL CARMEN,MC,703,32250,45,1428,33723,79361,703,No
2016,23,QUINTANA ROO,10,PLAYA DEL CARMEN,NUAL,643,32250,45,1428,33723,79361,643,No
2016,23,QUINTANA ROO,10,PLAYA DEL CARMEN,MORENA,7407,32250,45,1428,33723,79361,7407,No
2016,23,QUINTANA ROO,10,PLAYA DEL CARMEN,ES,1340,32250,45,1428,33723,79361,1340,No
2016,23,QUINTANA ROO,10,PLAYA DEL CARMEN,PAN_PRD,1613,32250,45,1428,33723,79361,12337,Sí
2016,23,QUINTANA ROO,10,PLAYA DEL CARMEN,PRI_PVEM_NUAL,0,32250,45,1428,33723,79361,10003,Sí
2016,23,QUINTANA ROO,10,PLAYA DEL CARMEN,PRI_PVEM,0,32250,45,1428,33723,79361,9360,Sí
2016,23,QUINTANA ROO,10,PLAYA DEL CARMEN,PRI_NUAL,0,32250,45,1428,33723,79361,8716,Sí
2016,23,QUINTANA ROO,10,PLAYA DEL CARMEN,PVEM_NUAL,0,32250,45,1428,33723,79361,1930,Sí
2016,23,QUINTANA ROO,11,COZUMEL,PAN,17308,38786,16,938,39740,63872,17308,No
2016,23,QUINTANA ROO,11,COZUMEL,PRI,13606,38786,16,938,39740,63872,13606,No
2016,23,QUINTANA ROO,11,COZUMEL,PRD,987,38786,16,938,39740,63872,987,No
2016,23,QUINTANA ROO,11,COZUMEL,PVEM,1035,38786,16,938,39740,63872,1035,No
2016,23,QUINTANA ROO,11,COZUMEL,PT,261,38786,16,938,39740,63872,261,No
2016,23,QUINTANA ROO,11,COZUMEL,MC,533,38786,16,938,39740,63872,533,No
2016,23,QUINTANA ROO,11,COZUMEL,NUAL,316,38786,16,938,39740,63872,316,No
2016,23,QUINTANA ROO,11,COZUMEL,MORENA,1894,38786,16,938,39740,63872,1894,No
2016,23,QUINTANA ROO,11,COZUMEL,ES,660,38786,16,938,39740,63872,660,No
2016,23,QUINTANA ROO,11,COZUMEL,PAN_PRD,1639,38786,16,938,39740,63872,19934,Sí
2016,23,QUINTANA ROO,11,COZUMEL,PRI_PVEM_NUAL,111,38786,16,938,39740,63872,15068,Sí
2016,23,QUINTANA ROO,11,COZUMEL,PRI_PVEM,421,38786,16,938,39740,63872,15062,Sí
2016,23,QUINTANA ROO,11,COZUMEL,PRI_NUAL,7,38786,16,938,39740,63872,13929,Sí
2016,23,QUINTANA ROO,11,COZUMEL,PVEM_NUAL,8,38786,16,938,39740,63872,1359,Sí
2016,23,QUINTANA ROO,12,FELIPE CARRILLO PUERTO,PAN,5041,39594,15,2461,42070,58464,5041,No
2016,23,QUINTANA ROO,12,FELIPE CARRILLO PUERTO,PRI,14377,39594,15,2461,42070,58464,14377,No
2016,23,QUINTANA ROO,12,FELIPE CARRILLO PUERTO,PRD,8841,39594,15,2461,42070,58464,8841,No
2016,23,QUINTANA ROO,12,FELIPE CARRILLO PUERTO,PVEM,1296,39594,15,2461,42070,58464,1296,No
2016,23,QUINTANA ROO,12,FELIPE CARRILLO PUERTO,PT,445,39594,15,2461,42070,58464,445,No
2016,23,QUINTANA ROO,12,FELIPE CARRILLO PUERTO,MC,198,39594,15,2461,42070,58464,198,No
2016,23,QUINTANA ROO,12,FELIPE CARRILLO PUERTO,NUAL,1339,39594,15,2461,42070,58464,1339,No
2016,23,QUINTANA ROO,12,FELIPE CARRILLO PUERTO,MORENA,3003,39594,15,2461,42070,58464,3003,No
2016,23,QUINTANA ROO,12,FELIPE CARRILLO PUERTO,ES,2654,39594,15,2461,42070,58464,2654,No
2016,23,QUINTANA ROO,12,FELIPE CARRILLO PUERTO,PAN_PRD,2400,39594,15,2461,42070,58464,16282,Sí
2016,23,QUINTANA ROO,12,FELIPE CARRILLO PUERTO,PRI_PVEM_NUAL,0,39594,15,2461,42070,58464,17012,Sí
2016,23,QUINTANA ROO,12,FELIPE CARRILLO PUERTO,PRI_PVEM,0,39594,15,2461,42070,58464,15673,Sí
2016,23,QUINTANA ROO,12,FELIPE CARRILLO PUERTO,PRI_NUAL,0,39594,15,2461,42070,58464,15716,Sí
2016,23,QUINTANA ROO,12,FELIPE CARRILLO PUERTO,PVEM_NUAL,0,39594,15,2461,42070,58464,2635,Sí
2016,23,QUINTANA ROO,13,BACALAR,PAN,5868,42659,18,2060,44737,65955,5868,No
2016,23,QUINTANA ROO,13,BACALAR,PRI,14353,42659,18,2060,44737,65955,14353,No
2016,23,QUINTANA ROO,13,BACALAR,PRD,5186,42659,18,2060,44737,65955,5186,No
2016,23,QUINTANA ROO,13,BACALAR,PVEM,1319,42659,18,2060,44737,65955,1319,No
2016,23,QUINTANA ROO,13,BACALAR,PT,4855,42659,18,2060,44737,65955,4855,No
2016,23,QUINTANA ROO,13,BACALAR,MC,424,42659,18,2060,44737,65955,424,No
2016,23,QUINTANA ROO,13,BACALAR,NUAL,2196,42659,18,2060,44737,65955,2196,No
2016,23,QUINTANA ROO,13,BACALAR,MORENA,3445,42659,18,2060,44737,65955,3445,No
2016,23,QUINTANA ROO,13,BACALAR,ES,2187,42659,18,2060,44737,65955,2187,No
2016,23,QUINTANA ROO,13,BACALAR,PAN_PRD,1671,42659,18,2060,44737,65955,12725,Sí
2016,23,QUINTANA ROO,13,BACALAR,PRI_PVEM_NUAL,690,42659,18,2060,44737,65955,18558,Sí
2016,23,QUINTANA ROO,13,BACALAR,PRI_PVEM,363,42659,18,2060,44737,65955,16035,Sí
2016,23,QUINTANA ROO,13,BACALAR,PRI_NUAL,77,42659,18,2060,44737,65955,16626,Sí
2016,23,QUINTANA ROO,13,BACALAR,PVEM_NUAL,25,42659,18,2060,44737,65955,3540,Sí
2016,23,QUINTANA ROO,14,CHETUMAL,PAN,19162,43415,24,1154,44593,67894,19162,No
2016,23,QUINTANA ROO,14,CHETUMAL,PRI,10684,43415,24,1154,44593,67894,10684,No
2016,23,QUINTANA ROO,14,CHETUMAL,PRD,2085,43415,24,1154,44593,67894,2085,No
2016,23,QUINTANA ROO,14,CHETUMAL,PVEM,692,43415,24,1154,44593,67894,692,No
2016,23,QUINTANA ROO,14,CHETUMAL,PT,752,43415,24,1154,44593,67894,752,No
2016,23,QUINTANA ROO,14,CHETUMAL,MC,657,43415,24,1154,44593,67894,657,No
2016,23,QUINTANA ROO,14,CHETUMAL,NUAL,770,43415,24,1154,44593,67894,770,No
2016,23,QUINTANA ROO,14,CHETUMAL,MORENA,4069,43415,24,1154,44593,67894,4069,No
2016,23,QUINTANA ROO,14,CHETUMAL,ES,970,43415,24,1154,44593,67894,970,No
2016,23,QUINTANA ROO,14,CHETUMAL,PAN_PRD,3058,43415,24,1154,44593,67894,24305,Sí
2016,23,QUINTANA ROO,14,CHETUMAL,PRI_PVEM_NUAL,136,43415,24,1154,44593,67894,12282,Sí
2016,23,QUINTANA ROO,14,CHETUMAL,PRI_PVEM,358,43415,24,1154,44593,67894,11734,Sí
2016,23,QUINTANA ROO,14,CHETUMAL,PRI_NUAL,21,43415,24,1154,44593,67894,11475,Sí
2016,23,QUINTANA ROO,14,CHETUMAL,PVEM_NUAL,1,43415,24,1154,44593,67894,1463,Sí
2016,23,QUINTANA ROO,15,CHETUMAL,PAN,18667,42450,24,1357,43831,68858,18667,No
2016,23,QUINTANA ROO,15,CHETUMAL,PRI,9456,42450,24,1357,43831,68858,9456,No
2016,23,QUINTANA ROO,15,CHETUMAL,PRD,1698,42450,24,1357,43831,68858,1698,No
2016,23,QUINTANA ROO,15,CHETUMAL,PVEM,1370,42450,24,1357,43831,68858,1370,No
2016,23,QUINTANA ROO,15,CHETUMAL,PT,657,42450,24,1357,43831,68858,657,No
2016,23,QUINTANA ROO,15,CHETUMAL,MC,568,42450,24,1357,43831,68858,568,No
2016,23,QUINTANA ROO,15,CHETUMAL,NUAL,917,42450,24,1357,43831,68858,917,No
2016,23,QUINTANA ROO,15,CHETUMAL,MORENA,4168,42450,24,1357,43831,68858,4168,No
2016,23,QUINTANA ROO,15,CHETUMAL,ES,2215,42450,24,1357,43831,68858,2215,No
2016,23,QUINTANA ROO,15,CHETUMAL,PAN_PRD,2734,42450,24,1357,43831,68858,23099,Sí
2016,23,QUINTANA ROO,15,CHETUMAL,PRI_PVEM_NUAL,0,42450,24,1357,43831,68858,11743,Sí
2016,23,QUINTANA ROO,15,CHETUMAL,PRI_PVEM,0,42450,24,1357,43831,68858,10826,Sí
2016,23,QUINTANA ROO,15,CHETUMAL,PRI_NUAL,0,42450,24,1357,43831,68858,10373,Sí
2016,23,QUINTANA ROO,15,CHETUMAL,PVEM_NUAL,0,42450,24,1357,43831,68858,2287,Sí
2016,23,QUINTANA ROO,2,CANCÚN,PAN,4399,33149,51,1228,34428,81055,4399,No
2016,23,QUINTANA ROO,2,CANCÚN,PRI,6117,33149,51,1228,34428,81055,6117,No
2016,23,QUINTANA ROO,2,CANCÚN,PRD,2011,33149,51,1228,34428,81055,2011,No
2016,23,QUINTANA ROO,2,CANCÚN,PVEM,6814,33149,51,1228,34428,81055,6814,No
2016,23,QUINTANA ROO,2,CANCÚN,PT,1363,33149,51,1228,34428,81055,1363,No
2016,23,QUINTANA ROO,2,CANCÚN,MC,903,33149,51,1228,34428,81055,903,No
2016,23,QUINTANA ROO,2,CANCÚN,NUAL,636,33149,51,1228,34428,81055,636,No
2016,23,QUINTANA ROO,2,CANCÚN,MORENA,6363,33149,51,1228,34428,81055,6363,No
2016,23,QUINTANA ROO,2,CANCÚN,ES,3304,33149,51,1228,34428,81055,3304,No
2016,23,QUINTANA ROO,2,CANCÚN,PAN_PRD,519,33149,51,1228,34428,81055,6929,Sí
2016,23,QUINTANA ROO,2,CANCÚN,PRI_PVEM_NUAL,141,33149,51,1228,34428,81055,13708,Sí
2016,23,QUINTANA ROO,2,CANCÚN,PRI_PVEM,559,33149,51,1228,34428,81055,13490,Sí
2016,23,QUINTANA ROO,2,CANCÚN,PRI_NUAL,12,33149,51,1228,34428,81055,6765,Sí
2016,23,QUINTANA ROO,2,CANCÚN,PVEM_NUAL,8,33149,51,1228,34428,81055,7458,Sí
2016,23,QUINTANA ROO,3,CANCÚN,PAN,3194,27864,22,1109,28995,61851,3194,No
2016,23,QUINTANA ROO,3,CANCÚN,PRI,3914,27864,22,1109,28995,61851,3914,No
2016,23,QUINTANA ROO,3,CANCÚN,PRD,1846,27864,22,1109,28995,61851,1846,No
2016,23,QUINTANA ROO,3,CANCÚN,PVEM,5885,27864,22,1109,28995,61851,5885,No
2016,23,QUINTANA ROO,3,CANCÚN,PT,515,27864,22,1109,28995,61851,515,No
2016,23,QUINTANA ROO,3,CANCÚN,MC,562,27864,22,1109,28995,61851,562,No
2016,23,QUINTANA ROO,3,CANCÚN,NUAL,1071,27864,22,1109,28995,61851,1071,No
2016,23,QUINTANA ROO,3,CANCÚN,MORENA,4125,27864,22,1109,28995,61851,4125,No
2016,23,QUINTANA ROO,3,CANCÚN,ES,5520,27864,22,1109,28995,61851,5520,No
2016,23,QUINTANA ROO,3,CANCÚN,PAN_PRD,603,27864,22,1109,28995,61851,5643,Sí
2016,23,QUINTANA ROO,3,CANCÚN,PRI_PVEM_NUAL,151,27864,22,1109,28995,61851,11021,Sí
2016,23,QUINTANA ROO,3,CANCÚN,PRI_PVEM,460,27864,22,1109,28995,61851,10259,Sí
2016,23,QUINTANA ROO,3,CANCÚN,PRI_NUAL,6,27864,22,1109,28995,61851,4991,Sí
2016,23,QUINTANA ROO,3,CANCÚN,PVEM_NUAL,12,27864,22,1109,28995,61851,6968,Sí
2016,23,QUINTANA ROO,4,CANCÚN,PAN,3678,30234,29,1184,31447,63626,3678,No
2016,23,QUINTANA ROO,4,CANCÚN,PRI,5351,30234,29,1184,31447,63626,5351,No
2016,23,QUINTANA ROO,4,CANCÚN,PRD,2319,30234,29,1184,31447,63626,2319,No
2016,23,QUINTANA ROO,4,CANCÚN,PVEM,8415,30234,29,1184,31447,63626,8415,No
2016,23,QUINTANA ROO,4,CANCÚN,PT,496,30234,29,1184,31447,63626,496,No
2016,23,QUINTANA ROO,4,CANCÚN,MC,736,30234,29,1184,31447,63626,736,No
2016,23,QUINTANA ROO,4,CANCÚN,NUAL,519,30234,29,1184,31447,63626,519,No
2016,23,QUINTANA ROO,4,CANCÚN,MORENA,4200,30234,29,1184,31447,63626,4200,No
2016,23,QUINTANA ROO,4,CANCÚN,ES,2964,30234,29,1184,31447,63626,2964,No
2016,23,QUINTANA ROO,4,CANCÚN,PAN_PRD,620,30234,29,1184,31447,63626,6617,Sí
2016,23,QUINTANA ROO,4,CANCÚN,PRI_PVEM_NUAL,141,30234,29,1184,31447,63626,14426,Sí
2016,23,QUINTANA ROO,4,CANCÚN,PRI_PVEM,769,30234,29,1184,31447,63626,14535,Sí
2016,23,QUINTANA ROO,4,CANCÚN,PRI_NUAL,14,30234,29,1184,31447,63626,5884,Sí
2016,23,QUINTANA ROO,4,CANCÚN,PVEM_NUAL,12,30234,29,1184,31447,63626,8946,Sí
2016,23,QUINTANA ROO,5,CANCÚN,PAN,7432,35033,84,1582,36699,76928,7432,No
2016,23,QUINTANA ROO,5,CANCÚN,PRI,5900,35033,84,1582,36699,76928,5900,No
2016,23,QUINTANA ROO,5,CANCÚN,PRD,2460,35033,84,1582,36699,76928,2460,No
2016,23,QUINTANA ROO,5,CANCÚN,PVEM,6349,35033,84,1582,36699,76928,6349,No
2016,23,QUINTANA ROO,5,CANCÚN,PT,739,35033,84,1582,36699,76928,739,No
2016,23,QUINTANA ROO,5,CANCÚN,MC,1017,35033,84,1582,36699,76928,1017,No
2016,23,QUINTANA ROO,5,CANCÚN,NUAL,741,35033,84,1582,36699,76928,741,No
2016,23,QUINTANA ROO,5,CANCÚN,MORENA,5800,35033,84,1582,36699,76928,5800,No
2016,23,QUINTANA ROO,5,CANCÚN,ES,2620,35033,84,1582,36699,76928,2620,No
2016,23,QUINTANA ROO,5,CANCÚN,PAN_PRD,998,35033,84,1582,36699,76928,10890,Sí
2016,23,QUINTANA ROO,5,CANCÚN,PRI_PVEM_NUAL,131,35033,84,1582,36699,76928,13121,Sí
2016,23,QUINTANA ROO,5,CANCÚN,PRI_PVEM,797,35033,84,1582,36699,76928,13046,Sí
2016,23,QUINTANA ROO,5,CANCÚN,PRI_NUAL,38,35033,84,1582,36699,76928,6679,Sí
2016,23,QUINTANA ROO,5,CANCÚN,PVEM_NUAL,11,35033,84,1582,36699,76928,7101,Sí
2016,23,QUINTANA ROO,6,CANCÚN,PAN,5141,32657,48,1374,34079,67707,5141,No
2016,23,QUINTANA ROO,6,CANCÚN,PRI,5795,32657,48,1374,34079,67707,5795,No
2016,23,QUINTANA ROO,6,CANCÚN,PRD,2090,32657,48,1374,34079,67707,2090,No
2016,23,QUINTANA ROO,6,CANCÚN,PVEM,6945,32657,48,1374,34079,67707,6945,No
2016,23,QUINTANA ROO,6,CANCÚN,PT,755,32657,48,1374,34079,67707,755,No
2016,23,QUINTANA ROO,6,CANCÚN,MC,940,32657,48,1374,34079,67707,940,No
2016,23,QUINTANA ROO,6,CANCÚN,NUAL,750,32657,48,1374,34079,67707,750,No
2016,23,QUINTANA ROO,6,CANCÚN,MORENA,5363,32657,48,1374,34079,67707,5363,No
2016,23,QUINTANA ROO,6,CANCÚN,ES,3045,32657,48,1374,34079,67707,3045,No
2016,23,QUINTANA ROO,6,CANCÚN,PAN_PRD,734,32657,48,1374,34079,67707,7965,Sí
2016,23,QUINTANA ROO,6,CANCÚN,PRI_PVEM_NUAL,198,32657,48,1374,34079,67707,13688,Sí
2016,23,QUINTANA ROO,6,CANCÚN,PRI_PVEM,892,32657,48,1374,34079,67707,13632,Sí
2016,23,QUINTANA ROO,6,CANCÚN,PRI_NUAL,2,32657,48,1374,34079,67707,6547,Sí
2016,23,QUINTANA ROO,6,CANCÚN,PVEM_NUAL,7,32657,48,1374,34079,67707,7702,Sí
2016,23,QUINTANA ROO,7,CANCÚN,PAN,7987,34004,88,1446,35538,71906,7987,No
2016,23,QUINTANA ROO,7,CANCÚN,PRI,5629,34004,88,1446,35538,71906,5629,No
2016,23,QUINTANA ROO,7,CANCÚN,PRD,2018,34004,88,1446,35538,71906,2018,No
2016,23,QUINTANA ROO,7,CANCÚN,PVEM,5598,34004,88,1446,35538,71906,5598,No
2016,23,QUINTANA ROO,7,CANCÚN,PT,594,34004,88,1446,35538,71906,594,No
2016,23,QUINTANA ROO,7,CANCÚN,MC,1166,34004,88,1446,35538,71906,1166,No
2016,23,QUINTANA ROO,7,CANCÚN,NUAL,918,34004,88,1446,35538,71906,918,No
2016,23,QUINTANA ROO,7,CANCÚN,MORENA,5653,34004,88,1446,35538,71906,5653,No
2016,23,QUINTANA ROO,7,CANCÚN,ES,2791,34004,88,1446,35538,71906,2791,No
2016,23,QUINTANA ROO,7,CANCÚN,PAN_PRD,795,34004,88,1446,35538,71906,10800,Sí
2016,23,QUINTANA ROO,7,CANCÚN,PRI_PVEM_NUAL,122,34004,88,1446,35538,71906,12267,Sí
2016,23,QUINTANA ROO,7,CANCÚN,PRI_PVEM,707,34004,88,1446,35538,71906,11934,Sí
2016,23,QUINTANA ROO,7,CANCÚN,PRI_NUAL,7,34004,88,1446,35538,71906,6554,Sí
2016,23,QUINTANA ROO,7,CANCÚN,PVEM_NUAL,19,34004,88,1446,35538,71906,6535,Sí
2016,23,QUINTANA ROO,8,CANCÚN,PAN,9335,32031,54,1300,33385,71606,9335,No
2016,23,QUINTANA ROO,8,CANCÚN,PRI,5166,32031,54,1300,33385,71606,5166,No
2016,23,QUINTANA ROO,8,CANCÚN,PRD,1421,32031,54,1300,33385,71606,1421,No
2016,23,QUINTANA ROO,8,CANCÚN,PVEM,5401,32031,54,1300,33385,71606,5401,No
2016,23,QUINTANA ROO,8,CANCÚN,PT,422,32031,54,1300,33385,71606,422,No
2016,23,QUINTANA ROO,8,CANCÚN,MC,2300,32031,54,1300,33385,71606,2300,No
2016,23,QUINTANA ROO,8,CANCÚN,NUAL,632,32031,54,1300,33385,71606,632,No
2016,23,QUINTANA ROO,8,CANCÚN,MORENA,3924,32031,54,1300,33385,71606,3924,No
2016,23,QUINTANA ROO,8,CANCÚN,ES,1977,32031,54,1300,33385,71606,1977,No
2016,23,QUINTANA ROO,8,CANCÚN,PAN_PRD,772,32031,54,1300,33385,71606,11528,Sí
2016,23,QUINTANA ROO,8,CANCÚN,PRI_PVEM_NUAL,94,32031,54,1300,33385,71606,11293,Sí
2016,23,QUINTANA ROO,8,CANCÚN,PRI_PVEM,575,32031,54,1300,33385,71606,11142,Sí
2016,23,QUINTANA ROO,8,CANCÚN,PRI_NUAL,3,32031,54,1300,33385,71606,5801,Sí
2016,23,QUINTANA ROO,8,CANCÚN,PVEM_NUAL,9,32031,54,1300,33385,71606,6042,Sí
2016,23,QUINTANA ROO,9,TULUM,PAN,8229,45798,33,1524,47355,109016,8229,No
2016,23,QUINTANA ROO,9,TULUM,PRI,14196,45798,33,1524,47355,109016,14196,No
2016,23,QUINTANA ROO,9,TULUM,PRD,5496,45798,33,1524,47355,109016,5496,No
2016,23,QUINTANA ROO,9,TULUM,PVEM,2119,45798,33,1524,47355,109016,2119,No
2016,23,QUINTANA ROO,9,TULUM,PT,613,45798,33,1524,47355,109016,613,No
2016,23,QUINTANA ROO,9,TULUM,MC,793,45798,33,1524,47355,109016,793,No
2016,23,QUINTANA ROO,9,TULUM,NUAL,846,45798,33,1524,47355,109016,846,No
2016,23,QUINTANA ROO,9,TULUM,MORENA,8760,45798,33,1524,47355,109016,8760,No
2016,23,QUINTANA ROO,9,TULUM,ES,1443,45798,33,1524,47355,109016,1443,No
2016,23,QUINTANA ROO,9,TULUM,PAN_PRD,2325,45798,33,1524,47355,109016,16050,Sí
2016,23,QUINTANA ROO,9,TULUM,PRI_PVEM_NUAL,268,45798,33,1524,47355,109016,17429,Sí
2016,23,QUINTANA ROO,9,TULUM,PRI_PVEM,670,45798,33,1524,47355,109016,16985,Sí
2016,23,QUINTANA ROO,9,TULUM,PRI_NUAL,32,45798,33,1524,47355,109016,15074,Sí
2016,23,QUINTANA ROO,9,TULUM,PVEM_NUAL,8,45798,33,1524,47355,109016,2973,Sí
2016,25,SINALOA,1,EL FUERTE,PAN,16113,55681,5,1508,57189,94928,16113,No
2016,25,SINALOA,1,EL FUERTE,PRI,20018,55681,5,1508,57189,94928,20018,No
2016,25,SINALOA,1,EL FUERTE,PRD,1468,55681,5,1508,57189,94928,1468,No
2016,25,SINALOA,1,EL FUERTE,PT,813,55681,5,1508,57189,94928,813,No
2016,25,SINALOA,1,EL FUERTE,PVEM,4832,55681,5,1508,57189,94928,4832,No
2016,25,SINALOA,1,EL FUERTE,MC,468,55681,5,1508,57189,94928,468,No
2016,25,SINALOA,1,EL FUERTE,NUAL,1394,55681,5,1508,57189,94928,1394,No
2016,25,SINALOA,1,EL FUERTE,PAS,8352,55681,5,1508,57189,94928,8352,No
2016,25,SINALOA,1,EL FUERTE,MORENA,1042,55681,5,1508,57189,94928,1042,No
2016,25,SINALOA,1,EL FUERTE,ES,1094,55681,5,1508,57189,94928,1094,No
2016,25,SINALOA,1,EL FUERTE,C_COMUN_MC_PAS,82,55681,5,1508,57189,94928,8902,Sí
2016,25,SINALOA,10,MOCORITO,PAN,2764,46777,10,1585,48362,80627,2764,No
2016,25,SINALOA,10,MOCORITO,PRI,20929,46777,10,1585,48362,80627,20929,No
2016,25,SINALOA,10,MOCORITO,PRD,2517,46777,10,1585,48362,80627,2517,No
2016,25,SINALOA,10,MOCORITO,PT,902,46777,10,1585,48362,80627,902,No
2016,25,SINALOA,10,MOCORITO,PVEM,2755,46777,10,1585,48362,80627,2755,No
2016,25,SINALOA,10,MOCORITO,MC,1292,46777,10,1585,48362,80627,1292,No
2016,25,SINALOA,10,MOCORITO,NUAL,1038,46777,10,1585,48362,80627,1038,No
2016,25,SINALOA,10,MOCORITO,PAS,13018,46777,10,1585,48362,80627,13018,No
2016,25,SINALOA,10,MOCORITO,MORENA,931,46777,10,1585,48362,80627,931,No
2016,25,SINALOA,10,MOCORITO,ES,534,46777,10,1585,48362,80627,534,No
2016,25,SINALOA,10,MOCORITO,C_COMUN_MC_PAS,87,46777,10,1585,48362,80627,14397,Sí
2016,25,SINALOA,11,NAVOLATO,PAN,3113,37773,18,1140,38913,77195,3113,No
2016,25,SINALOA,11,NAVOLATO,PRI,12580,37773,18,1140,38913,77195,12580,No
2016,25,SINALOA,11,NAVOLATO,PRD,540,37773,18,1140,38913,77195,540,No
2016,25,SINALOA,11,NAVOLATO,PT,340,37773,18,1140,38913,77195,340,No
2016,25,SINALOA,11,NAVOLATO,PVEM,5246,37773,18,1140,38913,77195,5246,No
2016,25,SINALOA,11,NAVOLATO,MC,621,37773,18,1140,38913,77195,621,No
2016,25,SINALOA,11,NAVOLATO,NUAL,1233,37773,18,1140,38913,77195,1233,No
2016,25,SINALOA,11,NAVOLATO,PAS,11323,37773,18,1140,38913,77195,11323,No
2016,25,SINALOA,11,NAVOLATO,MORENA,1973,37773,18,1140,38913,77195,1973,No
2016,25,SINALOA,11,NAVOLATO,ES,765,37773,18,1140,38913,77195,765,No
2016,25,SINALOA,11,NAVOLATO,C_COMUN_MC_PAS,21,37773,18,1140,38913,77195,11965,Sí
2016,25,SINALOA,12,CULIACAN DE ROSALES,PAN,5796,39716,69,1545,41261,90143,5796,No
2016,25,SINALOA,12,CULIACAN DE ROSALES,PRI,13348,39716,69,1545,41261,90143,13348,No
2016,25,SINALOA,12,CULIACAN DE ROSALES,PRD,938,39716,69,1545,41261,90143,938,No
2016,25,SINALOA,12,CULIACAN DE ROSALES,PT,386,39716,69,1545,41261,90143,386,No
2016,25,SINALOA,12,CULIACAN DE ROSALES,PVEM,1125,39716,69,1545,41261,90143,1125,No
2016,25,SINALOA,12,CULIACAN DE ROSALES,MC,478,39716,69,1545,41261,90143,478,No
2016,25,SINALOA,12,CULIACAN DE ROSALES,NUAL,1320,39716,69,1545,41261,90143,1320,No
2016,25,SINALOA,12,CULIACAN DE ROSALES,PAS,8946,39716,69,1545,41261,90143,8946,No
2016,25,SINALOA,12,CULIACAN DE ROSALES,MORENA,2890,39716,69,1545,41261,90143,2890,No
2016,25,SINALOA,12,CULIACAN DE ROSALES,ES,725,39716,69,1545,41261,90143,725,No
2016,25,SINALOA,12,CULIACAN DE ROSALES,C_COMUN_MC_PAS,48,39716,69,1545,41261,90143,9472,Sí
2016,25,SINALOA,12,CULIACAN DE ROSALES,Candidatura Independiente,1444,39716,69,1545,41261,90143,1444,No
2016,25,SINALOA,12,CULIACAN DE ROSALES,Candidatura Independiente,2203,39716,69,1545,41261,90143,2203,No
2016,25,SINALOA,13,CULIACAN DE ROSALES,PAN,5385,40704,95,1513,42217,95533,5385,No
2016,25,SINALOA,13,CULIACAN DE ROSALES,PRI,17789,40704,95,1513,42217,95533,17789,No
2016,25,SINALOA,13,CULIACAN DE ROSALES,PRD,892,40704,95,1513,42217,95533,892,No
2016,25,SINALOA,13,CULIACAN DE ROSALES,PT,445,40704,95,1513,42217,95533,445,No
2016,25,SINALOA,13,CULIACAN DE ROSALES,PVEM,717,40704,95,1513,42217,95533,717,No
2016,25,SINALOA,13,CULIACAN DE ROSALES,MC,436,40704,95,1513,42217,95533,436,No
2016,25,SINALOA,13,CULIACAN DE ROSALES,NUAL,665,40704,95,1513,42217,95533,665,No
2016,25,SINALOA,13,CULIACAN DE ROSALES,PAS,7358,40704,95,1513,42217,95533,7358,No
2016,25,SINALOA,13,CULIACAN DE ROSALES,MORENA,2832,40704,95,1513,42217,95533,2832,No
2016,25,SINALOA,13,CULIACAN DE ROSALES,ES,581,40704,95,1513,42217,95533,581,No
2016,25,SINALOA,13,CULIACAN DE ROSALES,PRI_PVEM_NUAL,131,40704,95,1513,42217,95533,19302,Sí
2016,25,SINALOA,13,CULIACAN DE ROSALES,PRI_PVEM,125,40704,95,1513,42217,95533,18631,Sí
2016,25,SINALOA,13,CULIACAN DE ROSALES,PRI_NUAL,30,40704,95,1513,42217,95533,18484,Sí
2016,25,SINALOA,13,CULIACAN DE ROSALES,PVEM_NUAL,7,40704,95,1513,42217,95533,1389,Sí
2016,25,SINALOA,13,CULIACAN DE ROSALES,C_COMUN_MC_PAS,46,40704,95,1513,42217,95533,7840,Sí
2016,25,SINALOA,13,CULIACAN DE ROSALES,Candidatura Independiente,2787,40704,95,1513,42217,95533,2787,No
2016,25,SINALOA,13,CULIACAN DE ROSALES,Candidatura Independiente,383,40704,95,1513,42217,95533,383,No
2016,25,SINALOA,14,CULIACAN DE ROSALES,PAN,8784,49451,58,1803,51254,102901,8784,No
2016,25,SINALOA,14,CULIACAN DE ROSALES,PRI,14659,49451,58,1803,51254,102901,14659,No
2016,25,SINALOA,14,CULIACAN DE ROSALES,PRD,875,49451,58,1803,51254,102901,875,No
2016,25,SINALOA,14,CULIACAN DE ROSALES,PT,484,49451,58,1803,51254,102901,484,No
2016,25,SINALOA,14,CULIACAN DE ROSALES,PVEM,734,49451,58,1803,51254,102901,734,No
2016,25,SINALOA,14,CULIACAN DE ROSALES,MC,447,49451,58,1803,51254,102901,447,No
2016,25,SINALOA,14,CULIACAN DE ROSALES,NUAL,857,49451,58,1803,51254,102901,857,No
2016,25,SINALOA,14,CULIACAN DE ROSALES,PAS,7886,49451,58,1803,51254,102901,7886,No
2016,25,SINALOA,14,CULIACAN DE ROSALES,MORENA,3124,49451,58,1803,51254,102901,3124,No
2016,25,SINALOA,14,CULIACAN DE ROSALES,ES,545,49451,58,1803,51254,102901,545,No
2016,25,SINALOA,14,CULIACAN DE ROSALES,PRI_PVEM_NUAL,114,49451,58,1803,51254,102901,16364,Sí
2016,25,SINALOA,14,CULIACAN DE ROSALES,PRI_PVEM,92,49451,58,1803,51254,102901,15485,Sí
2016,25,SINALOA,14,CULIACAN DE ROSALES,PRI_NUAL,32,49451,58,1803,51254,102901,15548,Sí
2016,25,SINALOA,14,CULIACAN DE ROSALES,PVEM_NUAL,3,49451,58,1803,51254,102901,1594,Sí
2016,25,SINALOA,14,CULIACAN DE ROSALES,C_COMUN_MC_PAS,51,49451,58,1803,51254,102901,8384,Sí
2016,25,SINALOA,14,CULIACAN DE ROSALES,Candidatura Independiente,2594,49451,58,1803,51254,102901,2594,No
2016,25,SINALOA,14,CULIACAN DE ROSALES,Candidatura Independiente,8112,49451,58,1803,51254,102901,8112,No
2016,25,SINALOA,15,CULIACAN DE ROSALES,PAN,4456,29229,69,1151,30380,80047,4456,No
2016,25,SINALOA,15,CULIACAN DE ROSALES,PRI,9613,29229,69,1151,30380,80047,9613,No
2016,25,SINALOA,15,CULIACAN DE ROSALES,PRD,1093,29229,69,1151,30380,80047,1093,No
2016,25,SINALOA,15,CULIACAN DE ROSALES,PT,574,29229,69,1151,30380,80047,574,No
2016,25,SINALOA,15,CULIACAN DE ROSALES,PVEM,602,29229,69,1151,30380,80047,602,No
2016,25,SINALOA,15,CULIACAN DE ROSALES,MC,401,29229,69,1151,30380,80047,401,No
2016,25,SINALOA,15,CULIACAN DE ROSALES,NUAL,544,29229,69,1151,30380,80047,544,No
2016,25,SINALOA,15,CULIACAN DE ROSALES,PAS,6566,29229,69,1151,30380,80047,6566,No
2016,25,SINALOA,15,CULIACAN DE ROSALES,MORENA,2849,29229,69,1151,30380,80047,2849,No
2016,25,SINALOA,15,CULIACAN DE ROSALES,ES,623,29229,69,1151,30380,80047,623,No
2016,25,SINALOA,15,CULIACAN DE ROSALES,PRI_PVEM_NUAL,57,29229,69,1151,30380,80047,10816,Sí
2016,25,SINALOA,15,CULIACAN DE ROSALES,PRI_PVEM,65,29229,69,1151,30380,80047,10280,Sí
2016,25,SINALOA,15,CULIACAN DE ROSALES,PRI_NUAL,15,29229,69,1151,30380,80047,10172,Sí
2016,25,SINALOA,15,CULIACAN DE ROSALES,PVEM_NUAL,10,29229,69,1151,30380,80047,1156,Sí
2016,25,SINALOA,15,CULIACAN DE ROSALES,C_COMUN_MC_PAS,63,29229,69,1151,30380,80047,7030,Sí
2016,25,SINALOA,15,CULIACAN DE ROSALES,Candidatura Independiente,1629,29229,69,1151,30380,80047,1629,No
2016,25,SINALOA,16,CULIACAN DE ROSALES,PAN,4113,25159,46,1119,26278,78013,4113,No
2016,25,SINALOA,16,CULIACAN DE ROSALES,PRI,8630,25159,46,1119,26278,78013,8630,No
2016,25,SINALOA,16,CULIACAN DE ROSALES,PRD,701,25159,46,1119,26278,78013,701,No
2016,25,SINALOA,16,CULIACAN DE ROSALES,PT,848,25159,46,1119,26278,78013,848,No
2016,25,SINALOA,16,CULIACAN DE ROSALES,PVEM,742,25159,46,1119,26278,78013,742,No
2016,25,SINALOA,16,CULIACAN DE ROSALES,MC,484,25159,46,1119,26278,78013,484,No
2016,25,SINALOA,16,CULIACAN DE ROSALES,NUAL,753,25159,46,1119,26278,78013,753,No
2016,25,SINALOA,16,CULIACAN DE ROSALES,PAS,5661,25159,46,1119,26278,78013,5661,No
2016,25,SINALOA,16,CULIACAN DE ROSALES,MORENA,2197,25159,46,1119,26278,78013,2197,No
2016,25,SINALOA,16,CULIACAN DE ROSALES,ES,937,25159,46,1119,26278,78013,937,No
2016,25,SINALOA,16,CULIACAN DE ROSALES,C_COMUN_MC_PAS,47,25159,46,1119,26278,78013,6192,Sí
2016,25,SINALOA,17,CULIACAN DE ROSALES,PAN,3837,31293,54,1524,32817,91431,3837,No
2016,25,SINALOA,17,CULIACAN DE ROSALES,PRI,12216,31293,54,1524,32817,91431,12216,No
2016,25,SINALOA,17,CULIACAN DE ROSALES,PRD,1241,31293,54,1524,32817,91431,1241,No
2016,25,SINALOA,17,CULIACAN DE ROSALES,PT,541,31293,54,1524,32817,91431,541,No
2016,25,SINALOA,17,CULIACAN DE ROSALES,PVEM,756,31293,54,1524,32817,91431,756,No
2016,25,SINALOA,17,CULIACAN DE ROSALES,MC,506,31293,54,1524,32817,91431,506,No
2016,25,SINALOA,17,CULIACAN DE ROSALES,NUAL,831,31293,54,1524,32817,91431,831,No
2016,25,SINALOA,17,CULIACAN DE ROSALES,PAS,6890,31293,54,1524,32817,91431,6890,No
2016,25,SINALOA,17,CULIACAN DE ROSALES,MORENA,2744,31293,54,1524,32817,91431,2744,No
2016,25,SINALOA,17,CULIACAN DE ROSALES,ES,1633,31293,54,1524,32817,91431,1633,No
2016,25,SINALOA,17,CULIACAN DE ROSALES,C_COMUN_MC_PAS,44,31293,54,1524,32817,91431,7440,Sí
2016,25,SINALOA,18,CULIACAN DE ROSALES,PAN,4519,35813,31,1374,37187,88567,4519,No
2016,25,SINALOA,18,CULIACAN DE ROSALES,PRI,14542,35813,31,1374,37187,88567,14542,No
2016,25,SINALOA,18,CULIACAN DE ROSALES,PRD,1536,35813,31,1374,37187,88567,1536,No
2016,25,SINALOA,18,CULIACAN DE ROSALES,PT,446,35813,31,1374,37187,88567,446,No
2016,25,SINALOA,18,CULIACAN DE ROSALES,PVEM,1239,35813,31,1374,37187,88567,1239,No
2016,25,SINALOA,18,CULIACAN DE ROSALES,MC,345,35813,31,1374,37187,88567,345,No
2016,25,SINALOA,18,CULIACAN DE ROSALES,NUAL,1070,35813,31,1374,37187,88567,1070,No
2016,25,SINALOA,18,CULIACAN DE ROSALES,PAS,9833,35813,31,1374,37187,88567,9833,No
2016,25,SINALOA,18,CULIACAN DE ROSALES,MORENA,1588,35813,31,1374,37187,88567,1588,No
2016,25,SINALOA,18,CULIACAN DE ROSALES,ES,519,35813,31,1374,37187,88567,519,No
2016,25,SINALOA,18,CULIACAN DE ROSALES,C_COMUN_MC_PAS,145,35813,31,1374,37187,88567,10323,Sí
2016,25,SINALOA,19,LA CRUZ,PAN,4535,46307,19,1373,47680,82974,4535,No
2016,25,SINALOA,19,LA CRUZ,PRI,19159,46307,19,1373,47680,82974,19159,No
2016,25,SINALOA,19,LA CRUZ,PRD,1258,46307,19,1373,47680,82974,1258,No
2016,25,SINALOA,19,LA CRUZ,PT,537,46307,19,1373,47680,82974,537,No
2016,25,SINALOA,19,LA CRUZ,PVEM,761,46307,19,1373,47680,82974,761,No
2016,25,SINALOA,19,LA CRUZ,MC,394,46307,19,1373,47680,82974,394,No
2016,25,SINALOA,19,LA CRUZ,NUAL,1595,46307,19,1373,47680,82974,1595,No
2016,25,SINALOA,19,LA CRUZ,PAS,17308,46307,19,1373,47680,82974,17308,No
2016,25,SINALOA,19,LA CRUZ,MORENA,592,46307,19,1373,47680,82974,592,No
2016,25,SINALOA,19,LA CRUZ,C_COMUN_MC_PAS,149,46307,19,1373,47680,82974,17851,Sí
2016,25,SINALOA,2,LOS MOCHIS,PAN,8989,40318,44,1408,41726,83631,8989,No
2016,25,SINALOA,2,LOS MOCHIS,PRI,11611,40318,44,1408,41726,83631,11611,No
2016,25,SINALOA,2,LOS MOCHIS,PRD,911,40318,44,1408,41726,83631,911,No
2016,25,SINALOA,2,LOS MOCHIS,PT,549,40318,44,1408,41726,83631,549,No
2016,25,SINALOA,2,LOS MOCHIS,PVEM,1085,40318,44,1408,41726,83631,1085,No
2016,25,SINALOA,2,LOS MOCHIS,MC,399,40318,44,1408,41726,83631,399,No
2016,25,SINALOA,2,LOS MOCHIS,NUAL,4314,40318,44,1408,41726,83631,4314,No
2016,25,SINALOA,2,LOS MOCHIS,PAS,5944,40318,44,1408,41726,83631,5944,No
2016,25,SINALOA,2,LOS MOCHIS,MORENA,2737,40318,44,1408,41726,83631,2737,No
2016,25,SINALOA,2,LOS MOCHIS,ES,463,40318,44,1408,41726,83631,463,No
2016,25,SINALOA,2,LOS MOCHIS,C_COMUN_MC_PAS,106,40318,44,1408,41726,83631,6449,Sí
2016,25,SINALOA,2,LOS MOCHIS,Candidatura Independiente,1481,40318,44,1408,41726,83631,1481,No
2016,25,SINALOA,2,LOS MOCHIS,Candidatura Independiente,1685,40318,44,1408,41726,83631,1685,No
2016,25,SINALOA,20,MAZATLAN,PAN,7440,33028,92,1240,34268,89493,7440,No
2016,25,SINALOA,20,MAZATLAN,PRI,10173,33028,92,1240,34268,89493,10173,No
2016,25,SINALOA,20,MAZATLAN,PRD,572,33028,92,1240,34268,89493,572,No
2016,25,SINALOA,20,MAZATLAN,PT,4091,33028,92,1240,34268,89493,4091,No
2016,25,SINALOA,20,MAZATLAN,PVEM,773,33028,92,1240,34268,89493,773,No
2016,25,SINALOA,20,MAZATLAN,MC,634,33028,92,1240,34268,89493,634,No
2016,25,SINALOA,20,MAZATLAN,NUAL,514,33028,92,1240,34268,89493,514,No
2016,25,SINALOA,20,MAZATLAN,PAS,5024,33028,92,1240,34268,89493,5024,No
2016,25,SINALOA,20,MAZATLAN,MORENA,2333,33028,92,1240,34268,89493,2333,No
2016,25,SINALOA,20,MAZATLAN,ES,377,33028,92,1240,34268,89493,377,No
2016,25,SINALOA,20,MAZATLAN,PRI_PVEM_NUAL,64,33028,92,1240,34268,89493,11524,Sí
2016,25,SINALOA,20,MAZATLAN,PRI_PVEM,80,33028,92,1240,34268,89493,11026,Sí
2016,25,SINALOA,20,MAZATLAN,PRI_NUAL,15,33028,92,1240,34268,89493,10702,Sí
2016,25,SINALOA,20,MAZATLAN,PVEM_NUAL,4,33028,92,1240,34268,89493,1291,Sí
2016,25,SINALOA,20,MAZATLAN,C_COMUN_MC_PAS,34,33028,92,1240,34268,89493,5692,Sí
2016,25,SINALOA,20,MAZATLAN,Candidatura Independiente,808,33028,92,1240,34268,89493,808,No
2016,25,SINALOA,21,MAZATLAN,PAN,8709,33772,31,1222,34994,85348,8709,No
2016,25,SINALOA,21,MAZATLAN,PRI,9444,33772,31,1222,34994,85348,9444,No
2016,25,SINALOA,21,MAZATLAN,PRD,761,33772,31,1222,34994,85348,761,No
2016,25,SINALOA,21,MAZATLAN,PT,886,33772,31,1222,34994,85348,886,No
2016,25,SINALOA,21,MAZATLAN,PVEM,758,33772,31,1222,34994,85348,758,No
2016,25,SINALOA,21,MAZATLAN,MC,557,33772,31,1222,34994,85348,557,No
2016,25,SINALOA,21,MAZATLAN,NUAL,599,33772,31,1222,34994,85348,599,No
2016,25,SINALOA,21,MAZATLAN,PAS,5138,33772,31,1222,34994,85348,5138,No
2016,25,SINALOA,21,MAZATLAN,MORENA,2888,33772,31,1222,34994,85348,2888,No
2016,25,SINALOA,21,MAZATLAN,ES,536,33772,31,1222,34994,85348,536,No
2016,25,SINALOA,21,MAZATLAN,PRI_PVEM_NUAL,54,33772,31,1222,34994,85348,10855,Sí
2016,25,SINALOA,21,MAZATLAN,PRI_PVEM,97,33772,31,1222,34994,85348,10299,Sí
2016,25,SINALOA,21,MAZATLAN,PRI_NUAL,9,33772,31,1222,34994,85348,10052,Sí
2016,25,SINALOA,21,MAZATLAN,PVEM_NUAL,6,33772,31,1222,34994,85348,1363,Sí
2016,25,SINALOA,21,MAZATLAN,C_COMUN_MC_PAS,32,33772,31,1222,34994,85348,5727,Sí
2016,25,SINALOA,21,MAZATLAN,Candidatura Independiente,2576,33772,31,1222,34994,85348,2576,No
2016,25,SINALOA,21,MAZATLAN,Candidatura Independiente,691,33772,31,1222,34994,85348,691,No
2016,25,SINALOA,22,MAZATLAN,PAN,10565,40863,104,1623,42486,95101,10565,No
2016,25,SINALOA,22,MAZATLAN,PRI,13078,40863,104,1623,42486,95101,13078,No
2016,25,SINALOA,22,MAZATLAN,PRD,496,40863,104,1623,42486,95101,496,No
2016,25,SINALOA,22,MAZATLAN,PT,1586,40863,104,1623,42486,95101,1586,No
2016,25,SINALOA,22,MAZATLAN,PVEM,951,40863,104,1623,42486,95101,951,No
2016,25,SINALOA,22,MAZATLAN,MC,465,40863,104,1623,42486,95101,465,No
2016,25,SINALOA,22,MAZATLAN,NUAL,632,40863,104,1623,42486,95101,632,No
2016,25,SINALOA,22,MAZATLAN,PAS,5695,40863,104,1623,42486,95101,5695,No
2016,25,SINALOA,22,MAZATLAN,MORENA,3366,40863,104,1623,42486,95101,3366,No
2016,25,SINALOA,22,MAZATLAN,ES,458,40863,104,1623,42486,95101,458,No
2016,25,SINALOA,22,MAZATLAN,PRI_PVEM_NUAL,107,40863,104,1623,42486,95101,14768,Sí
2016,25,SINALOA,22,MAZATLAN,PRI_PVEM,172,40863,104,1623,42486,95101,14201,Sí
2016,25,SINALOA,22,MAZATLAN,PRI_NUAL,25,40863,104,1623,42486,95101,13735,Sí
2016,25,SINALOA,22,MAZATLAN,PVEM_NUAL,8,40863,104,1623,42486,95101,1591,Sí
2016,25,SINALOA,22,MAZATLAN,C_COMUN_MC_PAS,71,40863,104,1623,42486,95101,6231,Sí
2016,25,SINALOA,22,MAZATLAN,Candidatura Independiente,3084,40863,104,1623,42486,95101,3084,No
2016,25,SINALOA,23,MAZATLAN,PAN,10002,39500,56,1797,41297,85883,10002,No
2016,25,SINALOA,23,MAZATLAN,PRI,14227,39500,56,1797,41297,85883,14227,No
2016,25,SINALOA,23,MAZATLAN,PRD,627,39500,56,1797,41297,85883,627,No
2016,25,SINALOA,23,MAZATLAN,PT,1307,39500,56,1797,41297,85883,1307,No
2016,25,SINALOA,23,MAZATLAN,PVEM,1106,39500,56,1797,41297,85883,1106,No
2016,25,SINALOA,23,MAZATLAN,MC,354,39500,56,1797,41297,85883,354,No
2016,25,SINALOA,23,MAZATLAN,NUAL,3149,39500,56,1797,41297,85883,3149,No
2016,25,SINALOA,23,MAZATLAN,PAS,5043,39500,56,1797,41297,85883,5043,No
2016,25,SINALOA,23,MAZATLAN,MORENA,2113,39500,56,1797,41297,85883,2113,No
2016,25,SINALOA,23,MAZATLAN,ES,496,39500,56,1797,41297,85883,496,No
2016,25,SINALOA,23,MAZATLAN,C_COMUN_MC_PAS,30,39500,56,1797,41297,85883,5427,Sí
2016,25,SINALOA,23,MAZATLAN,Candidatura Independiente,990,39500,56,1797,41297,85883,990,No
2016,25,SINALOA,24,EL ROSARIO,PAN,15497,44382,11,1283,45665,76949,15497,No
2016,25,SINALOA,24,EL ROSARIO,PRI,13204,44382,11,1283,45665,76949,13204,No
2016,25,SINALOA,24,EL ROSARIO,PRD,4482,44382,11,1283,45665,76949,4482,No
2016,25,SINALOA,24,EL ROSARIO,PT,348,44382,11,1283,45665,76949,348,No
2016,25,SINALOA,24,EL ROSARIO,PVEM,211,44382,11,1283,45665,76949,211,No
2016,25,SINALOA,24,EL ROSARIO,MC,2986,44382,11,1283,45665,76949,2986,No
2016,25,SINALOA,24,EL ROSARIO,NUAL,1326,44382,11,1283,45665,76949,1326,No
2016,25,SINALOA,24,EL ROSARIO,PAS,4215,44382,11,1283,45665,76949,4215,No
2016,25,SINALOA,24,EL ROSARIO,MORENA,1526,44382,11,1283,45665,76949,1526,No
2016,25,SINALOA,24,EL ROSARIO,ES,292,44382,11,1283,45665,76949,292,No
2016,25,SINALOA,24,EL ROSARIO,PRI_PVEM_NUAL,105,44382,11,1283,45665,76949,14846,Sí
2016,25,SINALOA,24,EL ROSARIO,PRI_PVEM,50,44382,11,1283,45665,76949,13465,Sí
2016,25,SINALOA,24,EL ROSARIO,PRI_NUAL,75,44382,11,1283,45665,76949,14605,Sí
2016,25,SINALOA,24,EL ROSARIO,PVEM_NUAL,10,44382,11,1283,45665,76949,1547,Sí
2016,25,SINALOA,24,EL ROSARIO,C_COMUN_MC_PAS,44,44382,11,1283,45665,76949,7245,Sí
2016,25,SINALOA,3,LOS MOCHIS,PAN,8507,43455,11,1481,44936,82231,8507,No
2016,25,SINALOA,3,LOS MOCHIS,PRI,16532,43455,11,1481,44936,82231,16532,No
2016,25,SINALOA,3,LOS MOCHIS,PRD,1867,43455,11,1481,44936,82231,1867,No
2016,25,SINALOA,3,LOS MOCHIS,PT,371,43455,11,1481,44936,82231,371,No
2016,25,SINALOA,3,LOS MOCHIS,PVEM,890,43455,11,1481,44936,82231,890,No
2016,25,SINALOA,3,LOS MOCHIS,MC,287,43455,11,1481,44936,82231,287,No
2016,25,SINALOA,3,LOS MOCHIS,NUAL,6224,43455,11,1481,44936,82231,6224,No
2016,25,SINALOA,3,LOS MOCHIS,PAS,6458,43455,11,1481,44936,82231,6458,No
2016,25,SINALOA,3,LOS MOCHIS,MORENA,1968,43455,11,1481,44936,82231,1968,No
2016,25,SINALOA,3,LOS MOCHIS,ES,277,43455,11,1481,44936,82231,277,No
2016,25,SINALOA,3,LOS MOCHIS,C_COMUN_MC_PAS,63,43455,11,1481,44936,82231,6808,Sí
2016,25,SINALOA,4,LOS MOCHIS,PAN,10463,41392,100,1367,42759,85626,10463,No
2016,25,SINALOA,4,LOS MOCHIS,PRI,14353,41392,100,1367,42759,85626,14353,No
2016,25,SINALOA,4,LOS MOCHIS,PRD,1128,41392,100,1367,42759,85626,1128,No
2016,25,SINALOA,4,LOS MOCHIS,PT,739,41392,100,1367,42759,85626,739,No
2016,25,SINALOA,4,LOS MOCHIS,PVEM,714,41392,100,1367,42759,85626,714,No
2016,25,SINALOA,4,LOS MOCHIS,MC,409,41392,100,1367,42759,85626,409,No
2016,25,SINALOA,4,LOS MOCHIS,NUAL,2790,41392,100,1367,42759,85626,2790,No
2016,25,SINALOA,4,LOS MOCHIS,PAS,7037,41392,100,1367,42759,85626,7037,No
2016,25,SINALOA,4,LOS MOCHIS,MORENA,2689,41392,100,1367,42759,85626,2689,No
2016,25,SINALOA,4,LOS MOCHIS,ES,937,41392,100,1367,42759,85626,937,No
2016,25,SINALOA,4,LOS MOCHIS,C_COMUN_MC_PAS,33,41392,100,1367,42759,85626,7479,Sí
2016,25,SINALOA,5,LOS MOCHIS,PAN,10630,36425,23,1145,37570,81752,10630,No
2016,25,SINALOA,5,LOS MOCHIS,PRI,9141,36425,23,1145,37570,81752,9141,No
2016,25,SINALOA,5,LOS MOCHIS,PRD,1171,36425,23,1145,37570,81752,1171,No
2016,25,SINALOA,5,LOS MOCHIS,PT,1534,36425,23,1145,37570,81752,1534,No
2016,25,SINALOA,5,LOS MOCHIS,PVEM,480,36425,23,1145,37570,81752,480,No
2016,25,SINALOA,5,LOS MOCHIS,MC,378,36425,23,1145,37570,81752,378,No
2016,25,SINALOA,5,LOS MOCHIS,NUAL,3445,36425,23,1145,37570,81752,3445,No
2016,25,SINALOA,5,LOS MOCHIS,PAS,3147,36425,23,1145,37570,81752,3147,No
2016,25,SINALOA,5,LOS MOCHIS,MORENA,2303,36425,23,1145,37570,81752,2303,No
2016,25,SINALOA,5,LOS MOCHIS,ES,390,36425,23,1145,37570,81752,390,No
2016,25,SINALOA,5,LOS MOCHIS,C_COMUN_MC_PAS,49,36425,23,1145,37570,81752,3574,Sí
2016,25,SINALOA,5,LOS MOCHIS,Candidatura Independiente,1872,36425,23,1145,37570,81752,1872,No
2016,25,SINALOA,5,LOS MOCHIS,Candidatura Independiente,1862,36425,23,1145,37570,81752,1862,No
2016,25,SINALOA,6,SINALOA DE LEYVA,PAN,3606,44389,23,1623,46012,78892,3606,No
2016,25,SINALOA,6,SINALOA DE LEYVA,PRI,23100,44389,23,1623,46012,78892,23100,No
2016,25,SINALOA,6,SINALOA DE LEYVA,PRD,1041,44389,23,1623,46012,78892,1041,No
2016,25,SINALOA,6,SINALOA DE LEYVA,PT,332,44389,23,1623,46012,78892,332,No
2016,25,SINALOA,6,SINALOA DE LEYVA,PVEM,1979,44389,23,1623,46012,78892,1979,No
2016,25,SINALOA,6,SINALOA DE LEYVA,MC,351,44389,23,1623,46012,78892,351,No
2016,25,SINALOA,6,SINALOA DE LEYVA,NUAL,747,44389,23,1623,46012,78892,747,No
2016,25,SINALOA,6,SINALOA DE LEYVA,PAS,11810,44389,23,1623,46012,78892,11810,No
2016,25,SINALOA,6,SINALOA DE LEYVA,MORENA,860,44389,23,1623,46012,78892,860,No
2016,25,SINALOA,6,SINALOA DE LEYVA,ES,492,44389,23,1623,46012,78892,492,No
2016,25,SINALOA,6,SINALOA DE LEYVA,C_COMUN_MC_PAS,48,44389,23,1623,46012,78892,12209,Sí
2016,25,SINALOA,7,GUASAVE,PAN,9644,47185,55,1251,48436,81359,9644,No
2016,25,SINALOA,7,GUASAVE,PRI,24004,47185,55,1251,48436,81359,24004,No
2016,25,SINALOA,7,GUASAVE,PRD,1226,47185,55,1251,48436,81359,1226,No
2016,25,SINALOA,7,GUASAVE,PT,1134,47185,55,1251,48436,81359,1134,No
2016,25,SINALOA,7,GUASAVE,PVEM,699,47185,55,1251,48436,81359,699,No
2016,25,SINALOA,7,GUASAVE,MC,486,47185,55,1251,48436,81359,486,No
2016,25,SINALOA,7,GUASAVE,NUAL,848,47185,55,1251,48436,81359,848,No
2016,25,SINALOA,7,GUASAVE,PAS,5381,47185,55,1251,48436,81359,5381,No
2016,25,SINALOA,7,GUASAVE,MORENA,1503,47185,55,1251,48436,81359,1503,No
2016,25,SINALOA,7,GUASAVE,ES,606,47185,55,1251,48436,81359,606,No
2016,25,SINALOA,7,GUASAVE,PRI_PVEM_NUAL,58,47185,55,1251,48436,81359,25609,Sí
2016,25,SINALOA,7,GUASAVE,PRI_PVEM,63,47185,55,1251,48436,81359,24766,Sí
2016,25,SINALOA,7,GUASAVE,PRI_NUAL,32,47185,55,1251,48436,81359,24884,Sí
2016,25,SINALOA,7,GUASAVE,PVEM_NUAL,12,47185,55,1251,48436,81359,1559,Sí
2016,25,SINALOA,7,GUASAVE,C_COMUN_MC_PAS,66,47185,55,1251,48436,81359,5933,Sí
2016,25,SINALOA,7,GUASAVE,Candidatura Independiente,1368,47185,55,1251,48436,81359,1368,No
2016,25,SINALOA,8,GUASAVE,PAN,7757,46543,25,1278,47821,80877,7757,No
2016,25,SINALOA,8,GUASAVE,PRI,23447,46543,25,1278,47821,80877,23447,No
2016,25,SINALOA,8,GUASAVE,PRD,1657,46543,25,1278,47821,80877,1657,No
2016,25,SINALOA,8,GUASAVE,PT,923,46543,25,1278,47821,80877,923,No
2016,25,SINALOA,8,GUASAVE,PVEM,604,46543,25,1278,47821,80877,604,No
2016,25,SINALOA,8,GUASAVE,MC,542,46543,25,1278,47821,80877,542,No
2016,25,SINALOA,8,GUASAVE,NUAL,1194,46543,25,1278,47821,80877,1194,No
2016,25,SINALOA,8,GUASAVE,PAS,7847,46543,25,1278,47821,80877,7847,No
2016,25,SINALOA,8,GUASAVE,MORENA,1351,46543,25,1278,47821,80877,1351,No
2016,25,SINALOA,8,GUASAVE,ES,388,46543,25,1278,47821,80877,388,No
2016,25,SINALOA,8,GUASAVE,C_COMUN_PRI_PVEM,101,46543,25,1278,47821,80877,24152,Sí
2016,25,SINALOA,8,GUASAVE,C_COMUN_MC_PAS,49,46543,25,1278,47821,80877,8438,Sí
2016,25,SINALOA,8,GUASAVE,Candidatura Independiente,658,46543,25,1278,47821,80877,658,No
2016,25,SINALOA,9,GUAMUCHIL,PAN,6154,54649,26,1525,56174,95007,6154,No
2016,25,SINALOA,9,GUAMUCHIL,PRI,20764,54649,26,1525,56174,95007,20764,No
2016,25,SINALOA,9,GUAMUCHIL,PRD,3675,54649,26,1525,56174,95007,3675,No
2016,25,SINALOA,9,GUAMUCHIL,PT,546,54649,26,1525,56174,95007,546,No
2016,25,SINALOA,9,GUAMUCHIL,PVEM,1044,54649,26,1525,56174,95007,1044,No
2016,25,SINALOA,9,GUAMUCHIL,MC,655,54649,26,1525,56174,95007,655,No
2016,25,SINALOA,9,GUAMUCHIL,NUAL,1809,54649,26,1525,56174,95007,1809,No
2016,25,SINALOA,9,GUAMUCHIL,PAS,14174,54649,26,1525,56174,95007,14174,No
2016,25,SINALOA,9,GUAMUCHIL,MORENA,1142,54649,26,1525,56174,95007,1142,No
2016,25,SINALOA,9,GUAMUCHIL,ES,2049,54649,26,1525,56174,95007,2049,No
2016,25,SINALOA,9,GUAMUCHIL,Candidatura Independiente,2611,54649,26,1525,56174,95007,2611,No
2016,28,TAMAULIPAS,01,NUEVO LAREDO,PAN,26850,51468,27,1126,53204,113837,26850,No
2016,28,TAMAULIPAS,01,NUEVO LAREDO,PRI,18475,51468,27,1126,53204,113837,18475,No
2016,28,TAMAULIPAS,01,NUEVO LAREDO,PRD,970,51468,27,1126,53204,113837,970,No
2016,28,TAMAULIPAS,01,NUEVO LAREDO,PVEM,612,51468,27,1126,53204,113837,612,No
2016,28,TAMAULIPAS,01,NUEVO LAREDO,PT,240,51468,27,1126,53204,113837,240,No
2016,28,TAMAULIPAS,01,NUEVO LAREDO,MC,1267,51468,27,1126,53204,113837,1267,No
2016,28,TAMAULIPAS,01,NUEVO LAREDO,NUAL,1149,51468,27,1126,53204,113837,1149,No
2016,28,TAMAULIPAS,01,NUEVO LAREDO,MORENA,1005,51468,27,1126,53204,113837,1005,No
2016,28,TAMAULIPAS,01,NUEVO LAREDO,ES,900,51468,27,1126,53204,113837,900,No
2016,28,TAMAULIPAS,02,NUEVO LAREDO,PAN,32519,61043,60,1336,62399,127135,32519,No
2016,28,TAMAULIPAS,02,NUEVO LAREDO,PRI,22237,61043,60,1336,62399,127135,22237,No
2016,28,TAMAULIPAS,02,NUEVO LAREDO,PRD,835,61043,60,1336,62399,127135,835,No
2016,28,TAMAULIPAS,02,NUEVO LAREDO,PVEM,633,61043,60,1336,62399,127135,633,No
2016,28,TAMAULIPAS,02,NUEVO LAREDO,PT,344,61043,60,1336,62399,127135,344,No
2016,28,TAMAULIPAS,02,NUEVO LAREDO,MC,1110,61043,60,1336,62399,127135,1110,No
2016,28,TAMAULIPAS,02,NUEVO LAREDO,NUAL,1078,61043,60,1336,62399,127135,1078,No
2016,28,TAMAULIPAS,02,NUEVO LAREDO,MORENA,1290,61043,60,1336,62399,127135,1290,No
2016,28,TAMAULIPAS,02,NUEVO LAREDO,ES,997,61043,60,1336,62399,127135,997,No
2016,28,TAMAULIPAS,03,NUEVO LAREDO,PAN,29499,59386,41,1513,60922,112098,29499,No
2016,28,TAMAULIPAS,03,NUEVO LAREDO,PRI,19947,59386,41,1513,60922,112098,19947,No
2016,28,TAMAULIPAS,03,NUEVO LAREDO,PRD,554,59386,41,1513,60922,112098,554,No
2016,28,TAMAULIPAS,03,NUEVO LAREDO,PVEM,600,59386,41,1513,60922,112098,600,No
2016,28,TAMAULIPAS,03,NUEVO LAREDO,PT,331,59386,41,1513,60922,112098,331,No
2016,28,TAMAULIPAS,03,NUEVO LAREDO,MC,1354,59386,41,1513,60922,112098,1354,No
2016,28,TAMAULIPAS,03,NUEVO LAREDO,NUAL,1111,59386,41,1513,60922,112098,1111,No
2016,28,TAMAULIPAS,03,NUEVO LAREDO,MORENA,1180,59386,41,1513,60922,112098,1180,No
2016,28,TAMAULIPAS,03,NUEVO LAREDO,ES,4810,59386,41,1513,60922,112098,4810,No
2016,28,TAMAULIPAS,04,REYNOSA,PAN,21113,50841,51,1522,52302,112902,21113,No
2016,28,TAMAULIPAS,04,REYNOSA,PRI,15946,50841,51,1522,52302,112902,15946,No
2016,28,TAMAULIPAS,04,REYNOSA,PRD,992,50841,51,1522,52302,112902,992,No
2016,28,TAMAULIPAS,04,REYNOSA,PVEM,1985,50841,51,1522,52302,112902,1985,No
2016,28,TAMAULIPAS,04,REYNOSA,PT,540,50841,51,1522,52302,112902,540,No
2016,28,TAMAULIPAS,04,REYNOSA,MC,2534,50841,51,1522,52302,112902,2534,No
2016,28,TAMAULIPAS,04,REYNOSA,NUAL,1831,50841,51,1522,52302,112902,1831,No
2016,28,TAMAULIPAS,04,REYNOSA,MORENA,3955,50841,51,1522,52302,112902,3955,No
2016,28,TAMAULIPAS,04,REYNOSA,ES,1945,50841,51,1522,52302,112902,1945,No
2016,28,TAMAULIPAS,05,REYNOSA,PAN,23250,53459,79,1444,55065,112049,23250,No
2016,28,TAMAULIPAS,05,REYNOSA,PRI,15028,53459,79,1444,55065,112049,15028,No
2016,28,TAMAULIPAS,05,REYNOSA,PRD,1424,53459,79,1444,55065,112049,1424,No
2016,28,TAMAULIPAS,05,REYNOSA,PVEM,1349,53459,79,1444,55065,112049,1349,No
2016,28,TAMAULIPAS,05,REYNOSA,PT,558,53459,79,1444,55065,112049,558,No
2016,28,TAMAULIPAS,05,REYNOSA,MC,3102,53459,79,1444,55065,112049,3102,No
2016,28,TAMAULIPAS,05,REYNOSA,NUAL,1814,53459,79,1444,55065,112049,1814,No
2016,28,TAMAULIPAS,05,REYNOSA,MORENA,4932,53459,79,1444,55065,112049,4932,No
2016,28,TAMAULIPAS,05,REYNOSA,ES,2002,53459,79,1444,55065,112049,2002,No
2016,28,TAMAULIPAS,06,REYNOSA,PAN,24566,57989,64,1968,60057,127377,24566,No
2016,28,TAMAULIPAS,06,REYNOSA,PRI,20759,57989,64,1968,60057,127377,20759,No
2016,28,TAMAULIPAS,06,REYNOSA,PRD,992,57989,64,1968,60057,127377,992,No
2016,28,TAMAULIPAS,06,REYNOSA,PVEM,1224,57989,64,1968,60057,127377,1224,No
2016,28,TAMAULIPAS,06,REYNOSA,PT,1187,57989,64,1968,60057,127377,1187,No
2016,28,TAMAULIPAS,06,REYNOSA,MC,2528,57989,64,1968,60057,127377,2528,No
2016,28,TAMAULIPAS,06,REYNOSA,NUAL,1535,57989,64,1968,60057,127377,1535,No
2016,28,TAMAULIPAS,06,REYNOSA,MORENA,3775,57989,64,1968,60057,127377,3775,No
2016,28,TAMAULIPAS,06,REYNOSA,ES,1423,57989,64,1968,60057,127377,1423,No
2016,28,TAMAULIPAS,07,REYNOSA,PAN,26865,51810,62,1060,53031,111076,26865,No
2016,28,TAMAULIPAS,07,REYNOSA,PRI,14027,51810,62,1060,53031,111076,14027,No
2016,28,TAMAULIPAS,07,REYNOSA,PRD,958,51810,62,1060,53031,111076,958,No
2016,28,TAMAULIPAS,07,REYNOSA,PVEM,973,51810,62,1060,53031,111076,973,No
2016,28,TAMAULIPAS,07,REYNOSA,PT,572,51810,62,1060,53031,111076,572,No
2016,28,TAMAULIPAS,07,REYNOSA,MC,2449,51810,62,1060,53031,111076,2449,No
2016,28,TAMAULIPAS,07,REYNOSA,NUAL,1304,51810,62,1060,53031,111076,1304,No
2016,28,TAMAULIPAS,07,REYNOSA,MORENA,3298,51810,62,1060,53031,111076,3298,No
2016,28,TAMAULIPAS,07,REYNOSA,ES,1364,51810,62,1060,53031,111076,1364,No
2016,28,TAMAULIPAS,08,RIO BRAVO,PAN,20570,57194,340,1931,60491,123756,20570,No
2016,28,TAMAULIPAS,08,RIO BRAVO,PRI,20943,57194,340,1931,60491,123756,20943,No
2016,28,TAMAULIPAS,08,RIO BRAVO,PRD,1478,57194,340,1931,60491,123756,1478,No
2016,28,TAMAULIPAS,08,RIO BRAVO,PVEM,2099,57194,340,1931,60491,123756,2099,No
2016,28,TAMAULIPAS,08,RIO BRAVO,PT,721,57194,340,1931,60491,123756,721,No
2016,28,TAMAULIPAS,08,RIO BRAVO,MC,2078,57194,340,1931,60491,123756,2078,No
2016,28,TAMAULIPAS,08,RIO BRAVO,NUAL,1860,57194,340,1931,60491,123756,1860,No
2016,28,TAMAULIPAS,08,RIO BRAVO,MORENA,3473,57194,340,1931,60491,123756,3473,No
2016,28,TAMAULIPAS,08,RIO BRAVO,ES,3972,57194,340,1931,60491,123756,3972,No
2016,28,TAMAULIPAS,09,VALLE HERMOSO,PAN,21256,52859,381,1854,54981,102544,21256,No
2016,28,TAMAULIPAS,09,VALLE HERMOSO,PRD,646,52859,381,1854,54981,102544,646,No
2016,28,TAMAULIPAS,09,VALLE HERMOSO,PT,722,52859,381,1854,54981,102544,722,No
2016,28,TAMAULIPAS,09,VALLE HERMOSO,MC,2009,52859,381,1854,54981,102544,2009,No
2016,28,TAMAULIPAS,09,VALLE HERMOSO,MORENA,1762,52859,381,1854,54981,102544,1762,No
2016,28,TAMAULIPAS,09,VALLE HERMOSO,ES,2197,52859,381,1854,54981,102544,2197,No
2016,28,TAMAULIPAS,09,VALLE HERMOSO,C_COMUN_PRI_PVEM_NUAL,24267,52859,381,1854,54981,102544,24267,Sí
2016,28,TAMAULIPAS,10,MATAMOROS,PAN,17289,49751,84,1577,51463,106048,17289,No
2016,28,TAMAULIPAS,10,MATAMOROS,PRI,21427,49751,84,1577,51463,106048,21427,No
2016,28,TAMAULIPAS,10,MATAMOROS,PRD,797,49751,84,1577,51463,106048,797,No
2016,28,TAMAULIPAS,10,MATAMOROS,PVEM,790,49751,84,1577,51463,106048,790,No
2016,28,TAMAULIPAS,10,MATAMOROS,PT,473,49751,84,1577,51463,106048,473,No
2016,28,TAMAULIPAS,10,MATAMOROS,MC,3801,49751,84,1577,51463,106048,3801,No
2016,28,TAMAULIPAS,10,MATAMOROS,NUAL,1152,49751,84,1577,51463,106048,1152,No
2016,28,TAMAULIPAS,10,MATAMOROS,MORENA,2742,49751,84,1577,51463,106048,2742,No
2016,28,TAMAULIPAS,10,MATAMOROS,ES,1280,49751,84,1577,51463,106048,1280,No
2016,28,TAMAULIPAS,11,MATAMOROS,PAN,18100,49792,90,2008,51379,105343,18100,No
2016,28,TAMAULIPAS,11,MATAMOROS,PRI,22361,49792,90,2008,51379,105343,22361,No
2016,28,TAMAULIPAS,11,MATAMOROS,PRD,798,49792,90,2008,51379,105343,798,No
2016,28,TAMAULIPAS,11,MATAMOROS,PVEM,827,49792,90,2008,51379,105343,827,No
2016,28,TAMAULIPAS,11,MATAMOROS,PT,512,49792,90,2008,51379,105343,512,No
2016,28,TAMAULIPAS,11,MATAMOROS,MC,2704,49792,90,2008,51379,105343,2704,No
2016,28,TAMAULIPAS,11,MATAMOROS,NUAL,1096,49792,90,2008,51379,105343,1096,No
2016,28,TAMAULIPAS,11,MATAMOROS,MORENA,2254,49792,90,2008,51379,105343,2254,No
2016,28,TAMAULIPAS,11,MATAMOROS,ES,1140,49792,90,2008,51379,105343,1140,No
2016,28,TAMAULIPAS,12,MATAMOROS,PAN,21247,57369,95,1825,59360,117801,21247,No
2016,28,TAMAULIPAS,12,MATAMOROS,PRI,25232,57369,95,1825,59360,117801,25232,No
2016,28,TAMAULIPAS,12,MATAMOROS,PRD,933,57369,95,1825,59360,117801,933,No
2016,28,TAMAULIPAS,12,MATAMOROS,PVEM,753,57369,95,1825,59360,117801,753,No
2016,28,TAMAULIPAS,12,MATAMOROS,PT,483,57369,95,1825,59360,117801,483,No
2016,28,TAMAULIPAS,12,MATAMOROS,MC,3165,57369,95,1825,59360,117801,3165,No
2016,28,TAMAULIPAS,12,MATAMOROS,NUAL,1355,57369,95,1825,59360,117801,1355,No
2016,28,TAMAULIPAS,12,MATAMOROS,MORENA,2642,57369,95,1825,59360,117801,2642,No
2016,28,TAMAULIPAS,12,MATAMOROS,ES,1559,57369,95,1825,59360,117801,1559,No
2016,28,TAMAULIPAS,13,SAN FERNANDO,PAN,43347,82618,8,1619,84275,118365,43347,No
2016,28,TAMAULIPAS,13,SAN FERNANDO,PRI,32352,82618,8,1619,84275,118365,32352,No
2016,28,TAMAULIPAS,13,SAN FERNANDO,PRD,1924,82618,8,1619,84275,118365,1924,No
2016,28,TAMAULIPAS,13,SAN FERNANDO,PVEM,249,82618,8,1619,84275,118365,249,No
2016,28,TAMAULIPAS,13,SAN FERNANDO,PT,237,82618,8,1619,84275,118365,237,No
2016,28,TAMAULIPAS,13,SAN FERNANDO,MC,524,82618,8,1619,84275,118365,524,No
2016,28,TAMAULIPAS,13,SAN FERNANDO,NUAL,1686,82618,8,1619,84275,118365,1686,No
2016,28,TAMAULIPAS,13,SAN FERNANDO,MORENA,1409,82618,8,1619,84275,118365,1409,No
2016,28,TAMAULIPAS,13,SAN FERNANDO,ES,890,82618,8,1619,84275,118365,890,No
2016,28,TAMAULIPAS,14,VICTORIA,PAN,24331,79996,50,1867,81981,120294,24331,No
2016,28,TAMAULIPAS,14,VICTORIA,PRI,27559,79996,50,1867,81981,120294,27559,No
2016,28,TAMAULIPAS,14,VICTORIA,PRD,688,79996,50,1867,81981,120294,688,No
2016,28,TAMAULIPAS,14,VICTORIA,PVEM,808,79996,50,1867,81981,120294,808,No
2016,28,TAMAULIPAS,14,VICTORIA,PT,740,79996,50,1867,81981,120294,740,No
2016,28,TAMAULIPAS,14,VICTORIA,MC,11807,79996,50,1867,81981,120294,11807,No
2016,28,TAMAULIPAS,14,VICTORIA,NUAL,2269,79996,50,1867,81981,120294,2269,No
2016,28,TAMAULIPAS,14,VICTORIA,MORENA,2294,79996,50,1867,81981,120294,2294,No
2016,28,TAMAULIPAS,14,VICTORIA,ES,3279,79996,50,1867,81981,120294,3279,No
2016,28,TAMAULIPAS,14,VICTORIA,Candidatura Independiente,6221,79996,50,1867,81981,120294,6221,No
2016,28,TAMAULIPAS,15,VICTORIA,PAN,26515,70828,90,1944,73114,117334,26515,No
2016,28,TAMAULIPAS,15,VICTORIA,PRI,23122,70828,90,1944,73114,117334,23122,No
2016,28,TAMAULIPAS,15,VICTORIA,PRD,1067,70828,90,1944,73114,117334,1067,No
2016,28,TAMAULIPAS,15,VICTORIA,PVEM,870,70828,90,1944,73114,117334,870,No
2016,28,TAMAULIPAS,15,VICTORIA,PT,1029,70828,90,1944,73114,117334,1029,No
2016,28,TAMAULIPAS,15,VICTORIA,MC,12478,70828,90,1944,73114,117334,12478,No
2016,28,TAMAULIPAS,15,VICTORIA,NUAL,2052,70828,90,1944,73114,117334,2052,No
2016,28,TAMAULIPAS,15,VICTORIA,MORENA,2147,70828,90,1944,73114,117334,2147,No
2016,28,TAMAULIPAS,15,VICTORIA,ES,1548,70828,90,1944,73114,117334,1548,No
2016,28,TAMAULIPAS,16,XICOTENCATL,PAN,44723,91736,34,2745,94520,122842,44723,No
2016,28,TAMAULIPAS,16,XICOTENCATL,PRI,38800,91736,34,2745,94520,122842,38800,No
2016,28,TAMAULIPAS,16,XICOTENCATL,PRD,1185,91736,34,2745,94520,122842,1185,No
2016,28,TAMAULIPAS,16,XICOTENCATL,PVEM,469,91736,34,2745,94520,122842,469,No
2016,28,TAMAULIPAS,16,XICOTENCATL,PT,364,91736,34,2745,94520,122842,364,No
2016,28,TAMAULIPAS,16,XICOTENCATL,MC,397,91736,34,2745,94520,122842,397,No
2016,28,TAMAULIPAS,16,XICOTENCATL,NUAL,2858,91736,34,2745,94520,122842,2858,No
2016,28,TAMAULIPAS,16,XICOTENCATL,MORENA,1375,91736,34,2745,94520,122842,1375,No
2016,28,TAMAULIPAS,16,XICOTENCATL,ES,1565,91736,34,2745,94520,122842,1565,No
2016,28,TAMAULIPAS,17,MANTE,PAN,37997,73080,45,1604,74219,118175,37997,No
2016,28,TAMAULIPAS,17,MANTE,PRI,25627,73080,45,1604,74219,118175,25627,No
2016,28,TAMAULIPAS,17,MANTE,PRD,887,73080,45,1604,74219,118175,887,No
2016,28,TAMAULIPAS,17,MANTE,PVEM,2278,73080,45,1604,74219,118175,2278,No
2016,28,TAMAULIPAS,17,MANTE,PT,745,73080,45,1604,74219,118175,745,No
2016,28,TAMAULIPAS,17,MANTE,MC,978,73080,45,1604,74219,118175,978,No
2016,28,TAMAULIPAS,17,MANTE,NUAL,1557,73080,45,1604,74219,118175,1557,No
2016,28,TAMAULIPAS,17,MANTE,MORENA,2287,73080,45,1604,74219,118175,2287,No
2016,28,TAMAULIPAS,17,MANTE,ES,724,73080,45,1604,74219,118175,724,No
2016,28,TAMAULIPAS,18,ALTAMIRA,PAN,32807,69028,36,1559,71702,114391,32807,No
2016,28,TAMAULIPAS,18,ALTAMIRA,PRD,365,69028,36,1559,71702,114391,365,No
2016,28,TAMAULIPAS,18,ALTAMIRA,PT,1386,69028,36,1559,71702,114391,1386,No
2016,28,TAMAULIPAS,18,ALTAMIRA,MC,8581,69028,36,1559,71702,114391,8581,No
2016,28,TAMAULIPAS,18,ALTAMIRA,MORENA,2067,69028,36,1559,71702,114391,2067,No
2016,28,TAMAULIPAS,18,ALTAMIRA,ES,994,69028,36,1559,71702,114391,994,No
2016,28,TAMAULIPAS,18,ALTAMIRA,C_COMUN_PRI_PVEM_NUAL,22828,69028,36,1559,71702,114391,22828,Sí
2016,28,TAMAULIPAS,19,MIRAMAR,PAN,25394,54346,39,1345,55708,103164,25394,No
2016,28,TAMAULIPAS,19,MIRAMAR,PRI,18581,54346,39,1345,55708,103164,18581,No
2016,28,TAMAULIPAS,19,MIRAMAR,PRD,1658,54346,39,1345,55708,103164,1658,No
2016,28,TAMAULIPAS,19,MIRAMAR,PVEM,855,54346,39,1345,55708,103164,855,No
2016,28,TAMAULIPAS,19,MIRAMAR,PT,672,54346,39,1345,55708,103164,672,No
2016,28,TAMAULIPAS,19,MIRAMAR,MC,3059,54346,39,1345,55708,103164,3059,No
2016,28,TAMAULIPAS,19,MIRAMAR,NUAL,1059,54346,39,1345,55708,103164,1059,No
2016,28,TAMAULIPAS,19,MIRAMAR,MORENA,2160,54346,39,1345,55708,103164,2160,No
2016,28,TAMAULIPAS,19,MIRAMAR,ES,908,54346,39,1345,55708,103164,908,No
2016,28,TAMAULIPAS,20,CIUDAD MADERO,PAN,33746,69037,88,1826,70942,125164,33746,No
2016,28,TAMAULIPAS,20,CIUDAD MADERO,PRI,21312,69037,88,1826,70942,125164,21312,No
2016,28,TAMAULIPAS,20,CIUDAD MADERO,PRD,1910,69037,88,1826,70942,125164,1910,No
2016,28,TAMAULIPAS,20,CIUDAD MADERO,PVEM,1405,69037,88,1826,70942,125164,1405,No
2016,28,TAMAULIPAS,20,CIUDAD MADERO,PT,538,69037,88,1826,70942,125164,538,No
2016,28,TAMAULIPAS,20,CIUDAD MADERO,MC,3063,69037,88,1826,70942,125164,3063,No
2016,28,TAMAULIPAS,20,CIUDAD MADERO,NUAL,1161,69037,88,1826,70942,125164,1161,No
2016,28,TAMAULIPAS,20,CIUDAD MADERO,MORENA,4791,69037,88,1826,70942,125164,4791,No
2016,28,TAMAULIPAS,20,CIUDAD MADERO,ES,1111,69037,88,1826,70942,125164,1111,No
2016,28,TAMAULIPAS,21,TAMPICO,PAN,29409,65639,66,1638,67587,116256,29409,No
2016,28,TAMAULIPAS,21,TAMPICO,PRD,6241,65639,66,1638,67587,116256,6241,No
2016,28,TAMAULIPAS,21,TAMPICO,PT,927,65639,66,1638,67587,116256,927,No
2016,28,TAMAULIPAS,21,TAMPICO,MC,3301,65639,66,1638,67587,116256,3301,No
2016,28,TAMAULIPAS,21,TAMPICO,MORENA,3293,65639,66,1638,67587,116256,3293,No
2016,28,TAMAULIPAS,21,TAMPICO,ES,1221,65639,66,1638,67587,116256,1221,No
2016,28,TAMAULIPAS,21,TAMPICO,C_COMUN_PRI_PVEM_NUAL,21247,65639,66,1638,67587,116256,21247,Sí
2016,28,TAMAULIPAS,22,TAMPICO,PAN,33124,72098,81,1679,73858,129277,33124,No
2016,28,TAMAULIPAS,22,TAMPICO,PRD,5078,72098,81,1679,73858,129277,5078,No
2016,28,TAMAULIPAS,22,TAMPICO,PT,1091,72098,81,1679,73858,129277,1091,No
2016,28,TAMAULIPAS,22,TAMPICO,MC,2275,72098,81,1679,73858,129277,2275,No
2016,28,TAMAULIPAS,22,TAMPICO,MORENA,3637,72098,81,1679,73858,129277,3637,No
2016,28,TAMAULIPAS,22,TAMPICO,ES,1025,72098,81,1679,73858,129277,1025,No
2016,28,TAMAULIPAS,22,TAMPICO,C_COMUN_PRI_PVEM_NUAL,25868,72098,81,1679,73858,129277,25868,Sí
2016,29,TLAXCALA,1,SAN ANTONIO CALPULALPAN,PAN,6490,32047,5,1624,33671,55068,6490,No
2016,29,TLAXCALA,1,SAN ANTONIO CALPULALPAN,PRD,3267,32047,5,1624,33671,55068,3267,No
2016,29,TLAXCALA,1,SAN ANTONIO CALPULALPAN,PT,1251,32047,5,1624,33671,55068,1251,No
2016,29,TLAXCALA,1,SAN ANTONIO CALPULALPAN,MC,1122,32047,5,1624,33671,55068,1122,No
2016,29,TLAXCALA,1,SAN ANTONIO CALPULALPAN,PAC,7306,32047,5,1624,33671,55068,7306,No
2016,29,TLAXCALA,1,SAN ANTONIO CALPULALPAN,PS,651,32047,5,1624,33671,55068,651,No
2016,29,TLAXCALA,1,SAN ANTONIO CALPULALPAN,MORENA,2702,32047,5,1624,33671,55068,2702,No
2016,29,TLAXCALA,1,SAN ANTONIO CALPULALPAN,ES,1287,32047,5,1624,33671,55068,1287,No
2016,29,TLAXCALA,1,SAN ANTONIO CALPULALPAN,PRI_PVEM_NUAL,7966,32047,5,1624,33671,55068,7966,Sí
2016,29,TLAXCALA,10,HUAMANTLA,PAN,7137,31274,23,1947,33221,52776,7137,No
2016,29,TLAXCALA,10,HUAMANTLA,PRD,3161,31274,23,1947,33221,52776,3161,No
2016,29,TLAXCALA,10,HUAMANTLA,PT,1274,31274,23,1947,33221,52776,1274,No
2016,29,TLAXCALA,10,HUAMANTLA,PVEM,2066,31274,23,1947,33221,52776,2066,No
2016,29,TLAXCALA,10,HUAMANTLA,MC,477,31274,23,1947,33221,52776,477,No
2016,29,TLAXCALA,10,HUAMANTLA,PAC,2601,31274,23,1947,33221,52776,2601,No
2016,29,TLAXCALA,10,HUAMANTLA,PS,956,31274,23,1947,33221,52776,956,No
2016,29,TLAXCALA,10,HUAMANTLA,MORENA,3536,31274,23,1947,33221,52776,3536,No
2016,29,TLAXCALA,10,HUAMANTLA,ES,716,31274,23,1947,33221,52776,716,No
2016,29,TLAXCALA,10,HUAMANTLA,PRI_NUAL,9327,31274,23,1947,33221,52776,9327,Sí
2016,29,TLAXCALA,11,HUAMANTLA,PAN,7090,33272,44,2285,35557,50642,7090,No
2016,29,TLAXCALA,11,HUAMANTLA,PRD,4115,33272,44,2285,35557,50642,4115,No
2016,29,TLAXCALA,11,HUAMANTLA,PT,2151,33272,44,2285,35557,50642,2151,No
2016,29,TLAXCALA,11,HUAMANTLA,PVEM,3100,33272,44,2285,35557,50642,3100,No
2016,29,TLAXCALA,11,HUAMANTLA,MC,344,33272,44,2285,35557,50642,344,No
2016,29,TLAXCALA,11,HUAMANTLA,PAC,2689,33272,44,2285,35557,50642,2689,No
2016,29,TLAXCALA,11,HUAMANTLA,PS,735,33272,44,2285,35557,50642,735,No
2016,29,TLAXCALA,11,HUAMANTLA,MORENA,1923,33272,44,2285,35557,50642,1923,No
2016,29,TLAXCALA,11,HUAMANTLA,ES,334,33272,44,2285,35557,50642,334,No
2016,29,TLAXCALA,11,HUAMANTLA,PRI_NUAL,10747,33272,44,2285,35557,50642,10747,Sí
2016,29,TLAXCALA,12,SAN LUIS TEOLOCHOLCO,PAN,6488,43060,18,2694,45754,63877,6488,No
2016,29,TLAXCALA,12,SAN LUIS TEOLOCHOLCO,PRD,11469,43060,18,2694,45754,63877,11469,No
2016,29,TLAXCALA,12,SAN LUIS TEOLOCHOLCO,PT,1465,43060,18,2694,45754,63877,1465,No
2016,29,TLAXCALA,12,SAN LUIS TEOLOCHOLCO,MC,4023,43060,18,2694,45754,63877,4023,No
2016,29,TLAXCALA,12,SAN LUIS TEOLOCHOLCO,PAC,1504,43060,18,2694,45754,63877,1504,No
2016,29,TLAXCALA,12,SAN LUIS TEOLOCHOLCO,PS,497,43060,18,2694,45754,63877,497,No
2016,29,TLAXCALA,12,SAN LUIS TEOLOCHOLCO,MORENA,4735,43060,18,2694,45754,63877,4735,No
2016,29,TLAXCALA,12,SAN LUIS TEOLOCHOLCO,ES,1120,43060,18,2694,45754,63877,1120,No
2016,29,TLAXCALA,12,SAN LUIS TEOLOCHOLCO,PRI_PVEM_NUAL,11741,43060,18,2694,45754,63877,11741,Sí
2016,29,TLAXCALA,13,ZACATELCO,PAN,7599,39403,32,2032,41435,60129,7599,No
2016,29,TLAXCALA,13,ZACATELCO,PRD,8367,39403,32,2032,41435,60129,8367,No
2016,29,TLAXCALA,13,ZACATELCO,PT,1375,39403,32,2032,41435,60129,1375,No
2016,29,TLAXCALA,13,ZACATELCO,MC,2261,39403,32,2032,41435,60129,2261,No
2016,29,TLAXCALA,13,ZACATELCO,PAC,5048,39403,32,2032,41435,60129,5048,No
2016,29,TLAXCALA,13,ZACATELCO,PS,1411,39403,32,2032,41435,60129,1411,No
2016,29,TLAXCALA,13,ZACATELCO,MORENA,6296,39403,32,2032,41435,60129,6296,No
2016,29,TLAXCALA,13,ZACATELCO,ES,3196,39403,32,2032,41435,60129,3196,No
2016,29,TLAXCALA,13,ZACATELCO,PRI_PVEM_NUAL,3818,39403,32,2032,41435,60129,3818,Sí
2016,29,TLAXCALA,14,SANTA MARIA NATIVITAS,PAN,6003,41100,25,2357,43457,61432,6003,No
2016,29,TLAXCALA,14,SANTA MARIA NATIVITAS,PRD,7576,41100,25,2357,43457,61432,7576,No
2016,29,TLAXCALA,14,SANTA MARIA NATIVITAS,PT,1761,41100,25,2357,43457,61432,1761,No
2016,29,TLAXCALA,14,SANTA MARIA NATIVITAS,MC,1,41100,25,2357,43457,61432,1,No
2016,29,TLAXCALA,14,SANTA MARIA NATIVITAS,PAC,4384,41100,25,2357,43457,61432,4384,No
2016,29,TLAXCALA,14,SANTA MARIA NATIVITAS,PS,5732,41100,25,2357,43457,61432,5732,No
2016,29,TLAXCALA,14,SANTA MARIA NATIVITAS,MORENA,4008,41100,25,2357,43457,61432,4008,No
2016,29,TLAXCALA,14,SANTA MARIA NATIVITAS,ES,974,41100,25,2357,43457,61432,974,No
2016,29,TLAXCALA,14,SANTA MARIA NATIVITAS,PRI_PVEM_NUAL,10636,41100,25,2357,43457,61432,10636,Sí
2016,29,TLAXCALA,15,VICENTE GUERRERO,PAN,10466,38746,44,1728,40474,59742,10466,No
2016,29,TLAXCALA,15,VICENTE GUERRERO,PRD,8582,38746,44,1728,40474,59742,8582,No
2016,29,TLAXCALA,15,VICENTE GUERRERO,PT,2547,38746,44,1728,40474,59742,2547,No
2016,29,TLAXCALA,15,VICENTE GUERRERO,PVEM,782,38746,44,1728,40474,59742,782,No
2016,29,TLAXCALA,15,VICENTE GUERRERO,MC,1599,38746,44,1728,40474,59742,1599,No
2016,29,TLAXCALA,15,VICENTE GUERRERO,PAC,1588,38746,44,1728,40474,59742,1588,No
2016,29,TLAXCALA,15,VICENTE GUERRERO,PS,375,38746,44,1728,40474,59742,375,No
2016,29,TLAXCALA,15,VICENTE GUERRERO,MORENA,3188,38746,44,1728,40474,59742,3188,No
2016,29,TLAXCALA,15,VICENTE GUERRERO,ES,298,38746,44,1728,40474,59742,298,No
2016,29,TLAXCALA,15,VICENTE GUERRERO,PRI_NUAL,9277,38746,44,1728,40474,59742,9277,Sí
2016,29,TLAXCALA,2,TLAXCO DE MORELOS,PAN,7426,34991,75,1791,36782,54441,7426,No
2016,29,TLAXCALA,2,TLAXCO DE MORELOS,PRD,5446,34991,75,1791,36782,54441,5446,No
2016,29,TLAXCALA,2,TLAXCO DE MORELOS,PT,898,34991,75,1791,36782,54441,898,No
2016,29,TLAXCALA,2,TLAXCO DE MORELOS,MC,1896,34991,75,1791,36782,54441,1896,No
2016,29,TLAXCALA,2,TLAXCO DE MORELOS,PAC,1384,34991,75,1791,36782,54441,1384,No
2016,29,TLAXCALA,2,TLAXCO DE MORELOS,PS,9131,34991,75,1791,36782,54441,9131,No
2016,29,TLAXCALA,2,TLAXCO DE MORELOS,MORENA,1966,34991,75,1791,36782,54441,1966,No
2016,29,TLAXCALA,2,TLAXCO DE MORELOS,ES,318,34991,75,1791,36782,54441,318,No
2016,29,TLAXCALA,2,TLAXCO DE MORELOS,PRI_PVEM_NUAL,6451,34991,75,1791,36782,54441,6451,Sí
2016,29,TLAXCALA,3,SAN COSME XALOZTOC,PAN,7612,37180,9,1866,39046,53372,7612,No
2016,29,TLAXCALA,3,SAN COSME XALOZTOC,PRD,1756,37180,9,1866,39046,53372,1756,No
2016,29,TLAXCALA,3,SAN COSME XALOZTOC,PT,1876,37180,9,1866,39046,53372,1876,No
2016,29,TLAXCALA,3,SAN COSME XALOZTOC,PVEM,2348,37180,9,1866,39046,53372,2348,No
2016,29,TLAXCALA,3,SAN COSME XALOZTOC,MC,614,37180,9,1866,39046,53372,614,No
2016,29,TLAXCALA,3,SAN COSME XALOZTOC,PAC,1875,37180,9,1866,39046,53372,1875,No
2016,29,TLAXCALA,3,SAN COSME XALOZTOC,PS,6419,37180,9,1866,39046,53372,6419,No
2016,29,TLAXCALA,3,SAN COSME XALOZTOC,MORENA,2140,37180,9,1866,39046,53372,2140,No
2016,29,TLAXCALA,3,SAN COSME XALOZTOC,ES,627,37180,9,1866,39046,53372,627,No
2016,29,TLAXCALA,3,SAN COSME XALOZTOC,PRI_NUAL,11904,37180,9,1866,39046,53372,11904,Sí
2016,29,TLAXCALA,4,APIZACO,PAN,5828,34043,44,1782,35825,61094,5828,No
2016,29,TLAXCALA,4,APIZACO,PRD,7217,34043,44,1782,35825,61094,7217,No
2016,29,TLAXCALA,4,APIZACO,PT,838,34043,44,1782,35825,61094,838,No
2016,29,TLAXCALA,4,APIZACO,MC,968,34043,44,1782,35825,61094,968,No
2016,29,TLAXCALA,4,APIZACO,PAC,3231,34043,44,1782,35825,61094,3231,No
2016,29,TLAXCALA,4,APIZACO,PS,498,34043,44,1782,35825,61094,498,No
2016,29,TLAXCALA,4,APIZACO,MORENA,4223,34043,44,1782,35825,61094,4223,No
2016,29,TLAXCALA,4,APIZACO,ES,493,34043,44,1782,35825,61094,493,No
2016,29,TLAXCALA,4,APIZACO,PRI_PVEM_NUAL,7860,34043,44,1782,35825,61094,7860,Sí
2016,29,TLAXCALA,4,APIZACO,Candidatura Independiente,1286,34043,44,1782,35825,61094,1286,No
2016,29,TLAXCALA,4,APIZACO,Candidatura Independiente,1557,34043,44,1782,35825,61094,1557,No
2016,29,TLAXCALA,5,SAN DIONICIO YAUHQUEMEHCAN,PAN,14420,33541,66,1683,35224,53942,14420,No
2016,29,TLAXCALA,5,SAN DIONICIO YAUHQUEMEHCAN,PRD,2132,33541,66,1683,35224,53942,2132,No
2016,29,TLAXCALA,5,SAN DIONICIO YAUHQUEMEHCAN,PT,1219,33541,66,1683,35224,53942,1219,No
2016,29,TLAXCALA,5,SAN DIONICIO YAUHQUEMEHCAN,MC,546,33541,66,1683,35224,53942,546,No
2016,29,TLAXCALA,5,SAN DIONICIO YAUHQUEMEHCAN,PAC,2284,33541,66,1683,35224,53942,2284,No
2016,29,TLAXCALA,5,SAN DIONICIO YAUHQUEMEHCAN,PS,872,33541,66,1683,35224,53942,872,No
2016,29,TLAXCALA,5,SAN DIONICIO YAUHQUEMEHCAN,MORENA,2949,33541,66,1683,35224,53942,2949,No
2016,29,TLAXCALA,5,SAN DIONICIO YAUHQUEMEHCAN,ES,610,33541,66,1683,35224,53942,610,No
2016,29,TLAXCALA,5,SAN DIONICIO YAUHQUEMEHCAN,PRI_PVEM_NUAL,8443,33541,66,1683,35224,53942,8443,Sí
2016,29,TLAXCALA,6,IXTACUIXTLA DE MARIANO MATAMOROS,PAN,3395,38753,443,2679,41432,62676,3395,No
2016,29,TLAXCALA,6,IXTACUIXTLA DE MARIANO MATAMOROS,PRD,9425,38753,443,2679,41432,62676,9425,No
2016,29,TLAXCALA,6,IXTACUIXTLA DE MARIANO MATAMOROS,PT,1386,38753,443,2679,41432,62676,1386,No
2016,29,TLAXCALA,6,IXTACUIXTLA DE MARIANO MATAMOROS,PVEM,1249,38753,443,2679,41432,62676,1249,No
2016,29,TLAXCALA,6,IXTACUIXTLA DE MARIANO MATAMOROS,MC,2477,38753,443,2679,41432,62676,2477,No
2016,29,TLAXCALA,6,IXTACUIXTLA DE MARIANO MATAMOROS,PAC,6034,38753,443,2679,41432,62676,6034,No
2016,29,TLAXCALA,6,IXTACUIXTLA DE MARIANO MATAMOROS,PS,1602,38753,443,2679,41432,62676,1602,No
2016,29,TLAXCALA,6,IXTACUIXTLA DE MARIANO MATAMOROS,MORENA,3854,38753,443,2679,41432,62676,3854,No
2016,29,TLAXCALA,6,IXTACUIXTLA DE MARIANO MATAMOROS,ES,1253,38753,443,2679,41432,62676,1253,No
2016,29,TLAXCALA,6,IXTACUIXTLA DE MARIANO MATAMOROS,PRI_NUAL,7635,38753,443,2679,41432,62676,7635,Sí
2016,29,TLAXCALA,7,TLAXCALA DE XICOHTENCATL,PAN,5249,41942,2450,2336,44278,70480,5249,No
2016,29,TLAXCALA,7,TLAXCALA DE XICOHTENCATL,PRD,9880,41942,2450,2336,44278,70480,9880,No
2016,29,TLAXCALA,7,TLAXCALA DE XICOHTENCATL,PT,882,41942,2450,2336,44278,70480,882,No
2016,29,TLAXCALA,7,TLAXCALA DE XICOHTENCATL,MC,1283,41942,2450,2336,44278,70480,1283,No
2016,29,TLAXCALA,7,TLAXCALA DE XICOHTENCATL,PAC,3635,41942,2450,2336,44278,70480,3635,No
2016,29,TLAXCALA,7,TLAXCALA DE XICOHTENCATL,PS,1241,41942,2450,2336,44278,70480,1241,No
2016,29,TLAXCALA,7,TLAXCALA DE XICOHTENCATL,MORENA,5094,41942,2450,2336,44278,70480,5094,No
2016,29,TLAXCALA,7,TLAXCALA DE XICOHTENCATL,ES,1140,41942,2450,2336,44278,70480,1140,No
2016,29,TLAXCALA,7,TLAXCALA DE XICOHTENCATL,PRI_PVEM_NUAL,10483,41942,2450,2336,44278,70480,10483,Sí
2016,29,TLAXCALA,7,TLAXCALA DE XICOHTENCATL,Candidatura Independiente,605,41942,2450,2336,44278,70480,605,No
2016,29,TLAXCALA,8,SAN BERNARDINO CONTLA,PAN,9288,37869,29,2104,39973,57134,9288,No
2016,29,TLAXCALA,8,SAN BERNARDINO CONTLA,PRD,9955,37869,29,2104,39973,57134,9955,No
2016,29,TLAXCALA,8,SAN BERNARDINO CONTLA,PT,1203,37869,29,2104,39973,57134,1203,No
2016,29,TLAXCALA,8,SAN BERNARDINO CONTLA,MC,954,37869,29,2104,39973,57134,954,No
2016,29,TLAXCALA,8,SAN BERNARDINO CONTLA,PAC,2314,37869,29,2104,39973,57134,2314,No
2016,29,TLAXCALA,8,SAN BERNARDINO CONTLA,PS,760,37869,29,2104,39973,57134,760,No
2016,29,TLAXCALA,8,SAN BERNARDINO CONTLA,MORENA,4189,37869,29,2104,39973,57134,4189,No
2016,29,TLAXCALA,8,SAN BERNARDINO CONTLA,ES,853,37869,29,2104,39973,57134,853,No
2016,29,TLAXCALA,8,SAN BERNARDINO CONTLA,PRI_PVEM_NUAL,8324,37869,29,2104,39973,57134,8324,Sí
2016,29,TLAXCALA,9,SANTA ANA CHIAUTEMPAN,PAN,5949,39651,38,2355,42006,63205,5949,No
2016,29,TLAXCALA,9,SANTA ANA CHIAUTEMPAN,PRD,5534,39651,38,2355,42006,63205,5534,No
2016,29,TLAXCALA,9,SANTA ANA CHIAUTEMPAN,PT,7766,39651,38,2355,42006,63205,7766,No
2016,29,TLAXCALA,9,SANTA ANA CHIAUTEMPAN,MC,1498,39651,38,2355,42006,63205,1498,No
2016,29,TLAXCALA,9,SANTA ANA CHIAUTEMPAN,PAC,5244,39651,38,2355,42006,63205,5244,No
2016,29,TLAXCALA,9,SANTA ANA CHIAUTEMPAN,PS,743,39651,38,2355,42006,63205,743,No
2016,29,TLAXCALA,9,SANTA ANA CHIAUTEMPAN,MORENA,4442,39651,38,2355,42006,63205,4442,No
2016,29,TLAXCALA,9,SANTA ANA CHIAUTEMPAN,ES,1248,39651,38,2355,42006,63205,1248,No
2016,29,TLAXCALA,9,SANTA ANA CHIAUTEMPAN,PRI_PVEM_NUAL,7189,39651,38,2355,42006,63205,7189,Sí
2016,30,VERACRUZ,1,PANUCO,PAN,22747,102153,74,2572,104799,193283,22747,No
2016,30,VERACRUZ,1,PANUCO,PRI,20845,102153,74,2572,104799,193283,20845,No
2016,30,VERACRUZ,1,PANUCO,PRD,2738,102153,74,2572,104799,193283,2738,No
2016,30,VERACRUZ,1,PANUCO,PVEM,34010,102153,74,2572,104799,193283,34010,No
2016,30,VERACRUZ,1,PANUCO,PT,754,102153,74,2572,104799,193283,754,No
2016,30,VERACRUZ,1,PANUCO,MC,3419,102153,74,2572,104799,193283,3419,No
2016,30,VERACRUZ,1,PANUCO,NUAL,1155,102153,74,2572,104799,193283,1155,No
2016,30,VERACRUZ,1,PANUCO,AVE,365,102153,74,2572,104799,193283,365,No
2016,30,VERACRUZ,1,PANUCO,PC,354,102153,74,2572,104799,193283,354,No
2016,30,VERACRUZ,1,PANUCO,MORENA,8886,102153,74,2572,104799,193283,8886,No
2016,30,VERACRUZ,1,PANUCO,ES,487,102153,74,2572,104799,193283,487,No
2016,30,VERACRUZ,1,PANUCO,PAN_PRD,861,102153,74,2572,104799,193283,26346,Sí
2016,30,VERACRUZ,1,PANUCO,PRI_PVEM_NUAL_AVE,72,102153,74,2572,104799,193283,56447,Sí
2016,30,VERACRUZ,1,PANUCO,PRI_PVEM_NUAL,44,102153,74,2572,104799,193283,56054,Sí
2016,30,VERACRUZ,1,PANUCO,PRI_PVEM_AVE,90,102153,74,2572,104799,193283,55310,Sí
2016,30,VERACRUZ,1,PANUCO,PRI_NUAL_AVE,10,102153,74,2572,104799,193283,22375,Sí
2016,30,VERACRUZ,1,PANUCO,PVEM_NUAL_AVE,13,102153,74,2572,104799,193283,35543,Sí
2016,30,VERACRUZ,1,PANUCO,PRI_PVEM,2191,102153,74,2572,104799,193283,57046,Sí
2016,30,VERACRUZ,1,PANUCO,PRI_NUAL,20,102153,74,2572,104799,193283,22020,Sí
2016,30,VERACRUZ,1,PANUCO,PRI_AVE,10,102153,74,2572,104799,193283,21220,Sí
2016,30,VERACRUZ,1,PANUCO,PVEM_NUAL,58,102153,74,2572,104799,193283,35223,Sí
2016,30,VERACRUZ,1,PANUCO,PVEM_AVE,26,102153,74,2572,104799,193283,34401,Sí
2016,30,VERACRUZ,1,PANUCO,NUAL_AVE,7,102153,74,2572,104799,193283,1527,Sí
2016,30,VERACRUZ,1,PANUCO,Candidatura Independiente,2991,102153,74,2572,104799,193283,2991,No
2016,30,VERACRUZ,10,XALAPA I,PAN,20329,92844,1826,3753,98423,177680,20329,No
2016,30,VERACRUZ,10,XALAPA I,PRI,13865,92844,1826,3753,98423,177680,13865,No
2016,30,VERACRUZ,10,XALAPA I,PRD,3841,92844,1826,3753,98423,177680,3841,No
2016,30,VERACRUZ,10,XALAPA I,PVEM,2137,92844,1826,3753,98423,177680,2137,No
2016,30,VERACRUZ,10,XALAPA I,PT,1603,92844,1826,3753,98423,177680,1603,No
2016,30,VERACRUZ,10,XALAPA I,MC,3322,92844,1826,3753,98423,177680,3322,No
2016,30,VERACRUZ,10,XALAPA I,NUAL,1200,92844,1826,3753,98423,177680,1200,No
2016,30,VERACRUZ,10,XALAPA I,AVE,1898,92844,1826,3753,98423,177680,1898,No
2016,30,VERACRUZ,10,XALAPA I,PC,1875,92844,1826,3753,98423,177680,1875,No
2016,30,VERACRUZ,10,XALAPA I,MORENA,38719,92844,1826,3753,98423,177680,38719,No
2016,30,VERACRUZ,10,XALAPA I,ES,2986,92844,1826,3753,98423,177680,2986,No
2016,30,VERACRUZ,10,XALAPA I,PAN_PRD,1069,92844,1826,3753,98423,177680,25239,Sí
2016,30,VERACRUZ,10,XALAPA I,PRI_PVEM_NUAL_AVE,0,92844,1826,3753,98423,177680,19100,Sí
2016,30,VERACRUZ,10,XALAPA I,PRI_PVEM_NUAL,0,92844,1826,3753,98423,177680,17202,Sí
2016,30,VERACRUZ,10,XALAPA I,PRI_PVEM_AVE,0,92844,1826,3753,98423,177680,17900,Sí
2016,30,VERACRUZ,10,XALAPA I,PRI_NUAL_AVE,0,92844,1826,3753,98423,177680,16963,Sí
2016,30,VERACRUZ,10,XALAPA I,PVEM_NUAL_AVE,0,92844,1826,3753,98423,177680,5235,Sí
2016,30,VERACRUZ,10,XALAPA I,PRI_PVEM,0,92844,1826,3753,98423,177680,16002,Sí
2016,30,VERACRUZ,10,XALAPA I,PRI_NUAL,0,92844,1826,3753,98423,177680,15065,Sí
2016,30,VERACRUZ,10,XALAPA I,PRI_AVE,0,92844,1826,3753,98423,177680,15763,Sí
2016,30,VERACRUZ,10,XALAPA I,PVEM_NUAL,0,92844,1826,3753,98423,177680,3337,Sí
2016,30,VERACRUZ,10,XALAPA I,PVEM_AVE,0,92844,1826,3753,98423,177680,4035,Sí
2016,30,VERACRUZ,10,XALAPA I,NUAL_AVE,0,92844,1826,3753,98423,177680,3098,Sí
2016,30,VERACRUZ,11,XALAPA II,PAN,26459,101994,147,3530,105671,183827,26459,No
2016,30,VERACRUZ,11,XALAPA II,PRI,15391,101994,147,3530,105671,183827,15391,No
2016,30,VERACRUZ,11,XALAPA II,PRD,2882,101994,147,3530,105671,183827,2882,No
2016,30,VERACRUZ,11,XALAPA II,PVEM,2057,101994,147,3530,105671,183827,2057,No
2016,30,VERACRUZ,11,XALAPA II,PT,1338,101994,147,3530,105671,183827,1338,No
2016,30,VERACRUZ,11,XALAPA II,MC,3831,101994,147,3530,105671,183827,3831,No
2016,30,VERACRUZ,11,XALAPA II,NUAL,1270,101994,147,3530,105671,183827,1270,No
2016,30,VERACRUZ,11,XALAPA II,AVE,794,101994,147,3530,105671,183827,794,No
2016,30,VERACRUZ,11,XALAPA II,PC,2909,101994,147,3530,105671,183827,2909,No
2016,30,VERACRUZ,11,XALAPA II,MORENA,35232,101994,147,3530,105671,183827,35232,No
2016,30,VERACRUZ,11,XALAPA II,ES,3940,101994,147,3530,105671,183827,3940,No
2016,30,VERACRUZ,11,XALAPA II,PAN_PRD,1325,101994,147,3530,105671,183827,30666,Sí
2016,30,VERACRUZ,11,XALAPA II,PRI_PVEM_NUAL_AVE,143,101994,147,3530,105671,183827,19655,Sí
2016,30,VERACRUZ,11,XALAPA II,PRI_PVEM_NUAL,44,101994,147,3530,105671,183827,18762,Sí
2016,30,VERACRUZ,11,XALAPA II,PRI_PVEM_AVE,89,101994,147,3530,105671,183827,18331,Sí
2016,30,VERACRUZ,11,XALAPA II,PRI_NUAL_AVE,8,101994,147,3530,105671,183827,17463,Sí
2016,30,VERACRUZ,11,XALAPA II,PVEM_NUAL_AVE,6,101994,147,3530,105671,183827,4127,Sí
2016,30,VERACRUZ,11,XALAPA II,PRI_PVEM,347,101994,147,3530,105671,183827,17795,Sí
2016,30,VERACRUZ,11,XALAPA II,PRI_NUAL,23,101994,147,3530,105671,183827,16684,Sí
2016,30,VERACRUZ,11,XALAPA II,PRI_AVE,18,101994,147,3530,105671,183827,16203,Sí
2016,30,VERACRUZ,11,XALAPA II,PVEM_NUAL,8,101994,147,3530,105671,183827,3335,Sí
2016,30,VERACRUZ,11,XALAPA II,PVEM_AVE,8,101994,147,3530,105671,183827,2859,Sí
2016,30,VERACRUZ,11,XALAPA II,NUAL_AVE,12,101994,147,3530,105671,183827,2076,Sí
2016,30,VERACRUZ,11,XALAPA II,Candidatura Independiente,1942,101994,147,3530,105671,183827,1942,No
2016,30,VERACRUZ,11,XALAPA II,Candidatura Independiente,1918,101994,147,3530,105671,183827,1918,No
2016,30,VERACRUZ,12,COATEPEC,PAN,22219,91574,93,4480,96147,175236,22219,No
2016,30,VERACRUZ,12,COATEPEC,PRI,14450,91574,93,4480,96147,175236,14450,No
2016,30,VERACRUZ,12,COATEPEC,PRD,3898,91574,93,4480,96147,175236,3898,No
2016,30,VERACRUZ,12,COATEPEC,PVEM,7251,91574,93,4480,96147,175236,7251,No
2016,30,VERACRUZ,12,COATEPEC,PT,1196,91574,93,4480,96147,175236,1196,No
2016,30,VERACRUZ,12,COATEPEC,MC,1082,91574,93,4480,96147,175236,1082,No
2016,30,VERACRUZ,12,COATEPEC,NUAL,1003,91574,93,4480,96147,175236,1003,No
2016,30,VERACRUZ,12,COATEPEC,AVE,12197,91574,93,4480,96147,175236,12197,No
2016,30,VERACRUZ,12,COATEPEC,PC,1089,91574,93,4480,96147,175236,1089,No
2016,30,VERACRUZ,12,COATEPEC,MORENA,23509,91574,93,4480,96147,175236,23509,No
2016,30,VERACRUZ,12,COATEPEC,ES,1476,91574,93,4480,96147,175236,1476,No
2016,30,VERACRUZ,12,COATEPEC,PAN_PRD,1080,91574,93,4480,96147,175236,27197,Sí
2016,30,VERACRUZ,12,COATEPEC,PRI_PVEM_NUAL_AVE,0,91574,93,4480,96147,175236,34901,Sí
2016,30,VERACRUZ,12,COATEPEC,PRI_PVEM_NUAL,0,91574,93,4480,96147,175236,22704,Sí
2016,30,VERACRUZ,12,COATEPEC,PRI_PVEM_AVE,0,91574,93,4480,96147,175236,33898,Sí
2016,30,VERACRUZ,12,COATEPEC,PRI_NUAL_AVE,0,91574,93,4480,96147,175236,27650,Sí
2016,30,VERACRUZ,12,COATEPEC,PVEM_NUAL_AVE,0,91574,93,4480,96147,175236,20451,Sí
2016,30,VERACRUZ,12,COATEPEC,PRI_PVEM,0,91574,93,4480,96147,175236,21701,Sí
2016,30,VERACRUZ,12,COATEPEC,PRI_NUAL,0,91574,93,4480,96147,175236,15453,Sí
2016,30,VERACRUZ,12,COATEPEC,PRI_AVE,0,91574,93,4480,96147,175236,26647,Sí
2016,30,VERACRUZ,12,COATEPEC,PVEM_NUAL,0,91574,93,4480,96147,175236,8254,Sí
2016,30,VERACRUZ,12,COATEPEC,PVEM_AVE,0,91574,93,4480,96147,175236,19448,Sí
2016,30,VERACRUZ,12,COATEPEC,NUAL_AVE,0,91574,93,4480,96147,175236,13200,Sí
2016,30,VERACRUZ,12,COATEPEC,Candidatura Independiente,1124,91574,93,4480,96147,175236,1124,No
2016,30,VERACRUZ,13,EMILIANO ZAPATA,PAN,33845,97604,104,2750,100458,182984,33845,No
2016,30,VERACRUZ,13,EMILIANO ZAPATA,PRI,23104,97604,104,2750,100458,182984,23104,No
2016,30,VERACRUZ,13,EMILIANO ZAPATA,PRD,7559,97604,104,2750,100458,182984,7559,No
2016,30,VERACRUZ,13,EMILIANO ZAPATA,PVEM,2085,97604,104,2750,100458,182984,2085,No
2016,30,VERACRUZ,13,EMILIANO ZAPATA,PT,2308,97604,104,2750,100458,182984,2308,No
2016,30,VERACRUZ,13,EMILIANO ZAPATA,MC,2462,97604,104,2750,100458,182984,2462,No
2016,30,VERACRUZ,13,EMILIANO ZAPATA,NUAL,968,97604,104,2750,100458,182984,968,No
2016,30,VERACRUZ,13,EMILIANO ZAPATA,AVE,837,97604,104,2750,100458,182984,837,No
2016,30,VERACRUZ,13,EMILIANO ZAPATA,PC,1862,97604,104,2750,100458,182984,1862,No
2016,30,VERACRUZ,13,EMILIANO ZAPATA,MORENA,16902,97604,104,2750,100458,182984,16902,No
2016,30,VERACRUZ,13,EMILIANO ZAPATA,ES,1340,97604,104,2750,100458,182984,1340,No
2016,30,VERACRUZ,13,EMILIANO ZAPATA,PAN_PRD,2341,97604,104,2750,100458,182984,43745,Sí
2016,30,VERACRUZ,13,EMILIANO ZAPATA,PRI_PVEM_NUAL_AVE,64,97604,104,2750,100458,182984,27058,Sí
2016,30,VERACRUZ,13,EMILIANO ZAPATA,PRI_PVEM_NUAL,20,97604,104,2750,100458,182984,26177,Sí
2016,30,VERACRUZ,13,EMILIANO ZAPATA,PRI_PVEM_AVE,61,97604,104,2750,100458,182984,26087,Sí
2016,30,VERACRUZ,13,EMILIANO ZAPATA,PRI_NUAL_AVE,8,97604,104,2750,100458,182984,24917,Sí
2016,30,VERACRUZ,13,EMILIANO ZAPATA,PVEM_NUAL_AVE,3,97604,104,2750,100458,182984,3893,Sí
2016,30,VERACRUZ,13,EMILIANO ZAPATA,PRI_PVEM,473,97604,104,2750,100458,182984,25662,Sí
2016,30,VERACRUZ,13,EMILIANO ZAPATA,PRI_NUAL,28,97604,104,2750,100458,182984,24100,Sí
2016,30,VERACRUZ,13,EMILIANO ZAPATA,PRI_AVE,29,97604,104,2750,100458,182984,23970,Sí
2016,30,VERACRUZ,13,EMILIANO ZAPATA,PVEM_NUAL,4,97604,104,2750,100458,182984,3057,Sí
2016,30,VERACRUZ,13,EMILIANO ZAPATA,PVEM_AVE,7,97604,104,2750,100458,182984,2929,Sí
2016,30,VERACRUZ,13,EMILIANO ZAPATA,NUAL_AVE,10,97604,104,2750,100458,182984,1815,Sí
2016,30,VERACRUZ,13,EMILIANO ZAPATA,Candidatura Independiente,1284,97604,104,2750,100458,182984,1284,No
2016,30,VERACRUZ,14,VERACRUZ I,PAN,52193,107423,84,3421,110928,217523,52193,No
2016,30,VERACRUZ,14,VERACRUZ I,PRI,17738,107423,84,3421,110928,217523,17738,No
2016,30,VERACRUZ,14,VERACRUZ I,PRD,2368,107423,84,3421,110928,217523,2368,No
2016,30,VERACRUZ,14,VERACRUZ I,PVEM,2135,107423,84,3421,110928,217523,2135,No
2016,30,VERACRUZ,14,VERACRUZ I,PT,1146,107423,84,3421,110928,217523,1146,No
2016,30,VERACRUZ,14,VERACRUZ I,MC,3221,107423,84,3421,110928,217523,3221,No
2016,30,VERACRUZ,14,VERACRUZ I,NUAL,2044,107423,84,3421,110928,217523,2044,No
2016,30,VERACRUZ,14,VERACRUZ I,AVE,691,107423,84,3421,110928,217523,691,No
2016,30,VERACRUZ,14,VERACRUZ I,PC,822,107423,84,3421,110928,217523,822,No
2016,30,VERACRUZ,14,VERACRUZ I,MORENA,18244,107423,84,3421,110928,217523,18244,No
2016,30,VERACRUZ,14,VERACRUZ I,ES,2052,107423,84,3421,110928,217523,2052,No
2016,30,VERACRUZ,14,VERACRUZ I,PAN_PRD,2538,107423,84,3421,110928,217523,57099,Sí
2016,30,VERACRUZ,14,VERACRUZ I,PRI_PVEM_NUAL_AVE,178,107423,84,3421,110928,217523,22786,Sí
2016,30,VERACRUZ,14,VERACRUZ I,PRI_PVEM_NUAL,69,107423,84,3421,110928,217523,21986,Sí
2016,30,VERACRUZ,14,VERACRUZ I,PRI_PVEM_AVE,119,107423,84,3421,110928,217523,20683,Sí
2016,30,VERACRUZ,14,VERACRUZ I,PRI_NUAL_AVE,11,107423,84,3421,110928,217523,20484,Sí
2016,30,VERACRUZ,14,VERACRUZ I,PVEM_NUAL_AVE,6,107423,84,3421,110928,217523,4876,Sí
2016,30,VERACRUZ,14,VERACRUZ I,PRI_PVEM,722,107423,84,3421,110928,217523,20595,Sí
2016,30,VERACRUZ,14,VERACRUZ I,PRI_NUAL,58,107423,84,3421,110928,217523,19840,Sí
2016,30,VERACRUZ,14,VERACRUZ I,PRI_AVE,26,107423,84,3421,110928,217523,18455,Sí
2016,30,VERACRUZ,14,VERACRUZ I,PVEM_NUAL,26,107423,84,3421,110928,217523,4205,Sí
2016,30,VERACRUZ,14,VERACRUZ I,PVEM_AVE,9,107423,84,3421,110928,217523,2835,Sí
2016,30,VERACRUZ,14,VERACRUZ I,NUAL_AVE,17,107423,84,3421,110928,217523,2752,Sí
2016,30,VERACRUZ,14,VERACRUZ I,Candidatura Independiente,990,107423,84,3421,110928,217523,990,No
2016,30,VERACRUZ,15,VERACRUZ II,PAN,59609,117239,163,3965,121367,227222,59609,No
2016,30,VERACRUZ,15,VERACRUZ II,PRI,18597,117239,163,3965,121367,227222,18597,No
2016,30,VERACRUZ,15,VERACRUZ II,PRD,2151,117239,163,3965,121367,227222,2151,No
2016,30,VERACRUZ,15,VERACRUZ II,PVEM,2129,117239,163,3965,121367,227222,2129,No
2016,30,VERACRUZ,15,VERACRUZ II,PT,1662,117239,163,3965,121367,227222,1662,No
2016,30,VERACRUZ,15,VERACRUZ II,MC,1799,117239,163,3965,121367,227222,1799,No
2016,30,VERACRUZ,15,VERACRUZ II,NUAL,1906,117239,163,3965,121367,227222,1906,No
2016,30,VERACRUZ,15,VERACRUZ II,AVE,751,117239,163,3965,121367,227222,751,No
2016,30,VERACRUZ,15,VERACRUZ II,PC,1105,117239,163,3965,121367,227222,1105,No
2016,30,VERACRUZ,15,VERACRUZ II,MORENA,21401,117239,163,3965,121367,227222,21401,No
2016,30,VERACRUZ,15,VERACRUZ II,ES,2190,117239,163,3965,121367,227222,2190,No
2016,30,VERACRUZ,15,VERACRUZ II,PAN_PRD,2760,117239,163,3965,121367,227222,64520,Sí
2016,30,VERACRUZ,15,VERACRUZ II,PRI_PVEM_NUAL_AVE,236,117239,163,3965,121367,227222,23619,Sí
2016,30,VERACRUZ,15,VERACRUZ II,PRI_PVEM_NUAL,69,117239,163,3965,121367,227222,22701,Sí
2016,30,VERACRUZ,15,VERACRUZ II,PRI_PVEM_AVE,82,117239,163,3965,121367,227222,21559,Sí
2016,30,VERACRUZ,15,VERACRUZ II,PRI_NUAL_AVE,15,117239,163,3965,121367,227222,21269,Sí
2016,30,VERACRUZ,15,VERACRUZ II,PVEM_NUAL_AVE,11,117239,163,3965,121367,227222,4797,Sí
2016,30,VERACRUZ,15,VERACRUZ II,PRI_PVEM,686,117239,163,3965,121367,227222,21412,Sí
2016,30,VERACRUZ,15,VERACRUZ II,PRI_NUAL,35,117239,163,3965,121367,227222,20538,Sí
2016,30,VERACRUZ,15,VERACRUZ II,PRI_AVE,18,117239,163,3965,121367,227222,19366,Sí
2016,30,VERACRUZ,15,VERACRUZ II,PVEM_NUAL,10,117239,163,3965,121367,227222,4045,Sí
2016,30,VERACRUZ,15,VERACRUZ II,PVEM_AVE,5,117239,163,3965,121367,227222,2885,Sí
2016,30,VERACRUZ,15,VERACRUZ II,NUAL_AVE,12,117239,163,3965,121367,227222,2669,Sí
2016,30,VERACRUZ,16,BOCA DEL RIO,PAN,62937,118050,104,3765,121919,207755,62937,No
2016,30,VERACRUZ,16,BOCA DEL RIO,PRI,25577,118050,104,3765,121919,207755,25577,No
2016,30,VERACRUZ,16,BOCA DEL RIO,PRD,1664,118050,104,3765,121919,207755,1664,No
2016,30,VERACRUZ,16,BOCA DEL RIO,PVEM,2735,118050,104,3765,121919,207755,2735,No
2016,30,VERACRUZ,16,BOCA DEL RIO,PT,1020,118050,104,3765,121919,207755,1020,No
2016,30,VERACRUZ,16,BOCA DEL RIO,MC,1532,118050,104,3765,121919,207755,1532,No
2016,30,VERACRUZ,16,BOCA DEL RIO,NUAL,1290,118050,104,3765,121919,207755,1290,No
2016,30,VERACRUZ,16,BOCA DEL RIO,AVE,632,118050,104,3765,121919,207755,632,No
2016,30,VERACRUZ,16,BOCA DEL RIO,PC,790,118050,104,3765,121919,207755,790,No
2016,30,VERACRUZ,16,BOCA DEL RIO,MORENA,14356,118050,104,3765,121919,207755,14356,No
2016,30,VERACRUZ,16,BOCA DEL RIO,ES,1363,118050,104,3765,121919,207755,1363,No
2016,30,VERACRUZ,16,BOCA DEL RIO,PAN_PRD,2953,118050,104,3765,121919,207755,67554,Sí
2016,30,VERACRUZ,16,BOCA DEL RIO,PRI_PVEM_NUAL_AVE,126,118050,104,3765,121919,207755,30360,Sí
2016,30,VERACRUZ,16,BOCA DEL RIO,PRI_PVEM_NUAL,54,118050,104,3765,121919,207755,29656,Sí
2016,30,VERACRUZ,16,BOCA DEL RIO,PRI_PVEM_AVE,94,118050,104,3765,121919,207755,29038,Sí
2016,30,VERACRUZ,16,BOCA DEL RIO,PRI_NUAL_AVE,10,118050,104,3765,121919,207755,27509,Sí
2016,30,VERACRUZ,16,BOCA DEL RIO,PVEM_NUAL_AVE,3,118050,104,3765,121919,207755,4660,Sí
2016,30,VERACRUZ,16,BOCA DEL RIO,PRI_PVEM,796,118050,104,3765,121919,207755,29108,Sí
2016,30,VERACRUZ,16,BOCA DEL RIO,PRI_NUAL,51,118050,104,3765,121919,207755,26918,Sí
2016,30,VERACRUZ,16,BOCA DEL RIO,PRI_AVE,45,118050,104,3765,121919,207755,26254,Sí
2016,30,VERACRUZ,16,BOCA DEL RIO,PVEM_NUAL,6,118050,104,3765,121919,207755,4031,Sí
2016,30,VERACRUZ,16,BOCA DEL RIO,PVEM_AVE,4,118050,104,3765,121919,207755,3371,Sí
2016,30,VERACRUZ,16,BOCA DEL RIO,NUAL_AVE,12,118050,104,3765,121919,207755,1934,Sí
2016,30,VERACRUZ,17,MEDELLIN,PAN,33895,97989,43,3304,101336,185371,33895,No
2016,30,VERACRUZ,17,MEDELLIN,PRI,26634,97989,43,3304,101336,185371,26634,No
2016,30,VERACRUZ,17,MEDELLIN,PRD,6358,97989,43,3304,101336,185371,6358,No
2016,30,VERACRUZ,17,MEDELLIN,PVEM,3874,97989,43,3304,101336,185371,3874,No
2016,30,VERACRUZ,17,MEDELLIN,PT,1175,97989,43,3304,101336,185371,1175,No
2016,30,VERACRUZ,17,MEDELLIN,MC,1562,97989,43,3304,101336,185371,1562,No
2016,30,VERACRUZ,17,MEDELLIN,NUAL,2138,97989,43,3304,101336,185371,2138,No
2016,30,VERACRUZ,17,MEDELLIN,AVE,2262,97989,43,3304,101336,185371,2262,No
2016,30,VERACRUZ,17,MEDELLIN,PC,641,97989,43,3304,101336,185371,641,No
2016,30,VERACRUZ,17,MEDELLIN,MORENA,16599,97989,43,3304,101336,185371,16599,No
2016,30,VERACRUZ,17,MEDELLIN,ES,924,97989,43,3304,101336,185371,924,No
2016,30,VERACRUZ,17,MEDELLIN,PAN_PRD,1927,97989,43,3304,101336,185371,42180,Sí
2016,30,VERACRUZ,17,MEDELLIN,PRI_PVEM_NUAL_AVE,0,97989,43,3304,101336,185371,34908,Sí
2016,30,VERACRUZ,17,MEDELLIN,PRI_PVEM_NUAL,0,97989,43,3304,101336,185371,32646,Sí
2016,30,VERACRUZ,17,MEDELLIN,PRI_PVEM_AVE,0,97989,43,3304,101336,185371,32770,Sí
2016,30,VERACRUZ,17,MEDELLIN,PRI_NUAL_AVE,0,97989,43,3304,101336,185371,31034,Sí
2016,30,VERACRUZ,17,MEDELLIN,PVEM_NUAL_AVE,0,97989,43,3304,101336,185371,8274,Sí
2016,30,VERACRUZ,17,MEDELLIN,PRI_PVEM,0,97989,43,3304,101336,185371,30508,Sí
2016,30,VERACRUZ,17,MEDELLIN,PRI_NUAL,0,97989,43,3304,101336,185371,28772,Sí
2016,30,VERACRUZ,17,MEDELLIN,PRI_AVE,0,97989,43,3304,101336,185371,28896,Sí
2016,30,VERACRUZ,17,MEDELLIN,PVEM_NUAL,0,97989,43,3304,101336,185371,6012,Sí
2016,30,VERACRUZ,17,MEDELLIN,PVEM_AVE,0,97989,43,3304,101336,185371,6136,Sí
2016,30,VERACRUZ,17,MEDELLIN,NUAL_AVE,0,97989,43,3304,101336,185371,4400,Sí
2016,30,VERACRUZ,18,HUATUSCO,PAN,26274,90450,79,4650,95179,172008,26274,No
2016,30,VERACRUZ,18,HUATUSCO,PRI,25805,90450,79,4650,95179,172008,25805,No
2016,30,VERACRUZ,18,HUATUSCO,PRD,6702,90450,79,4650,95179,172008,6702,No
2016,30,VERACRUZ,18,HUATUSCO,PVEM,9107,90450,79,4650,95179,172008,9107,No
2016,30,VERACRUZ,18,HUATUSCO,PT,1097,90450,79,4650,95179,172008,1097,No
2016,30,VERACRUZ,18,HUATUSCO,MC,2357,90450,79,4650,95179,172008,2357,No
2016,30,VERACRUZ,18,HUATUSCO,NUAL,1640,90450,79,4650,95179,172008,1640,No
2016,30,VERACRUZ,18,HUATUSCO,AVE,706,90450,79,4650,95179,172008,706,No
2016,30,VERACRUZ,18,HUATUSCO,PC,1689,90450,79,4650,95179,172008,1689,No
2016,30,VERACRUZ,18,HUATUSCO,MORENA,11498,90450,79,4650,95179,172008,11498,No
2016,30,VERACRUZ,18,HUATUSCO,ES,957,90450,79,4650,95179,172008,957,No
2016,30,VERACRUZ,18,HUATUSCO,PAN_PRD,2618,90450,79,4650,95179,172008,35594,Sí
2016,30,VERACRUZ,18,HUATUSCO,PRI_PVEM_NUAL_AVE,0,90450,79,4650,95179,172008,37258,Sí
2016,30,VERACRUZ,18,HUATUSCO,PRI_PVEM_NUAL,0,90450,79,4650,95179,172008,36552,Sí
2016,30,VERACRUZ,18,HUATUSCO,PRI_PVEM_AVE,0,90450,79,4650,95179,172008,35618,Sí
2016,30,VERACRUZ,18,HUATUSCO,PRI_NUAL_AVE,0,90450,79,4650,95179,172008,28151,Sí
2016,30,VERACRUZ,18,HUATUSCO,PVEM_NUAL_AVE,0,90450,79,4650,95179,172008,11453,Sí
2016,30,VERACRUZ,18,HUATUSCO,PRI_PVEM,0,90450,79,4650,95179,172008,34912,Sí
2016,30,VERACRUZ,18,HUATUSCO,PRI_NUAL,0,90450,79,4650,95179,172008,27445,Sí
2016,30,VERACRUZ,18,HUATUSCO,PRI_AVE,0,90450,79,4650,95179,172008,26511,Sí
2016,30,VERACRUZ,18,HUATUSCO,PVEM_NUAL,0,90450,79,4650,95179,172008,10747,Sí
2016,30,VERACRUZ,18,HUATUSCO,PVEM_AVE,0,90450,79,4650,95179,172008,9813,Sí
2016,30,VERACRUZ,18,HUATUSCO,NUAL_AVE,0,90450,79,4650,95179,172008,2346,Sí
2016,30,VERACRUZ,19,CORDOBA,PAN,28450,101514,197,4554,106265,194588,28450,No
2016,30,VERACRUZ,19,CORDOBA,PRI,31477,101514,197,4554,106265,194588,31477,No
2016,30,VERACRUZ,19,CORDOBA,PRD,2230,101514,197,4554,106265,194588,2230,No
2016,30,VERACRUZ,19,CORDOBA,PVEM,2083,101514,197,4554,106265,194588,2083,No
2016,30,VERACRUZ,19,CORDOBA,PT,1173,101514,197,4554,106265,194588,1173,No
2016,30,VERACRUZ,19,CORDOBA,MC,3001,101514,197,4554,106265,194588,3001,No
2016,30,VERACRUZ,19,CORDOBA,NUAL,1242,101514,197,4554,106265,194588,1242,No
2016,30,VERACRUZ,19,CORDOBA,AVE,1525,101514,197,4554,106265,194588,1525,No
2016,30,VERACRUZ,19,CORDOBA,PC,1245,101514,197,4554,106265,194588,1245,No
2016,30,VERACRUZ,19,CORDOBA,MORENA,26721,101514,197,4554,106265,194588,26721,No
2016,30,VERACRUZ,19,CORDOBA,ES,1580,101514,197,4554,106265,194588,1580,No
2016,30,VERACRUZ,19,CORDOBA,PAN_PRD,787,101514,197,4554,106265,194588,31467,Sí
2016,30,VERACRUZ,19,CORDOBA,PRI_PVEM_NUAL_AVE,0,101514,197,4554,106265,194588,36327,Sí
2016,30,VERACRUZ,19,CORDOBA,PRI_PVEM_NUAL,0,101514,197,4554,106265,194588,34802,Sí
2016,30,VERACRUZ,19,CORDOBA,PRI_PVEM_AVE,0,101514,197,4554,106265,194588,35085,Sí
2016,30,VERACRUZ,19,CORDOBA,PRI_NUAL_AVE,0,101514,197,4554,106265,194588,34244,Sí
2016,30,VERACRUZ,19,CORDOBA,PVEM_NUAL_AVE,0,101514,197,4554,106265,194588,4850,Sí
2016,30,VERACRUZ,19,CORDOBA,PRI_PVEM,0,101514,197,4554,106265,194588,33560,Sí
2016,30,VERACRUZ,19,CORDOBA,PRI_NUAL,0,101514,197,4554,106265,194588,32719,Sí
2016,30,VERACRUZ,19,CORDOBA,PRI_AVE,0,101514,197,4554,106265,194588,33002,Sí
2016,30,VERACRUZ,19,CORDOBA,PVEM_NUAL,0,101514,197,4554,106265,194588,3325,Sí
2016,30,VERACRUZ,19,CORDOBA,PVEM_AVE,0,101514,197,4554,106265,194588,3608,Sí
2016,30,VERACRUZ,19,CORDOBA,NUAL_AVE,0,101514,197,4554,106265,194588,2767,Sí
2016,30,VERACRUZ,2,TANTOYUCA,PAN,36133,115098,16,3675,118789,191491,36133,No
2016,30,VERACRUZ,2,TANTOYUCA,PRI,28368,115098,16,3675,118789,191491,28368,No
2016,30,VERACRUZ,2,TANTOYUCA,PRD,10580,115098,16,3675,118789,191491,10580,No
2016,30,VERACRUZ,2,TANTOYUCA,PVEM,16923,115098,16,3675,118789,191491,16923,No
2016,30,VERACRUZ,2,TANTOYUCA,PT,1517,115098,16,3675,118789,191491,1517,No
2016,30,VERACRUZ,2,TANTOYUCA,MC,946,115098,16,3675,118789,191491,946,No
2016,30,VERACRUZ,2,TANTOYUCA,NUAL,1538,115098,16,3675,118789,191491,1538,No
2016,30,VERACRUZ,2,TANTOYUCA,AVE,465,115098,16,3675,118789,191491,465,No
2016,30,VERACRUZ,2,TANTOYUCA,PC,968,115098,16,3675,118789,191491,968,No
2016,30,VERACRUZ,2,TANTOYUCA,MORENA,12996,115098,16,3675,118789,191491,12996,No
2016,30,VERACRUZ,2,TANTOYUCA,ES,887,115098,16,3675,118789,191491,887,No
2016,30,VERACRUZ,2,TANTOYUCA,PAN_PRD,1907,115098,16,3675,118789,191491,48620,Sí
2016,30,VERACRUZ,2,TANTOYUCA,PRI_PVEM_NUAL_AVE,74,115098,16,3675,118789,191491,47368,Sí
2016,30,VERACRUZ,2,TANTOYUCA,PRI_PVEM_NUAL,48,115098,16,3675,118789,191491,46877,Sí
2016,30,VERACRUZ,2,TANTOYUCA,PRI_PVEM_AVE,45,115098,16,3675,118789,191491,45801,Sí
2016,30,VERACRUZ,2,TANTOYUCA,PRI_NUAL_AVE,5,115098,16,3675,118789,191491,30376,Sí
2016,30,VERACRUZ,2,TANTOYUCA,PVEM_NUAL_AVE,4,115098,16,3675,118789,191491,18930,Sí
2016,30,VERACRUZ,2,TANTOYUCA,PRI_PVEM,1549,115098,16,3675,118789,191491,46840,Sí
2016,30,VERACRUZ,2,TANTOYUCA,PRI_NUAL,36,115098,16,3675,118789,191491,29942,Sí
2016,30,VERACRUZ,2,TANTOYUCA,PRI_AVE,12,115098,16,3675,118789,191491,28845,Sí
2016,30,VERACRUZ,2,TANTOYUCA,PVEM_NUAL,75,115098,16,3675,118789,191491,18536,Sí
2016,30,VERACRUZ,2,TANTOYUCA,PVEM_AVE,16,115098,16,3675,118789,191491,17404,Sí
2016,30,VERACRUZ,2,TANTOYUCA,NUAL_AVE,6,115098,16,3675,118789,191491,2009,Sí
2016,30,VERACRUZ,20,ORIZABA,PAN,22400,97930,187,4584,102701,200593,22400,No
2016,30,VERACRUZ,20,ORIZABA,PRI,16005,97930,187,4584,102701,200593,16005,No
2016,30,VERACRUZ,20,ORIZABA,PRD,4299,97930,187,4584,102701,200593,4299,No
2016,30,VERACRUZ,20,ORIZABA,PVEM,3664,97930,187,4584,102701,200593,3664,No
2016,30,VERACRUZ,20,ORIZABA,PT,1998,97930,187,4584,102701,200593,1998,No
2016,30,VERACRUZ,20,ORIZABA,MC,1872,97930,187,4584,102701,200593,1872,No
2016,30,VERACRUZ,20,ORIZABA,NUAL,1196,97930,187,4584,102701,200593,1196,No
2016,30,VERACRUZ,20,ORIZABA,AVE,860,97930,187,4584,102701,200593,860,No
2016,30,VERACRUZ,20,ORIZABA,PC,1955,97930,187,4584,102701,200593,1955,No
2016,30,VERACRUZ,20,ORIZABA,MORENA,37162,97930,187,4584,102701,200593,37162,No
2016,30,VERACRUZ,20,ORIZABA,ES,2690,97930,187,4584,102701,200593,2690,No
2016,30,VERACRUZ,20,ORIZABA,PAN_PRD,793,97930,187,4584,102701,200593,27492,Sí
2016,30,VERACRUZ,20,ORIZABA,PRI_PVEM_NUAL_AVE,41,97930,187,4584,102701,200593,21766,Sí
2016,30,VERACRUZ,20,ORIZABA,PRI_PVEM_NUAL,25,97930,187,4584,102701,200593,20890,Sí
2016,30,VERACRUZ,20,ORIZABA,PRI_PVEM_AVE,31,97930,187,4584,102701,200593,20560,Sí
2016,30,VERACRUZ,20,ORIZABA,PRI_NUAL_AVE,3,97930,187,4584,102701,200593,18064,Sí
2016,30,VERACRUZ,20,ORIZABA,PVEM_NUAL_AVE,6,97930,187,4584,102701,200593,5726,Sí
2016,30,VERACRUZ,20,ORIZABA,PRI_PVEM,474,97930,187,4584,102701,200593,20143,Sí
2016,30,VERACRUZ,20,ORIZABA,PRI_NUAL,22,97930,187,4584,102701,200593,17223,Sí
2016,30,VERACRUZ,20,ORIZABA,PRI_AVE,8,97930,187,4584,102701,200593,16873,Sí
2016,30,VERACRUZ,20,ORIZABA,PVEM_NUAL,13,97930,187,4584,102701,200593,4873,Sí
2016,30,VERACRUZ,20,ORIZABA,PVEM_AVE,4,97930,187,4584,102701,200593,4528,Sí
2016,30,VERACRUZ,20,ORIZABA,NUAL_AVE,13,97930,187,4584,102701,200593,2069,Sí
2016,30,VERACRUZ,20,ORIZABA,Candidatura Independiente,2396,97930,187,4584,102701,200593,2396,No
2016,30,VERACRUZ,21,CAMERINO Z. MENDOZA,PAN,14029,81382,84,4493,85959,169017,14029,No
2016,30,VERACRUZ,21,CAMERINO Z. MENDOZA,PRI,20613,81382,84,4493,85959,169017,20613,No
2016,30,VERACRUZ,21,CAMERINO Z. MENDOZA,PRD,8641,81382,84,4493,85959,169017,8641,No
2016,30,VERACRUZ,21,CAMERINO Z. MENDOZA,PVEM,1184,81382,84,4493,85959,169017,1184,No
2016,30,VERACRUZ,21,CAMERINO Z. MENDOZA,PT,2115,81382,84,4493,85959,169017,2115,No
2016,30,VERACRUZ,21,CAMERINO Z. MENDOZA,MC,1340,81382,84,4493,85959,169017,1340,No
2016,30,VERACRUZ,21,CAMERINO Z. MENDOZA,NUAL,1402,81382,84,4493,85959,169017,1402,No
2016,30,VERACRUZ,21,CAMERINO Z. MENDOZA,AVE,1009,81382,84,4493,85959,169017,1009,No
2016,30,VERACRUZ,21,CAMERINO Z. MENDOZA,PC,1019,81382,84,4493,85959,169017,1019,No
2016,30,VERACRUZ,21,CAMERINO Z. MENDOZA,MORENA,25625,81382,84,4493,85959,169017,25625,No
2016,30,VERACRUZ,21,CAMERINO Z. MENDOZA,ES,1785,81382,84,4493,85959,169017,1785,No
2016,30,VERACRUZ,21,CAMERINO Z. MENDOZA,PAN_PRD,1191,81382,84,4493,85959,169017,23861,Sí
2016,30,VERACRUZ,21,CAMERINO Z. MENDOZA,PRI_PVEM_NUAL_AVE,0,81382,84,4493,85959,169017,24208,Sí
2016,30,VERACRUZ,21,CAMERINO Z. MENDOZA,PRI_PVEM_NUAL,0,81382,84,4493,85959,169017,23199,Sí
2016,30,VERACRUZ,21,CAMERINO Z. MENDOZA,PRI_PVEM_AVE,0,81382,84,4493,85959,169017,22806,Sí
2016,30,VERACRUZ,21,CAMERINO Z. MENDOZA,PRI_NUAL_AVE,0,81382,84,4493,85959,169017,23024,Sí
2016,30,VERACRUZ,21,CAMERINO Z. MENDOZA,PVEM_NUAL_AVE,0,81382,84,4493,85959,169017,3595,Sí
2016,30,VERACRUZ,21,CAMERINO Z. MENDOZA,PRI_PVEM,0,81382,84,4493,85959,169017,21797,Sí
2016,30,VERACRUZ,21,CAMERINO Z. MENDOZA,PRI_NUAL,0,81382,84,4493,85959,169017,22015,Sí
2016,30,VERACRUZ,21,CAMERINO Z. MENDOZA,PRI_AVE,0,81382,84,4493,85959,169017,21622,Sí
2016,30,VERACRUZ,21,CAMERINO Z. MENDOZA,PVEM_NUAL,0,81382,84,4493,85959,169017,2586,Sí
2016,30,VERACRUZ,21,CAMERINO Z. MENDOZA,PVEM_AVE,0,81382,84,4493,85959,169017,2193,Sí
2016,30,VERACRUZ,21,CAMERINO Z. MENDOZA,NUAL_AVE,0,81382,84,4493,85959,169017,2411,Sí
2016,30,VERACRUZ,21,CAMERINO Z. MENDOZA,Candidatura Independiente,1429,81382,84,4493,85959,169017,1429,No
2016,30,VERACRUZ,22,ZONGOLICA,PAN,25462,89352,24,5687,95063,162438,25462,No
2016,30,VERACRUZ,22,ZONGOLICA,PRI,16276,89352,24,5687,95063,162438,16276,No
2016,30,VERACRUZ,22,ZONGOLICA,PRD,8601,89352,24,5687,95063,162438,8601,No
2016,30,VERACRUZ,22,ZONGOLICA,PVEM,17571,89352,24,5687,95063,162438,17571,No
2016,30,VERACRUZ,22,ZONGOLICA,PT,1847,89352,24,5687,95063,162438,1847,No
2016,30,VERACRUZ,22,ZONGOLICA,MC,1051,89352,24,5687,95063,162438,1051,No
2016,30,VERACRUZ,22,ZONGOLICA,NUAL,2198,89352,24,5687,95063,162438,2198,No
2016,30,VERACRUZ,22,ZONGOLICA,AVE,915,89352,24,5687,95063,162438,915,No
2016,30,VERACRUZ,22,ZONGOLICA,PC,844,89352,24,5687,95063,162438,844,No
2016,30,VERACRUZ,22,ZONGOLICA,MORENA,11789,89352,24,5687,95063,162438,11789,No
2016,30,VERACRUZ,22,ZONGOLICA,ES,956,89352,24,5687,95063,162438,956,No
2016,30,VERACRUZ,22,ZONGOLICA,PAN_PRD,1842,89352,24,5687,95063,162438,35905,Sí
2016,30,VERACRUZ,22,ZONGOLICA,PRI_PVEM_NUAL_AVE,0,89352,24,5687,95063,162438,36960,Sí
2016,30,VERACRUZ,22,ZONGOLICA,PRI_PVEM_NUAL,0,89352,24,5687,95063,162438,36045,Sí
2016,30,VERACRUZ,22,ZONGOLICA,PRI_PVEM_AVE,0,89352,24,5687,95063,162438,34762,Sí
2016,30,VERACRUZ,22,ZONGOLICA,PRI_NUAL_AVE,0,89352,24,5687,95063,162438,19389,Sí
2016,30,VERACRUZ,22,ZONGOLICA,PVEM_NUAL_AVE,0,89352,24,5687,95063,162438,20684,Sí
2016,30,VERACRUZ,22,ZONGOLICA,PRI_PVEM,0,89352,24,5687,95063,162438,33847,Sí
2016,30,VERACRUZ,22,ZONGOLICA,PRI_NUAL,0,89352,24,5687,95063,162438,18474,Sí
2016,30,VERACRUZ,22,ZONGOLICA,PRI_AVE,0,89352,24,5687,95063,162438,17191,Sí
2016,30,VERACRUZ,22,ZONGOLICA,PVEM_NUAL,0,89352,24,5687,95063,162438,19769,Sí
2016,30,VERACRUZ,22,ZONGOLICA,PVEM_AVE,0,89352,24,5687,95063,162438,18486,Sí
2016,30,VERACRUZ,22,ZONGOLICA,NUAL_AVE,0,89352,24,5687,95063,162438,3113,Sí
2016,30,VERACRUZ,23,COSAMALOAPAN,PAN,34354,102985,50,3956,106991,199506,34354,No
2016,30,VERACRUZ,23,COSAMALOAPAN,PRI,34962,102985,50,3956,106991,199506,34962,No
2016,30,VERACRUZ,23,COSAMALOAPAN,PRD,2844,102985,50,3956,106991,199506,2844,No
2016,30,VERACRUZ,23,COSAMALOAPAN,PVEM,2787,102985,50,3956,106991,199506,2787,No
2016,30,VERACRUZ,23,COSAMALOAPAN,PT,2191,102985,50,3956,106991,199506,2191,No
2016,30,VERACRUZ,23,COSAMALOAPAN,MC,1285,102985,50,3956,106991,199506,1285,No
2016,30,VERACRUZ,23,COSAMALOAPAN,NUAL,1662,102985,50,3956,106991,199506,1662,No
2016,30,VERACRUZ,23,COSAMALOAPAN,AVE,605,102985,50,3956,106991,199506,605,No
2016,30,VERACRUZ,23,COSAMALOAPAN,PC,849,102985,50,3956,106991,199506,849,No
2016,30,VERACRUZ,23,COSAMALOAPAN,MORENA,18947,102985,50,3956,106991,199506,18947,No
2016,30,VERACRUZ,23,COSAMALOAPAN,ES,856,102985,50,3956,106991,199506,856,No
2016,30,VERACRUZ,23,COSAMALOAPAN,PAN_PRD,1643,102985,50,3956,106991,199506,38841,Sí
2016,30,VERACRUZ,23,COSAMALOAPAN,PRI_PVEM_NUAL_AVE,0,102985,50,3956,106991,199506,40016,Sí
2016,30,VERACRUZ,23,COSAMALOAPAN,PRI_PVEM_NUAL,0,102985,50,3956,106991,199506,39411,Sí
2016,30,VERACRUZ,23,COSAMALOAPAN,PRI_PVEM_AVE,0,102985,50,3956,106991,199506,38354,Sí
2016,30,VERACRUZ,23,COSAMALOAPAN,PRI_NUAL_AVE,0,102985,50,3956,106991,199506,37229,Sí
2016,30,VERACRUZ,23,COSAMALOAPAN,PVEM_NUAL_AVE,0,102985,50,3956,106991,199506,5054,Sí
2016,30,VERACRUZ,23,COSAMALOAPAN,PRI_PVEM,0,102985,50,3956,106991,199506,37749,Sí
2016,30,VERACRUZ,23,COSAMALOAPAN,PRI_NUAL,0,102985,50,3956,106991,199506,36624,Sí
2016,30,VERACRUZ,23,COSAMALOAPAN,PRI_AVE,0,102985,50,3956,106991,199506,35567,Sí
2016,30,VERACRUZ,23,COSAMALOAPAN,PVEM_NUAL,0,102985,50,3956,106991,199506,4449,Sí
2016,30,VERACRUZ,23,COSAMALOAPAN,PVEM_AVE,0,102985,50,3956,106991,199506,3392,Sí
2016,30,VERACRUZ,23,COSAMALOAPAN,NUAL_AVE,0,102985,50,3956,106991,199506,2267,Sí
2016,30,VERACRUZ,24,SANTIAGO TUXTLA,PAN,22249,93466,91,3746,97303,194287,22249,No
2016,30,VERACRUZ,24,SANTIAGO TUXTLA,PRI,32612,93466,91,3746,97303,194287,32612,No
2016,30,VERACRUZ,24,SANTIAGO TUXTLA,PRD,11300,93466,91,3746,97303,194287,11300,No
2016,30,VERACRUZ,24,SANTIAGO TUXTLA,PVEM,1569,93466,91,3746,97303,194287,1569,No
2016,30,VERACRUZ,24,SANTIAGO TUXTLA,PT,1582,93466,91,3746,97303,194287,1582,No
2016,30,VERACRUZ,24,SANTIAGO TUXTLA,MC,1626,93466,91,3746,97303,194287,1626,No
2016,30,VERACRUZ,24,SANTIAGO TUXTLA,NUAL,1060,93466,91,3746,97303,194287,1060,No
2016,30,VERACRUZ,24,SANTIAGO TUXTLA,AVE,736,93466,91,3746,97303,194287,736,No
2016,30,VERACRUZ,24,SANTIAGO TUXTLA,PC,665,93466,91,3746,97303,194287,665,No
2016,30,VERACRUZ,24,SANTIAGO TUXTLA,MORENA,14391,93466,91,3746,97303,194287,14391,No
2016,30,VERACRUZ,24,SANTIAGO TUXTLA,ES,542,93466,91,3746,97303,194287,542,No
2016,30,VERACRUZ,24,SANTIAGO TUXTLA,PAN_PRD,3741,93466,91,3746,97303,194287,37290,Sí
2016,30,VERACRUZ,24,SANTIAGO TUXTLA,PRI_PVEM_NUAL_AVE,0,93466,91,3746,97303,194287,35977,Sí
2016,30,VERACRUZ,24,SANTIAGO TUXTLA,PRI_PVEM_NUAL,0,93466,91,3746,97303,194287,35241,Sí
2016,30,VERACRUZ,24,SANTIAGO TUXTLA,PRI_PVEM_AVE,0,93466,91,3746,97303,194287,34917,Sí
2016,30,VERACRUZ,24,SANTIAGO TUXTLA,PRI_NUAL_AVE,0,93466,91,3746,97303,194287,34408,Sí
2016,30,VERACRUZ,24,SANTIAGO TUXTLA,PVEM_NUAL_AVE,0,93466,91,3746,97303,194287,3365,Sí
2016,30,VERACRUZ,24,SANTIAGO TUXTLA,PRI_PVEM,0,93466,91,3746,97303,194287,34181,Sí
2016,30,VERACRUZ,24,SANTIAGO TUXTLA,PRI_NUAL,0,93466,91,3746,97303,194287,33672,Sí
2016,30,VERACRUZ,24,SANTIAGO TUXTLA,PRI_AVE,0,93466,91,3746,97303,194287,33348,Sí
2016,30,VERACRUZ,24,SANTIAGO TUXTLA,PVEM_NUAL,0,93466,91,3746,97303,194287,2629,Sí
2016,30,VERACRUZ,24,SANTIAGO TUXTLA,PVEM_AVE,0,93466,91,3746,97303,194287,2305,Sí
2016,30,VERACRUZ,24,SANTIAGO TUXTLA,NUAL_AVE,0,93466,91,3746,97303,194287,1796,Sí
2016,30,VERACRUZ,24,SANTIAGO TUXTLA,Candidatura Independiente,1393,93466,91,3746,97303,194287,1393,No
2016,30,VERACRUZ,25,SAN ANDRES TUXTLA,PAN,12019,84707,72,5709,90488,178466,12019,No
2016,30,VERACRUZ,25,SAN ANDRES TUXTLA,PRI,8003,84707,72,5709,90488,178466,8003,No
2016,30,VERACRUZ,25,SAN ANDRES TUXTLA,PRD,3947,84707,72,5709,90488,178466,3947,No
2016,30,VERACRUZ,25,SAN ANDRES TUXTLA,PVEM,2191,84707,72,5709,90488,178466,2191,No
2016,30,VERACRUZ,25,SAN ANDRES TUXTLA,PT,990,84707,72,5709,90488,178466,990,No
2016,30,VERACRUZ,25,SAN ANDRES TUXTLA,MC,1934,84707,72,5709,90488,178466,1934,No
2016,30,VERACRUZ,25,SAN ANDRES TUXTLA,NUAL,34079,84707,72,5709,90488,178466,34079,No
2016,30,VERACRUZ,25,SAN ANDRES TUXTLA,AVE,601,84707,72,5709,90488,178466,601,No
2016,30,VERACRUZ,25,SAN ANDRES TUXTLA,PC,1096,84707,72,5709,90488,178466,1096,No
2016,30,VERACRUZ,25,SAN ANDRES TUXTLA,MORENA,15862,84707,72,5709,90488,178466,15862,No
2016,30,VERACRUZ,25,SAN ANDRES TUXTLA,ES,2755,84707,72,5709,90488,178466,2755,No
2016,30,VERACRUZ,25,SAN ANDRES TUXTLA,PAN_PRD,1230,84707,72,5709,90488,178466,17196,Sí
2016,30,VERACRUZ,25,SAN ANDRES TUXTLA,PRI_PVEM_NUAL_AVE,0,84707,72,5709,90488,178466,44874,Sí
2016,30,VERACRUZ,25,SAN ANDRES TUXTLA,PRI_PVEM_NUAL,0,84707,72,5709,90488,178466,44273,Sí
2016,30,VERACRUZ,25,SAN ANDRES TUXTLA,PRI_PVEM_AVE,0,84707,72,5709,90488,178466,10795,Sí
2016,30,VERACRUZ,25,SAN ANDRES TUXTLA,PRI_NUAL_AVE,0,84707,72,5709,90488,178466,42683,Sí
2016,30,VERACRUZ,25,SAN ANDRES TUXTLA,PVEM_NUAL_AVE,0,84707,72,5709,90488,178466,36871,Sí
2016,30,VERACRUZ,25,SAN ANDRES TUXTLA,PRI_PVEM,0,84707,72,5709,90488,178466,10194,Sí
2016,30,VERACRUZ,25,SAN ANDRES TUXTLA,PRI_NUAL,0,84707,72,5709,90488,178466,42082,Sí
2016,30,VERACRUZ,25,SAN ANDRES TUXTLA,PRI_AVE,0,84707,72,5709,90488,178466,8604,Sí
2016,30,VERACRUZ,25,SAN ANDRES TUXTLA,PVEM_NUAL,0,84707,72,5709,90488,178466,36270,Sí
2016,30,VERACRUZ,25,SAN ANDRES TUXTLA,PVEM_AVE,0,84707,72,5709,90488,178466,2792,Sí
2016,30,VERACRUZ,25,SAN ANDRES TUXTLA,NUAL_AVE,0,84707,72,5709,90488,178466,34680,Sí
2016,30,VERACRUZ,26,COSOLEACAQUE,PAN,16288,97926,29,5076,103031,204741,16288,No
2016,30,VERACRUZ,26,COSOLEACAQUE,PRI,23920,97926,29,5076,103031,204741,23920,No
2016,30,VERACRUZ,26,COSOLEACAQUE,PRD,8456,97926,29,5076,103031,204741,8456,No
2016,30,VERACRUZ,26,COSOLEACAQUE,PVEM,1822,97926,29,5076,103031,204741,1822,No
2016,30,VERACRUZ,26,COSOLEACAQUE,PT,1623,97926,29,5076,103031,204741,1623,No
2016,30,VERACRUZ,26,COSOLEACAQUE,MC,829,97926,29,5076,103031,204741,829,No
2016,30,VERACRUZ,26,COSOLEACAQUE,NUAL,3891,97926,29,5076,103031,204741,3891,No
2016,30,VERACRUZ,26,COSOLEACAQUE,AVE,1480,97926,29,5076,103031,204741,1480,No
2016,30,VERACRUZ,26,COSOLEACAQUE,PC,1138,97926,29,5076,103031,204741,1138,No
2016,30,VERACRUZ,26,COSOLEACAQUE,MORENA,32785,97926,29,5076,103031,204741,32785,No
2016,30,VERACRUZ,26,COSOLEACAQUE,ES,2821,97926,29,5076,103031,204741,2821,No
2016,30,VERACRUZ,26,COSOLEACAQUE,PAN_PRD,1668,97926,29,5076,103031,204741,26412,Sí
2016,30,VERACRUZ,26,COSOLEACAQUE,PRI_PVEM_NUAL_AVE,123,97926,29,5076,103031,204741,31236,Sí
2016,30,VERACRUZ,26,COSOLEACAQUE,PRI_PVEM_NUAL,60,97926,29,5076,103031,204741,29693,Sí
2016,30,VERACRUZ,26,COSOLEACAQUE,PRI_PVEM_AVE,66,97926,29,5076,103031,204741,27288,Sí
2016,30,VERACRUZ,26,COSOLEACAQUE,PRI_NUAL_AVE,11,97926,29,5076,103031,204741,29302,Sí
2016,30,VERACRUZ,26,COSOLEACAQUE,PVEM_NUAL_AVE,18,97926,29,5076,103031,204741,7211,Sí
2016,30,VERACRUZ,26,COSOLEACAQUE,PRI_PVEM,590,97926,29,5076,103031,204741,26332,Sí
2016,30,VERACRUZ,26,COSOLEACAQUE,PRI_NUAL,215,97926,29,5076,103031,204741,28026,Sí
2016,30,VERACRUZ,26,COSOLEACAQUE,PRI_AVE,52,97926,29,5076,103031,204741,25452,Sí
2016,30,VERACRUZ,26,COSOLEACAQUE,PVEM_NUAL,23,97926,29,5076,103031,204741,5736,Sí
2016,30,VERACRUZ,26,COSOLEACAQUE,PVEM_AVE,9,97926,29,5076,103031,204741,3311,Sí
2016,30,VERACRUZ,26,COSOLEACAQUE,NUAL_AVE,38,97926,29,5076,103031,204741,5409,Sí
2016,30,VERACRUZ,27,ACAYUCAN,PAN,18126,87816,55,3151,91022,181385,18126,No
2016,30,VERACRUZ,27,ACAYUCAN,PRI,20048,87816,55,3151,91022,181385,20048,No
2016,30,VERACRUZ,27,ACAYUCAN,PRD,5970,87816,55,3151,91022,181385,5970,No
2016,30,VERACRUZ,27,ACAYUCAN,PVEM,3054,87816,55,3151,91022,181385,3054,No
2016,30,VERACRUZ,27,ACAYUCAN,PT,1427,87816,55,3151,91022,181385,1427,No
2016,30,VERACRUZ,27,ACAYUCAN,MC,6234,87816,55,3151,91022,181385,6234,No
2016,30,VERACRUZ,27,ACAYUCAN,NUAL,1076,87816,55,3151,91022,181385,1076,No
2016,30,VERACRUZ,27,ACAYUCAN,AVE,6386,87816,55,3151,91022,181385,6386,No
2016,30,VERACRUZ,27,ACAYUCAN,PC,990,87816,55,3151,91022,181385,990,No
2016,30,VERACRUZ,27,ACAYUCAN,MORENA,20258,87816,55,3151,91022,181385,20258,No
2016,30,VERACRUZ,27,ACAYUCAN,ES,1387,87816,55,3151,91022,181385,1387,No
2016,30,VERACRUZ,27,ACAYUCAN,PAN_PRD,1773,87816,55,3151,91022,181385,25869,Sí
2016,30,VERACRUZ,27,ACAYUCAN,PRI_PVEM_NUAL_AVE,224,87816,55,3151,91022,181385,30788,Sí
2016,30,VERACRUZ,27,ACAYUCAN,PRI_PVEM_NUAL,11,87816,55,3151,91022,181385,24189,Sí
2016,30,VERACRUZ,27,ACAYUCAN,PRI_PVEM_AVE,123,87816,55,3151,91022,181385,29611,Sí
2016,30,VERACRUZ,27,ACAYUCAN,PRI_NUAL_AVE,10,87816,55,3151,91022,181385,27520,Sí
2016,30,VERACRUZ,27,ACAYUCAN,PVEM_NUAL_AVE,2,87816,55,3151,91022,181385,10518,Sí
2016,30,VERACRUZ,27,ACAYUCAN,PRI_PVEM,383,87816,55,3151,91022,181385,23485,Sí
2016,30,VERACRUZ,27,ACAYUCAN,PRI_NUAL,22,87816,55,3151,91022,181385,21146,Sí
2016,30,VERACRUZ,27,ACAYUCAN,PRI_AVE,224,87816,55,3151,91022,181385,26658,Sí
2016,30,VERACRUZ,27,ACAYUCAN,PVEM_NUAL,11,87816,55,3151,91022,181385,4141,Sí
2016,30,VERACRUZ,27,ACAYUCAN,PVEM_AVE,54,87816,55,3151,91022,181385,9494,Sí
2016,30,VERACRUZ,27,ACAYUCAN,NUAL_AVE,23,87816,55,3151,91022,181385,7485,Sí
2016,30,VERACRUZ,28,MINATITLAN,PAN,15276,84304,77,3173,87554,173581,15276,No
2016,30,VERACRUZ,28,MINATITLAN,PRI,26042,84304,77,3173,87554,173581,26042,No
2016,30,VERACRUZ,28,MINATITLAN,PRD,5077,84304,77,3173,87554,173581,5077,No
2016,30,VERACRUZ,28,MINATITLAN,PVEM,1984,84304,77,3173,87554,173581,1984,No
2016,30,VERACRUZ,28,MINATITLAN,PT,993,84304,77,3173,87554,173581,993,No
2016,30,VERACRUZ,28,MINATITLAN,MC,990,84304,77,3173,87554,173581,990,No
2016,30,VERACRUZ,28,MINATITLAN,NUAL,604,84304,77,3173,87554,173581,604,No
2016,30,VERACRUZ,28,MINATITLAN,AVE,833,84304,77,3173,87554,173581,833,No
2016,30,VERACRUZ,28,MINATITLAN,PC,611,84304,77,3173,87554,173581,611,No
2016,30,VERACRUZ,28,MINATITLAN,MORENA,28659,84304,77,3173,87554,173581,28659,No
2016,30,VERACRUZ,28,MINATITLAN,ES,1711,84304,77,3173,87554,173581,1711,No
2016,30,VERACRUZ,28,MINATITLAN,PAN_PRD,1524,84304,77,3173,87554,173581,21877,Sí
2016,30,VERACRUZ,28,MINATITLAN,PRI_PVEM_NUAL_AVE,0,84304,77,3173,87554,173581,29463,Sí
2016,30,VERACRUZ,28,MINATITLAN,PRI_PVEM_NUAL,0,84304,77,3173,87554,173581,28630,Sí
2016,30,VERACRUZ,28,MINATITLAN,PRI_PVEM_AVE,0,84304,77,3173,87554,173581,28859,Sí
2016,30,VERACRUZ,28,MINATITLAN,PRI_NUAL_AVE,0,84304,77,3173,87554,173581,27479,Sí
2016,30,VERACRUZ,28,MINATITLAN,PVEM_NUAL_AVE,0,84304,77,3173,87554,173581,3421,Sí
2016,30,VERACRUZ,28,MINATITLAN,PRI_PVEM,0,84304,77,3173,87554,173581,28026,Sí
2016,30,VERACRUZ,28,MINATITLAN,PRI_NUAL,0,84304,77,3173,87554,173581,26646,Sí
2016,30,VERACRUZ,28,MINATITLAN,PRI_AVE,0,84304,77,3173,87554,173581,26875,Sí
2016,30,VERACRUZ,28,MINATITLAN,PVEM_NUAL,0,84304,77,3173,87554,173581,2588,Sí
2016,30,VERACRUZ,28,MINATITLAN,PVEM_AVE,0,84304,77,3173,87554,173581,2817,Sí
2016,30,VERACRUZ,28,MINATITLAN,NUAL_AVE,0,84304,77,3173,87554,173581,1437,Sí
2016,30,VERACRUZ,29,COATZACOALCOS I,PAN,7308,95673,125,3343,99141,195052,7308,No
2016,30,VERACRUZ,29,COATZACOALCOS I,PRI,20571,95673,125,3343,99141,195052,20571,No
2016,30,VERACRUZ,29,COATZACOALCOS I,PRD,2341,95673,125,3343,99141,195052,2341,No
2016,30,VERACRUZ,29,COATZACOALCOS I,PVEM,5017,95673,125,3343,99141,195052,5017,No
2016,30,VERACRUZ,29,COATZACOALCOS I,PT,1941,95673,125,3343,99141,195052,1941,No
2016,30,VERACRUZ,29,COATZACOALCOS I,MC,1522,95673,125,3343,99141,195052,1522,No
2016,30,VERACRUZ,29,COATZACOALCOS I,NUAL,2233,95673,125,3343,99141,195052,2233,No
2016,30,VERACRUZ,29,COATZACOALCOS I,AVE,1635,95673,125,3343,99141,195052,1635,No
2016,30,VERACRUZ,29,COATZACOALCOS I,PC,1286,95673,125,3343,99141,195052,1286,No
2016,30,VERACRUZ,29,COATZACOALCOS I,MORENA,49202,95673,125,3343,99141,195052,49202,No
2016,30,VERACRUZ,29,COATZACOALCOS I,ES,2169,95673,125,3343,99141,195052,2169,No
2016,30,VERACRUZ,29,COATZACOALCOS I,PAN_PRD,448,95673,125,3343,99141,195052,10097,Sí
2016,30,VERACRUZ,29,COATZACOALCOS I,PRI_PVEM_NUAL_AVE,0,95673,125,3343,99141,195052,29456,Sí
2016,30,VERACRUZ,29,COATZACOALCOS I,PRI_PVEM_NUAL,0,95673,125,3343,99141,195052,27821,Sí
2016,30,VERACRUZ,29,COATZACOALCOS I,PRI_PVEM_AVE,0,95673,125,3343,99141,195052,27223,Sí
2016,30,VERACRUZ,29,COATZACOALCOS I,PRI_NUAL_AVE,0,95673,125,3343,99141,195052,24439,Sí
2016,30,VERACRUZ,29,COATZACOALCOS I,PVEM_NUAL_AVE,0,95673,125,3343,99141,195052,8885,Sí
2016,30,VERACRUZ,29,COATZACOALCOS I,PRI_PVEM,0,95673,125,3343,99141,195052,25588,Sí
2016,30,VERACRUZ,29,COATZACOALCOS I,PRI_NUAL,0,95673,125,3343,99141,195052,22804,Sí
2016,30,VERACRUZ,29,COATZACOALCOS I,PRI_AVE,0,95673,125,3343,99141,195052,22206,Sí
2016,30,VERACRUZ,29,COATZACOALCOS I,PVEM_NUAL,0,95673,125,3343,99141,195052,7250,Sí
2016,30,VERACRUZ,29,COATZACOALCOS I,PVEM_AVE,0,95673,125,3343,99141,195052,6652,Sí
2016,30,VERACRUZ,29,COATZACOALCOS I,NUAL_AVE,0,95673,125,3343,99141,195052,3868,Sí
2016,30,VERACRUZ,3,TUXPAN,PAN,24135,96923,61,3366,100350,205347,24135,No
2016,30,VERACRUZ,3,TUXPAN,PRI,22599,96923,61,3366,100350,205347,22599,No
2016,30,VERACRUZ,3,TUXPAN,PRD,11538,96923,61,3366,100350,205347,11538,No
2016,30,VERACRUZ,3,TUXPAN,PVEM,4382,96923,61,3366,100350,205347,4382,No
2016,30,VERACRUZ,3,TUXPAN,PT,1891,96923,61,3366,100350,205347,1891,No
2016,30,VERACRUZ,3,TUXPAN,MC,824,96923,61,3366,100350,205347,824,No
2016,30,VERACRUZ,3,TUXPAN,NUAL,1259,96923,61,3366,100350,205347,1259,No
2016,30,VERACRUZ,3,TUXPAN,AVE,1409,96923,61,3366,100350,205347,1409,No
2016,30,VERACRUZ,3,TUXPAN,PC,1108,96923,61,3366,100350,205347,1108,No
2016,30,VERACRUZ,3,TUXPAN,MORENA,23869,96923,61,3366,100350,205347,23869,No
2016,30,VERACRUZ,3,TUXPAN,ES,1121,96923,61,3366,100350,205347,1121,No
2016,30,VERACRUZ,3,TUXPAN,PAN_PRD,1822,96923,61,3366,100350,205347,37495,Sí
2016,30,VERACRUZ,3,TUXPAN,PRI_PVEM_NUAL_AVE,121,96923,61,3366,100350,205347,29770,Sí
2016,30,VERACRUZ,3,TUXPAN,PRI_PVEM_NUAL,43,96923,61,3366,100350,205347,28283,Sí
2016,30,VERACRUZ,3,TUXPAN,PRI_PVEM_AVE,56,96923,61,3366,100350,205347,28446,Sí
2016,30,VERACRUZ,3,TUXPAN,PRI_NUAL_AVE,7,96923,61,3366,100350,205347,25274,Sí
2016,30,VERACRUZ,3,TUXPAN,PVEM_NUAL_AVE,4,96923,61,3366,100350,205347,7054,Sí
2016,30,VERACRUZ,3,TUXPAN,PRI_PVEM,624,96923,61,3366,100350,205347,27605,Sí
2016,30,VERACRUZ,3,TUXPAN,PRI_NUAL,33,96923,61,3366,100350,205347,23891,Sí
2016,30,VERACRUZ,3,TUXPAN,PRI_AVE,33,96923,61,3366,100350,205347,24041,Sí
2016,30,VERACRUZ,3,TUXPAN,PVEM_NUAL,24,96923,61,3366,100350,205347,5665,Sí
2016,30,VERACRUZ,3,TUXPAN,PVEM_AVE,14,96923,61,3366,100350,205347,5805,Sí
2016,30,VERACRUZ,3,TUXPAN,NUAL_AVE,7,96923,61,3366,100350,205347,2675,Sí
2016,30,VERACRUZ,30,COATZACOALCOS II,PAN,6418,81976,66,3420,85462,185400,6418,No
2016,30,VERACRUZ,30,COATZACOALCOS II,PRI,16318,81976,66,3420,85462,185400,16318,No
2016,30,VERACRUZ,30,COATZACOALCOS II,PRD,4281,81976,66,3420,85462,185400,4281,No
2016,30,VERACRUZ,30,COATZACOALCOS II,PVEM,5428,81976,66,3420,85462,185400,5428,No
2016,30,VERACRUZ,30,COATZACOALCOS II,PT,966,81976,66,3420,85462,185400,966,No
2016,30,VERACRUZ,30,COATZACOALCOS II,MC,743,81976,66,3420,85462,185400,743,No
2016,30,VERACRUZ,30,COATZACOALCOS II,NUAL,2727,81976,66,3420,85462,185400,2727,No
2016,30,VERACRUZ,30,COATZACOALCOS II,AVE,1204,81976,66,3420,85462,185400,1204,No
2016,30,VERACRUZ,30,COATZACOALCOS II,PC,538,81976,66,3420,85462,185400,538,No
2016,30,VERACRUZ,30,COATZACOALCOS II,MORENA,37743,81976,66,3420,85462,185400,37743,No
2016,30,VERACRUZ,30,COATZACOALCOS II,ES,1339,81976,66,3420,85462,185400,1339,No
2016,30,VERACRUZ,30,COATZACOALCOS II,PAN_PRD,609,81976,66,3420,85462,185400,11308,Sí
2016,30,VERACRUZ,30,COATZACOALCOS II,PRI_PVEM_NUAL_AVE,0,81976,66,3420,85462,185400,25677,Sí
2016,30,VERACRUZ,30,COATZACOALCOS II,PRI_PVEM_NUAL,0,81976,66,3420,85462,185400,24473,Sí
2016,30,VERACRUZ,30,COATZACOALCOS II,PRI_PVEM_AVE,0,81976,66,3420,85462,185400,22950,Sí
2016,30,VERACRUZ,30,COATZACOALCOS II,PRI_NUAL_AVE,0,81976,66,3420,85462,185400,20249,Sí
2016,30,VERACRUZ,30,COATZACOALCOS II,PVEM_NUAL_AVE,0,81976,66,3420,85462,185400,9359,Sí
2016,30,VERACRUZ,30,COATZACOALCOS II,PRI_PVEM,0,81976,66,3420,85462,185400,21746,Sí
2016,30,VERACRUZ,30,COATZACOALCOS II,PRI_NUAL,0,81976,66,3420,85462,185400,19045,Sí
2016,30,VERACRUZ,30,COATZACOALCOS II,PRI_AVE,0,81976,66,3420,85462,185400,17522,Sí
2016,30,VERACRUZ,30,COATZACOALCOS II,PVEM_NUAL,0,81976,66,3420,85462,185400,8155,Sí
2016,30,VERACRUZ,30,COATZACOALCOS II,PVEM_AVE,0,81976,66,3420,85462,185400,6632,Sí
2016,30,VERACRUZ,30,COATZACOALCOS II,NUAL_AVE,0,81976,66,3420,85462,185400,3931,Sí
2016,30,VERACRUZ,30,COATZACOALCOS II,Candidatura Independiente,3662,81976,66,3420,85462,185400,3662,No
2016,30,VERACRUZ,4,ALAMO TEMAPACHE,PAN,31969,115938,45,4263,120246,201760,31969,No
2016,30,VERACRUZ,4,ALAMO TEMAPACHE,PRI,40479,115938,45,4263,120246,201760,40479,No
2016,30,VERACRUZ,4,ALAMO TEMAPACHE,PRD,9932,115938,45,4263,120246,201760,9932,No
2016,30,VERACRUZ,4,ALAMO TEMAPACHE,PVEM,5340,115938,45,4263,120246,201760,5340,No
2016,30,VERACRUZ,4,ALAMO TEMAPACHE,PT,2387,115938,45,4263,120246,201760,2387,No
2016,30,VERACRUZ,4,ALAMO TEMAPACHE,MC,2161,115938,45,4263,120246,201760,2161,No
2016,30,VERACRUZ,4,ALAMO TEMAPACHE,NUAL,1196,115938,45,4263,120246,201760,1196,No
2016,30,VERACRUZ,4,ALAMO TEMAPACHE,AVE,858,115938,45,4263,120246,201760,858,No
2016,30,VERACRUZ,4,ALAMO TEMAPACHE,PC,1107,115938,45,4263,120246,201760,1107,No
2016,30,VERACRUZ,4,ALAMO TEMAPACHE,MORENA,14925,115938,45,4263,120246,201760,14925,No
2016,30,VERACRUZ,4,ALAMO TEMAPACHE,ES,1525,115938,45,4263,120246,201760,1525,No
2016,30,VERACRUZ,4,ALAMO TEMAPACHE,PAN_PRD,1869,115938,45,4263,120246,201760,43770,Sí
2016,30,VERACRUZ,4,ALAMO TEMAPACHE,PRI_PVEM_NUAL_AVE,73,115938,45,4263,120246,201760,47946,Sí
2016,30,VERACRUZ,4,ALAMO TEMAPACHE,PRI_PVEM_NUAL,47,115938,45,4263,120246,201760,47062,Sí
2016,30,VERACRUZ,4,ALAMO TEMAPACHE,PRI_PVEM_AVE,35,115938,45,4263,120246,201760,46712,Sí
2016,30,VERACRUZ,4,ALAMO TEMAPACHE,PRI_NUAL_AVE,8,115938,45,4263,120246,201760,42541,Sí
2016,30,VERACRUZ,4,ALAMO TEMAPACHE,PVEM_NUAL_AVE,2,115938,45,4263,120246,201760,7396,Sí
2016,30,VERACRUZ,4,ALAMO TEMAPACHE,PRI_PVEM,781,115938,45,4263,120246,201760,46600,Sí
2016,30,VERACRUZ,4,ALAMO TEMAPACHE,PRI_NUAL,36,115938,45,4263,120246,201760,41711,Sí
2016,30,VERACRUZ,4,ALAMO TEMAPACHE,PRI_AVE,22,115938,45,4263,120246,201760,41359,Sí
2016,30,VERACRUZ,4,ALAMO TEMAPACHE,PVEM_NUAL,30,115938,45,4263,120246,201760,6566,Sí
2016,30,VERACRUZ,4,ALAMO TEMAPACHE,PVEM_AVE,13,115938,45,4263,120246,201760,6211,Sí
2016,30,VERACRUZ,4,ALAMO TEMAPACHE,NUAL_AVE,11,115938,45,4263,120246,201760,2065,Sí
2016,30,VERACRUZ,4,ALAMO TEMAPACHE,Candidatura Independiente,1132,115938,45,4263,120246,201760,1132,No
2016,30,VERACRUZ,5,POZA RICA,PAN,16735,91930,70,3061,95061,184805,16735,No
2016,30,VERACRUZ,5,POZA RICA,PRI,19551,91930,70,3061,95061,184805,19551,No
2016,30,VERACRUZ,5,POZA RICA,PRD,11516,91930,70,3061,95061,184805,11516,No
2016,30,VERACRUZ,5,POZA RICA,PVEM,2534,91930,70,3061,95061,184805,2534,No
2016,30,VERACRUZ,5,POZA RICA,PT,1233,91930,70,3061,95061,184805,1233,No
2016,30,VERACRUZ,5,POZA RICA,MC,1700,91930,70,3061,95061,184805,1700,No
2016,30,VERACRUZ,5,POZA RICA,NUAL,2716,91930,70,3061,95061,184805,2716,No
2016,30,VERACRUZ,5,POZA RICA,AVE,2100,91930,70,3061,95061,184805,2100,No
2016,30,VERACRUZ,5,POZA RICA,PC,2383,91930,70,3061,95061,184805,2383,No
2016,30,VERACRUZ,5,POZA RICA,MORENA,23553,91930,70,3061,95061,184805,23553,No
2016,30,VERACRUZ,5,POZA RICA,ES,981,91930,70,3061,95061,184805,981,No
2016,30,VERACRUZ,5,POZA RICA,PAN_PRD,2015,91930,70,3061,95061,184805,30266,Sí
2016,30,VERACRUZ,5,POZA RICA,PRI_PVEM_NUAL_AVE,0,91930,70,3061,95061,184805,26901,Sí
2016,30,VERACRUZ,5,POZA RICA,PRI_PVEM_NUAL,0,91930,70,3061,95061,184805,24801,Sí
2016,30,VERACRUZ,5,POZA RICA,PRI_PVEM_AVE,0,91930,70,3061,95061,184805,24185,Sí
2016,30,VERACRUZ,5,POZA RICA,PRI_NUAL_AVE,0,91930,70,3061,95061,184805,24367,Sí
2016,30,VERACRUZ,5,POZA RICA,PVEM_NUAL_AVE,0,91930,70,3061,95061,184805,7350,Sí
2016,30,VERACRUZ,5,POZA RICA,PRI_PVEM,0,91930,70,3061,95061,184805,22085,Sí
2016,30,VERACRUZ,5,POZA RICA,PRI_NUAL,0,91930,70,3061,95061,184805,22267,Sí
2016,30,VERACRUZ,5,POZA RICA,PRI_AVE,0,91930,70,3061,95061,184805,21651,Sí
2016,30,VERACRUZ,5,POZA RICA,PVEM_NUAL,0,91930,70,3061,95061,184805,5250,Sí
2016,30,VERACRUZ,5,POZA RICA,PVEM_AVE,0,91930,70,3061,95061,184805,4634,Sí
2016,30,VERACRUZ,5,POZA RICA,NUAL_AVE,0,91930,70,3061,95061,184805,4816,Sí
2016,30,VERACRUZ,5,POZA RICA,Candidatura Independiente,4913,91930,70,3061,95061,184805,4913,No
2016,30,VERACRUZ,6,PAPANTLA,PAN,18131,107874,35,4071,111980,195530,18131,No
2016,30,VERACRUZ,6,PAPANTLA,PRI,35361,107874,35,4071,111980,195530,35361,No
2016,30,VERACRUZ,6,PAPANTLA,PRD,12456,107874,35,4071,111980,195530,12456,No
2016,30,VERACRUZ,6,PAPANTLA,PVEM,7073,107874,35,4071,111980,195530,7073,No
2016,30,VERACRUZ,6,PAPANTLA,PT,1961,107874,35,4071,111980,195530,1961,No
2016,30,VERACRUZ,6,PAPANTLA,MC,2755,107874,35,4071,111980,195530,2755,No
2016,30,VERACRUZ,6,PAPANTLA,NUAL,1454,107874,35,4071,111980,195530,1454,No
2016,30,VERACRUZ,6,PAPANTLA,AVE,11369,107874,35,4071,111980,195530,11369,No
2016,30,VERACRUZ,6,PAPANTLA,PC,945,107874,35,4071,111980,195530,945,No
2016,30,VERACRUZ,6,PAPANTLA,MORENA,12512,107874,35,4071,111980,195530,12512,No
2016,30,VERACRUZ,6,PAPANTLA,ES,609,107874,35,4071,111980,195530,609,No
2016,30,VERACRUZ,6,PAPANTLA,PAN_PRD,2367,107874,35,4071,111980,195530,32954,Sí
2016,30,VERACRUZ,6,PAPANTLA,PRI_PVEM_NUAL_AVE,0,107874,35,4071,111980,195530,55257,Sí
2016,30,VERACRUZ,6,PAPANTLA,PRI_PVEM_NUAL,0,107874,35,4071,111980,195530,43888,Sí
2016,30,VERACRUZ,6,PAPANTLA,PRI_PVEM_AVE,0,107874,35,4071,111980,195530,53803,Sí
2016,30,VERACRUZ,6,PAPANTLA,PRI_NUAL_AVE,0,107874,35,4071,111980,195530,48184,Sí
2016,30,VERACRUZ,6,PAPANTLA,PVEM_NUAL_AVE,0,107874,35,4071,111980,195530,19896,Sí
2016,30,VERACRUZ,6,PAPANTLA,PRI_PVEM,0,107874,35,4071,111980,195530,42434,Sí
2016,30,VERACRUZ,6,PAPANTLA,PRI_NUAL,0,107874,35,4071,111980,195530,36815,Sí
2016,30,VERACRUZ,6,PAPANTLA,PRI_AVE,0,107874,35,4071,111980,195530,46730,Sí
2016,30,VERACRUZ,6,PAPANTLA,PVEM_NUAL,0,107874,35,4071,111980,195530,8527,Sí
2016,30,VERACRUZ,6,PAPANTLA,PVEM_AVE,0,107874,35,4071,111980,195530,18442,Sí
2016,30,VERACRUZ,6,PAPANTLA,NUAL_AVE,0,107874,35,4071,111980,195530,12823,Sí
2016,30,VERACRUZ,6,PAPANTLA,Candidatura Independiente,881,107874,35,4071,111980,195530,881,No
2016,30,VERACRUZ,7,MARTINEZ DE LA TORRE,PAN,20418,82700,53,3122,85875,176344,20418,No
2016,30,VERACRUZ,7,MARTINEZ DE LA TORRE,PRI,20055,82700,53,3122,85875,176344,20055,No
2016,30,VERACRUZ,7,MARTINEZ DE LA TORRE,PRD,6922,82700,53,3122,85875,176344,6922,No
2016,30,VERACRUZ,7,MARTINEZ DE LA TORRE,PVEM,4275,82700,53,3122,85875,176344,4275,No
2016,30,VERACRUZ,7,MARTINEZ DE LA TORRE,PT,3445,82700,53,3122,85875,176344,3445,No
2016,30,VERACRUZ,7,MARTINEZ DE LA TORRE,MC,906,82700,53,3122,85875,176344,906,No
2016,30,VERACRUZ,7,MARTINEZ DE LA TORRE,NUAL,1785,82700,53,3122,85875,176344,1785,No
2016,30,VERACRUZ,7,MARTINEZ DE LA TORRE,AVE,537,82700,53,3122,85875,176344,537,No
2016,30,VERACRUZ,7,MARTINEZ DE LA TORRE,PC,1522,82700,53,3122,85875,176344,1522,No
2016,30,VERACRUZ,7,MARTINEZ DE LA TORRE,MORENA,17624,82700,53,3122,85875,176344,17624,No
2016,30,VERACRUZ,7,MARTINEZ DE LA TORRE,ES,1422,82700,53,3122,85875,176344,1422,No
2016,30,VERACRUZ,7,MARTINEZ DE LA TORRE,PAN_PRD,1483,82700,53,3122,85875,176344,28823,Sí
2016,30,VERACRUZ,7,MARTINEZ DE LA TORRE,PRI_PVEM_NUAL_AVE,84,82700,53,3122,85875,176344,26736,Sí
2016,30,VERACRUZ,7,MARTINEZ DE LA TORRE,PRI_PVEM_NUAL,40,82700,53,3122,85875,176344,26155,Sí
2016,30,VERACRUZ,7,MARTINEZ DE LA TORRE,PRI_PVEM_AVE,42,82700,53,3122,85875,176344,24909,Sí
2016,30,VERACRUZ,7,MARTINEZ DE LA TORRE,PRI_NUAL_AVE,7,82700,53,3122,85875,176344,22384,Sí
2016,30,VERACRUZ,7,MARTINEZ DE LA TORRE,PVEM_NUAL_AVE,0,82700,53,3122,85875,176344,6597,Sí
2016,30,VERACRUZ,7,MARTINEZ DE LA TORRE,PRI_PVEM,471,82700,53,3122,85875,176344,24801,Sí
2016,30,VERACRUZ,7,MARTINEZ DE LA TORRE,PRI_NUAL,64,82700,53,3122,85875,176344,21904,Sí
2016,30,VERACRUZ,7,MARTINEZ DE LA TORRE,PRI_AVE,20,82700,53,3122,85875,176344,20612,Sí
2016,30,VERACRUZ,7,MARTINEZ DE LA TORRE,PVEM_NUAL,15,82700,53,3122,85875,176344,6075,Sí
2016,30,VERACRUZ,7,MARTINEZ DE LA TORRE,PVEM_AVE,4,82700,53,3122,85875,176344,4816,Sí
2016,30,VERACRUZ,7,MARTINEZ DE LA TORRE,NUAL_AVE,14,82700,53,3122,85875,176344,2336,Sí
2016,30,VERACRUZ,7,MARTINEZ DE LA TORRE,Candidatura Independiente,1056,82700,53,3122,85875,176344,1056,No
2016,30,VERACRUZ,7,MARTINEZ DE LA TORRE,Candidatura Independiente,489,82700,53,3122,85875,176344,489,No
2016,30,VERACRUZ,8,MISANTLA,PAN,18754,98999,39,3302,102340,185638,18754,No
2016,30,VERACRUZ,8,MISANTLA,PRI,14473,98999,39,3302,102340,185638,14473,No
2016,30,VERACRUZ,8,MISANTLA,PRD,8161,98999,39,3302,102340,185638,8161,No
2016,30,VERACRUZ,8,MISANTLA,PVEM,3416,98999,39,3302,102340,185638,3416,No
2016,30,VERACRUZ,8,MISANTLA,PT,13431,98999,39,3302,102340,185638,13431,No
2016,30,VERACRUZ,8,MISANTLA,MC,2521,98999,39,3302,102340,185638,2521,No
2016,30,VERACRUZ,8,MISANTLA,NUAL,1411,98999,39,3302,102340,185638,1411,No
2016,30,VERACRUZ,8,MISANTLA,AVE,10240,98999,39,3302,102340,185638,10240,No
2016,30,VERACRUZ,8,MISANTLA,PC,3015,98999,39,3302,102340,185638,3015,No
2016,30,VERACRUZ,8,MISANTLA,MORENA,19703,98999,39,3302,102340,185638,19703,No
2016,30,VERACRUZ,8,MISANTLA,ES,1396,98999,39,3302,102340,185638,1396,No
2016,30,VERACRUZ,8,MISANTLA,PAN_PRD,1463,98999,39,3302,102340,185638,28378,Sí
2016,30,VERACRUZ,8,MISANTLA,PRI_PVEM_NUAL_AVE,97,98999,39,3302,102340,185638,29637,Sí
2016,30,VERACRUZ,8,MISANTLA,PRI_PVEM_NUAL,13,98999,39,3302,102340,185638,19313,Sí
2016,30,VERACRUZ,8,MISANTLA,PRI_PVEM_AVE,105,98999,39,3302,102340,185638,28234,Sí
2016,30,VERACRUZ,8,MISANTLA,PRI_NUAL_AVE,11,98999,39,3302,102340,185638,26135,Sí
2016,30,VERACRUZ,8,MISANTLA,PVEM_NUAL_AVE,4,98999,39,3302,102340,185638,15071,Sí
2016,30,VERACRUZ,8,MISANTLA,PRI_PVEM,255,98999,39,3302,102340,185638,18144,Sí
2016,30,VERACRUZ,8,MISANTLA,PRI_NUAL,31,98999,39,3302,102340,185638,15915,Sí
2016,30,VERACRUZ,8,MISANTLA,PRI_AVE,387,98999,39,3302,102340,185638,25100,Sí
2016,30,VERACRUZ,8,MISANTLA,PVEM_NUAL,17,98999,39,3302,102340,185638,4844,Sí
2016,30,VERACRUZ,8,MISANTLA,PVEM_AVE,48,98999,39,3302,102340,185638,13704,Sí
2016,30,VERACRUZ,8,MISANTLA,NUAL_AVE,47,98999,39,3302,102340,185638,11698,Sí
2016,30,VERACRUZ,9,PEROTE,PAN,22706,87333,28,4293,91654,168267,22706,No
2016,30,VERACRUZ,9,PEROTE,PRI,27548,87333,28,4293,91654,168267,27548,No
2016,30,VERACRUZ,9,PEROTE,PRD,2824,87333,28,4293,91654,168267,2824,No
2016,30,VERACRUZ,9,PEROTE,PVEM,1154,87333,28,4293,91654,168267,1154,No
2016,30,VERACRUZ,9,PEROTE,PT,5147,87333,28,4293,91654,168267,5147,No
2016,30,VERACRUZ,9,PEROTE,MC,1771,87333,28,4293,91654,168267,1771,No
2016,30,VERACRUZ,9,PEROTE,NUAL,877,87333,28,4293,91654,168267,877,No
2016,30,VERACRUZ,9,PEROTE,AVE,4698,87333,28,4293,91654,168267,4698,No
2016,30,VERACRUZ,9,PEROTE,PC,3010,87333,28,4293,91654,168267,3010,No
2016,30,VERACRUZ,9,PEROTE,MORENA,15568,87333,28,4293,91654,168267,15568,No
2016,30,VERACRUZ,9,PEROTE,ES,890,87333,28,4293,91654,168267,890,No
2016,30,VERACRUZ,9,PEROTE,PAN_PRD,1140,87333,28,4293,91654,168267,26670,Sí
2016,30,VERACRUZ,9,PEROTE,PRI_PVEM_NUAL_AVE,0,87333,28,4293,91654,168267,34277,Sí
2016,30,VERACRUZ,9,PEROTE,PRI_PVEM_NUAL,0,87333,28,4293,91654,168267,29579,Sí
2016,30,VERACRUZ,9,PEROTE,PRI_PVEM_AVE,0,87333,28,4293,91654,168267,33400,Sí
2016,30,VERACRUZ,9,PEROTE,PRI_NUAL_AVE,0,87333,28,4293,91654,168267,33123,Sí
2016,30,VERACRUZ,9,PEROTE,PVEM_NUAL_AVE,0,87333,28,4293,91654,168267,6729,Sí
2016,30,VERACRUZ,9,PEROTE,PRI_PVEM,0,87333,28,4293,91654,168267,28702,Sí
2016,30,VERACRUZ,9,PEROTE,PRI_NUAL,0,87333,28,4293,91654,168267,28425,Sí
2016,30,VERACRUZ,9,PEROTE,PRI_AVE,0,87333,28,4293,91654,168267,32246,Sí
2016,30,VERACRUZ,9,PEROTE,PVEM_NUAL,0,87333,28,4293,91654,168267,2031,Sí
2016,30,VERACRUZ,9,PEROTE,PVEM_AVE,0,87333,28,4293,91654,168267,5852,Sí
2016,30,VERACRUZ,9,PEROTE,NUAL_AVE,0,87333,28,4293,91654,168267,5575,Sí
2016,32,ZACATECAS,1,ZACATECAS,PAN,3519,39910,50,1567,41527,71939,3519,No
2016,32,ZACATECAS,1,ZACATECAS,PRI,10159,39910,50,1567,41527,71939,10159,No
2016,32,ZACATECAS,1,ZACATECAS,PRD,2140,39910,50,1567,41527,71939,2140,No
2016,32,ZACATECAS,1,ZACATECAS,PT,1357,39910,50,1567,41527,71939,1357,No
2016,32,ZACATECAS,1,ZACATECAS,PVEM,1293,39910,50,1567,41527,71939,1293,No
2016,32,ZACATECAS,1,ZACATECAS,MC,1705,39910,50,1567,41527,71939,1705,No
2016,32,ZACATECAS,1,ZACATECAS,NUAL,717,39910,50,1567,41527,71939,717,No
2016,32,ZACATECAS,1,ZACATECAS,MORENA,13750,39910,50,1567,41527,71939,13750,No
2016,32,ZACATECAS,1,ZACATECAS,ES,2152,39910,50,1567,41527,71939,2152,No
2016,32,ZACATECAS,1,ZACATECAS,PRD_PAN,201,39910,50,1567,41527,71939,5860,Sí
2016,32,ZACATECAS,1,ZACATECAS,PRI_PVEM_NUAL,52,39910,50,1567,41527,71939,12221,Sí
2016,32,ZACATECAS,1,ZACATECAS,PRI_PVEM,79,39910,50,1567,41527,71939,11531,Sí
2016,32,ZACATECAS,1,ZACATECAS,PRI_NUAL,38,39910,50,1567,41527,71939,10914,Sí
2016,32,ZACATECAS,1,ZACATECAS,PVEM_NUAL,19,39910,50,1567,41527,71939,2029,Sí
2016,32,ZACATECAS,1,ZACATECAS,Candidatura Independiente,2729,39910,50,1567,41527,71939,2729,No
2016,32,ZACATECAS,10,JEREZ,PAN,10268,35965,67,1625,37657,64535,10268,No
2016,32,ZACATECAS,10,JEREZ,PRI,10755,35965,67,1625,37657,64535,10755,No
2016,32,ZACATECAS,10,JEREZ,PRD,1532,35965,67,1625,37657,64535,1532,No
2016,32,ZACATECAS,10,JEREZ,PT,1985,35965,67,1625,37657,64535,1985,No
2016,32,ZACATECAS,10,JEREZ,PVEM,868,35965,67,1625,37657,64535,868,No
2016,32,ZACATECAS,10,JEREZ,MC,379,35965,67,1625,37657,64535,379,No
2016,32,ZACATECAS,10,JEREZ,NUAL,1242,35965,67,1625,37657,64535,1242,No
2016,32,ZACATECAS,10,JEREZ,MORENA,7471,35965,67,1625,37657,64535,7471,No
2016,32,ZACATECAS,10,JEREZ,ES,1014,35965,67,1625,37657,64535,1014,No
2016,32,ZACATECAS,10,JEREZ,PRD_PAN,295,35965,67,1625,37657,64535,12095,Sí
2016,32,ZACATECAS,10,JEREZ,PRI_PVEM_NUAL,72,35965,67,1625,37657,64535,12937,Sí
2016,32,ZACATECAS,10,JEREZ,PRI_PVEM,56,35965,67,1625,37657,64535,11679,Sí
2016,32,ZACATECAS,10,JEREZ,PRI_NUAL,22,35965,67,1625,37657,64535,12019,Sí
2016,32,ZACATECAS,10,JEREZ,PVEM_NUAL,6,35965,67,1625,37657,64535,2116,Sí
2016,32,ZACATECAS,11,VILLANUEVA,PAN,2612,37183,14,1328,38525,59822,2612,No
2016,32,ZACATECAS,11,VILLANUEVA,PRI,12096,37183,14,1328,38525,59822,12096,No
2016,32,ZACATECAS,11,VILLANUEVA,PRD,9531,37183,14,1328,38525,59822,9531,No
2016,32,ZACATECAS,11,VILLANUEVA,PT,2324,37183,14,1328,38525,59822,2324,No
2016,32,ZACATECAS,11,VILLANUEVA,PVEM,1977,37183,14,1328,38525,59822,1977,No
2016,32,ZACATECAS,11,VILLANUEVA,MC,840,37183,14,1328,38525,59822,840,No
2016,32,ZACATECAS,11,VILLANUEVA,NUAL,1366,37183,14,1328,38525,59822,1366,No
2016,32,ZACATECAS,11,VILLANUEVA,MORENA,3524,37183,14,1328,38525,59822,3524,No
2016,32,ZACATECAS,11,VILLANUEVA,ES,1580,37183,14,1328,38525,59822,1580,No
2016,32,ZACATECAS,11,VILLANUEVA,PRD_PAN,595,37183,14,1328,38525,59822,12738,Sí
2016,32,ZACATECAS,11,VILLANUEVA,PRI_PVEM_NUAL,372,37183,14,1328,38525,59822,15811,Sí
2016,32,ZACATECAS,11,VILLANUEVA,PRI_PVEM,243,37183,14,1328,38525,59822,14316,Sí
2016,32,ZACATECAS,11,VILLANUEVA,PRI_NUAL,101,37183,14,1328,38525,59822,13563,Sí
2016,32,ZACATECAS,11,VILLANUEVA,PVEM_NUAL,22,37183,14,1328,38525,59822,3365,Sí
2016,32,ZACATECAS,12,VILLA DE COS,PAN,1084,44211,42,1550,45803,64180,1084,No
2016,32,ZACATECAS,12,VILLA DE COS,PRI,17760,44211,42,1550,45803,64180,17760,No
2016,32,ZACATECAS,12,VILLA DE COS,PRD,7095,44211,42,1550,45803,64180,7095,No
2016,32,ZACATECAS,12,VILLA DE COS,PT,4215,44211,42,1550,45803,64180,4215,No
2016,32,ZACATECAS,12,VILLA DE COS,PVEM,1863,44211,42,1550,45803,64180,1863,No
2016,32,ZACATECAS,12,VILLA DE COS,MC,453,44211,42,1550,45803,64180,453,No
2016,32,ZACATECAS,12,VILLA DE COS,NUAL,3417,44211,42,1550,45803,64180,3417,No
2016,32,ZACATECAS,12,VILLA DE COS,MORENA,6539,44211,42,1550,45803,64180,6539,No
2016,32,ZACATECAS,12,VILLA DE COS,ES,1168,44211,42,1550,45803,64180,1168,No
2016,32,ZACATECAS,12,VILLA DE COS,PRD_PAN,457,44211,42,1550,45803,64180,8636,Sí
2016,32,ZACATECAS,12,VILLA DE COS,COAL_PRI_PVEM,160,44211,42,1550,45803,64180,19783,Sí
2016,32,ZACATECAS,13,JALPA,PAN,8399,37360,17,1551,38928,65830,8399,No
2016,32,ZACATECAS,13,JALPA,PRI,10997,37360,17,1551,38928,65830,10997,No
2016,32,ZACATECAS,13,JALPA,PRD,1801,37360,17,1551,38928,65830,1801,No
2016,32,ZACATECAS,13,JALPA,PT,5634,37360,17,1551,38928,65830,5634,No
2016,32,ZACATECAS,13,JALPA,PVEM,1678,37360,17,1551,38928,65830,1678,No
2016,32,ZACATECAS,13,JALPA,MC,1718,37360,17,1551,38928,65830,1718,No
2016,32,ZACATECAS,13,JALPA,NUAL,550,37360,17,1551,38928,65830,550,No
2016,32,ZACATECAS,13,JALPA,MORENA,4376,37360,17,1551,38928,65830,4376,No
2016,32,ZACATECAS,13,JALPA,ES,1424,37360,17,1551,38928,65830,1424,No
2016,32,ZACATECAS,13,JALPA,PRD_PAN,469,37360,17,1551,38928,65830,10669,Sí
2016,32,ZACATECAS,13,JALPA,COAL_PRI_PVEM,314,37360,17,1551,38928,65830,12989,Sí
2016,32,ZACATECAS,14,TLALTENANGO DE SANCHEZ ROMAN,PAN,10114,40207,34,1681,41922,67770,10114,No
2016,32,ZACATECAS,14,TLALTENANGO DE SANCHEZ ROMAN,PRI,15669,40207,34,1681,41922,67770,15669,No
2016,32,ZACATECAS,14,TLALTENANGO DE SANCHEZ ROMAN,PRD,3361,40207,34,1681,41922,67770,3361,No
2016,32,ZACATECAS,14,TLALTENANGO DE SANCHEZ ROMAN,PT,1418,40207,34,1681,41922,67770,1418,No
2016,32,ZACATECAS,14,TLALTENANGO DE SANCHEZ ROMAN,PVEM,1571,40207,34,1681,41922,67770,1571,No
2016,32,ZACATECAS,14,TLALTENANGO DE SANCHEZ ROMAN,MC,422,40207,34,1681,41922,67770,422,No
2016,32,ZACATECAS,14,TLALTENANGO DE SANCHEZ ROMAN,NUAL,1253,40207,34,1681,41922,67770,1253,No
2016,32,ZACATECAS,14,TLALTENANGO DE SANCHEZ ROMAN,MORENA,5230,40207,34,1681,41922,67770,5230,No
2016,32,ZACATECAS,14,TLALTENANGO DE SANCHEZ ROMAN,ES,336,40207,34,1681,41922,67770,336,No
2016,32,ZACATECAS,14,TLALTENANGO DE SANCHEZ ROMAN,PRD_PAN,634,40207,34,1681,41922,67770,14109,Sí
2016,32,ZACATECAS,14,TLALTENANGO DE SANCHEZ ROMAN,COAL_PRI_PVEM,199,40207,34,1681,41922,67770,17439,Sí
2016,32,ZACATECAS,15,PINOS,PAN,546,41735,9,1277,43021,61867,546,No
2016,32,ZACATECAS,15,PINOS,PRI,19150,41735,9,1277,43021,61867,19150,No
2016,32,ZACATECAS,15,PINOS,PRD,4611,41735,9,1277,43021,61867,4611,No
2016,32,ZACATECAS,15,PINOS,PT,1109,41735,9,1277,43021,61867,1109,No
2016,32,ZACATECAS,15,PINOS,PVEM,533,41735,9,1277,43021,61867,533,No
2016,32,ZACATECAS,15,PINOS,MC,318,41735,9,1277,43021,61867,318,No
2016,32,ZACATECAS,15,PINOS,NUAL,330,41735,9,1277,43021,61867,330,No
2016,32,ZACATECAS,15,PINOS,MORENA,14528,41735,9,1277,43021,61867,14528,No
2016,32,ZACATECAS,15,PINOS,ES,394,41735,9,1277,43021,61867,394,No
2016,32,ZACATECAS,15,PINOS,PRD_PAN,101,41735,9,1277,43021,61867,5258,Sí
2016,32,ZACATECAS,15,PINOS,COAL_PRI_PVEM,115,41735,9,1277,43021,61867,19798,Sí
2016,32,ZACATECAS,16,RIO GRANDE,PAN,5587,34320,19,1488,35827,60053,5587,No
2016,32,ZACATECAS,16,RIO GRANDE,PRI,10144,34320,19,1488,35827,60053,10144,No
2016,32,ZACATECAS,16,RIO GRANDE,PRD,7569,34320,19,1488,35827,60053,7569,No
2016,32,ZACATECAS,16,RIO GRANDE,PT,2681,34320,19,1488,35827,60053,2681,No
2016,32,ZACATECAS,16,RIO GRANDE,PVEM,1147,34320,19,1488,35827,60053,1147,No
2016,32,ZACATECAS,16,RIO GRANDE,MC,652,34320,19,1488,35827,60053,652,No
2016,32,ZACATECAS,16,RIO GRANDE,NUAL,737,34320,19,1488,35827,60053,737,No
2016,32,ZACATECAS,16,RIO GRANDE,MORENA,3912,34320,19,1488,35827,60053,3912,No
2016,32,ZACATECAS,16,RIO GRANDE,ES,1139,34320,19,1488,35827,60053,1139,No
2016,32,ZACATECAS,16,RIO GRANDE,PRD_PAN,610,34320,19,1488,35827,60053,13766,Sí
2016,32,ZACATECAS,16,RIO GRANDE,COAL_PRI_PVEM,142,34320,19,1488,35827,60053,11433,Sí
2016,32,ZACATECAS,17,SOMBRERETE,PAN,5171,32310,9,1053,33372,58117,5171,No
2016,32,ZACATECAS,17,SOMBRERETE,PRI,7725,32310,9,1053,33372,58117,7725,No
2016,32,ZACATECAS,17,SOMBRERETE,PRD,5150,32310,9,1053,33372,58117,5150,No
2016,32,ZACATECAS,17,SOMBRERETE,PT,3609,32310,9,1053,33372,58117,3609,No
2016,32,ZACATECAS,17,SOMBRERETE,PVEM,942,32310,9,1053,33372,58117,942,No
2016,32,ZACATECAS,17,SOMBRERETE,MC,167,32310,9,1053,33372,58117,167,No
2016,32,ZACATECAS,17,SOMBRERETE,NUAL,907,32310,9,1053,33372,58117,907,No
2016,32,ZACATECAS,17,SOMBRERETE,MORENA,6632,32310,9,1053,33372,58117,6632,No
2016,32,ZACATECAS,17,SOMBRERETE,ES,760,32310,9,1053,33372,58117,760,No
2016,32,ZACATECAS,17,SOMBRERETE,PRD_PAN,1013,32310,9,1053,33372,58117,11334,Sí
2016,32,ZACATECAS,17,SOMBRERETE,PRI_PVEM_NUAL,130,32310,9,1053,33372,58117,9704,Sí
2016,32,ZACATECAS,17,SOMBRERETE,PRI_PVEM,53,32310,9,1053,33372,58117,8720,Sí
2016,32,ZACATECAS,17,SOMBRERETE,PRI_NUAL,37,32310,9,1053,33372,58117,8669,Sí
2016,32,ZACATECAS,17,SOMBRERETE,PVEM_NUAL,14,32310,9,1053,33372,58117,1863,Sí
2016,32,ZACATECAS,18,JUAN ALDAMA,PAN,2317,34671,17,1364,36052,60008,2317,No
2016,32,ZACATECAS,18,JUAN ALDAMA,PRI,12622,34671,17,1364,36052,60008,12622,No
2016,32,ZACATECAS,18,JUAN ALDAMA,PRD,1434,34671,17,1364,36052,60008,1434,No
2016,32,ZACATECAS,18,JUAN ALDAMA,PT,4362,34671,17,1364,36052,60008,4362,No
2016,32,ZACATECAS,18,JUAN ALDAMA,PVEM,609,34671,17,1364,36052,60008,609,No
2016,32,ZACATECAS,18,JUAN ALDAMA,MC,328,34671,17,1364,36052,60008,328,No
2016,32,ZACATECAS,18,JUAN ALDAMA,NUAL,548,34671,17,1364,36052,60008,548,No
2016,32,ZACATECAS,18,JUAN ALDAMA,MORENA,11230,34671,17,1364,36052,60008,11230,No
2016,32,ZACATECAS,18,JUAN ALDAMA,ES,856,34671,17,1364,36052,60008,856,No
2016,32,ZACATECAS,18,JUAN ALDAMA,PRD_PAN,245,34671,17,1364,36052,60008,3996,Sí
2016,32,ZACATECAS,18,JUAN ALDAMA,PRI_PVEM,120,34671,17,1364,36052,60008,13351,Sí
2016,32,ZACATECAS,2,ZACATECAS,PAN,6073,41100,48,1550,42698,69765,6073,No
2016,32,ZACATECAS,2,ZACATECAS,PRI,12548,41100,48,1550,42698,69765,12548,No
2016,32,ZACATECAS,2,ZACATECAS,PRD,2680,41100,48,1550,42698,69765,2680,No
2016,32,ZACATECAS,2,ZACATECAS,PT,1897,41100,48,1550,42698,69765,1897,No
2016,32,ZACATECAS,2,ZACATECAS,PVEM,1059,41100,48,1550,42698,69765,1059,No
2016,32,ZACATECAS,2,ZACATECAS,MC,1062,41100,48,1550,42698,69765,1062,No
2016,32,ZACATECAS,2,ZACATECAS,NUAL,1387,41100,48,1550,42698,69765,1387,No
2016,32,ZACATECAS,2,ZACATECAS,MORENA,10261,41100,48,1550,42698,69765,10261,No
2016,32,ZACATECAS,2,ZACATECAS,ES,1878,41100,48,1550,42698,69765,1878,No
2016,32,ZACATECAS,2,ZACATECAS,PRD_PAN,740,41100,48,1550,42698,69765,9493,Sí
2016,32,ZACATECAS,2,ZACATECAS,COAL_PRI_PVEM,124,41100,48,1550,42698,69765,13731,Sí
2016,32,ZACATECAS,2,ZACATECAS,Candidatura Independiente,1391,41100,48,1550,42698,69765,1391,No
2016,32,ZACATECAS,3,GUADALUPE,PAN,2583,35097,35,1522,36654,62877,2583,No
2016,32,ZACATECAS,3,GUADALUPE,PRI,11178,35097,35,1522,36654,62877,11178,No
2016,32,ZACATECAS,3,GUADALUPE,PRD,1811,35097,35,1522,36654,62877,1811,No
2016,32,ZACATECAS,3,GUADALUPE,PT,3264,35097,35,1522,36654,62877,3264,No
2016,32,ZACATECAS,3,GUADALUPE,PVEM,1353,35097,35,1522,36654,62877,1353,No
2016,32,ZACATECAS,3,GUADALUPE,MC,1332,35097,35,1522,36654,62877,1332,No
2016,32,ZACATECAS,3,GUADALUPE,NUAL,736,35097,35,1522,36654,62877,736,No
2016,32,ZACATECAS,3,GUADALUPE,MORENA,8945,35097,35,1522,36654,62877,8945,No
2016,32,ZACATECAS,3,GUADALUPE,ES,1718,35097,35,1522,36654,62877,1718,No
2016,32,ZACATECAS,3,GUADALUPE,PRD_PAN,149,35097,35,1522,36654,62877,4543,Sí
2016,32,ZACATECAS,3,GUADALUPE,PRI_PVEM_NUAL,68,35097,35,1522,36654,62877,13335,Sí
2016,32,ZACATECAS,3,GUADALUPE,PRI_PVEM,106,35097,35,1522,36654,62877,12637,Sí
2016,32,ZACATECAS,3,GUADALUPE,PRI_NUAL,3,35097,35,1522,36654,62877,11917,Sí
2016,32,ZACATECAS,3,GUADALUPE,PVEM_NUAL,10,35097,35,1522,36654,62877,2099,Sí
2016,32,ZACATECAS,3,GUADALUPE,Candidatura Independiente,1841,35097,35,1522,36654,62877,1841,No
2016,32,ZACATECAS,4,GUADALUPE,PAN,1941,35048,58,1363,36469,62107,1941,No
2016,32,ZACATECAS,4,GUADALUPE,PRI,13862,35048,58,1363,36469,62107,13862,No
2016,32,ZACATECAS,4,GUADALUPE,PRD,2832,35048,58,1363,36469,62107,2832,No
2016,32,ZACATECAS,4,GUADALUPE,PT,2669,35048,58,1363,36469,62107,2669,No
2016,32,ZACATECAS,4,GUADALUPE,PVEM,1446,35048,58,1363,36469,62107,1446,No
2016,32,ZACATECAS,4,GUADALUPE,MC,930,35048,58,1363,36469,62107,930,No
2016,32,ZACATECAS,4,GUADALUPE,NUAL,960,35048,58,1363,36469,62107,960,No
2016,32,ZACATECAS,4,GUADALUPE,MORENA,8243,35048,58,1363,36469,62107,8243,No
2016,32,ZACATECAS,4,GUADALUPE,ES,1645,35048,58,1363,36469,62107,1645,No
2016,32,ZACATECAS,4,GUADALUPE,PRD_PAN,258,35048,58,1363,36469,62107,5031,Sí
2016,32,ZACATECAS,4,GUADALUPE,COAL_PRI_PVEM,262,35048,58,1363,36469,62107,15570,Sí
2016,32,ZACATECAS,5,FRESNILLO,PAN,2098,33029,39,1052,34120,59251,2098,No
2016,32,ZACATECAS,5,FRESNILLO,PRI,12058,33029,39,1052,34120,59251,12058,No
2016,32,ZACATECAS,5,FRESNILLO,PRD,1502,33029,39,1052,34120,59251,1502,No
2016,32,ZACATECAS,5,FRESNILLO,PT,1349,33029,39,1052,34120,59251,1349,No
2016,32,ZACATECAS,5,FRESNILLO,PVEM,900,33029,39,1052,34120,59251,900,No
2016,32,ZACATECAS,5,FRESNILLO,MC,852,33029,39,1052,34120,59251,852,No
2016,32,ZACATECAS,5,FRESNILLO,NUAL,713,33029,39,1052,34120,59251,713,No
2016,32,ZACATECAS,5,FRESNILLO,MORENA,9864,33029,39,1052,34120,59251,9864,No
2016,32,ZACATECAS,5,FRESNILLO,ES,2056,33029,39,1052,34120,59251,2056,No
2016,32,ZACATECAS,5,FRESNILLO,PRD_PAN,196,33029,39,1052,34120,59251,3796,Sí
2016,32,ZACATECAS,5,FRESNILLO,COAL_PRI_PVEM,186,33029,39,1052,34120,59251,13144,Sí
2016,32,ZACATECAS,5,FRESNILLO,Candidatura Independiente,1255,33029,39,1052,34120,59251,1255,No
2016,32,ZACATECAS,6,FRESNILLO,PAN,3777,35890,76,1381,37347,64515,3777,No
2016,32,ZACATECAS,6,FRESNILLO,PRI,10649,35890,76,1381,37347,64515,10649,No
2016,32,ZACATECAS,6,FRESNILLO,PRD,1882,35890,76,1381,37347,64515,1882,No
2016,32,ZACATECAS,6,FRESNILLO,PT,2081,35890,76,1381,37347,64515,2081,No
2016,32,ZACATECAS,6,FRESNILLO,PVEM,1214,35890,76,1381,37347,64515,1214,No
2016,32,ZACATECAS,6,FRESNILLO,MC,1169,35890,76,1381,37347,64515,1169,No
2016,32,ZACATECAS,6,FRESNILLO,NUAL,964,35890,76,1381,37347,64515,964,No
2016,32,ZACATECAS,6,FRESNILLO,MORENA,10401,35890,76,1381,37347,64515,10401,No
2016,32,ZACATECAS,6,FRESNILLO,ES,3252,35890,76,1381,37347,64515,3252,No
2016,32,ZACATECAS,6,FRESNILLO,PRD_PAN,311,35890,76,1381,37347,64515,5970,Sí
2016,32,ZACATECAS,6,FRESNILLO,COAL_PRI_PVEM,190,35890,76,1381,37347,64515,12053,Sí
2016,32,ZACATECAS,7,FRESNILLO,PAN,2476,38021,27,1327,39375,65056,2476,No
2016,32,ZACATECAS,7,FRESNILLO,PRI,15815,38021,27,1327,39375,65056,15815,No
2016,32,ZACATECAS,7,FRESNILLO,PRD,7004,38021,27,1327,39375,65056,7004,No
2016,32,ZACATECAS,7,FRESNILLO,PT,1216,38021,27,1327,39375,65056,1216,No
2016,32,ZACATECAS,7,FRESNILLO,PVEM,842,38021,27,1327,39375,65056,842,No
2016,32,ZACATECAS,7,FRESNILLO,MC,711,38021,27,1327,39375,65056,711,No
2016,32,ZACATECAS,7,FRESNILLO,NUAL,515,38021,27,1327,39375,65056,515,No
2016,32,ZACATECAS,7,FRESNILLO,MORENA,6599,38021,27,1327,39375,65056,6599,No
2016,32,ZACATECAS,7,FRESNILLO,ES,2137,38021,27,1327,39375,65056,2137,No
2016,32,ZACATECAS,7,FRESNILLO,PRD_PAN,459,38021,27,1327,39375,65056,9939,Sí
2016,32,ZACATECAS,7,FRESNILLO,PRI_PVEM_NUAL,62,38021,27,1327,39375,65056,17234,Sí
2016,32,ZACATECAS,7,FRESNILLO,PRI_PVEM,161,38021,27,1327,39375,65056,16818,Sí
2016,32,ZACATECAS,7,FRESNILLO,PRI_NUAL,11,38021,27,1327,39375,65056,16341,Sí
2016,32,ZACATECAS,7,FRESNILLO,PVEM_NUAL,13,38021,27,1327,39375,65056,1370,Sí
2016,32,ZACATECAS,8,OJOCALIENTE,PAN,1281,34949,15,1814,36778,57519,1281,No
2016,32,ZACATECAS,8,OJOCALIENTE,PRI,7123,34949,15,1814,36778,57519,7123,No
2016,32,ZACATECAS,8,OJOCALIENTE,PRD,5261,34949,15,1814,36778,57519,5261,No
2016,32,ZACATECAS,8,OJOCALIENTE,PT,8253,34949,15,1814,36778,57519,8253,No
2016,32,ZACATECAS,8,OJOCALIENTE,PVEM,4390,34949,15,1814,36778,57519,4390,No
2016,32,ZACATECAS,8,OJOCALIENTE,MC,991,34949,15,1814,36778,57519,991,No
2016,32,ZACATECAS,8,OJOCALIENTE,NUAL,2697,34949,15,1814,36778,57519,2697,No
2016,32,ZACATECAS,8,OJOCALIENTE,MORENA,3555,34949,15,1814,36778,57519,3555,No
2016,32,ZACATECAS,8,OJOCALIENTE,ES,714,34949,15,1814,36778,57519,714,No
2016,32,ZACATECAS,8,OJOCALIENTE,PRD_PAN,280,34949,15,1814,36778,57519,6822,Sí
2016,32,ZACATECAS,8,OJOCALIENTE,COAL_PRI_PVEM,404,34949,15,1814,36778,57519,11917,Sí
2016,32,ZACATECAS,9,LORETO,PAN,1969,34535,13,1322,35870,55891,1969,No
2016,32,ZACATECAS,9,LORETO,PRI,8844,34535,13,1322,35870,55891,8844,No
2016,32,ZACATECAS,9,LORETO,PRD,2294,34535,13,1322,35870,55891,2294,No
2016,32,ZACATECAS,9,LORETO,PT,7600,34535,13,1322,35870,55891,7600,No
2016,32,ZACATECAS,9,LORETO,PVEM,1038,34535,13,1322,35870,55891,1038,No
2016,32,ZACATECAS,9,LORETO,MC,1998,34535,13,1322,35870,55891,1998,No
2016,32,ZACATECAS,9,LORETO,NUAL,815,34535,13,1322,35870,55891,815,No
2016,32,ZACATECAS,9,LORETO,MORENA,8430,34535,13,1322,35870,55891,8430,No
2016,32,ZACATECAS,9,LORETO,ES,1226,34535,13,1322,35870,55891,1226,No
2016,32,ZACATECAS,9,LORETO,PRD_PAN,212,34535,13,1322,35870,55891,4475,Sí
2016,32,ZACATECAS,9,LORETO,COAL_PRI_PVEM,109,34535,13,1322,35870,55891,9991,Sí
2016,8,CHIHUAHUA,1,NUEVO CASAS GRANDES,PAN,20845,58553,36,2881,61470,120832,20845,No
2016,8,CHIHUAHUA,1,NUEVO CASAS GRANDES,PRI,18918,58553,36,2881,61470,120832,18918,No
2016,8,CHIHUAHUA,1,NUEVO CASAS GRANDES,PRD,5251,58553,36,2881,61470,120832,5251,No
2016,8,CHIHUAHUA,1,NUEVO CASAS GRANDES,PVEM,986,58553,36,2881,61470,120832,986,No
2016,8,CHIHUAHUA,1,NUEVO CASAS GRANDES,PT,1792,58553,36,2881,61470,120832,1792,No
2016,8,CHIHUAHUA,1,NUEVO CASAS GRANDES,MC,3903,58553,36,2881,61470,120832,3903,No
2016,8,CHIHUAHUA,1,NUEVO CASAS GRANDES,NUAL,3490,58553,36,2881,61470,120832,3490,No
2016,8,CHIHUAHUA,1,NUEVO CASAS GRANDES,MORENA,2451,58553,36,2881,61470,120832,2451,No
2016,8,CHIHUAHUA,1,NUEVO CASAS GRANDES,ES,917,58553,36,2881,61470,120832,917,No
2016,8,CHIHUAHUA,10,JUAREZ,PAN,7169,30617,442,2227,33286,92198,7169,No
2016,8,CHIHUAHUA,10,JUAREZ,PRI,8374,30617,442,2227,33286,92198,8374,No
2016,8,CHIHUAHUA,10,JUAREZ,PRD,1013,30617,442,2227,33286,92198,1013,No
2016,8,CHIHUAHUA,10,JUAREZ,PVEM,1871,30617,442,2227,33286,92198,1871,No
2016,8,CHIHUAHUA,10,JUAREZ,PT,628,30617,442,2227,33286,92198,628,No
2016,8,CHIHUAHUA,10,JUAREZ,MC,3138,30617,442,2227,33286,92198,3138,No
2016,8,CHIHUAHUA,10,JUAREZ,NUAL,2453,30617,442,2227,33286,92198,2453,No
2016,8,CHIHUAHUA,10,JUAREZ,MORENA,3786,30617,442,2227,33286,92198,3786,No
2016,8,CHIHUAHUA,10,JUAREZ,ES,2185,30617,442,2227,33286,92198,2185,No
2016,8,CHIHUAHUA,11,MEOQUI,PAN,26128,67477,173,3143,70793,130951,26128,No
2016,8,CHIHUAHUA,11,MEOQUI,PRI,24743,67477,173,3143,70793,130951,24743,No
2016,8,CHIHUAHUA,11,MEOQUI,PRD,2646,67477,173,3143,70793,130951,2646,No
2016,8,CHIHUAHUA,11,MEOQUI,PVEM,2326,67477,173,3143,70793,130951,2326,No
2016,8,CHIHUAHUA,11,MEOQUI,PT,1114,67477,173,3143,70793,130951,1114,No
2016,8,CHIHUAHUA,11,MEOQUI,MC,4870,67477,173,3143,70793,130951,4870,No
2016,8,CHIHUAHUA,11,MEOQUI,NUAL,2772,67477,173,3143,70793,130951,2772,No
2016,8,CHIHUAHUA,11,MEOQUI,MORENA,1947,67477,173,3143,70793,130951,1947,No
2016,8,CHIHUAHUA,11,MEOQUI,ES,931,67477,173,3143,70793,130951,931,No
2016,8,CHIHUAHUA,12,CHIHUAHUA,PAN,27716,54573,188,2454,57215,117776,27716,No
2016,8,CHIHUAHUA,12,CHIHUAHUA,PRI,10581,54573,188,2454,57215,117776,10581,No
2016,8,CHIHUAHUA,12,CHIHUAHUA,PRD,1115,54573,188,2454,57215,117776,1115,No
2016,8,CHIHUAHUA,12,CHIHUAHUA,PVEM,2793,54573,188,2454,57215,117776,2793,No
2016,8,CHIHUAHUA,12,CHIHUAHUA,PT,792,54573,188,2454,57215,117776,792,No
2016,8,CHIHUAHUA,12,CHIHUAHUA,MC,2668,54573,188,2454,57215,117776,2668,No
2016,8,CHIHUAHUA,12,CHIHUAHUA,NUAL,2850,54573,188,2454,57215,117776,2850,No
2016,8,CHIHUAHUA,12,CHIHUAHUA,MORENA,3031,54573,188,2454,57215,117776,3031,No
2016,8,CHIHUAHUA,12,CHIHUAHUA,ES,3027,54573,188,2454,57215,117776,3027,No
2016,8,CHIHUAHUA,13,GUERRERO,PAN,20757,60620,62,4022,64704,116802,20757,No
2016,8,CHIHUAHUA,13,GUERRERO,PRD,2716,60620,62,4022,64704,116802,2716,No
2016,8,CHIHUAHUA,13,GUERRERO,PVEM,1757,60620,62,4022,64704,116802,1757,No
2016,8,CHIHUAHUA,13,GUERRERO,PT,580,60620,62,4022,64704,116802,580,No
2016,8,CHIHUAHUA,13,GUERRERO,MC,4061,60620,62,4022,64704,116802,4061,No
2016,8,CHIHUAHUA,13,GUERRERO,MORENA,968,60620,62,4022,64704,116802,968,No
2016,8,CHIHUAHUA,13,GUERRERO,ES,2270,60620,62,4022,64704,116802,2270,No
2016,8,CHIHUAHUA,13,GUERRERO,C_COMUN_PRI_NUAL,27511,60620,62,4022,64704,116802,27511,Sí
2016,8,CHIHUAHUA,14,CUAUHTEMOC,PAN,24962,53057,80,2428,55565,128472,24962,No
2016,8,CHIHUAHUA,14,CUAUHTEMOC,PRD,1868,53057,80,2428,55565,128472,1868,No
2016,8,CHIHUAHUA,14,CUAUHTEMOC,MC,4121,53057,80,2428,55565,128472,4121,No
2016,8,CHIHUAHUA,14,CUAUHTEMOC,MORENA,2489,53057,80,2428,55565,128472,2489,No
2016,8,CHIHUAHUA,14,CUAUHTEMOC,ES,2569,53057,80,2428,55565,128472,2569,No
2016,8,CHIHUAHUA,14,CUAUHTEMOC,C_COMUN_PRI_PVEM_PT_NUAL,17048,53057,80,2428,55565,128472,17048,Sí
2016,8,CHIHUAHUA,15,CHIHUAHUA,PAN,49001,81732,178,2584,84494,136227,49001,No
2016,8,CHIHUAHUA,15,CHIHUAHUA,PRD,1442,81732,178,2584,84494,136227,1442,No
2016,8,CHIHUAHUA,15,CHIHUAHUA,MC,4859,81732,178,2584,84494,136227,4859,No
2016,8,CHIHUAHUA,15,CHIHUAHUA,MORENA,4709,81732,178,2584,84494,136227,4709,No
2016,8,CHIHUAHUA,15,CHIHUAHUA,ES,3751,81732,178,2584,84494,136227,3751,No
2016,8,CHIHUAHUA,15,CHIHUAHUA,C_COMUN_PRI_PVEM_PT_NUAL,17970,81732,178,2584,84494,136227,17970,Sí
2016,8,CHIHUAHUA,16,CHIHUAHUA,PAN,43070,77067,168,3098,80333,142029,43070,No
2016,8,CHIHUAHUA,16,CHIHUAHUA,PRD,1613,77067,168,3098,80333,142029,1613,No
2016,8,CHIHUAHUA,16,CHIHUAHUA,PVEM,2111,77067,168,3098,80333,142029,2111,No
2016,8,CHIHUAHUA,16,CHIHUAHUA,MC,3575,77067,168,3098,80333,142029,3575,No
2016,8,CHIHUAHUA,16,CHIHUAHUA,MORENA,4888,77067,168,3098,80333,142029,4888,No
2016,8,CHIHUAHUA,16,CHIHUAHUA,ES,2956,77067,168,3098,80333,142029,2956,No
2016,8,CHIHUAHUA,16,CHIHUAHUA,C_COMUN_PRI_PT_NUAL,18854,77067,168,3098,80333,142029,18854,Sí
2016,8,CHIHUAHUA,17,CHIHUAHUA,PAN,32015,60289,243,2466,62998,123946,32015,No
2016,8,CHIHUAHUA,17,CHIHUAHUA,PRD,2569,60289,243,2466,62998,123946,2569,No
2016,8,CHIHUAHUA,17,CHIHUAHUA,MC,2573,60289,243,2466,62998,123946,2573,No
2016,8,CHIHUAHUA,17,CHIHUAHUA,NUAL,3708,60289,243,2466,62998,123946,3708,No
2016,8,CHIHUAHUA,17,CHIHUAHUA,MORENA,4199,60289,243,2466,62998,123946,4199,No
2016,8,CHIHUAHUA,17,CHIHUAHUA,ES,2858,60289,243,2466,62998,123946,2858,No
2016,8,CHIHUAHUA,17,CHIHUAHUA,C_COMUN_PRI_PVEM_PT,12367,60289,243,2466,62998,123946,12367,Sí
2016,8,CHIHUAHUA,18,CHIHUAHUA,PAN,31507,60309,112,2724,63145,131336,31507,No
2016,8,CHIHUAHUA,18,CHIHUAHUA,PRD,1066,60309,112,2724,63145,131336,1066,No
2016,8,CHIHUAHUA,18,CHIHUAHUA,PT,1184,60309,112,2724,63145,131336,1184,No
2016,8,CHIHUAHUA,18,CHIHUAHUA,MC,2253,60309,112,2724,63145,131336,2253,No
2016,8,CHIHUAHUA,18,CHIHUAHUA,NUAL,2803,60309,112,2724,63145,131336,2803,No
2016,8,CHIHUAHUA,18,CHIHUAHUA,MORENA,3075,60309,112,2724,63145,131336,3075,No
2016,8,CHIHUAHUA,18,CHIHUAHUA,ES,2460,60309,112,2724,63145,131336,2460,No
2016,8,CHIHUAHUA,18,CHIHUAHUA,C_COMUN_PRI_PVEM,15961,60309,112,2724,63145,131336,15961,Sí
2016,8,CHIHUAHUA,19,DELICIAS,PAN,25444,58764,49,2128,60941,121931,25444,No
2016,8,CHIHUAHUA,19,DELICIAS,PRD,4379,58764,49,2128,60941,121931,4379,No
2016,8,CHIHUAHUA,19,DELICIAS,PVEM,1181,58764,49,2128,60941,121931,1181,No
2016,8,CHIHUAHUA,19,DELICIAS,PT,1261,58764,49,2128,60941,121931,1261,No
2016,8,CHIHUAHUA,19,DELICIAS,MC,1541,58764,49,2128,60941,121931,1541,No
2016,8,CHIHUAHUA,19,DELICIAS,MORENA,5172,58764,49,2128,60941,121931,5172,No
2016,8,CHIHUAHUA,19,DELICIAS,ES,2100,58764,49,2128,60941,121931,2100,No
2016,8,CHIHUAHUA,19,DELICIAS,C_COMUN_PRI_NUAL,17686,58764,49,2128,60941,121931,17686,Sí
2016,8,CHIHUAHUA,2,JUAREZ,PAN,8201,34236,392,2951,37579,101283,8201,No
2016,8,CHIHUAHUA,2,JUAREZ,PRI,10758,34236,392,2951,37579,101283,10758,No
2016,8,CHIHUAHUA,2,JUAREZ,PRD,777,34236,392,2951,37579,101283,777,No
2016,8,CHIHUAHUA,2,JUAREZ,PVEM,1926,34236,392,2951,37579,101283,1926,No
2016,8,CHIHUAHUA,2,JUAREZ,PT,1098,34236,392,2951,37579,101283,1098,No
2016,8,CHIHUAHUA,2,JUAREZ,MC,2556,34236,392,2951,37579,101283,2556,No
2016,8,CHIHUAHUA,2,JUAREZ,NUAL,2625,34236,392,2951,37579,101283,2625,No
2016,8,CHIHUAHUA,2,JUAREZ,MORENA,3945,34236,392,2951,37579,101283,3945,No
2016,8,CHIHUAHUA,2,JUAREZ,ES,2350,34236,392,2951,37579,101283,2350,No
2016,8,CHIHUAHUA,20,CAMARGO,PAN,25516,62552,16,2024,64592,109640,25516,No
2016,8,CHIHUAHUA,20,CAMARGO,PRD,4055,62552,16,2024,64592,109640,4055,No
2016,8,CHIHUAHUA,20,CAMARGO,PT,2353,62552,16,2024,64592,109640,2353,No
2016,8,CHIHUAHUA,20,CAMARGO,MC,4421,62552,16,2024,64592,109640,4421,No
2016,8,CHIHUAHUA,20,CAMARGO,NUAL,2849,62552,16,2024,64592,109640,2849,No
2016,8,CHIHUAHUA,20,CAMARGO,MORENA,2092,62552,16,2024,64592,109640,2092,No
2016,8,CHIHUAHUA,20,CAMARGO,ES,732,62552,16,2024,64592,109640,732,No
2016,8,CHIHUAHUA,20,CAMARGO,C_COMUN_PRI_PVEM,20534,62552,16,2024,64592,109640,20534,Sí
2016,8,CHIHUAHUA,21,HIDALGO DEL PARRAL,PAN,27013,75376,181,3984,79541,129966,27013,No
2016,8,CHIHUAHUA,21,HIDALGO DEL PARRAL,PRD,4020,75376,181,3984,79541,129966,4020,No
2016,8,CHIHUAHUA,21,HIDALGO DEL PARRAL,PVEM,1706,75376,181,3984,79541,129966,1706,No
2016,8,CHIHUAHUA,21,HIDALGO DEL PARRAL,MC,5788,75376,181,3984,79541,129966,5788,No
2016,8,CHIHUAHUA,21,HIDALGO DEL PARRAL,MORENA,3166,75376,181,3984,79541,129966,3166,No
2016,8,CHIHUAHUA,21,HIDALGO DEL PARRAL,ES,2759,75376,181,3984,79541,129966,2759,No
2016,8,CHIHUAHUA,21,HIDALGO DEL PARRAL,C_COMUN_PRI_PT_NUAL,30924,75376,181,3984,79541,129966,30924,Sí
2016,8,CHIHUAHUA,22,GUACHOCHI,PAN,14768,52581,32,6200,58813,110429,14768,No
2016,8,CHIHUAHUA,22,GUACHOCHI,PRI,27430,52581,32,6200,58813,110429,27430,No
2016,8,CHIHUAHUA,22,GUACHOCHI,PRD,2221,52581,32,6200,58813,110429,2221,No
2016,8,CHIHUAHUA,22,GUACHOCHI,PVEM,801,52581,32,6200,58813,110429,801,No
2016,8,CHIHUAHUA,22,GUACHOCHI,PT,774,52581,32,6200,58813,110429,774,No
2016,8,CHIHUAHUA,22,GUACHOCHI,MC,1489,52581,32,6200,58813,110429,1489,No
2016,8,CHIHUAHUA,22,GUACHOCHI,NUAL,3945,52581,32,6200,58813,110429,3945,No
2016,8,CHIHUAHUA,22,GUACHOCHI,MORENA,775,52581,32,6200,58813,110429,775,No
2016,8,CHIHUAHUA,22,GUACHOCHI,ES,378,52581,32,6200,58813,110429,378,No
2016,8,CHIHUAHUA,3,JUAREZ,PAN,10444,41160,280,3486,44926,115949,10444,No
2016,8,CHIHUAHUA,3,JUAREZ,PRI,14601,41160,280,3486,44926,115949,14601,No
2016,8,CHIHUAHUA,3,JUAREZ,PRD,1071,41160,280,3486,44926,115949,1071,No
2016,8,CHIHUAHUA,3,JUAREZ,PVEM,1701,41160,280,3486,44926,115949,1701,No
2016,8,CHIHUAHUA,3,JUAREZ,PT,728,41160,280,3486,44926,115949,728,No
2016,8,CHIHUAHUA,3,JUAREZ,MC,3072,41160,280,3486,44926,115949,3072,No
2016,8,CHIHUAHUA,3,JUAREZ,NUAL,3123,41160,280,3486,44926,115949,3123,No
2016,8,CHIHUAHUA,3,JUAREZ,MORENA,4098,41160,280,3486,44926,115949,4098,No
2016,8,CHIHUAHUA,3,JUAREZ,ES,2322,41160,280,3486,44926,115949,2322,No
2016,8,CHIHUAHUA,4,JUAREZ,PAN,19767,53092,361,3022,56475,133043,19767,No
2016,8,CHIHUAHUA,4,JUAREZ,PRD,1563,53092,361,3022,56475,133043,1563,No
2016,8,CHIHUAHUA,4,JUAREZ,MC,4908,53092,361,3022,56475,133043,4908,No
2016,8,CHIHUAHUA,4,JUAREZ,MORENA,6507,53092,361,3022,56475,133043,6507,No
2016,8,CHIHUAHUA,4,JUAREZ,ES,3937,53092,361,3022,56475,133043,3937,No
2016,8,CHIHUAHUA,4,JUAREZ,C_COMUN_PRI_PVEM_PT_NUAL,16410,53092,361,3022,56475,133043,16410,Sí
2016,8,CHIHUAHUA,5,JUAREZ,PAN,26543,60202,366,2412,62980,125950,26543,No
2016,8,CHIHUAHUA,5,JUAREZ,PRD,1737,60202,366,2412,62980,125950,1737,No
2016,8,CHIHUAHUA,5,JUAREZ,MC,5070,60202,366,2412,62980,125950,5070,No
2016,8,CHIHUAHUA,5,JUAREZ,MORENA,7924,60202,366,2412,62980,125950,7924,No
2016,8,CHIHUAHUA,5,JUAREZ,ES,4476,60202,366,2412,62980,125950,4476,No
2016,8,CHIHUAHUA,5,JUAREZ,C_COMUN_PRI_PVEM_PT_NUAL,14452,60202,366,2412,62980,125950,14452,Sí
2016,8,CHIHUAHUA,6,JUAREZ,PAN,14493,48729,423,3897,53049,123633,14493,No
2016,8,CHIHUAHUA,6,JUAREZ,PRI,13323,48729,423,3897,53049,123633,13323,No
2016,8,CHIHUAHUA,6,JUAREZ,PRD,1111,48729,423,3897,53049,123633,1111,No
2016,8,CHIHUAHUA,6,JUAREZ,PVEM,2212,48729,423,3897,53049,123633,2212,No
2016,8,CHIHUAHUA,6,JUAREZ,PT,1957,48729,423,3897,53049,123633,1957,No
2016,8,CHIHUAHUA,6,JUAREZ,MC,3347,48729,423,3897,53049,123633,3347,No
2016,8,CHIHUAHUA,6,JUAREZ,NUAL,3592,48729,423,3897,53049,123633,3592,No
2016,8,CHIHUAHUA,6,JUAREZ,MORENA,5464,48729,423,3897,53049,123633,5464,No
2016,8,CHIHUAHUA,6,JUAREZ,ES,3230,48729,423,3897,53049,123633,3230,No
2016,8,CHIHUAHUA,7,JUAREZ,PAN,13982,48866,610,2996,52472,118074,13982,No
2016,8,CHIHUAHUA,7,JUAREZ,PRD,1564,48866,610,2996,52472,118074,1564,No
2016,8,CHIHUAHUA,7,JUAREZ,MC,5417,48866,610,2996,52472,118074,5417,No
2016,8,CHIHUAHUA,7,JUAREZ,NUAL,4439,48866,610,2996,52472,118074,4439,No
2016,8,CHIHUAHUA,7,JUAREZ,MORENA,6509,48866,610,2996,52472,118074,6509,No
2016,8,CHIHUAHUA,7,JUAREZ,ES,4184,48866,610,2996,52472,118074,4184,No
2016,8,CHIHUAHUA,7,JUAREZ,C_COMUN_PRI_PVEM_PT,12771,48866,610,2996,52472,118074,12771,Sí
2016,8,CHIHUAHUA,8,JUAREZ,PAN,10726,40585,637,2599,43821,112292,10726,No
2016,8,CHIHUAHUA,8,JUAREZ,PRI,10295,40585,637,2599,43821,112292,10295,No
2016,8,CHIHUAHUA,8,JUAREZ,PRD,1116,40585,637,2599,43821,112292,1116,No
2016,8,CHIHUAHUA,8,JUAREZ,PVEM,2247,40585,637,2599,43821,112292,2247,No
2016,8,CHIHUAHUA,8,JUAREZ,PT,897,40585,637,2599,43821,112292,897,No
2016,8,CHIHUAHUA,8,JUAREZ,MC,3268,40585,637,2599,43821,112292,3268,No
2016,8,CHIHUAHUA,8,JUAREZ,NUAL,4080,40585,637,2599,43821,112292,4080,No
2016,8,CHIHUAHUA,8,JUAREZ,MORENA,5173,40585,637,2599,43821,112292,5173,No
2016,8,CHIHUAHUA,8,JUAREZ,ES,2783,40585,637,2599,43821,112292,2783,No
2016,8,CHIHUAHUA,9,JUAREZ,PAN,11424,41038,504,2658,44200,100806,11424,No
2016,8,CHIHUAHUA,9,JUAREZ,PRI,9513,41038,504,2658,44200,100806,9513,No
2016,8,CHIHUAHUA,9,JUAREZ,PRD,988,41038,504,2658,44200,100806,988,No
2016,8,CHIHUAHUA,9,JUAREZ,PVEM,2289,41038,504,2658,44200,100806,2289,No
2016,8,CHIHUAHUA,9,JUAREZ,PT,707,41038,504,2658,44200,100806,707,No
2016,8,CHIHUAHUA,9,JUAREZ,MC,3981,41038,504,2658,44200,100806,3981,No
2016,8,CHIHUAHUA,9,JUAREZ,NUAL,3214,41038,504,2658,44200,100806,3214,No
2016,8,CHIHUAHUA,9,JUAREZ,MORENA,5580,41038,504,2658,44200,100806,5580,No
2016,8,CHIHUAHUA,9,JUAREZ,ES,3342,41038,504,2658,44200,100806,3342,No
