Año,ID_ESTADO,NOMBRE_ESTADO,ID_DISTRITO,CABECERA_DISTRITAL,Partido,Votos,NUM_VOTOS_VALIDOS,NUM_VOTOS_CAN_NREG,NUM_VOTOS_NULOS,TOTAL_VOTOS,LISTA_NOMINAL,votos_coalicion,Coalición
2015,3,BAJA CALIFORNIA SUR,1,LA PAZ,PAN_PRS,5867,15773,43,694,16467,31836,5867,Sí
2015,3,BAJA CALIFORNIA SUR,1,LA PAZ,PRI,3292,15773,43,694,16467,31836,3292,No
2015,3,BAJA CALIFORNIA SUR,1,LA PAZ,PRD_PT_MC,1965,15773,43,694,16467,31836,1965,Sí
2015,3,BAJA CALIFORNIA SUR,1,LA PAZ,PVEM,804,15773,43,694,16467,31836,804,No
2015,3,BAJA CALIFORNIA SUR,1,LA PAZ,NUAL,213,15773,43,694,16467,31836,213,No
2015,3,BAJA CALIFORNIA SUR,1,LA PAZ,MORENA,1054,15773,43,694,16467,31836,1054,No
2015,3,BAJA CALIFORNIA SUR,1,LA PAZ,PH,364,15773,43,694,16467,31836,364,No
2015,3,BAJA CALIFORNIA SUR,1,LA PAZ,ES,1244,15773,43,694,16467,31836,1244,No
2015,3,BAJA CALIFORNIA SUR,1,LA PAZ,BS,374,15773,43,694,16467,31836,374,No
2015,3,BAJA CALIFORNIA SUR,1,LA PAZ,PRI_PVEM_NUAL,226,15773,43,694,16467,31836,4535,Sí
2015,3,BAJA CALIFORNIA SUR,1,LA PAZ,PRI_PVEM...23,302,15773,43,694,16467,31836,3594,Sí
2015,3,BAJA CALIFORNIA SUR,1,LA PAZ,PRI_NUAL,23,15773,43,694,16467,31836,3528,Sí
2015,3,BAJA CALIFORNIA SUR,1,LA PAZ,PVEM_NUAL,2,15773,43,694,16467,31836,1019,Sí
2015,3,BAJA CALIFORNIA SUR,2,LA PAZ,PAN_PRS,5311,11098,34,453,11551,19608,5311,Sí
2015,3,BAJA CALIFORNIA SUR,2,LA PAZ,PRI,2640,11098,34,453,11551,19608,2640,No
2015,3,BAJA CALIFORNIA SUR,2,LA PAZ,PRD_PT_MC,621,11098,34,453,11551,19608,621,Sí
2015,3,BAJA CALIFORNIA SUR,2,LA PAZ,PVEM,237,11098,34,453,11551,19608,237,No
2015,3,BAJA CALIFORNIA SUR,2,LA PAZ,NUAL,144,11098,34,453,11551,19608,144,No
2015,3,BAJA CALIFORNIA SUR,2,LA PAZ,MORENA,882,11098,34,453,11551,19608,882,No
2015,3,BAJA CALIFORNIA SUR,2,LA PAZ,PH,540,11098,34,453,11551,19608,540,No
2015,3,BAJA CALIFORNIA SUR,2,LA PAZ,ES,441,11098,34,453,11551,19608,441,No
2015,3,BAJA CALIFORNIA SUR,2,LA PAZ,PRI_PVEM_NUAL,128,11098,34,453,11551,19608,3149,Sí
2015,3,BAJA CALIFORNIA SUR,2,LA PAZ,PRI_PVEM...23,109,11098,34,453,11551,19608,2749,Sí
2015,3,BAJA CALIFORNIA SUR,2,LA PAZ,PRI_NUAL,10,11098,34,453,11551,19608,2794,Sí
2015,3,BAJA CALIFORNIA SUR,2,LA PAZ,PVEM_NUAL,1,11098,34,453,11551,19608,382,Sí
2015,3,BAJA CALIFORNIA SUR,3,LA PAZ,PAN_PRS,4693,11906,17,427,12333,20418,4693,Sí
2015,3,BAJA CALIFORNIA SUR,3,LA PAZ,PRI,2798,11906,17,427,12333,20418,2798,No
2015,3,BAJA CALIFORNIA SUR,3,LA PAZ,PRD_PT_MC,929,11906,17,427,12333,20418,929,Sí
2015,3,BAJA CALIFORNIA SUR,3,LA PAZ,PVEM,188,11906,17,427,12333,20418,188,No
2015,3,BAJA CALIFORNIA SUR,3,LA PAZ,NUAL,169,11906,17,427,12333,20418,169,No
2015,3,BAJA CALIFORNIA SUR,3,LA PAZ,MORENA,851,11906,17,427,12333,20418,851,No
2015,3,BAJA CALIFORNIA SUR,3,LA PAZ,PH,286,11906,17,427,12333,20418,286,No
2015,3,BAJA CALIFORNIA SUR,3,LA PAZ,ES,891,11906,17,427,12333,20418,891,No
2015,3,BAJA CALIFORNIA SUR,3,LA PAZ,FACA,484,11906,17,427,12333,20418,484,No
2015,3,BAJA CALIFORNIA SUR,3,LA PAZ,JLCM,369,11906,17,427,12333,20418,369,No
2015,3,BAJA CALIFORNIA SUR,3,LA PAZ,PRI_PVEM_NUAL,110,11906,17,427,12333,20418,3265,Sí
2015,3,BAJA CALIFORNIA SUR,3,LA PAZ,PRI_PVEM...23,110,11906,17,427,12333,20418,2908,Sí
2015,3,BAJA CALIFORNIA SUR,3,LA PAZ,PRI_NUAL,9,11906,17,427,12333,20418,2976,Sí
2015,3,BAJA CALIFORNIA SUR,3,LA PAZ,PVEM_NUAL,2,11906,17,427,12333,20418,359,Sí
2015,3,BAJA CALIFORNIA SUR,4,LA PAZ,PAN_PRS,14965,31803,47,1106,32909,65271,14965,Sí
2015,3,BAJA CALIFORNIA SUR,4,LA PAZ,PRI,5779,31803,47,1106,32909,65271,5779,No
2015,3,BAJA CALIFORNIA SUR,4,LA PAZ,PRD_PT_MC,2460,31803,47,1106,32909,65271,2460,Sí
2015,3,BAJA CALIFORNIA SUR,4,LA PAZ,PVEM,606,31803,47,1106,32909,65271,606,No
2015,3,BAJA CALIFORNIA SUR,4,LA PAZ,NUAL,735,31803,47,1106,32909,65271,735,No
2015,3,BAJA CALIFORNIA SUR,4,LA PAZ,MORENA,2664,31803,47,1106,32909,65271,2664,No
2015,3,BAJA CALIFORNIA SUR,4,LA PAZ,PH,2672,31803,47,1106,32909,65271,2672,No
2015,3,BAJA CALIFORNIA SUR,4,LA PAZ,ES,1460,31803,47,1106,32909,65271,1460,No
2015,3,BAJA CALIFORNIA SUR,4,LA PAZ,PRI_PVEM_NUAL,211,31803,47,1106,32909,65271,7331,Sí
2015,3,BAJA CALIFORNIA SUR,4,LA PAZ,PRI_PVEM...23,170,31803,47,1106,32909,65271,5949,Sí
2015,3,BAJA CALIFORNIA SUR,4,LA PAZ,PRI_NUAL,30,31803,47,1106,32909,65271,6544,Sí
2015,3,BAJA CALIFORNIA SUR,4,LA PAZ,PVEM_NUAL,4,31803,47,1106,32909,65271,1345,Sí
2015,3,BAJA CALIFORNIA SUR,5,LA PAZ,PAN_PRS,7954,19286,39,848,20134,34177,7954,Sí
2015,3,BAJA CALIFORNIA SUR,5,LA PAZ,PRI_PVEM...9,5368,19286,39,848,20134,34177,5368,Sí
2015,3,BAJA CALIFORNIA SUR,5,LA PAZ,PRD_PT_MC,1147,19286,39,848,20134,34177,1147,Sí
2015,3,BAJA CALIFORNIA SUR,5,LA PAZ,NUAL,986,19286,39,848,20134,34177,986,No
2015,3,BAJA CALIFORNIA SUR,5,LA PAZ,MORENA,1651,19286,39,848,20134,34177,1651,No
2015,3,BAJA CALIFORNIA SUR,5,LA PAZ,PH,610,19286,39,848,20134,34177,610,No
2015,3,BAJA CALIFORNIA SUR,5,LA PAZ,ES,852,19286,39,848,20134,34177,852,No
2015,3,BAJA CALIFORNIA SUR,5,LA PAZ,JRM,679,19286,39,848,20134,34177,679,No
2015,3,BAJA CALIFORNIA SUR,6,TODOS SANTOS,PAN_PRS,4532,8405,33,410,8815,15264,4532,Sí
2015,3,BAJA CALIFORNIA SUR,6,TODOS SANTOS,PRI_PVEM...9,2830,8405,33,410,8815,15264,2830,Sí
2015,3,BAJA CALIFORNIA SUR,6,TODOS SANTOS,PRD_PT_MC,378,8405,33,410,8815,15264,378,Sí
2015,3,BAJA CALIFORNIA SUR,6,TODOS SANTOS,NUAL,88,8405,33,410,8815,15264,88,No
2015,3,BAJA CALIFORNIA SUR,6,TODOS SANTOS,MORENA,297,8405,33,410,8815,15264,297,No
2015,3,BAJA CALIFORNIA SUR,6,TODOS SANTOS,PH,214,8405,33,410,8815,15264,214,No
2015,3,BAJA CALIFORNIA SUR,6,TODOS SANTOS,ES,33,8405,33,410,8815,15264,33,No
2015,3,BAJA CALIFORNIA SUR,7,SAN JOSE DEL CABO,PAN_PRS,10999,30962,31,1035,31997,65869,10999,Sí
2015,3,BAJA CALIFORNIA SUR,7,SAN JOSE DEL CABO,PRI_PVEM...9,5541,30962,31,1035,31997,65869,5541,Sí
2015,3,BAJA CALIFORNIA SUR,7,SAN JOSE DEL CABO,PRD_PT_MC,10359,30962,31,1035,31997,65869,10359,Sí
2015,3,BAJA CALIFORNIA SUR,7,SAN JOSE DEL CABO,NUAL,405,30962,31,1035,31997,65869,405,No
2015,3,BAJA CALIFORNIA SUR,7,SAN JOSE DEL CABO,MORENA,1883,30962,31,1035,31997,65869,1883,No
2015,3,BAJA CALIFORNIA SUR,7,SAN JOSE DEL CABO,PH,933,30962,31,1035,31997,65869,933,No
2015,3,BAJA CALIFORNIA SUR,7,SAN JOSE DEL CABO,ES,811,30962,31,1035,31997,65869,811,No
2015,3,BAJA CALIFORNIA SUR,8,CABO SAN LUCAS,PAN_PRS,16466,31060,85,1180,32240,80334,16466,Sí
2015,3,BAJA CALIFORNIA SUR,8,CABO SAN LUCAS,PRI_PVEM...9,3581,31060,85,1180,32240,80334,3581,Sí
2015,3,BAJA CALIFORNIA SUR,8,CABO SAN LUCAS,PRD_PT_MC,6281,31060,85,1180,32240,80334,6281,Sí
2015,3,BAJA CALIFORNIA SUR,8,CABO SAN LUCAS,NUAL,781,31060,85,1180,32240,80334,781,No
2015,3,BAJA CALIFORNIA SUR,8,CABO SAN LUCAS,MORENA,2430,31060,85,1180,32240,80334,2430,No
2015,3,BAJA CALIFORNIA SUR,8,CABO SAN LUCAS,ES,1436,31060,85,1180,32240,80334,1436,No
2015,3,BAJA CALIFORNIA SUR,9,CIUDAD CONSTITUCION,PAN_PRS,4080,8000,10,174,8174,13104,4080,Sí
2015,3,BAJA CALIFORNIA SUR,9,CIUDAD CONSTITUCION,PRI,2192,8000,10,174,8174,13104,2192,No
2015,3,BAJA CALIFORNIA SUR,9,CIUDAD CONSTITUCION,PRD_PT_MC,1027,8000,10,174,8174,13104,1027,Sí
2015,3,BAJA CALIFORNIA SUR,9,CIUDAD CONSTITUCION,PVEM,65,8000,10,174,8174,13104,65,No
2015,3,BAJA CALIFORNIA SUR,9,CIUDAD CONSTITUCION,NUAL,77,8000,10,174,8174,13104,77,No
2015,3,BAJA CALIFORNIA SUR,9,CIUDAD CONSTITUCION,MORENA,244,8000,10,174,8174,13104,244,No
2015,3,BAJA CALIFORNIA SUR,9,CIUDAD CONSTITUCION,PH,80,8000,10,174,8174,13104,80,No
2015,3,BAJA CALIFORNIA SUR,9,CIUDAD CONSTITUCION,ES,95,8000,10,174,8174,13104,95,No
2015,3,BAJA CALIFORNIA SUR,9,CIUDAD CONSTITUCION,PRI_PVEM_NUAL,46,8000,10,174,8174,13104,2380,Sí
2015,3,BAJA CALIFORNIA SUR,9,CIUDAD CONSTITUCION,PRI_PVEM...23,80,8000,10,174,8174,13104,2272,Sí
2015,3,BAJA CALIFORNIA SUR,9,CIUDAD CONSTITUCION,PRI_NUAL,4,8000,10,174,8174,13104,2273,Sí
2015,3,BAJA CALIFORNIA SUR,9,CIUDAD CONSTITUCION,PVEM_NUAL,0,8000,10,174,8174,13104,142,Sí
2015,3,BAJA CALIFORNIA SUR,10,CIUDAD CONSTITUCION,PAN_PRS,5096,10174,1,348,10522,18516,5096,Sí
2015,3,BAJA CALIFORNIA SUR,10,CIUDAD CONSTITUCION,PRI,2973,10174,1,348,10522,18516,2973,No
2015,3,BAJA CALIFORNIA SUR,10,CIUDAD CONSTITUCION,PRD_PT_MC,951,10174,1,348,10522,18516,951,Sí
2015,3,BAJA CALIFORNIA SUR,10,CIUDAD CONSTITUCION,PVEM,101,10174,1,348,10522,18516,101,No
2015,3,BAJA CALIFORNIA SUR,10,CIUDAD CONSTITUCION,NUAL,93,10174,1,348,10522,18516,93,No
2015,3,BAJA CALIFORNIA SUR,10,CIUDAD CONSTITUCION,MORENA,256,10174,1,348,10522,18516,256,No
2015,3,BAJA CALIFORNIA SUR,10,CIUDAD CONSTITUCION,PH,74,10174,1,348,10522,18516,74,No
2015,3,BAJA CALIFORNIA SUR,10,CIUDAD CONSTITUCION,ES,380,10174,1,348,10522,18516,380,No
2015,3,BAJA CALIFORNIA SUR,10,CIUDAD CONSTITUCION,PRI_PVEM_NUAL,78,10174,1,348,10522,18516,3245,Sí
2015,3,BAJA CALIFORNIA SUR,10,CIUDAD CONSTITUCION,PRI_PVEM...23,162,10174,1,348,10522,18516,3135,Sí
2015,3,BAJA CALIFORNIA SUR,10,CIUDAD CONSTITUCION,PRI_NUAL,9,10174,1,348,10522,18516,3075,Sí
2015,3,BAJA CALIFORNIA SUR,10,CIUDAD CONSTITUCION,PVEM_NUAL,0,10174,1,348,10522,18516,194,Sí
2015,3,BAJA CALIFORNIA SUR,11,CIUDAD INSURGENTES,PAN_PRS,4170,9698,1,329,10027,15613,4170,Sí
2015,3,BAJA CALIFORNIA SUR,11,CIUDAD INSURGENTES,PRI_PVEM...9,3708,9698,1,329,10027,15613,3708,Sí
2015,3,BAJA CALIFORNIA SUR,11,CIUDAD INSURGENTES,PRD_PT_MC,532,9698,1,329,10027,15613,532,Sí
2015,3,BAJA CALIFORNIA SUR,11,CIUDAD INSURGENTES,NUAL,191,9698,1,329,10027,15613,191,No
2015,3,BAJA CALIFORNIA SUR,11,CIUDAD INSURGENTES,MORENA,181,9698,1,329,10027,15613,181,No
2015,3,BAJA CALIFORNIA SUR,11,CIUDAD INSURGENTES,PH,799,9698,1,329,10027,15613,799,No
2015,3,BAJA CALIFORNIA SUR,11,CIUDAD INSURGENTES,ES,116,9698,1,329,10027,15613,116,No
2015,3,BAJA CALIFORNIA SUR,12,LORETO,PAN_PRS,4577,10345,0,383,10728,14955,4577,Sí
2015,3,BAJA CALIFORNIA SUR,12,LORETO,PRI_PVEM...9,2576,10345,0,383,10728,14955,2576,Sí
2015,3,BAJA CALIFORNIA SUR,12,LORETO,PRD_PT_MC,744,10345,0,383,10728,14955,744,Sí
2015,3,BAJA CALIFORNIA SUR,12,LORETO,NUAL,770,10345,0,383,10728,14955,770,No
2015,3,BAJA CALIFORNIA SUR,12,LORETO,MORENA,202,10345,0,383,10728,14955,202,No
2015,3,BAJA CALIFORNIA SUR,12,LORETO,PH,527,10345,0,383,10728,14955,527,No
2015,3,BAJA CALIFORNIA SUR,12,LORETO,ES,95,10345,0,383,10728,14955,95,No
2015,3,BAJA CALIFORNIA SUR,12,LORETO,ISRM,854,10345,0,383,10728,14955,854,No
2015,3,BAJA CALIFORNIA SUR,13,SANTA ROSALIA,PAN_PRS,3553,8732,14,410,9142,14621,3553,Sí
2015,3,BAJA CALIFORNIA SUR,13,SANTA ROSALIA,PRI,1662,8732,14,410,9142,14621,1662,No
2015,3,BAJA CALIFORNIA SUR,13,SANTA ROSALIA,PRD_PT_MC,225,8732,14,410,9142,14621,225,Sí
2015,3,BAJA CALIFORNIA SUR,13,SANTA ROSALIA,PVEM,57,8732,14,410,9142,14621,57,No
2015,3,BAJA CALIFORNIA SUR,13,SANTA ROSALIA,NUAL,451,8732,14,410,9142,14621,451,No
2015,3,BAJA CALIFORNIA SUR,13,SANTA ROSALIA,MORENA,104,8732,14,410,9142,14621,104,No
2015,3,BAJA CALIFORNIA SUR,13,SANTA ROSALIA,PH,703,8732,14,410,9142,14621,703,No
2015,3,BAJA CALIFORNIA SUR,13,SANTA ROSALIA,ES,960,8732,14,410,9142,14621,960,No
2015,3,BAJA CALIFORNIA SUR,13,SANTA ROSALIA,MARM,879,8732,14,410,9142,14621,879,No
2015,3,BAJA CALIFORNIA SUR,13,SANTA ROSALIA,PRI_PVEM_NUAL,18,8732,14,410,9142,14621,2188,Sí
2015,3,BAJA CALIFORNIA SUR,13,SANTA ROSALIA,PRI_PVEM...23,30,8732,14,410,9142,14621,1692,Sí
2015,3,BAJA CALIFORNIA SUR,13,SANTA ROSALIA,PRI_NUAL,8,8732,14,410,9142,14621,2121,Sí
2015,3,BAJA CALIFORNIA SUR,13,SANTA ROSALIA,PVEM_NUAL,68,8732,14,410,9142,14621,576,Sí
2015,3,BAJA CALIFORNIA SUR,14,GUERRERO NEGRO,PAN_PRS,2902,7800,6,377,8177,15884,2902,Sí
2015,3,BAJA CALIFORNIA SUR,14,GUERRERO NEGRO,PRI,1847,7800,6,377,8177,15884,1847,No
2015,3,BAJA CALIFORNIA SUR,14,GUERRERO NEGRO,PRD_PT_MC,393,7800,6,377,8177,15884,393,Sí
2015,3,BAJA CALIFORNIA SUR,14,GUERRERO NEGRO,PVEM,147,7800,6,377,8177,15884,147,No
2015,3,BAJA CALIFORNIA SUR,14,GUERRERO NEGRO,NUAL,1327,7800,6,377,8177,15884,1327,No
2015,3,BAJA CALIFORNIA SUR,14,GUERRERO NEGRO,MORENA,490,7800,6,377,8177,15884,490,No
2015,3,BAJA CALIFORNIA SUR,14,GUERRERO NEGRO,PH,420,7800,6,377,8177,15884,420,No
2015,3,BAJA CALIFORNIA SUR,14,GUERRERO NEGRO,ES,132,7800,6,377,8177,15884,132,No
2015,3,BAJA CALIFORNIA SUR,14,GUERRERO NEGRO,PRI_PVEM_NUAL,45,7800,6,377,8177,15884,3366,Sí
2015,3,BAJA CALIFORNIA SUR,14,GUERRERO NEGRO,PRI_PVEM...23,37,7800,6,377,8177,15884,1884,Sí
2015,3,BAJA CALIFORNIA SUR,14,GUERRERO NEGRO,PRI_NUAL,44,7800,6,377,8177,15884,3218,Sí
2015,3,BAJA CALIFORNIA SUR,14,GUERRERO NEGRO,PVEM_NUAL,10,7800,6,377,8177,15884,1484,Sí
2015,3,BAJA CALIFORNIA SUR,15,BAHIA TORTUGAS,PAN_PRS,2477,4560,1,138,4698,7382,2477,Sí
2015,3,BAJA CALIFORNIA SUR,15,BAHIA TORTUGAS,PRI,806,4560,1,138,4698,7382,806,No
2015,3,BAJA CALIFORNIA SUR,15,BAHIA TORTUGAS,PRD_PT_MC,697,4560,1,138,4698,7382,697,Sí
2015,3,BAJA CALIFORNIA SUR,15,BAHIA TORTUGAS,PVEM,41,4560,1,138,4698,7382,41,No
2015,3,BAJA CALIFORNIA SUR,15,BAHIA TORTUGAS,NUAL,144,4560,1,138,4698,7382,144,No
2015,3,BAJA CALIFORNIA SUR,15,BAHIA TORTUGAS,MORENA,122,4560,1,138,4698,7382,122,No
2015,3,BAJA CALIFORNIA SUR,15,BAHIA TORTUGAS,PH,197,4560,1,138,4698,7382,197,No
2015,3,BAJA CALIFORNIA SUR,15,BAHIA TORTUGAS,ES,33,4560,1,138,4698,7382,33,No
2015,3,BAJA CALIFORNIA SUR,15,BAHIA TORTUGAS,PRI_PVEM_NUAL,12,4560,1,138,4698,7382,1003,Sí
2015,3,BAJA CALIFORNIA SUR,15,BAHIA TORTUGAS,PRI_PVEM...23,18,4560,1,138,4698,7382,824,Sí
2015,3,BAJA CALIFORNIA SUR,15,BAHIA TORTUGAS,PRI_NUAL,12,4560,1,138,4698,7382,962,Sí
2015,3,BAJA CALIFORNIA SUR,15,BAHIA TORTUGAS,PVEM_NUAL,0,4560,1,138,4698,7382,185,Sí
2015,3,BAJA CALIFORNIA SUR,16,CABO SAN LUCAS,PAN_PRS,5407,13874,38,474,14348,32546,5407,Sí
2015,3,BAJA CALIFORNIA SUR,16,CABO SAN LUCAS,PRI,1886,13874,38,474,14348,32546,1886,No
2015,3,BAJA CALIFORNIA SUR,16,CABO SAN LUCAS,PRD_PT_MC,4183,13874,38,474,14348,32546,4183,Sí
2015,3,BAJA CALIFORNIA SUR,16,CABO SAN LUCAS,PVEM,271,13874,38,474,14348,32546,271,No
2015,3,BAJA CALIFORNIA SUR,16,CABO SAN LUCAS,NUAL,203,13874,38,474,14348,32546,203,No
2015,3,BAJA CALIFORNIA SUR,16,CABO SAN LUCAS,MORENA,1010,13874,38,474,14348,32546,1010,No
2015,3,BAJA CALIFORNIA SUR,16,CABO SAN LUCAS,PH,325,13874,38,474,14348,32546,325,No
2015,3,BAJA CALIFORNIA SUR,16,CABO SAN LUCAS,ES,447,13874,38,474,14348,32546,447,No
2015,3,BAJA CALIFORNIA SUR,16,CABO SAN LUCAS,PRI_PVEM_NUAL,46,13874,38,474,14348,32546,2406,Sí
2015,3,BAJA CALIFORNIA SUR,16,CABO SAN LUCAS,PRI_PVEM...23,47,13874,38,474,14348,32546,1933,Sí
2015,3,BAJA CALIFORNIA SUR,16,CABO SAN LUCAS,PRI_NUAL,10,13874,38,474,14348,32546,2099,Sí
2015,3,BAJA CALIFORNIA SUR,16,CABO SAN LUCAS,PVEM_NUAL,1,13874,38,474,14348,32546,475,Sí
2015,4,CAMPECHE,1,SAN FRANCISCO DE CAMPECHE,PAN,3126,16514,NA,727,17241,27500,3126,No
2015,4,CAMPECHE,1,SAN FRANCISCO DE CAMPECHE,PRI,6619,16514,NA,727,17241,27500,6619,No
2015,4,CAMPECHE,1,SAN FRANCISCO DE CAMPECHE,PRD,1258,16514,NA,727,17241,27500,1258,No
2015,4,CAMPECHE,1,SAN FRANCISCO DE CAMPECHE,PVEM,421,16514,NA,727,17241,27500,421,No
2015,4,CAMPECHE,1,SAN FRANCISCO DE CAMPECHE,PT,232,16514,NA,727,17241,27500,232,No
2015,4,CAMPECHE,1,SAN FRANCISCO DE CAMPECHE,MC,316,16514,NA,727,17241,27500,316,No
2015,4,CAMPECHE,1,SAN FRANCISCO DE CAMPECHE,NUAL,1360,16514,NA,727,17241,27500,1360,No
2015,4,CAMPECHE,1,SAN FRANCISCO DE CAMPECHE,MORENA,2177,16514,NA,727,17241,27500,2177,No
2015,4,CAMPECHE,1,SAN FRANCISCO DE CAMPECHE,PH,249,16514,NA,727,17241,27500,249,No
2015,4,CAMPECHE,1,SAN FRANCISCO DE CAMPECHE,ES,500,16514,NA,727,17241,27500,500,No
2015,4,CAMPECHE,1,SAN FRANCISCO DE CAMPECHE,PRI_PVEM,256,16514,NA,727,17241,27500,7296,Sí
2015,4,CAMPECHE,2,SAN FRANCISCO DE CAMPECHE,PAN,5630,14083,NA,478,14561,27038,5630,No
2015,4,CAMPECHE,2,SAN FRANCISCO DE CAMPECHE,PRI,4384,14083,NA,478,14561,27038,4384,No
2015,4,CAMPECHE,2,SAN FRANCISCO DE CAMPECHE,PRD,429,14083,NA,478,14561,27038,429,No
2015,4,CAMPECHE,2,SAN FRANCISCO DE CAMPECHE,PVEM,275,14083,NA,478,14561,27038,275,No
2015,4,CAMPECHE,2,SAN FRANCISCO DE CAMPECHE,PT,150,14083,NA,478,14561,27038,150,No
2015,4,CAMPECHE,2,SAN FRANCISCO DE CAMPECHE,MC,244,14083,NA,478,14561,27038,244,No
2015,4,CAMPECHE,2,SAN FRANCISCO DE CAMPECHE,NUAL,758,14083,NA,478,14561,27038,758,No
2015,4,CAMPECHE,2,SAN FRANCISCO DE CAMPECHE,MORENA,1377,14083,NA,478,14561,27038,1377,No
2015,4,CAMPECHE,2,SAN FRANCISCO DE CAMPECHE,PH,198,14083,NA,478,14561,27038,198,No
2015,4,CAMPECHE,2,SAN FRANCISCO DE CAMPECHE,ES,361,14083,NA,478,14561,27038,361,No
2015,4,CAMPECHE,2,SAN FRANCISCO DE CAMPECHE,PRI_PVEM,277,14083,NA,478,14561,27038,4936,Sí
2015,4,CAMPECHE,3,SAN FRANCISCO DE CAMPECHE,PAN,2224,13623,NA,611,14234,26658,2224,No
2015,4,CAMPECHE,3,SAN FRANCISCO DE CAMPECHE,PRI,5305,13623,NA,611,14234,26658,5305,No
2015,4,CAMPECHE,3,SAN FRANCISCO DE CAMPECHE,PRD,1151,13623,NA,611,14234,26658,1151,No
2015,4,CAMPECHE,3,SAN FRANCISCO DE CAMPECHE,PVEM,365,13623,NA,611,14234,26658,365,No
2015,4,CAMPECHE,3,SAN FRANCISCO DE CAMPECHE,PT,301,13623,NA,611,14234,26658,301,No
2015,4,CAMPECHE,3,SAN FRANCISCO DE CAMPECHE,MC,275,13623,NA,611,14234,26658,275,No
2015,4,CAMPECHE,3,SAN FRANCISCO DE CAMPECHE,NUAL,928,13623,NA,611,14234,26658,928,No
2015,4,CAMPECHE,3,SAN FRANCISCO DE CAMPECHE,MORENA,1887,13623,NA,611,14234,26658,1887,No
2015,4,CAMPECHE,3,SAN FRANCISCO DE CAMPECHE,PH,269,13623,NA,611,14234,26658,269,No
2015,4,CAMPECHE,3,SAN FRANCISCO DE CAMPECHE,ES,676,13623,NA,611,14234,26658,676,No
2015,4,CAMPECHE,3,SAN FRANCISCO DE CAMPECHE,PRI_PVEM,242,13623,NA,611,14234,26658,5912,Sí
2015,4,CAMPECHE,4,SAN FRANCISCO DE CAMPECHE,PAN,3042,15451,NA,691,16142,27313,3042,No
2015,4,CAMPECHE,4,SAN FRANCISCO DE CAMPECHE,PRI,5723,15451,NA,691,16142,27313,5723,No
2015,4,CAMPECHE,4,SAN FRANCISCO DE CAMPECHE,PRD,659,15451,NA,691,16142,27313,659,No
2015,4,CAMPECHE,4,SAN FRANCISCO DE CAMPECHE,PVEM,607,15451,NA,691,16142,27313,607,No
2015,4,CAMPECHE,4,SAN FRANCISCO DE CAMPECHE,PT,227,15451,NA,691,16142,27313,227,No
2015,4,CAMPECHE,4,SAN FRANCISCO DE CAMPECHE,MC,292,15451,NA,691,16142,27313,292,No
2015,4,CAMPECHE,4,SAN FRANCISCO DE CAMPECHE,NUAL,1233,15451,NA,691,16142,27313,1233,No
2015,4,CAMPECHE,4,SAN FRANCISCO DE CAMPECHE,MORENA,2273,15451,NA,691,16142,27313,2273,No
2015,4,CAMPECHE,4,SAN FRANCISCO DE CAMPECHE,PH,358,15451,NA,691,16142,27313,358,No
2015,4,CAMPECHE,4,SAN FRANCISCO DE CAMPECHE,ES,471,15451,NA,691,16142,27313,471,No
2015,4,CAMPECHE,4,SAN FRANCISCO DE CAMPECHE,PRI_PVEM,566,15451,NA,691,16142,27313,6896,Sí
2015,4,CAMPECHE,5,SAN FRANCISCO DE CAMPECHE,PAN,3165,16514,NA,741,17255,28441,3165,No
2015,4,CAMPECHE,5,SAN FRANCISCO DE CAMPECHE,PRI,5687,16514,NA,741,17255,28441,5687,No
2015,4,CAMPECHE,5,SAN FRANCISCO DE CAMPECHE,PRD,753,16514,NA,741,17255,28441,753,No
2015,4,CAMPECHE,5,SAN FRANCISCO DE CAMPECHE,PVEM,380,16514,NA,741,17255,28441,380,No
2015,4,CAMPECHE,5,SAN FRANCISCO DE CAMPECHE,PT,494,16514,NA,741,17255,28441,494,No
2015,4,CAMPECHE,5,SAN FRANCISCO DE CAMPECHE,MC,291,16514,NA,741,17255,28441,291,No
2015,4,CAMPECHE,5,SAN FRANCISCO DE CAMPECHE,NUAL,2655,16514,NA,741,17255,28441,2655,No
2015,4,CAMPECHE,5,SAN FRANCISCO DE CAMPECHE,MORENA,2079,16514,NA,741,17255,28441,2079,No
2015,4,CAMPECHE,5,SAN FRANCISCO DE CAMPECHE,PH,319,16514,NA,741,17255,28441,319,No
2015,4,CAMPECHE,5,SAN FRANCISCO DE CAMPECHE,ES,466,16514,NA,741,17255,28441,466,No
2015,4,CAMPECHE,5,SAN FRANCISCO DE CAMPECHE,PRI_PVEM,225,16514,NA,741,17255,28441,6292,Sí
2015,4,CAMPECHE,6,SAN FRANCISCO DE CAMPECHE,PAN,3930,17519,NA,731,18250,32114,3930,No
2015,4,CAMPECHE,6,SAN FRANCISCO DE CAMPECHE,PRI,7709,17519,NA,731,18250,32114,7709,No
2015,4,CAMPECHE,6,SAN FRANCISCO DE CAMPECHE,PRD,886,17519,NA,731,18250,32114,886,No
2015,4,CAMPECHE,6,SAN FRANCISCO DE CAMPECHE,PVEM,347,17519,NA,731,18250,32114,347,No
2015,4,CAMPECHE,6,SAN FRANCISCO DE CAMPECHE,PT,339,17519,NA,731,18250,32114,339,No
2015,4,CAMPECHE,6,SAN FRANCISCO DE CAMPECHE,MC,255,17519,NA,731,18250,32114,255,No
2015,4,CAMPECHE,6,SAN FRANCISCO DE CAMPECHE,NUAL,934,17519,NA,731,18250,32114,934,No
2015,4,CAMPECHE,6,SAN FRANCISCO DE CAMPECHE,MORENA,1899,17519,NA,731,18250,32114,1899,No
2015,4,CAMPECHE,6,SAN FRANCISCO DE CAMPECHE,PH,279,17519,NA,731,18250,32114,279,No
2015,4,CAMPECHE,6,SAN FRANCISCO DE CAMPECHE,ES,708,17519,NA,731,18250,32114,708,No
2015,4,CAMPECHE,6,SAN FRANCISCO DE CAMPECHE,PRI_PVEM,233,17519,NA,731,18250,32114,8289,Sí
2015,4,CAMPECHE,7,TENABO,PAN,6041,19824,NA,661,20485,32371,6041,No
2015,4,CAMPECHE,7,TENABO,PRI,7657,19824,NA,661,20485,32371,7657,No
2015,4,CAMPECHE,7,TENABO,PRD,520,19824,NA,661,20485,32371,520,No
2015,4,CAMPECHE,7,TENABO,PVEM,369,19824,NA,661,20485,32371,369,No
2015,4,CAMPECHE,7,TENABO,PT,194,19824,NA,661,20485,32371,194,No
2015,4,CAMPECHE,7,TENABO,MC,434,19824,NA,661,20485,32371,434,No
2015,4,CAMPECHE,7,TENABO,NUAL,1366,19824,NA,661,20485,32371,1366,No
2015,4,CAMPECHE,7,TENABO,MORENA,1645,19824,NA,661,20485,32371,1645,No
2015,4,CAMPECHE,7,TENABO,PH,259,19824,NA,661,20485,32371,259,No
2015,4,CAMPECHE,7,TENABO,ES,588,19824,NA,661,20485,32371,588,No
2015,4,CAMPECHE,7,TENABO,PRI_PVEM,751,19824,NA,661,20485,32371,8777,Sí
2015,4,CAMPECHE,8,CIUDAD DEL CARMEN,PAN,5816,13493,NA,443,13936,29740,5816,No
2015,4,CAMPECHE,8,CIUDAD DEL CARMEN,PRI,3112,13493,NA,443,13936,29740,3112,No
2015,4,CAMPECHE,8,CIUDAD DEL CARMEN,PRD,1525,13493,NA,443,13936,29740,1525,No
2015,4,CAMPECHE,8,CIUDAD DEL CARMEN,PVEM,144,13493,NA,443,13936,29740,144,No
2015,4,CAMPECHE,8,CIUDAD DEL CARMEN,PT,359,13493,NA,443,13936,29740,359,No
2015,4,CAMPECHE,8,CIUDAD DEL CARMEN,MC,136,13493,NA,443,13936,29740,136,No
2015,4,CAMPECHE,8,CIUDAD DEL CARMEN,NUAL,258,13493,NA,443,13936,29740,258,No
2015,4,CAMPECHE,8,CIUDAD DEL CARMEN,MORENA,1421,13493,NA,443,13936,29740,1421,No
2015,4,CAMPECHE,8,CIUDAD DEL CARMEN,PH,194,13493,NA,443,13936,29740,194,No
2015,4,CAMPECHE,8,CIUDAD DEL CARMEN,ES,229,13493,NA,443,13936,29740,229,No
2015,4,CAMPECHE,8,CIUDAD DEL CARMEN,PRI_PVEM,299,13493,NA,443,13936,29740,3555,Sí
2015,4,CAMPECHE,9,CIUDAD DEL CARMEN,PAN,5833,13978,NA,483,14461,29653,5833,No
2015,4,CAMPECHE,9,CIUDAD DEL CARMEN,PRI,4167,13978,NA,483,14461,29653,4167,No
2015,4,CAMPECHE,9,CIUDAD DEL CARMEN,PRD,852,13978,NA,483,14461,29653,852,No
2015,4,CAMPECHE,9,CIUDAD DEL CARMEN,PVEM,205,13978,NA,483,14461,29653,205,No
2015,4,CAMPECHE,9,CIUDAD DEL CARMEN,PT,187,13978,NA,483,14461,29653,187,No
2015,4,CAMPECHE,9,CIUDAD DEL CARMEN,MC,214,13978,NA,483,14461,29653,214,No
2015,4,CAMPECHE,9,CIUDAD DEL CARMEN,NUAL,274,13978,NA,483,14461,29653,274,No
2015,4,CAMPECHE,9,CIUDAD DEL CARMEN,MORENA,1673,13978,NA,483,14461,29653,1673,No
2015,4,CAMPECHE,9,CIUDAD DEL CARMEN,PH,186,13978,NA,483,14461,29653,186,No
2015,4,CAMPECHE,9,CIUDAD DEL CARMEN,ES,243,13978,NA,483,14461,29653,243,No
2015,4,CAMPECHE,9,CIUDAD DEL CARMEN,PRI_PVEM,144,13978,NA,483,14461,29653,4516,Sí
2015,4,CAMPECHE,10,CIUDAD DEL CARMEN,PAN,5506,11697,NA,338,12035,25850,5506,No
2015,4,CAMPECHE,10,CIUDAD DEL CARMEN,PRI,2953,11697,NA,338,12035,25850,2953,No
2015,4,CAMPECHE,10,CIUDAD DEL CARMEN,PRD,319,11697,NA,338,12035,25850,319,No
2015,4,CAMPECHE,10,CIUDAD DEL CARMEN,PVEM,159,11697,NA,338,12035,25850,159,No
2015,4,CAMPECHE,10,CIUDAD DEL CARMEN,PT,340,11697,NA,338,12035,25850,340,No
2015,4,CAMPECHE,10,CIUDAD DEL CARMEN,MC,170,11697,NA,338,12035,25850,170,No
2015,4,CAMPECHE,10,CIUDAD DEL CARMEN,NUAL,231,11697,NA,338,12035,25850,231,No
2015,4,CAMPECHE,10,CIUDAD DEL CARMEN,MORENA,1478,11697,NA,338,12035,25850,1478,No
2015,4,CAMPECHE,10,CIUDAD DEL CARMEN,PH,169,11697,NA,338,12035,25850,169,No
2015,4,CAMPECHE,10,CIUDAD DEL CARMEN,ES,243,11697,NA,338,12035,25850,243,No
2015,4,CAMPECHE,10,CIUDAD DEL CARMEN,PRI_PVEM,129,11697,NA,338,12035,25850,3241,Sí
2015,4,CAMPECHE,11,CIUDAD DEL CARMEN,PAN,3729,9744,NA,303,10047,24406,3729,No
2015,4,CAMPECHE,11,CIUDAD DEL CARMEN,PRI,3356,9744,NA,303,10047,24406,3356,No
2015,4,CAMPECHE,11,CIUDAD DEL CARMEN,PRD,318,9744,NA,303,10047,24406,318,No
2015,4,CAMPECHE,11,CIUDAD DEL CARMEN,PVEM,196,9744,NA,303,10047,24406,196,No
2015,4,CAMPECHE,11,CIUDAD DEL CARMEN,PT,124,9744,NA,303,10047,24406,124,No
2015,4,CAMPECHE,11,CIUDAD DEL CARMEN,MC,120,9744,NA,303,10047,24406,120,No
2015,4,CAMPECHE,11,CIUDAD DEL CARMEN,NUAL,239,9744,NA,303,10047,24406,239,No
2015,4,CAMPECHE,11,CIUDAD DEL CARMEN,MORENA,1070,9744,NA,303,10047,24406,1070,No
2015,4,CAMPECHE,11,CIUDAD DEL CARMEN,PH,135,9744,NA,303,10047,24406,135,No
2015,4,CAMPECHE,11,CIUDAD DEL CARMEN,ES,160,9744,NA,303,10047,24406,160,No
2015,4,CAMPECHE,11,CIUDAD DEL CARMEN,PRI_PVEM,192,9744,NA,303,10047,24406,3744,Sí
2015,4,CAMPECHE,11,CIUDAD DEL CARMEN,Candidatura Independiente,105,9744,NA,303,10047,24406,105,No
2015,4,CAMPECHE,12,SABANCUY,PAN,7794,17638,NA,498,18136,35294,7794,No
2015,4,CAMPECHE,12,SABANCUY,PRI,6042,17638,NA,498,18136,35294,6042,No
2015,4,CAMPECHE,12,SABANCUY,PRD,400,17638,NA,498,18136,35294,400,No
2015,4,CAMPECHE,12,SABANCUY,PVEM,237,17638,NA,498,18136,35294,237,No
2015,4,CAMPECHE,12,SABANCUY,PT,150,17638,NA,498,18136,35294,150,No
2015,4,CAMPECHE,12,SABANCUY,MC,179,17638,NA,498,18136,35294,179,No
2015,4,CAMPECHE,12,SABANCUY,NUAL,310,17638,NA,498,18136,35294,310,No
2015,4,CAMPECHE,12,SABANCUY,MORENA,1753,17638,NA,498,18136,35294,1753,No
2015,4,CAMPECHE,12,SABANCUY,PH,230,17638,NA,498,18136,35294,230,No
2015,4,CAMPECHE,12,SABANCUY,ES,220,17638,NA,498,18136,35294,220,No
2015,4,CAMPECHE,12,SABANCUY,PRI_PVEM,323,17638,NA,498,18136,35294,6602,Sí
2015,4,CAMPECHE,13,ESCÁRCEGA,PAN,5814,16823,NA,572,17395,29293,5814,No
2015,4,CAMPECHE,13,ESCÁRCEGA,PRI,5579,16823,NA,572,17395,29293,5579,No
2015,4,CAMPECHE,13,ESCÁRCEGA,PRD,921,16823,NA,572,17395,29293,921,No
2015,4,CAMPECHE,13,ESCÁRCEGA,PVEM,378,16823,NA,572,17395,29293,378,No
2015,4,CAMPECHE,13,ESCÁRCEGA,PT,254,16823,NA,572,17395,29293,254,No
2015,4,CAMPECHE,13,ESCÁRCEGA,MC,762,16823,NA,572,17395,29293,762,No
2015,4,CAMPECHE,13,ESCÁRCEGA,NUAL,439,16823,NA,572,17395,29293,439,No
2015,4,CAMPECHE,13,ESCÁRCEGA,MORENA,1843,16823,NA,572,17395,29293,1843,No
2015,4,CAMPECHE,13,ESCÁRCEGA,PH,175,16823,NA,572,17395,29293,175,No
2015,4,CAMPECHE,13,ESCÁRCEGA,ES,111,16823,NA,572,17395,29293,111,No
2015,4,CAMPECHE,13,ESCÁRCEGA,PRI_PVEM,547,16823,NA,572,17395,29293,6504,Sí
2015,4,CAMPECHE,14,CANDELARIA,PAN,11674,18848,NA,457,19305,28778,11674,No
2015,4,CAMPECHE,14,CANDELARIA,PRI,5898,18848,NA,457,19305,28778,5898,No
2015,4,CAMPECHE,14,CANDELARIA,PRD,131,18848,NA,457,19305,28778,131,No
2015,4,CAMPECHE,14,CANDELARIA,PVEM,70,18848,NA,457,19305,28778,70,No
2015,4,CAMPECHE,14,CANDELARIA,PT,134,18848,NA,457,19305,28778,134,No
2015,4,CAMPECHE,14,CANDELARIA,MC,234,18848,NA,457,19305,28778,234,No
2015,4,CAMPECHE,14,CANDELARIA,NUAL,126,18848,NA,457,19305,28778,126,No
2015,4,CAMPECHE,14,CANDELARIA,MORENA,273,18848,NA,457,19305,28778,273,No
2015,4,CAMPECHE,14,CANDELARIA,PH,33,18848,NA,457,19305,28778,33,No
2015,4,CAMPECHE,14,CANDELARIA,ES,76,18848,NA,457,19305,28778,76,No
2015,4,CAMPECHE,14,CANDELARIA,PRI_PVEM,199,18848,NA,457,19305,28778,6167,Sí
2015,4,CAMPECHE,15,CHAMPOTÓN,PAN,3971,18042,NA,717,18759,29162,3971,No
2015,4,CAMPECHE,15,CHAMPOTÓN,PRI,9438,18042,NA,717,18759,29162,9438,No
2015,4,CAMPECHE,15,CHAMPOTÓN,PRD,767,18042,NA,717,18759,29162,767,No
2015,4,CAMPECHE,15,CHAMPOTÓN,PVEM,327,18042,NA,717,18759,29162,327,No
2015,4,CAMPECHE,15,CHAMPOTÓN,PT,440,18042,NA,717,18759,29162,440,No
2015,4,CAMPECHE,15,CHAMPOTÓN,MC,290,18042,NA,717,18759,29162,290,No
2015,4,CAMPECHE,15,CHAMPOTÓN,NUAL,391,18042,NA,717,18759,29162,391,No
2015,4,CAMPECHE,15,CHAMPOTÓN,MORENA,1713,18042,NA,717,18759,29162,1713,No
2015,4,CAMPECHE,15,CHAMPOTÓN,PH,169,18042,NA,717,18759,29162,169,No
2015,4,CAMPECHE,15,CHAMPOTÓN,ES,103,18042,NA,717,18759,29162,103,No
2015,4,CAMPECHE,15,CHAMPOTÓN,PRI_PVEM,433,18042,NA,717,18759,29162,10198,Sí
2015,4,CAMPECHE,16,SEYBAPLAYA,PAN,4384,20062,NA,871,20933,31175,4384,No
2015,4,CAMPECHE,16,SEYBAPLAYA,PRI,8396,20062,NA,871,20933,31175,8396,No
2015,4,CAMPECHE,16,SEYBAPLAYA,PRD,1419,20062,NA,871,20933,31175,1419,No
2015,4,CAMPECHE,16,SEYBAPLAYA,PVEM,264,20062,NA,871,20933,31175,264,No
2015,4,CAMPECHE,16,SEYBAPLAYA,PT,573,20062,NA,871,20933,31175,573,No
2015,4,CAMPECHE,16,SEYBAPLAYA,MC,414,20062,NA,871,20933,31175,414,No
2015,4,CAMPECHE,16,SEYBAPLAYA,NUAL,1504,20062,NA,871,20933,31175,1504,No
2015,4,CAMPECHE,16,SEYBAPLAYA,MORENA,2488,20062,NA,871,20933,31175,2488,No
2015,4,CAMPECHE,16,SEYBAPLAYA,PH,91,20062,NA,871,20933,31175,91,No
2015,4,CAMPECHE,16,SEYBAPLAYA,ES,175,20062,NA,871,20933,31175,175,No
2015,4,CAMPECHE,16,SEYBAPLAYA,PRI_PVEM,354,20062,NA,871,20933,31175,9014,Sí
2015,4,CAMPECHE,17,CALKINÍ,PAN,1481,20999,NA,532,21531,28697,1481,No
2015,4,CAMPECHE,17,CALKINÍ,PRI,6288,20999,NA,532,21531,28697,6288,No
2015,4,CAMPECHE,17,CALKINÍ,PRD,251,20999,NA,532,21531,28697,251,No
2015,4,CAMPECHE,17,CALKINÍ,PVEM,262,20999,NA,532,21531,28697,262,No
2015,4,CAMPECHE,17,CALKINÍ,PT,195,20999,NA,532,21531,28697,195,No
2015,4,CAMPECHE,17,CALKINÍ,MC,573,20999,NA,532,21531,28697,573,No
2015,4,CAMPECHE,17,CALKINÍ,NUAL,3479,20999,NA,532,21531,28697,3479,No
2015,4,CAMPECHE,17,CALKINÍ,MORENA,7656,20999,NA,532,21531,28697,7656,No
2015,4,CAMPECHE,17,CALKINÍ,PH,168,20999,NA,532,21531,28697,168,No
2015,4,CAMPECHE,17,CALKINÍ,ES,388,20999,NA,532,21531,28697,388,No
2015,4,CAMPECHE,17,CALKINÍ,PRI_PVEM,258,20999,NA,532,21531,28697,6808,Sí
2015,4,CAMPECHE,18,HOPELCHÉN,PAN,6805,18164,NA,455,18619,25054,6805,No
2015,4,CAMPECHE,18,HOPELCHÉN,PRI,8148,18164,NA,455,18619,25054,8148,No
2015,4,CAMPECHE,18,HOPELCHÉN,PRD,144,18164,NA,455,18619,25054,144,No
2015,4,CAMPECHE,18,HOPELCHÉN,PVEM,68,18164,NA,455,18619,25054,68,No
2015,4,CAMPECHE,18,HOPELCHÉN,PT,276,18164,NA,455,18619,25054,276,No
2015,4,CAMPECHE,18,HOPELCHÉN,MC,173,18164,NA,455,18619,25054,173,No
2015,4,CAMPECHE,18,HOPELCHÉN,NUAL,1347,18164,NA,455,18619,25054,1347,No
2015,4,CAMPECHE,18,HOPELCHÉN,MORENA,601,18164,NA,455,18619,25054,601,No
2015,4,CAMPECHE,18,HOPELCHÉN,PH,63,18164,NA,455,18619,25054,63,No
2015,4,CAMPECHE,18,HOPELCHÉN,ES,29,18164,NA,455,18619,25054,29,No
2015,4,CAMPECHE,18,HOPELCHÉN,PRI_PVEM,510,18164,NA,455,18619,25054,8726,Sí
2015,4,CAMPECHE,19,HECELCHAKÁN,PAN,6380,23993,NA,799,24792,30297,6380,No
2015,4,CAMPECHE,19,HECELCHAKÁN,PRI,6873,23993,NA,799,24792,30297,6873,No
2015,4,CAMPECHE,19,HECELCHAKÁN,PRD,299,23993,NA,799,24792,30297,299,No
2015,4,CAMPECHE,19,HECELCHAKÁN,PVEM,736,23993,NA,799,24792,30297,736,No
2015,4,CAMPECHE,19,HECELCHAKÁN,PT,91,23993,NA,799,24792,30297,91,No
2015,4,CAMPECHE,19,HECELCHAKÁN,MC,178,23993,NA,799,24792,30297,178,No
2015,4,CAMPECHE,19,HECELCHAKÁN,NUAL,2008,23993,NA,799,24792,30297,2008,No
2015,4,CAMPECHE,19,HECELCHAKÁN,MORENA,2858,23993,NA,799,24792,30297,2858,No
2015,4,CAMPECHE,19,HECELCHAKÁN,PH,172,23993,NA,799,24792,30297,172,No
2015,4,CAMPECHE,19,HECELCHAKÁN,ES,3998,23993,NA,799,24792,30297,3998,No
2015,4,CAMPECHE,19,HECELCHAKÁN,PRI_PVEM,400,23993,NA,799,24792,30297,8009,Sí
2015,4,CAMPECHE,20,PALIZADA,PAN,9102,20180,NA,657,20837,29574,9102,No
2015,4,CAMPECHE,20,PALIZADA,PRI,7246,20180,NA,657,20837,29574,7246,No
2015,4,CAMPECHE,20,PALIZADA,PRD,261,20180,NA,657,20837,29574,261,No
2015,4,CAMPECHE,20,PALIZADA,PVEM,615,20180,NA,657,20837,29574,615,No
2015,4,CAMPECHE,20,PALIZADA,PT,82,20180,NA,657,20837,29574,82,No
2015,4,CAMPECHE,20,PALIZADA,MC,107,20180,NA,657,20837,29574,107,No
2015,4,CAMPECHE,20,PALIZADA,NUAL,299,20180,NA,657,20837,29574,299,No
2015,4,CAMPECHE,20,PALIZADA,MORENA,1690,20180,NA,657,20837,29574,1690,No
2015,4,CAMPECHE,20,PALIZADA,PH,62,20180,NA,657,20837,29574,62,No
2015,4,CAMPECHE,20,PALIZADA,ES,45,20180,NA,657,20837,29574,45,No
2015,4,CAMPECHE,20,PALIZADA,PRI_PVEM,671,20180,NA,657,20837,29574,8532,Sí
2015,4,CAMPECHE,21,XPUJIL,PAN,6797,16921,NA,586,17507,25202,6797,No
2015,4,CAMPECHE,21,XPUJIL,PRI,7215,16921,NA,586,17507,25202,7215,No
2015,4,CAMPECHE,21,XPUJIL,PRD,778,16921,NA,586,17507,25202,778,No
2015,4,CAMPECHE,21,XPUJIL,PVEM,144,16921,NA,586,17507,25202,144,No
2015,4,CAMPECHE,21,XPUJIL,PT,187,16921,NA,586,17507,25202,187,No
2015,4,CAMPECHE,21,XPUJIL,MC,238,16921,NA,586,17507,25202,238,No
2015,4,CAMPECHE,21,XPUJIL,NUAL,507,16921,NA,586,17507,25202,507,No
2015,4,CAMPECHE,21,XPUJIL,MORENA,498,16921,NA,586,17507,25202,498,No
2015,4,CAMPECHE,21,XPUJIL,PH,40,16921,NA,586,17507,25202,40,No
2015,4,CAMPECHE,21,XPUJIL,ES,48,16921,NA,586,17507,25202,48,No
2015,4,CAMPECHE,21,XPUJIL,PRI_PVEM,469,16921,NA,586,17507,25202,7828,Sí
2015,6,COLIMA,1,NO ESTABLECIDO ACUERDO 24/2014,PAN,6468,17656,9,617,18282,30126,6468,No
2015,6,COLIMA,1,NO ESTABLECIDO ACUERDO 24/2014,PRI,5131,17656,9,617,18282,30126,5131,No
2015,6,COLIMA,1,NO ESTABLECIDO ACUERDO 24/2014,PRD,384,17656,9,617,18282,30126,384,No
2015,6,COLIMA,1,NO ESTABLECIDO ACUERDO 24/2014,PVEM,1249,17656,9,617,18282,30126,1249,No
2015,6,COLIMA,1,NO ESTABLECIDO ACUERDO 24/2014,PT,475,17656,9,617,18282,30126,475,No
2015,6,COLIMA,1,NO ESTABLECIDO ACUERDO 24/2014,MC,2199,17656,9,617,18282,30126,2199,No
2015,6,COLIMA,1,NO ESTABLECIDO ACUERDO 24/2014,NUAL,811,17656,9,617,18282,30126,811,No
2015,6,COLIMA,1,NO ESTABLECIDO ACUERDO 24/2014,MORENA,543,17656,9,617,18282,30126,543,No
2015,6,COLIMA,1,NO ESTABLECIDO ACUERDO 24/2014,PH,232,17656,9,617,18282,30126,232,No
2015,6,COLIMA,1,NO ESTABLECIDO ACUERDO 24/2014,ES,164,17656,9,617,18282,30126,164,No
2015,6,COLIMA,1,NO ESTABLECIDO ACUERDO 24/2014,PRI_PVEM_NUAL,0,17656,9,617,18282,30126,7191,Sí
2015,6,COLIMA,2,NO ESTABLECIDO ACUERDO 24/2014,PAN,9878,24755,17,1149,25921,39721,9878,No
2015,6,COLIMA,2,NO ESTABLECIDO ACUERDO 24/2014,PRI,0,24755,17,1149,25921,39721,0,No
2015,6,COLIMA,2,NO ESTABLECIDO ACUERDO 24/2014,PRD,691,24755,17,1149,25921,39721,691,No
2015,6,COLIMA,2,NO ESTABLECIDO ACUERDO 24/2014,PVEM,2189,24755,17,1149,25921,39721,2189,No
2015,6,COLIMA,2,NO ESTABLECIDO ACUERDO 24/2014,PT,684,24755,17,1149,25921,39721,684,No
2015,6,COLIMA,2,NO ESTABLECIDO ACUERDO 24/2014,MC,1859,24755,17,1149,25921,39721,1859,No
2015,6,COLIMA,2,NO ESTABLECIDO ACUERDO 24/2014,NUAL,8012,24755,17,1149,25921,39721,8012,No
2015,6,COLIMA,2,NO ESTABLECIDO ACUERDO 24/2014,MORENA,699,24755,17,1149,25921,39721,699,No
2015,6,COLIMA,2,NO ESTABLECIDO ACUERDO 24/2014,PH,401,24755,17,1149,25921,39721,401,No
2015,6,COLIMA,2,NO ESTABLECIDO ACUERDO 24/2014,ES,342,24755,17,1149,25921,39721,342,No
2015,6,COLIMA,2,NO ESTABLECIDO ACUERDO 24/2014,PRI_PVEM_NUAL,0,24755,17,1149,25921,39721,10201,Sí
2015,6,COLIMA,3,NO ESTABLECIDO ACUERDO 24/2014,PAN,6797,19042,7,849,19898,33022,6797,No
2015,6,COLIMA,3,NO ESTABLECIDO ACUERDO 24/2014,PRI,6286,19042,7,849,19898,33022,6286,No
2015,6,COLIMA,3,NO ESTABLECIDO ACUERDO 24/2014,PRD,439,19042,7,849,19898,33022,439,No
2015,6,COLIMA,3,NO ESTABLECIDO ACUERDO 24/2014,PVEM,2916,19042,7,849,19898,33022,2916,No
2015,6,COLIMA,3,NO ESTABLECIDO ACUERDO 24/2014,PT,473,19042,7,849,19898,33022,473,No
2015,6,COLIMA,3,NO ESTABLECIDO ACUERDO 24/2014,MC,933,19042,7,849,19898,33022,933,No
2015,6,COLIMA,3,NO ESTABLECIDO ACUERDO 24/2014,NUAL,610,19042,7,849,19898,33022,610,No
2015,6,COLIMA,3,NO ESTABLECIDO ACUERDO 24/2014,MORENA,313,19042,7,849,19898,33022,313,No
2015,6,COLIMA,3,NO ESTABLECIDO ACUERDO 24/2014,PH,275,19042,7,849,19898,33022,275,No
2015,6,COLIMA,3,NO ESTABLECIDO ACUERDO 24/2014,ES,0,19042,7,849,19898,33022,0,No
2015,6,COLIMA,3,NO ESTABLECIDO ACUERDO 24/2014,PRI_PVEM_NUAL,0,19042,7,849,19898,33022,9812,Sí
2015,6,COLIMA,4,NO ESTABLECIDO ACUERDO 24/2014,PAN,8013,20012,7,599,20618,32132,8013,No
2015,6,COLIMA,4,NO ESTABLECIDO ACUERDO 24/2014,PRI,8148,20012,7,599,20618,32132,8148,No
2015,6,COLIMA,4,NO ESTABLECIDO ACUERDO 24/2014,PRD,465,20012,7,599,20618,32132,465,No
2015,6,COLIMA,4,NO ESTABLECIDO ACUERDO 24/2014,PVEM,495,20012,7,599,20618,32132,495,No
2015,6,COLIMA,4,NO ESTABLECIDO ACUERDO 24/2014,PT,619,20012,7,599,20618,32132,619,No
2015,6,COLIMA,4,NO ESTABLECIDO ACUERDO 24/2014,MC,856,20012,7,599,20618,32132,856,No
2015,6,COLIMA,4,NO ESTABLECIDO ACUERDO 24/2014,NUAL,598,20012,7,599,20618,32132,598,No
2015,6,COLIMA,4,NO ESTABLECIDO ACUERDO 24/2014,MORENA,386,20012,7,599,20618,32132,386,No
2015,6,COLIMA,4,NO ESTABLECIDO ACUERDO 24/2014,PH,197,20012,7,599,20618,32132,197,No
2015,6,COLIMA,4,NO ESTABLECIDO ACUERDO 24/2014,ES,235,20012,7,599,20618,32132,235,No
2015,6,COLIMA,4,NO ESTABLECIDO ACUERDO 24/2014,PRI_PVEM_NUAL,0,20012,7,599,20618,32132,9241,Sí
2015,6,COLIMA,5,NO ESTABLECIDO ACUERDO 24/2014,PAN,8313,21518,12,595,22125,35297,8313,No
2015,6,COLIMA,5,NO ESTABLECIDO ACUERDO 24/2014,PRI,8432,21518,12,595,22125,35297,8432,No
2015,6,COLIMA,5,NO ESTABLECIDO ACUERDO 24/2014,PRD,446,21518,12,595,22125,35297,446,No
2015,6,COLIMA,5,NO ESTABLECIDO ACUERDO 24/2014,PVEM,566,21518,12,595,22125,35297,566,No
2015,6,COLIMA,5,NO ESTABLECIDO ACUERDO 24/2014,PT,841,21518,12,595,22125,35297,841,No
2015,6,COLIMA,5,NO ESTABLECIDO ACUERDO 24/2014,MC,1458,21518,12,595,22125,35297,1458,No
2015,6,COLIMA,5,NO ESTABLECIDO ACUERDO 24/2014,NUAL,440,21518,12,595,22125,35297,440,No
2015,6,COLIMA,5,NO ESTABLECIDO ACUERDO 24/2014,MORENA,390,21518,12,595,22125,35297,390,No
2015,6,COLIMA,5,NO ESTABLECIDO ACUERDO 24/2014,PH,248,21518,12,595,22125,35297,248,No
2015,6,COLIMA,5,NO ESTABLECIDO ACUERDO 24/2014,ES,209,21518,12,595,22125,35297,209,No
2015,6,COLIMA,5,NO ESTABLECIDO ACUERDO 24/2014,PRI_PVEM_NUAL,175,21518,12,595,22125,35297,9613,Sí
2015,6,COLIMA,6,NO ESTABLECIDO ACUERDO 24/2014,PAN,7189,19549,7,558,20114,30953,7189,No
2015,6,COLIMA,6,NO ESTABLECIDO ACUERDO 24/2014,PRI,7983,19549,7,558,20114,30953,7983,No
2015,6,COLIMA,6,NO ESTABLECIDO ACUERDO 24/2014,PRD,1392,19549,7,558,20114,30953,1392,No
2015,6,COLIMA,6,NO ESTABLECIDO ACUERDO 24/2014,PVEM,269,19549,7,558,20114,30953,269,No
2015,6,COLIMA,6,NO ESTABLECIDO ACUERDO 24/2014,PT,493,19549,7,558,20114,30953,493,No
2015,6,COLIMA,6,NO ESTABLECIDO ACUERDO 24/2014,MC,895,19549,7,558,20114,30953,895,No
2015,6,COLIMA,6,NO ESTABLECIDO ACUERDO 24/2014,NUAL,418,19549,7,558,20114,30953,418,No
2015,6,COLIMA,6,NO ESTABLECIDO ACUERDO 24/2014,MORENA,446,19549,7,558,20114,30953,446,No
2015,6,COLIMA,6,NO ESTABLECIDO ACUERDO 24/2014,PH,309,19549,7,558,20114,30953,309,No
2015,6,COLIMA,6,NO ESTABLECIDO ACUERDO 24/2014,ES,0,19549,7,558,20114,30953,0,No
2015,6,COLIMA,6,NO ESTABLECIDO ACUERDO 24/2014,PRI_PVEM_NUAL,155,19549,7,558,20114,30953,8825,Sí
2015,6,COLIMA,7,NO ESTABLECIDO ACUERDO 24/2014,PAN,7631,18986,15,593,19594,33223,7631,No
2015,6,COLIMA,7,NO ESTABLECIDO ACUERDO 24/2014,PRI,4962,18986,15,593,19594,33223,4962,No
2015,6,COLIMA,7,NO ESTABLECIDO ACUERDO 24/2014,PRD,705,18986,15,593,19594,33223,705,No
2015,6,COLIMA,7,NO ESTABLECIDO ACUERDO 24/2014,PVEM,372,18986,15,593,19594,33223,372,No
2015,6,COLIMA,7,NO ESTABLECIDO ACUERDO 24/2014,PT,1645,18986,15,593,19594,33223,1645,No
2015,6,COLIMA,7,NO ESTABLECIDO ACUERDO 24/2014,MC,1538,18986,15,593,19594,33223,1538,No
2015,6,COLIMA,7,NO ESTABLECIDO ACUERDO 24/2014,NUAL,679,18986,15,593,19594,33223,679,No
2015,6,COLIMA,7,NO ESTABLECIDO ACUERDO 24/2014,MORENA,584,18986,15,593,19594,33223,584,No
2015,6,COLIMA,7,NO ESTABLECIDO ACUERDO 24/2014,PH,443,18986,15,593,19594,33223,443,No
2015,6,COLIMA,7,NO ESTABLECIDO ACUERDO 24/2014,ES,217,18986,15,593,19594,33223,217,No
2015,6,COLIMA,7,NO ESTABLECIDO ACUERDO 24/2014,PRI_PVEM_NUAL,210,18986,15,593,19594,33223,6223,Sí
2015,6,COLIMA,8,NO ESTABLECIDO ACUERDO 24/2014,PAN,6482,17996,15,401,18412,30951,6482,No
2015,6,COLIMA,8,NO ESTABLECIDO ACUERDO 24/2014,PRI,6154,17996,15,401,18412,30951,6154,No
2015,6,COLIMA,8,NO ESTABLECIDO ACUERDO 24/2014,PRD,429,17996,15,401,18412,30951,429,No
2015,6,COLIMA,8,NO ESTABLECIDO ACUERDO 24/2014,PVEM,367,17996,15,401,18412,30951,367,No
2015,6,COLIMA,8,NO ESTABLECIDO ACUERDO 24/2014,PT,413,17996,15,401,18412,30951,413,No
2015,6,COLIMA,8,NO ESTABLECIDO ACUERDO 24/2014,MC,2327,17996,15,401,18412,30951,2327,No
2015,6,COLIMA,8,NO ESTABLECIDO ACUERDO 24/2014,NUAL,578,17996,15,401,18412,30951,578,No
2015,6,COLIMA,8,NO ESTABLECIDO ACUERDO 24/2014,MORENA,524,17996,15,401,18412,30951,524,No
2015,6,COLIMA,8,NO ESTABLECIDO ACUERDO 24/2014,PH,342,17996,15,401,18412,30951,342,No
2015,6,COLIMA,8,NO ESTABLECIDO ACUERDO 24/2014,ES,238,17996,15,401,18412,30951,238,No
2015,6,COLIMA,8,NO ESTABLECIDO ACUERDO 24/2014,PRI_PVEM_NUAL,142,17996,15,401,18412,30951,7241,Sí
2015,6,COLIMA,9,NO ESTABLECIDO ACUERDO 24/2014,PAN,3643,14791,2,639,15432,25481,3643,No
2015,6,COLIMA,9,NO ESTABLECIDO ACUERDO 24/2014,PRI,5071,14791,2,639,15432,25481,5071,No
2015,6,COLIMA,9,NO ESTABLECIDO ACUERDO 24/2014,PRD,1357,14791,2,639,15432,25481,1357,No
2015,6,COLIMA,9,NO ESTABLECIDO ACUERDO 24/2014,PVEM,3303,14791,2,639,15432,25481,3303,No
2015,6,COLIMA,9,NO ESTABLECIDO ACUERDO 24/2014,PT,305,14791,2,639,15432,25481,305,No
2015,6,COLIMA,9,NO ESTABLECIDO ACUERDO 24/2014,MC,278,14791,2,639,15432,25481,278,No
2015,6,COLIMA,9,NO ESTABLECIDO ACUERDO 24/2014,NUAL,0,14791,2,639,15432,25481,0,No
2015,6,COLIMA,9,NO ESTABLECIDO ACUERDO 24/2014,MORENA,351,14791,2,639,15432,25481,351,No
2015,6,COLIMA,9,NO ESTABLECIDO ACUERDO 24/2014,PH,422,14791,2,639,15432,25481,422,No
2015,6,COLIMA,9,NO ESTABLECIDO ACUERDO 24/2014,ES,61,14791,2,639,15432,25481,61,No
2015,6,COLIMA,9,NO ESTABLECIDO ACUERDO 24/2014,PRI_PVEM_NUAL,0,14791,2,639,15432,25481,8374,Sí
2015,6,COLIMA,10,NO ESTABLECIDO ACUERDO 24/2014,PAN,6532,14181,2,353,14536,25485,6532,No
2015,6,COLIMA,10,NO ESTABLECIDO ACUERDO 24/2014,PRI,4734,14181,2,353,14536,25485,4734,No
2015,6,COLIMA,10,NO ESTABLECIDO ACUERDO 24/2014,PRD,201,14181,2,353,14536,25485,201,No
2015,6,COLIMA,10,NO ESTABLECIDO ACUERDO 24/2014,PVEM,147,14181,2,353,14536,25485,147,No
2015,6,COLIMA,10,NO ESTABLECIDO ACUERDO 24/2014,PT,457,14181,2,353,14536,25485,457,No
2015,6,COLIMA,10,NO ESTABLECIDO ACUERDO 24/2014,MC,817,14181,2,353,14536,25485,817,No
2015,6,COLIMA,10,NO ESTABLECIDO ACUERDO 24/2014,NUAL,124,14181,2,353,14536,25485,124,No
2015,6,COLIMA,10,NO ESTABLECIDO ACUERDO 24/2014,MORENA,641,14181,2,353,14536,25485,641,No
2015,6,COLIMA,10,NO ESTABLECIDO ACUERDO 24/2014,PH,223,14181,2,353,14536,25485,223,No
2015,6,COLIMA,10,NO ESTABLECIDO ACUERDO 24/2014,ES,129,14181,2,353,14536,25485,129,No
2015,6,COLIMA,10,NO ESTABLECIDO ACUERDO 24/2014,PRI_PVEM_NUAL,176,14181,2,353,14536,25485,5181,Sí
2015,6,COLIMA,11,NO ESTABLECIDO ACUERDO 24/2014,PAN,8472,17874,10,431,18315,33539,8472,No
2015,6,COLIMA,11,NO ESTABLECIDO ACUERDO 24/2014,PRI,5226,17874,10,431,18315,33539,5226,No
2015,6,COLIMA,11,NO ESTABLECIDO ACUERDO 24/2014,PRD,300,17874,10,431,18315,33539,300,No
2015,6,COLIMA,11,NO ESTABLECIDO ACUERDO 24/2014,PVEM,527,17874,10,431,18315,33539,527,No
2015,6,COLIMA,11,NO ESTABLECIDO ACUERDO 24/2014,PT,675,17874,10,431,18315,33539,675,No
2015,6,COLIMA,11,NO ESTABLECIDO ACUERDO 24/2014,MC,836,17874,10,431,18315,33539,836,No
2015,6,COLIMA,11,NO ESTABLECIDO ACUERDO 24/2014,NUAL,237,17874,10,431,18315,33539,237,No
2015,6,COLIMA,11,NO ESTABLECIDO ACUERDO 24/2014,MORENA,567,17874,10,431,18315,33539,567,No
2015,6,COLIMA,11,NO ESTABLECIDO ACUERDO 24/2014,PH,257,17874,10,431,18315,33539,257,No
2015,6,COLIMA,11,NO ESTABLECIDO ACUERDO 24/2014,ES,629,17874,10,431,18315,33539,629,No
2015,6,COLIMA,11,NO ESTABLECIDO ACUERDO 24/2014,PRI_PVEM_NUAL,148,17874,10,431,18315,33539,6138,Sí
2015,6,COLIMA,12,NO ESTABLECIDO ACUERDO 24/2014,PAN,8447,18244,5,422,18671,32784,8447,No
2015,6,COLIMA,12,NO ESTABLECIDO ACUERDO 24/2014,PRI,5986,18244,5,422,18671,32784,5986,No
2015,6,COLIMA,12,NO ESTABLECIDO ACUERDO 24/2014,PRD,461,18244,5,422,18671,32784,461,No
2015,6,COLIMA,12,NO ESTABLECIDO ACUERDO 24/2014,PVEM,384,18244,5,422,18671,32784,384,No
2015,6,COLIMA,12,NO ESTABLECIDO ACUERDO 24/2014,PT,394,18244,5,422,18671,32784,394,No
2015,6,COLIMA,12,NO ESTABLECIDO ACUERDO 24/2014,MC,829,18244,5,422,18671,32784,829,No
2015,6,COLIMA,12,NO ESTABLECIDO ACUERDO 24/2014,NUAL,290,18244,5,422,18671,32784,290,No
2015,6,COLIMA,12,NO ESTABLECIDO ACUERDO 24/2014,MORENA,377,18244,5,422,18671,32784,377,No
2015,6,COLIMA,12,NO ESTABLECIDO ACUERDO 24/2014,PH,355,18244,5,422,18671,32784,355,No
2015,6,COLIMA,12,NO ESTABLECIDO ACUERDO 24/2014,ES,547,18244,5,422,18671,32784,547,No
2015,6,COLIMA,12,NO ESTABLECIDO ACUERDO 24/2014,PRI_PVEM_NUAL,174,18244,5,422,18671,32784,6834,Sí
2015,6,COLIMA,13,NO ESTABLECIDO ACUERDO 24/2014,PAN,8554,17452,11,505,17968,32122,8554,No
2015,6,COLIMA,13,NO ESTABLECIDO ACUERDO 24/2014,PRI,5459,17452,11,505,17968,32122,5459,No
2015,6,COLIMA,13,NO ESTABLECIDO ACUERDO 24/2014,PRD,234,17452,11,505,17968,32122,234,No
2015,6,COLIMA,13,NO ESTABLECIDO ACUERDO 24/2014,PVEM,652,17452,11,505,17968,32122,652,No
2015,6,COLIMA,13,NO ESTABLECIDO ACUERDO 24/2014,PT,383,17452,11,505,17968,32122,383,No
2015,6,COLIMA,13,NO ESTABLECIDO ACUERDO 24/2014,MC,560,17452,11,505,17968,32122,560,No
2015,6,COLIMA,13,NO ESTABLECIDO ACUERDO 24/2014,NUAL,207,17452,11,505,17968,32122,207,No
2015,6,COLIMA,13,NO ESTABLECIDO ACUERDO 24/2014,MORENA,425,17452,11,505,17968,32122,425,No
2015,6,COLIMA,13,NO ESTABLECIDO ACUERDO 24/2014,PH,290,17452,11,505,17968,32122,290,No
2015,6,COLIMA,13,NO ESTABLECIDO ACUERDO 24/2014,ES,442,17452,11,505,17968,32122,442,No
2015,6,COLIMA,13,NO ESTABLECIDO ACUERDO 24/2014,PRI_PVEM_NUAL,246,17452,11,505,17968,32122,6564,Sí
2015,6,COLIMA,14,NO ESTABLECIDO ACUERDO 24/2014,PAN,9217,20429,4,662,21095,34942,9217,No
2015,6,COLIMA,14,NO ESTABLECIDO ACUERDO 24/2014,PRI,5885,20429,4,662,21095,34942,5885,No
2015,6,COLIMA,14,NO ESTABLECIDO ACUERDO 24/2014,PRD,209,20429,4,662,21095,34942,209,No
2015,6,COLIMA,14,NO ESTABLECIDO ACUERDO 24/2014,PVEM,2428,20429,4,662,21095,34942,2428,No
2015,6,COLIMA,14,NO ESTABLECIDO ACUERDO 24/2014,PT,576,20429,4,662,21095,34942,576,No
2015,6,COLIMA,14,NO ESTABLECIDO ACUERDO 24/2014,MC,669,20429,4,662,21095,34942,669,No
2015,6,COLIMA,14,NO ESTABLECIDO ACUERDO 24/2014,NUAL,402,20429,4,662,21095,34942,402,No
2015,6,COLIMA,14,NO ESTABLECIDO ACUERDO 24/2014,MORENA,377,20429,4,662,21095,34942,377,No
2015,6,COLIMA,14,NO ESTABLECIDO ACUERDO 24/2014,PH,224,20429,4,662,21095,34942,224,No
2015,6,COLIMA,14,NO ESTABLECIDO ACUERDO 24/2014,ES,442,20429,4,662,21095,34942,442,No
2015,6,COLIMA,14,NO ESTABLECIDO ACUERDO 24/2014,PRI_PVEM_NUAL,0,20429,4,662,21095,34942,8715,Sí
2015,6,COLIMA,15,NO ESTABLECIDO ACUERDO 24/2014,PAN,5913,13438,4,342,13784,24951,5913,No
2015,6,COLIMA,15,NO ESTABLECIDO ACUERDO 24/2014,PRI,4477,13438,4,342,13784,24951,4477,No
2015,6,COLIMA,15,NO ESTABLECIDO ACUERDO 24/2014,PRD,468,13438,4,342,13784,24951,468,No
2015,6,COLIMA,15,NO ESTABLECIDO ACUERDO 24/2014,PVEM,200,13438,4,342,13784,24951,200,No
2015,6,COLIMA,15,NO ESTABLECIDO ACUERDO 24/2014,PT,356,13438,4,342,13784,24951,356,No
2015,6,COLIMA,15,NO ESTABLECIDO ACUERDO 24/2014,MC,949,13438,4,342,13784,24951,949,No
2015,6,COLIMA,15,NO ESTABLECIDO ACUERDO 24/2014,NUAL,127,13438,4,342,13784,24951,127,No
2015,6,COLIMA,15,NO ESTABLECIDO ACUERDO 24/2014,MORENA,471,13438,4,342,13784,24951,471,No
2015,6,COLIMA,15,NO ESTABLECIDO ACUERDO 24/2014,PH,159,13438,4,342,13784,24951,159,No
2015,6,COLIMA,15,NO ESTABLECIDO ACUERDO 24/2014,ES,121,13438,4,342,13784,24951,121,No
2015,6,COLIMA,15,NO ESTABLECIDO ACUERDO 24/2014,PRI_PVEM_NUAL,197,13438,4,342,13784,24951,5001,Sí
2015,6,COLIMA,16,NO ESTABLECIDO ACUERDO 24/2014,PAN,5469,13115,3,277,13395,23802,5469,No
2015,6,COLIMA,16,NO ESTABLECIDO ACUERDO 24/2014,PRI,5786,13115,3,277,13395,23802,5786,No
2015,6,COLIMA,16,NO ESTABLECIDO ACUERDO 24/2014,PRD,186,13115,3,277,13395,23802,186,No
2015,6,COLIMA,16,NO ESTABLECIDO ACUERDO 24/2014,PVEM,136,13115,3,277,13395,23802,136,No
2015,6,COLIMA,16,NO ESTABLECIDO ACUERDO 24/2014,PT,258,13115,3,277,13395,23802,258,No
2015,6,COLIMA,16,NO ESTABLECIDO ACUERDO 24/2014,MC,547,13115,3,277,13395,23802,547,No
2015,6,COLIMA,16,NO ESTABLECIDO ACUERDO 24/2014,NUAL,121,13115,3,277,13395,23802,121,No
2015,6,COLIMA,16,NO ESTABLECIDO ACUERDO 24/2014,MORENA,197,13115,3,277,13395,23802,197,No
2015,6,COLIMA,16,NO ESTABLECIDO ACUERDO 24/2014,PH,161,13115,3,277,13395,23802,161,No
2015,6,COLIMA,16,NO ESTABLECIDO ACUERDO 24/2014,ES,64,13115,3,277,13395,23802,64,No
2015,6,COLIMA,16,NO ESTABLECIDO ACUERDO 24/2014,PRI_PVEM_NUAL,190,13115,3,277,13395,23802,6233,Sí
2015,7,CHIAPAS,1,TUXTLA GUTIERREZ ORIENTE,PAN,18606,80006,253,5741,86000,206695,18606,No
2015,7,CHIAPAS,1,TUXTLA GUTIERREZ ORIENTE,PRI,8126,80006,253,5741,86000,206695,8126,No
2015,7,CHIAPAS,1,TUXTLA GUTIERREZ ORIENTE,PRD,2023,80006,253,5741,86000,206695,2023,No
2015,7,CHIAPAS,1,TUXTLA GUTIERREZ ORIENTE,PT,2270,80006,253,5741,86000,206695,2270,No
2015,7,CHIAPAS,1,TUXTLA GUTIERREZ ORIENTE,PVEM,26412,80006,253,5741,86000,206695,26412,No
2015,7,CHIAPAS,1,TUXTLA GUTIERREZ ORIENTE,MC,2072,80006,253,5741,86000,206695,2072,No
2015,7,CHIAPAS,1,TUXTLA GUTIERREZ ORIENTE,NUAL,1409,80006,253,5741,86000,206695,1409,No
2015,7,CHIAPAS,1,TUXTLA GUTIERREZ ORIENTE,PCU,1306,80006,253,5741,86000,206695,1306,No
2015,7,CHIAPAS,1,TUXTLA GUTIERREZ ORIENTE,MORENA,12969,80006,253,5741,86000,206695,12969,No
2015,7,CHIAPAS,1,TUXTLA GUTIERREZ ORIENTE,PH,1281,80006,253,5741,86000,206695,1281,No
2015,7,CHIAPAS,1,TUXTLA GUTIERREZ ORIENTE,ES,2130,80006,253,5741,86000,206695,2130,No
2015,7,CHIAPAS,1,TUXTLA GUTIERREZ ORIENTE,MVC,1402,80006,253,5741,86000,206695,1402,No
2015,7,CHIAPAS,1,TUXTLA GUTIERREZ ORIENTE,Candidatura Independiente,0,80006,253,5741,86000,206695,0,No
2015,7,CHIAPAS,1,TUXTLA GUTIERREZ ORIENTE,PRI_PVEM_NUAL_PCU,0,80006,253,5741,86000,206695,37253,Sí
2015,7,CHIAPAS,1,TUXTLA GUTIERREZ ORIENTE,PRI_PVEM_NUAL,0,80006,253,5741,86000,206695,35947,Sí
2015,7,CHIAPAS,1,TUXTLA GUTIERREZ ORIENTE,PRI_PVEM_PCU,0,80006,253,5741,86000,206695,35844,Sí
2015,7,CHIAPAS,1,TUXTLA GUTIERREZ ORIENTE,PRI_NUAL_PCU,0,80006,253,5741,86000,206695,10841,Sí
2015,7,CHIAPAS,1,TUXTLA GUTIERREZ ORIENTE,PVEM_NUAL_PCU,0,80006,253,5741,86000,206695,29127,Sí
2015,7,CHIAPAS,1,TUXTLA GUTIERREZ ORIENTE,PRI_PVEM,0,80006,253,5741,86000,206695,34538,Sí
2015,7,CHIAPAS,1,TUXTLA GUTIERREZ ORIENTE,PRI_NUAL,0,80006,253,5741,86000,206695,9535,Sí
2015,7,CHIAPAS,1,TUXTLA GUTIERREZ ORIENTE,PRI_PCU,0,80006,253,5741,86000,206695,9432,Sí
2015,7,CHIAPAS,1,TUXTLA GUTIERREZ ORIENTE,PVEM_NUAL,0,80006,253,5741,86000,206695,27821,Sí
2015,7,CHIAPAS,1,TUXTLA GUTIERREZ ORIENTE,PVEM_PCU,0,80006,253,5741,86000,206695,27718,Sí
2015,7,CHIAPAS,1,TUXTLA GUTIERREZ ORIENTE,NUAL_PCU,0,80006,253,5741,86000,206695,2715,Sí
2015,7,CHIAPAS,2,TUXTLA GUTIERREZ PONIENTE,PAN,26052,81175,165,4113,85453,202230,26052,No
2015,7,CHIAPAS,2,TUXTLA GUTIERREZ PONIENTE,PRI,11833,81175,165,4113,85453,202230,11833,No
2015,7,CHIAPAS,2,TUXTLA GUTIERREZ PONIENTE,PRD,1502,81175,165,4113,85453,202230,1502,No
2015,7,CHIAPAS,2,TUXTLA GUTIERREZ PONIENTE,PT,1455,81175,165,4113,85453,202230,1455,No
2015,7,CHIAPAS,2,TUXTLA GUTIERREZ PONIENTE,PVEM,18735,81175,165,4113,85453,202230,18735,No
2015,7,CHIAPAS,2,TUXTLA GUTIERREZ PONIENTE,MC,1629,81175,165,4113,85453,202230,1629,No
2015,7,CHIAPAS,2,TUXTLA GUTIERREZ PONIENTE,NUAL,865,81175,165,4113,85453,202230,865,No
2015,7,CHIAPAS,2,TUXTLA GUTIERREZ PONIENTE,PCU,899,81175,165,4113,85453,202230,899,No
2015,7,CHIAPAS,2,TUXTLA GUTIERREZ PONIENTE,MORENA,9918,81175,165,4113,85453,202230,9918,No
2015,7,CHIAPAS,2,TUXTLA GUTIERREZ PONIENTE,PH,789,81175,165,4113,85453,202230,789,No
2015,7,CHIAPAS,2,TUXTLA GUTIERREZ PONIENTE,ES,1553,81175,165,4113,85453,202230,1553,No
2015,7,CHIAPAS,2,TUXTLA GUTIERREZ PONIENTE,MVC,1164,81175,165,4113,85453,202230,1164,No
2015,7,CHIAPAS,2,TUXTLA GUTIERREZ PONIENTE,Candidatura Independiente,3021,81175,165,4113,85453,202230,3021,No
2015,7,CHIAPAS,2,TUXTLA GUTIERREZ PONIENTE,PRI_PVEM_NUAL_PCU,98,81175,165,4113,85453,202230,32430,Sí
2015,7,CHIAPAS,2,TUXTLA GUTIERREZ PONIENTE,PRI_PVEM_NUAL,42,81175,165,4113,85453,202230,31475,Sí
2015,7,CHIAPAS,2,TUXTLA GUTIERREZ PONIENTE,PRI_PVEM_PCU,72,81175,165,4113,85453,202230,31539,Sí
2015,7,CHIAPAS,2,TUXTLA GUTIERREZ PONIENTE,PRI_NUAL_PCU,7,81175,165,4113,85453,202230,13604,Sí
2015,7,CHIAPAS,2,TUXTLA GUTIERREZ PONIENTE,PVEM_NUAL_PCU,28,81175,165,4113,85453,202230,20527,Sí
2015,7,CHIAPAS,2,TUXTLA GUTIERREZ PONIENTE,PRI_PVEM,1384,81175,165,4113,85453,202230,31952,Sí
2015,7,CHIAPAS,2,TUXTLA GUTIERREZ PONIENTE,PRI_NUAL,14,81175,165,4113,85453,202230,12712,Sí
2015,7,CHIAPAS,2,TUXTLA GUTIERREZ PONIENTE,PRI_PCU,24,81175,165,4113,85453,202230,12756,Sí
2015,7,CHIAPAS,2,TUXTLA GUTIERREZ PONIENTE,PVEM_NUAL,36,81175,165,4113,85453,202230,19636,Sí
2015,7,CHIAPAS,2,TUXTLA GUTIERREZ PONIENTE,PVEM_PCU,44,81175,165,4113,85453,202230,19678,Sí
2015,7,CHIAPAS,2,TUXTLA GUTIERREZ PONIENTE,NUAL_PCU,11,81175,165,4113,85453,202230,1775,Sí
2015,7,CHIAPAS,3,CHIAPA DE CORZO,PAN,3570,81155,94,3508,84757,121872,3570,No
2015,7,CHIAPAS,3,CHIAPA DE CORZO,PRI,17705,81155,94,3508,84757,121872,17705,No
2015,7,CHIAPAS,3,CHIAPA DE CORZO,PRD,1034,81155,94,3508,84757,121872,1034,No
2015,7,CHIAPAS,3,CHIAPA DE CORZO,PT,2078,81155,94,3508,84757,121872,2078,No
2015,7,CHIAPAS,3,CHIAPA DE CORZO,PVEM,24804,81155,94,3508,84757,121872,24804,No
2015,7,CHIAPAS,3,CHIAPA DE CORZO,MC,1190,81155,94,3508,84757,121872,1190,No
2015,7,CHIAPAS,3,CHIAPA DE CORZO,NUAL,1271,81155,94,3508,84757,121872,1271,No
2015,7,CHIAPAS,3,CHIAPA DE CORZO,PCU,9230,81155,94,3508,84757,121872,9230,No
2015,7,CHIAPAS,3,CHIAPA DE CORZO,MORENA,9823,81155,94,3508,84757,121872,9823,No
2015,7,CHIAPAS,3,CHIAPA DE CORZO,PH,517,81155,94,3508,84757,121872,517,No
2015,7,CHIAPAS,3,CHIAPA DE CORZO,ES,747,81155,94,3508,84757,121872,747,No
2015,7,CHIAPAS,3,CHIAPA DE CORZO,MVC,9186,81155,94,3508,84757,121872,9186,No
2015,7,CHIAPAS,3,CHIAPA DE CORZO,Candidatura Independiente,0,81155,94,3508,84757,121872,0,No
2015,7,CHIAPAS,3,CHIAPA DE CORZO,PRI_PVEM_NUAL_PCU,0,81155,94,3508,84757,121872,53010,Sí
2015,7,CHIAPAS,3,CHIAPA DE CORZO,PRI_PVEM_NUAL,0,81155,94,3508,84757,121872,43780,Sí
2015,7,CHIAPAS,3,CHIAPA DE CORZO,PRI_PVEM_PCU,0,81155,94,3508,84757,121872,51739,Sí
2015,7,CHIAPAS,3,CHIAPA DE CORZO,PRI_NUAL_PCU,0,81155,94,3508,84757,121872,28206,Sí
2015,7,CHIAPAS,3,CHIAPA DE CORZO,PVEM_NUAL_PCU,0,81155,94,3508,84757,121872,35305,Sí
2015,7,CHIAPAS,3,CHIAPA DE CORZO,PRI_PVEM,0,81155,94,3508,84757,121872,42509,Sí
2015,7,CHIAPAS,3,CHIAPA DE CORZO,PRI_NUAL,0,81155,94,3508,84757,121872,18976,Sí
2015,7,CHIAPAS,3,CHIAPA DE CORZO,PRI_PCU,0,81155,94,3508,84757,121872,26935,Sí
2015,7,CHIAPAS,3,CHIAPA DE CORZO,PVEM_NUAL,0,81155,94,3508,84757,121872,26075,Sí
2015,7,CHIAPAS,3,CHIAPA DE CORZO,PVEM_PCU,0,81155,94,3508,84757,121872,34034,Sí
2015,7,CHIAPAS,3,CHIAPA DE CORZO,NUAL_PCU,0,81155,94,3508,84757,121872,10501,Sí
2015,7,CHIAPAS,4,VENUSTIANO CARRANZA,PAN,490,46916,10,3174,50100,73794,490,No
2015,7,CHIAPAS,4,VENUSTIANO CARRANZA,PRI,10298,46916,10,3174,50100,73794,10298,No
2015,7,CHIAPAS,4,VENUSTIANO CARRANZA,PRD,3279,46916,10,3174,50100,73794,3279,No
2015,7,CHIAPAS,4,VENUSTIANO CARRANZA,PT,3017,46916,10,3174,50100,73794,3017,No
2015,7,CHIAPAS,4,VENUSTIANO CARRANZA,PVEM,17913,46916,10,3174,50100,73794,17913,No
2015,7,CHIAPAS,4,VENUSTIANO CARRANZA,MC,2660,46916,10,3174,50100,73794,2660,No
2015,7,CHIAPAS,4,VENUSTIANO CARRANZA,NUAL,439,46916,10,3174,50100,73794,439,No
2015,7,CHIAPAS,4,VENUSTIANO CARRANZA,PCU,3161,46916,10,3174,50100,73794,3161,No
2015,7,CHIAPAS,4,VENUSTIANO CARRANZA,MORENA,2141,46916,10,3174,50100,73794,2141,No
2015,7,CHIAPAS,4,VENUSTIANO CARRANZA,PH,325,46916,10,3174,50100,73794,325,No
2015,7,CHIAPAS,4,VENUSTIANO CARRANZA,ES,157,46916,10,3174,50100,73794,157,No
2015,7,CHIAPAS,4,VENUSTIANO CARRANZA,MVC,3036,46916,10,3174,50100,73794,3036,No
2015,7,CHIAPAS,4,VENUSTIANO CARRANZA,Candidatura Independiente,0,46916,10,3174,50100,73794,0,No
2015,7,CHIAPAS,4,VENUSTIANO CARRANZA,PRI_PVEM_NUAL_PCU,0,46916,10,3174,50100,73794,31811,Sí
2015,7,CHIAPAS,4,VENUSTIANO CARRANZA,PRI_PVEM_NUAL,0,46916,10,3174,50100,73794,28650,Sí
2015,7,CHIAPAS,4,VENUSTIANO CARRANZA,PRI_PVEM_PCU,0,46916,10,3174,50100,73794,31372,Sí
2015,7,CHIAPAS,4,VENUSTIANO CARRANZA,PRI_NUAL_PCU,0,46916,10,3174,50100,73794,13898,Sí
2015,7,CHIAPAS,4,VENUSTIANO CARRANZA,PVEM_NUAL_PCU,0,46916,10,3174,50100,73794,21513,Sí
2015,7,CHIAPAS,4,VENUSTIANO CARRANZA,PRI_PVEM,0,46916,10,3174,50100,73794,28211,Sí
2015,7,CHIAPAS,4,VENUSTIANO CARRANZA,PRI_NUAL,0,46916,10,3174,50100,73794,10737,Sí
2015,7,CHIAPAS,4,VENUSTIANO CARRANZA,PRI_PCU,0,46916,10,3174,50100,73794,13459,Sí
2015,7,CHIAPAS,4,VENUSTIANO CARRANZA,PVEM_NUAL,0,46916,10,3174,50100,73794,18352,Sí
2015,7,CHIAPAS,4,VENUSTIANO CARRANZA,PVEM_PCU,0,46916,10,3174,50100,73794,21074,Sí
2015,7,CHIAPAS,4,VENUSTIANO CARRANZA,NUAL_PCU,0,46916,10,3174,50100,73794,3600,Sí
2015,7,CHIAPAS,5,SAN CRISTOBAL DE LAS CASAS,PAN,4043,69619,86,5800,75505,144014,4043,No
2015,7,CHIAPAS,5,SAN CRISTOBAL DE LAS CASAS,PRI,7954,69619,86,5800,75505,144014,7954,No
2015,7,CHIAPAS,5,SAN CRISTOBAL DE LAS CASAS,PRD,5315,69619,86,5800,75505,144014,5315,No
2015,7,CHIAPAS,5,SAN CRISTOBAL DE LAS CASAS,PT,1492,69619,86,5800,75505,144014,1492,No
2015,7,CHIAPAS,5,SAN CRISTOBAL DE LAS CASAS,PVEM,20992,69619,86,5800,75505,144014,20992,No
2015,7,CHIAPAS,5,SAN CRISTOBAL DE LAS CASAS,MC,1469,69619,86,5800,75505,144014,1469,No
2015,7,CHIAPAS,5,SAN CRISTOBAL DE LAS CASAS,NUAL,741,69619,86,5800,75505,144014,741,No
2015,7,CHIAPAS,5,SAN CRISTOBAL DE LAS CASAS,PCU,3332,69619,86,5800,75505,144014,3332,No
2015,7,CHIAPAS,5,SAN CRISTOBAL DE LAS CASAS,MORENA,11244,69619,86,5800,75505,144014,11244,No
2015,7,CHIAPAS,5,SAN CRISTOBAL DE LAS CASAS,PH,1263,69619,86,5800,75505,144014,1263,No
2015,7,CHIAPAS,5,SAN CRISTOBAL DE LAS CASAS,ES,2690,69619,86,5800,75505,144014,2690,No
2015,7,CHIAPAS,5,SAN CRISTOBAL DE LAS CASAS,MVC,9084,69619,86,5800,75505,144014,9084,No
2015,7,CHIAPAS,5,SAN CRISTOBAL DE LAS CASAS,Candidatura Independiente,0,69619,86,5800,75505,144014,0,No
2015,7,CHIAPAS,5,SAN CRISTOBAL DE LAS CASAS,PRI_PVEM_NUAL_PCU,0,69619,86,5800,75505,144014,33019,Sí
2015,7,CHIAPAS,5,SAN CRISTOBAL DE LAS CASAS,PRI_PVEM_NUAL,0,69619,86,5800,75505,144014,29687,Sí
2015,7,CHIAPAS,5,SAN CRISTOBAL DE LAS CASAS,PRI_PVEM_PCU,0,69619,86,5800,75505,144014,32278,Sí
2015,7,CHIAPAS,5,SAN CRISTOBAL DE LAS CASAS,PRI_NUAL_PCU,0,69619,86,5800,75505,144014,12027,Sí
2015,7,CHIAPAS,5,SAN CRISTOBAL DE LAS CASAS,PVEM_NUAL_PCU,0,69619,86,5800,75505,144014,25065,Sí
2015,7,CHIAPAS,5,SAN CRISTOBAL DE LAS CASAS,PRI_PVEM,0,69619,86,5800,75505,144014,28946,Sí
2015,7,CHIAPAS,5,SAN CRISTOBAL DE LAS CASAS,PRI_NUAL,0,69619,86,5800,75505,144014,8695,Sí
2015,7,CHIAPAS,5,SAN CRISTOBAL DE LAS CASAS,PRI_PCU,0,69619,86,5800,75505,144014,11286,Sí
2015,7,CHIAPAS,5,SAN CRISTOBAL DE LAS CASAS,PVEM_NUAL,0,69619,86,5800,75505,144014,21733,Sí
2015,7,CHIAPAS,5,SAN CRISTOBAL DE LAS CASAS,PVEM_PCU,0,69619,86,5800,75505,144014,24324,Sí
2015,7,CHIAPAS,5,SAN CRISTOBAL DE LAS CASAS,NUAL_PCU,0,69619,86,5800,75505,144014,4073,Sí
2015,7,CHIAPAS,6,COMITAN DE DOMINGUEZ,PAN,1311,112353,112,6492,118957,178462,1311,No
2015,7,CHIAPAS,6,COMITAN DE DOMINGUEZ,PRI,31205,112353,112,6492,118957,178462,31205,No
2015,7,CHIAPAS,6,COMITAN DE DOMINGUEZ,PRD,1761,112353,112,6492,118957,178462,1761,No
2015,7,CHIAPAS,6,COMITAN DE DOMINGUEZ,PT,1477,112353,112,6492,118957,178462,1477,No
2015,7,CHIAPAS,6,COMITAN DE DOMINGUEZ,PVEM,46843,112353,112,6492,118957,178462,46843,No
2015,7,CHIAPAS,6,COMITAN DE DOMINGUEZ,MC,560,112353,112,6492,118957,178462,560,No
2015,7,CHIAPAS,6,COMITAN DE DOMINGUEZ,NUAL,825,112353,112,6492,118957,178462,825,No
2015,7,CHIAPAS,6,COMITAN DE DOMINGUEZ,PCU,3317,112353,112,6492,118957,178462,3317,No
2015,7,CHIAPAS,6,COMITAN DE DOMINGUEZ,MORENA,5261,112353,112,6492,118957,178462,5261,No
2015,7,CHIAPAS,6,COMITAN DE DOMINGUEZ,PH,492,112353,112,6492,118957,178462,492,No
2015,7,CHIAPAS,6,COMITAN DE DOMINGUEZ,ES,617,112353,112,6492,118957,178462,617,No
2015,7,CHIAPAS,6,COMITAN DE DOMINGUEZ,MVC,18684,112353,112,6492,118957,178462,18684,No
2015,7,CHIAPAS,6,COMITAN DE DOMINGUEZ,Candidatura Independiente,0,112353,112,6492,118957,178462,0,No
2015,7,CHIAPAS,6,COMITAN DE DOMINGUEZ,PRI_PVEM_NUAL_PCU,0,112353,112,6492,118957,178462,82190,Sí
2015,7,CHIAPAS,6,COMITAN DE DOMINGUEZ,PRI_PVEM_NUAL,0,112353,112,6492,118957,178462,78873,Sí
2015,7,CHIAPAS,6,COMITAN DE DOMINGUEZ,PRI_PVEM_PCU,0,112353,112,6492,118957,178462,81365,Sí
2015,7,CHIAPAS,6,COMITAN DE DOMINGUEZ,PRI_NUAL_PCU,0,112353,112,6492,118957,178462,35347,Sí
2015,7,CHIAPAS,6,COMITAN DE DOMINGUEZ,PVEM_NUAL_PCU,0,112353,112,6492,118957,178462,50985,Sí
2015,7,CHIAPAS,6,COMITAN DE DOMINGUEZ,PRI_PVEM,0,112353,112,6492,118957,178462,78048,Sí
2015,7,CHIAPAS,6,COMITAN DE DOMINGUEZ,PRI_NUAL,0,112353,112,6492,118957,178462,32030,Sí
2015,7,CHIAPAS,6,COMITAN DE DOMINGUEZ,PRI_PCU,0,112353,112,6492,118957,178462,34522,Sí
2015,7,CHIAPAS,6,COMITAN DE DOMINGUEZ,PVEM_NUAL,0,112353,112,6492,118957,178462,47668,Sí
2015,7,CHIAPAS,6,COMITAN DE DOMINGUEZ,PVEM_PCU,0,112353,112,6492,118957,178462,50160,Sí
2015,7,CHIAPAS,6,COMITAN DE DOMINGUEZ,NUAL_PCU,0,112353,112,6492,118957,178462,4142,Sí
2015,7,CHIAPAS,7,OCOSINGO,PAN,8149,138038,19,8792,146849,230399,8149,No
2015,7,CHIAPAS,7,OCOSINGO,PRI,29990,138038,19,8792,146849,230399,29990,No
2015,7,CHIAPAS,7,OCOSINGO,PRD,1861,138038,19,8792,146849,230399,1861,No
2015,7,CHIAPAS,7,OCOSINGO,PT,1918,138038,19,8792,146849,230399,1918,No
2015,7,CHIAPAS,7,OCOSINGO,PVEM,54619,138038,19,8792,146849,230399,54619,No
2015,7,CHIAPAS,7,OCOSINGO,MC,9761,138038,19,8792,146849,230399,9761,No
2015,7,CHIAPAS,7,OCOSINGO,NUAL,1504,138038,19,8792,146849,230399,1504,No
2015,7,CHIAPAS,7,OCOSINGO,PCU,6920,138038,19,8792,146849,230399,6920,No
2015,7,CHIAPAS,7,OCOSINGO,MORENA,9211,138038,19,8792,146849,230399,9211,No
2015,7,CHIAPAS,7,OCOSINGO,PH,929,138038,19,8792,146849,230399,929,No
2015,7,CHIAPAS,7,OCOSINGO,ES,418,138038,19,8792,146849,230399,418,No
2015,7,CHIAPAS,7,OCOSINGO,MVC,12758,138038,19,8792,146849,230399,12758,No
2015,7,CHIAPAS,7,OCOSINGO,Candidatura Independiente,0,138038,19,8792,146849,230399,0,No
2015,7,CHIAPAS,7,OCOSINGO,PRI_PVEM_NUAL_PCU,0,138038,19,8792,146849,230399,93033,Sí
2015,7,CHIAPAS,7,OCOSINGO,PRI_PVEM_NUAL,0,138038,19,8792,146849,230399,86113,Sí
2015,7,CHIAPAS,7,OCOSINGO,PRI_PVEM_PCU,0,138038,19,8792,146849,230399,91529,Sí
2015,7,CHIAPAS,7,OCOSINGO,PRI_NUAL_PCU,0,138038,19,8792,146849,230399,38414,Sí
2015,7,CHIAPAS,7,OCOSINGO,PVEM_NUAL_PCU,0,138038,19,8792,146849,230399,63043,Sí
2015,7,CHIAPAS,7,OCOSINGO,PRI_PVEM,0,138038,19,8792,146849,230399,84609,Sí
2015,7,CHIAPAS,7,OCOSINGO,PRI_NUAL,0,138038,19,8792,146849,230399,31494,Sí
2015,7,CHIAPAS,7,OCOSINGO,PRI_PCU,0,138038,19,8792,146849,230399,36910,Sí
2015,7,CHIAPAS,7,OCOSINGO,PVEM_NUAL,0,138038,19,8792,146849,230399,56123,Sí
2015,7,CHIAPAS,7,OCOSINGO,PVEM_PCU,0,138038,19,8792,146849,230399,61539,Sí
2015,7,CHIAPAS,7,OCOSINGO,NUAL_PCU,0,138038,19,8792,146849,230399,8424,Sí
2015,7,CHIAPAS,8,YAJALON,PAN,816,76665,513,4426,81604,104890,816,No
2015,7,CHIAPAS,8,YAJALON,PRI,9392,76665,513,4426,81604,104890,9392,No
2015,7,CHIAPAS,8,YAJALON,PRD,8321,76665,513,4426,81604,104890,8321,No
2015,7,CHIAPAS,8,YAJALON,PT,1706,76665,513,4426,81604,104890,1706,No
2015,7,CHIAPAS,8,YAJALON,PVEM,37619,76665,513,4426,81604,104890,37619,No
2015,7,CHIAPAS,8,YAJALON,MC,682,76665,513,4426,81604,104890,682,No
2015,7,CHIAPAS,8,YAJALON,NUAL,607,76665,513,4426,81604,104890,607,No
2015,7,CHIAPAS,8,YAJALON,PCU,3676,76665,513,4426,81604,104890,3676,No
2015,7,CHIAPAS,8,YAJALON,MORENA,7175,76665,513,4426,81604,104890,7175,No
2015,7,CHIAPAS,8,YAJALON,PH,497,76665,513,4426,81604,104890,497,No
2015,7,CHIAPAS,8,YAJALON,ES,0,76665,513,4426,81604,104890,0,No
2015,7,CHIAPAS,8,YAJALON,MVC,6174,76665,513,4426,81604,104890,6174,No
2015,7,CHIAPAS,8,YAJALON,Candidatura Independiente,0,76665,513,4426,81604,104890,0,No
2015,7,CHIAPAS,8,YAJALON,PRI_PVEM_NUAL_PCU,0,76665,513,4426,81604,104890,51294,Sí
2015,7,CHIAPAS,8,YAJALON,PRI_PVEM_NUAL,0,76665,513,4426,81604,104890,47618,Sí
2015,7,CHIAPAS,8,YAJALON,PRI_PVEM_PCU,0,76665,513,4426,81604,104890,50687,Sí
2015,7,CHIAPAS,8,YAJALON,PRI_NUAL_PCU,0,76665,513,4426,81604,104890,13675,Sí
2015,7,CHIAPAS,8,YAJALON,PVEM_NUAL_PCU,0,76665,513,4426,81604,104890,41902,Sí
2015,7,CHIAPAS,8,YAJALON,PRI_PVEM,0,76665,513,4426,81604,104890,47011,Sí
2015,7,CHIAPAS,8,YAJALON,PRI_NUAL,0,76665,513,4426,81604,104890,9999,Sí
2015,7,CHIAPAS,8,YAJALON,PRI_PCU,0,76665,513,4426,81604,104890,13068,Sí
2015,7,CHIAPAS,8,YAJALON,PVEM_NUAL,0,76665,513,4426,81604,104890,38226,Sí
2015,7,CHIAPAS,8,YAJALON,PVEM_PCU,0,76665,513,4426,81604,104890,41295,Sí
2015,7,CHIAPAS,8,YAJALON,NUAL_PCU,0,76665,513,4426,81604,104890,4283,Sí
2015,7,CHIAPAS,9,PALENQUE,PAN,3417,56848,10,2922,59780,132404,3417,No
2015,7,CHIAPAS,9,PALENQUE,PRI,3076,56848,10,2922,59780,132404,3076,No
2015,7,CHIAPAS,9,PALENQUE,PRD,1754,56848,10,2922,59780,132404,1754,No
2015,7,CHIAPAS,9,PALENQUE,PT,4517,56848,10,2922,59780,132404,4517,No
2015,7,CHIAPAS,9,PALENQUE,PVEM,19106,56848,10,2922,59780,132404,19106,No
2015,7,CHIAPAS,9,PALENQUE,MC,1327,56848,10,2922,59780,132404,1327,No
2015,7,CHIAPAS,9,PALENQUE,NUAL,1362,56848,10,2922,59780,132404,1362,No
2015,7,CHIAPAS,9,PALENQUE,PCU,8935,56848,10,2922,59780,132404,8935,No
2015,7,CHIAPAS,9,PALENQUE,MORENA,5167,56848,10,2922,59780,132404,5167,No
2015,7,CHIAPAS,9,PALENQUE,PH,689,56848,10,2922,59780,132404,689,No
2015,7,CHIAPAS,9,PALENQUE,ES,161,56848,10,2922,59780,132404,161,No
2015,7,CHIAPAS,9,PALENQUE,MVC,7337,56848,10,2922,59780,132404,7337,No
2015,7,CHIAPAS,9,PALENQUE,Candidatura Independiente,0,56848,10,2922,59780,132404,0,No
2015,7,CHIAPAS,9,PALENQUE,PRI_PVEM_NUAL_PCU,0,56848,10,2922,59780,132404,32479,Sí
2015,7,CHIAPAS,9,PALENQUE,PRI_PVEM_NUAL,0,56848,10,2922,59780,132404,23544,Sí
2015,7,CHIAPAS,9,PALENQUE,PRI_PVEM_PCU,0,56848,10,2922,59780,132404,31117,Sí
2015,7,CHIAPAS,9,PALENQUE,PRI_NUAL_PCU,0,56848,10,2922,59780,132404,13373,Sí
2015,7,CHIAPAS,9,PALENQUE,PVEM_NUAL_PCU,0,56848,10,2922,59780,132404,29403,Sí
2015,7,CHIAPAS,9,PALENQUE,PRI_PVEM,0,56848,10,2922,59780,132404,22182,Sí
2015,7,CHIAPAS,9,PALENQUE,PRI_NUAL,0,56848,10,2922,59780,132404,4438,Sí
2015,7,CHIAPAS,9,PALENQUE,PRI_PCU,0,56848,10,2922,59780,132404,12011,Sí
2015,7,CHIAPAS,9,PALENQUE,PVEM_NUAL,0,56848,10,2922,59780,132404,20468,Sí
2015,7,CHIAPAS,9,PALENQUE,PVEM_PCU,0,56848,10,2922,59780,132404,28041,Sí
2015,7,CHIAPAS,9,PALENQUE,NUAL_PCU,0,56848,10,2922,59780,132404,10297,Sí
2015,7,CHIAPAS,10,BOCHIL,PAN,1268,60018,4,2953,62975,76842,1268,No
2015,7,CHIAPAS,10,BOCHIL,PRI,22791,60018,4,2953,62975,76842,22791,No
2015,7,CHIAPAS,10,BOCHIL,PRD,3219,60018,4,2953,62975,76842,3219,No
2015,7,CHIAPAS,10,BOCHIL,PT,1090,60018,4,2953,62975,76842,1090,No
2015,7,CHIAPAS,10,BOCHIL,PVEM,19802,60018,4,2953,62975,76842,19802,No
2015,7,CHIAPAS,10,BOCHIL,MC,1149,60018,4,2953,62975,76842,1149,No
2015,7,CHIAPAS,10,BOCHIL,NUAL,445,60018,4,2953,62975,76842,445,No
2015,7,CHIAPAS,10,BOCHIL,PCU,2180,60018,4,2953,62975,76842,2180,No
2015,7,CHIAPAS,10,BOCHIL,MORENA,3469,60018,4,2953,62975,76842,3469,No
2015,7,CHIAPAS,10,BOCHIL,PH,211,60018,4,2953,62975,76842,211,No
2015,7,CHIAPAS,10,BOCHIL,ES,186,60018,4,2953,62975,76842,186,No
2015,7,CHIAPAS,10,BOCHIL,MVC,4208,60018,4,2953,62975,76842,4208,No
2015,7,CHIAPAS,10,BOCHIL,Candidatura Independiente,0,60018,4,2953,62975,76842,0,No
2015,7,CHIAPAS,10,BOCHIL,PRI_PVEM_NUAL_PCU,0,60018,4,2953,62975,76842,45218,Sí
2015,7,CHIAPAS,10,BOCHIL,PRI_PVEM_NUAL,0,60018,4,2953,62975,76842,43038,Sí
2015,7,CHIAPAS,10,BOCHIL,PRI_PVEM_PCU,0,60018,4,2953,62975,76842,44773,Sí
2015,7,CHIAPAS,10,BOCHIL,PRI_NUAL_PCU,0,60018,4,2953,62975,76842,25416,Sí
2015,7,CHIAPAS,10,BOCHIL,PVEM_NUAL_PCU,0,60018,4,2953,62975,76842,22427,Sí
2015,7,CHIAPAS,10,BOCHIL,PRI_PVEM,0,60018,4,2953,62975,76842,42593,Sí
2015,7,CHIAPAS,10,BOCHIL,PRI_NUAL,0,60018,4,2953,62975,76842,23236,Sí
2015,7,CHIAPAS,10,BOCHIL,PRI_PCU,0,60018,4,2953,62975,76842,24971,Sí
2015,7,CHIAPAS,10,BOCHIL,PVEM_NUAL,0,60018,4,2953,62975,76842,20247,Sí
2015,7,CHIAPAS,10,BOCHIL,PVEM_PCU,0,60018,4,2953,62975,76842,21982,Sí
2015,7,CHIAPAS,10,BOCHIL,NUAL_PCU,0,60018,4,2953,62975,76842,2625,Sí
2015,7,CHIAPAS,11,PUEBLO NUEVO SOLISTAHUACAN,PAN,2716,40548,8,2892,43448,50207,2716,No
2015,7,CHIAPAS,11,PUEBLO NUEVO SOLISTAHUACAN,PRI,5632,40548,8,2892,43448,50207,5632,No
2015,7,CHIAPAS,11,PUEBLO NUEVO SOLISTAHUACAN,PRD,7558,40548,8,2892,43448,50207,7558,No
2015,7,CHIAPAS,11,PUEBLO NUEVO SOLISTAHUACAN,PT,1119,40548,8,2892,43448,50207,1119,No
2015,7,CHIAPAS,11,PUEBLO NUEVO SOLISTAHUACAN,PVEM,9887,40548,8,2892,43448,50207,9887,No
2015,7,CHIAPAS,11,PUEBLO NUEVO SOLISTAHUACAN,MC,925,40548,8,2892,43448,50207,925,No
2015,7,CHIAPAS,11,PUEBLO NUEVO SOLISTAHUACAN,NUAL,210,40548,8,2892,43448,50207,210,No
2015,7,CHIAPAS,11,PUEBLO NUEVO SOLISTAHUACAN,PCU,1040,40548,8,2892,43448,50207,1040,No
2015,7,CHIAPAS,11,PUEBLO NUEVO SOLISTAHUACAN,MORENA,3004,40548,8,2892,43448,50207,3004,No
2015,7,CHIAPAS,11,PUEBLO NUEVO SOLISTAHUACAN,PH,156,40548,8,2892,43448,50207,156,No
2015,7,CHIAPAS,11,PUEBLO NUEVO SOLISTAHUACAN,ES,164,40548,8,2892,43448,50207,164,No
2015,7,CHIAPAS,11,PUEBLO NUEVO SOLISTAHUACAN,MVC,8137,40548,8,2892,43448,50207,8137,No
2015,7,CHIAPAS,11,PUEBLO NUEVO SOLISTAHUACAN,Candidatura Independiente,0,40548,8,2892,43448,50207,0,No
2015,7,CHIAPAS,11,PUEBLO NUEVO SOLISTAHUACAN,PRI_PVEM_NUAL_PCU,0,40548,8,2892,43448,50207,16769,Sí
2015,7,CHIAPAS,11,PUEBLO NUEVO SOLISTAHUACAN,PRI_PVEM_NUAL,0,40548,8,2892,43448,50207,15729,Sí
2015,7,CHIAPAS,11,PUEBLO NUEVO SOLISTAHUACAN,PRI_PVEM_PCU,0,40548,8,2892,43448,50207,16559,Sí
2015,7,CHIAPAS,11,PUEBLO NUEVO SOLISTAHUACAN,PRI_NUAL_PCU,0,40548,8,2892,43448,50207,6882,Sí
2015,7,CHIAPAS,11,PUEBLO NUEVO SOLISTAHUACAN,PVEM_NUAL_PCU,0,40548,8,2892,43448,50207,11137,Sí
2015,7,CHIAPAS,11,PUEBLO NUEVO SOLISTAHUACAN,PRI_PVEM,0,40548,8,2892,43448,50207,15519,Sí
2015,7,CHIAPAS,11,PUEBLO NUEVO SOLISTAHUACAN,PRI_NUAL,0,40548,8,2892,43448,50207,5842,Sí
2015,7,CHIAPAS,11,PUEBLO NUEVO SOLISTAHUACAN,PRI_PCU,0,40548,8,2892,43448,50207,6672,Sí
2015,7,CHIAPAS,11,PUEBLO NUEVO SOLISTAHUACAN,PVEM_NUAL,0,40548,8,2892,43448,50207,10097,Sí
2015,7,CHIAPAS,11,PUEBLO NUEVO SOLISTAHUACAN,PVEM_PCU,0,40548,8,2892,43448,50207,10927,Sí
2015,7,CHIAPAS,11,PUEBLO NUEVO SOLISTAHUACAN,NUAL_PCU,0,40548,8,2892,43448,50207,1250,Sí
2015,7,CHIAPAS,12,PICHUCALCO,PAN,2232,81564,36,3834,85434,117654,2232,No
2015,7,CHIAPAS,12,PICHUCALCO,PRI,16635,81564,36,3834,85434,117654,16635,No
2015,7,CHIAPAS,12,PICHUCALCO,PRD,5772,81564,36,3834,85434,117654,5772,No
2015,7,CHIAPAS,12,PICHUCALCO,PT,1903,81564,36,3834,85434,117654,1903,No
2015,7,CHIAPAS,12,PICHUCALCO,PVEM,34569,81564,36,3834,85434,117654,34569,No
2015,7,CHIAPAS,12,PICHUCALCO,MC,1328,81564,36,3834,85434,117654,1328,No
2015,7,CHIAPAS,12,PICHUCALCO,NUAL,3113,81564,36,3834,85434,117654,3113,No
2015,7,CHIAPAS,12,PICHUCALCO,PCU,3195,81564,36,3834,85434,117654,3195,No
2015,7,CHIAPAS,12,PICHUCALCO,MORENA,3375,81564,36,3834,85434,117654,3375,No
2015,7,CHIAPAS,12,PICHUCALCO,PH,376,81564,36,3834,85434,117654,376,No
2015,7,CHIAPAS,12,PICHUCALCO,ES,783,81564,36,3834,85434,117654,783,No
2015,7,CHIAPAS,12,PICHUCALCO,MVC,8283,81564,36,3834,85434,117654,8283,No
2015,7,CHIAPAS,12,PICHUCALCO,Candidatura Independiente,0,81564,36,3834,85434,117654,0,No
2015,7,CHIAPAS,12,PICHUCALCO,PRI_PVEM_NUAL_PCU,0,81564,36,3834,85434,117654,57512,Sí
2015,7,CHIAPAS,12,PICHUCALCO,PRI_PVEM_NUAL,0,81564,36,3834,85434,117654,54317,Sí
2015,7,CHIAPAS,12,PICHUCALCO,PRI_PVEM_PCU,0,81564,36,3834,85434,117654,54399,Sí
2015,7,CHIAPAS,12,PICHUCALCO,PRI_NUAL_PCU,0,81564,36,3834,85434,117654,22943,Sí
2015,7,CHIAPAS,12,PICHUCALCO,PVEM_NUAL_PCU,0,81564,36,3834,85434,117654,40877,Sí
2015,7,CHIAPAS,12,PICHUCALCO,PRI_PVEM,0,81564,36,3834,85434,117654,51204,Sí
2015,7,CHIAPAS,12,PICHUCALCO,PRI_NUAL,0,81564,36,3834,85434,117654,19748,Sí
2015,7,CHIAPAS,12,PICHUCALCO,PRI_PCU,0,81564,36,3834,85434,117654,19830,Sí
2015,7,CHIAPAS,12,PICHUCALCO,PVEM_NUAL,0,81564,36,3834,85434,117654,37682,Sí
2015,7,CHIAPAS,12,PICHUCALCO,PVEM_PCU,0,81564,36,3834,85434,117654,37764,Sí
2015,7,CHIAPAS,12,PICHUCALCO,NUAL_PCU,0,81564,36,3834,85434,117654,6308,Sí
2015,7,CHIAPAS,13,COPAINALA,PAN,3378,65933,31,4103,70067,88950,3378,No
2015,7,CHIAPAS,13,COPAINALA,PRI,14226,65933,31,4103,70067,88950,14226,No
2015,7,CHIAPAS,13,COPAINALA,PRD,3768,65933,31,4103,70067,88950,3768,No
2015,7,CHIAPAS,13,COPAINALA,PT,1971,65933,31,4103,70067,88950,1971,No
2015,7,CHIAPAS,13,COPAINALA,PVEM,21577,65933,31,4103,70067,88950,21577,No
2015,7,CHIAPAS,13,COPAINALA,MC,1497,65933,31,4103,70067,88950,1497,No
2015,7,CHIAPAS,13,COPAINALA,NUAL,1144,65933,31,4103,70067,88950,1144,No
2015,7,CHIAPAS,13,COPAINALA,PCU,2801,65933,31,4103,70067,88950,2801,No
2015,7,CHIAPAS,13,COPAINALA,MORENA,7409,65933,31,4103,70067,88950,7409,No
2015,7,CHIAPAS,13,COPAINALA,PH,546,65933,31,4103,70067,88950,546,No
2015,7,CHIAPAS,13,COPAINALA,ES,338,65933,31,4103,70067,88950,338,No
2015,7,CHIAPAS,13,COPAINALA,MVC,7278,65933,31,4103,70067,88950,7278,No
2015,7,CHIAPAS,13,COPAINALA,Candidatura Independiente,0,65933,31,4103,70067,88950,0,No
2015,7,CHIAPAS,13,COPAINALA,PRI_PVEM_NUAL_PCU,0,65933,31,4103,70067,88950,39748,Sí
2015,7,CHIAPAS,13,COPAINALA,PRI_PVEM_NUAL,0,65933,31,4103,70067,88950,36947,Sí
2015,7,CHIAPAS,13,COPAINALA,PRI_PVEM_PCU,0,65933,31,4103,70067,88950,38604,Sí
2015,7,CHIAPAS,13,COPAINALA,PRI_NUAL_PCU,0,65933,31,4103,70067,88950,18171,Sí
2015,7,CHIAPAS,13,COPAINALA,PVEM_NUAL_PCU,0,65933,31,4103,70067,88950,25522,Sí
2015,7,CHIAPAS,13,COPAINALA,PRI_PVEM,0,65933,31,4103,70067,88950,35803,Sí
2015,7,CHIAPAS,13,COPAINALA,PRI_NUAL,0,65933,31,4103,70067,88950,15370,Sí
2015,7,CHIAPAS,13,COPAINALA,PRI_PCU,0,65933,31,4103,70067,88950,17027,Sí
2015,7,CHIAPAS,13,COPAINALA,PVEM_NUAL,0,65933,31,4103,70067,88950,22721,Sí
2015,7,CHIAPAS,13,COPAINALA,PVEM_PCU,0,65933,31,4103,70067,88950,24378,Sí
2015,7,CHIAPAS,13,COPAINALA,NUAL_PCU,0,65933,31,4103,70067,88950,3945,Sí
2015,7,CHIAPAS,14,CINTALAPA,PAN,4695,107873,77,5250,113200,170086,4695,No
2015,7,CHIAPAS,14,CINTALAPA,PRI,17041,107873,77,5250,113200,170086,17041,No
2015,7,CHIAPAS,14,CINTALAPA,PRD,5486,107873,77,5250,113200,170086,5486,No
2015,7,CHIAPAS,14,CINTALAPA,PT,1930,107873,77,5250,113200,170086,1930,No
2015,7,CHIAPAS,14,CINTALAPA,PVEM,30224,107873,77,5250,113200,170086,30224,No
2015,7,CHIAPAS,14,CINTALAPA,MC,7845,107873,77,5250,113200,170086,7845,No
2015,7,CHIAPAS,14,CINTALAPA,NUAL,3128,107873,77,5250,113200,170086,3128,No
2015,7,CHIAPAS,14,CINTALAPA,PCU,16415,107873,77,5250,113200,170086,16415,No
2015,7,CHIAPAS,14,CINTALAPA,MORENA,7639,107873,77,5250,113200,170086,7639,No
2015,7,CHIAPAS,14,CINTALAPA,PH,1088,107873,77,5250,113200,170086,1088,No
2015,7,CHIAPAS,14,CINTALAPA,ES,1945,107873,77,5250,113200,170086,1945,No
2015,7,CHIAPAS,14,CINTALAPA,MVC,10437,107873,77,5250,113200,170086,10437,No
2015,7,CHIAPAS,14,CINTALAPA,Candidatura Independiente,0,107873,77,5250,113200,170086,0,No
2015,7,CHIAPAS,14,CINTALAPA,PRI_PVEM_NUAL_PCU,0,107873,77,5250,113200,170086,66808,Sí
2015,7,CHIAPAS,14,CINTALAPA,PRI_PVEM_NUAL,0,107873,77,5250,113200,170086,50393,Sí
2015,7,CHIAPAS,14,CINTALAPA,PRI_PVEM_PCU,0,107873,77,5250,113200,170086,63680,Sí
2015,7,CHIAPAS,14,CINTALAPA,PRI_NUAL_PCU,0,107873,77,5250,113200,170086,36584,Sí
2015,7,CHIAPAS,14,CINTALAPA,PVEM_NUAL_PCU,0,107873,77,5250,113200,170086,49767,Sí
2015,7,CHIAPAS,14,CINTALAPA,PRI_PVEM,0,107873,77,5250,113200,170086,47265,Sí
2015,7,CHIAPAS,14,CINTALAPA,PRI_NUAL,0,107873,77,5250,113200,170086,20169,Sí
2015,7,CHIAPAS,14,CINTALAPA,PRI_PCU,0,107873,77,5250,113200,170086,33456,Sí
2015,7,CHIAPAS,14,CINTALAPA,PVEM_NUAL,0,107873,77,5250,113200,170086,33352,Sí
2015,7,CHIAPAS,14,CINTALAPA,PVEM_PCU,0,107873,77,5250,113200,170086,46639,Sí
2015,7,CHIAPAS,14,CINTALAPA,NUAL_PCU,0,107873,77,5250,113200,170086,19543,Sí
2015,7,CHIAPAS,15,TONALA,PAN,7681,92485,18,3767,96270,158604,7681,No
2015,7,CHIAPAS,15,TONALA,PRI,16384,92485,18,3767,96270,158604,16384,No
2015,7,CHIAPAS,15,TONALA,PRD,4057,92485,18,3767,96270,158604,4057,No
2015,7,CHIAPAS,15,TONALA,PT,4805,92485,18,3767,96270,158604,4805,No
2015,7,CHIAPAS,15,TONALA,PVEM,26151,92485,18,3767,96270,158604,26151,No
2015,7,CHIAPAS,15,TONALA,MC,3163,92485,18,3767,96270,158604,3163,No
2015,7,CHIAPAS,15,TONALA,NUAL,3477,92485,18,3767,96270,158604,3477,No
2015,7,CHIAPAS,15,TONALA,PCU,10360,92485,18,3767,96270,158604,10360,No
2015,7,CHIAPAS,15,TONALA,MORENA,6828,92485,18,3767,96270,158604,6828,No
2015,7,CHIAPAS,15,TONALA,PH,1213,92485,18,3767,96270,158604,1213,No
2015,7,CHIAPAS,15,TONALA,ES,327,92485,18,3767,96270,158604,327,No
2015,7,CHIAPAS,15,TONALA,MVC,8039,92485,18,3767,96270,158604,8039,No
2015,7,CHIAPAS,15,TONALA,Candidatura Independiente,0,92485,18,3767,96270,158604,0,No
2015,7,CHIAPAS,15,TONALA,PRI_PVEM_NUAL_PCU,0,92485,18,3767,96270,158604,56372,Sí
2015,7,CHIAPAS,15,TONALA,PRI_PVEM_NUAL,0,92485,18,3767,96270,158604,46012,Sí
2015,7,CHIAPAS,15,TONALA,PRI_PVEM_PCU,0,92485,18,3767,96270,158604,52895,Sí
2015,7,CHIAPAS,15,TONALA,PRI_NUAL_PCU,0,92485,18,3767,96270,158604,30221,Sí
2015,7,CHIAPAS,15,TONALA,PVEM_NUAL_PCU,0,92485,18,3767,96270,158604,39988,Sí
2015,7,CHIAPAS,15,TONALA,PRI_PVEM,0,92485,18,3767,96270,158604,42535,Sí
2015,7,CHIAPAS,15,TONALA,PRI_NUAL,0,92485,18,3767,96270,158604,19861,Sí
2015,7,CHIAPAS,15,TONALA,PRI_PCU,0,92485,18,3767,96270,158604,26744,Sí
2015,7,CHIAPAS,15,TONALA,PVEM_NUAL,0,92485,18,3767,96270,158604,29628,Sí
2015,7,CHIAPAS,15,TONALA,PVEM_PCU,0,92485,18,3767,96270,158604,36511,Sí
2015,7,CHIAPAS,15,TONALA,NUAL_PCU,0,92485,18,3767,96270,158604,13837,Sí
2015,7,CHIAPAS,16,HUIXTLA,PAN,4827,105928,45,5612,111585,169920,4827,No
2015,7,CHIAPAS,16,HUIXTLA,PRI,14921,105928,45,5612,111585,169920,14921,No
2015,7,CHIAPAS,16,HUIXTLA,PRD,7930,105928,45,5612,111585,169920,7930,No
2015,7,CHIAPAS,16,HUIXTLA,PT,5219,105928,45,5612,111585,169920,5219,No
2015,7,CHIAPAS,16,HUIXTLA,PVEM,26230,105928,45,5612,111585,169920,26230,No
2015,7,CHIAPAS,16,HUIXTLA,MC,1586,105928,45,5612,111585,169920,1586,No
2015,7,CHIAPAS,16,HUIXTLA,NUAL,1647,105928,45,5612,111585,169920,1647,No
2015,7,CHIAPAS,16,HUIXTLA,PCU,19628,105928,45,5612,111585,169920,19628,No
2015,7,CHIAPAS,16,HUIXTLA,MORENA,14048,105928,45,5612,111585,169920,14048,No
2015,7,CHIAPAS,16,HUIXTLA,PH,1016,105928,45,5612,111585,169920,1016,No
2015,7,CHIAPAS,16,HUIXTLA,ES,738,105928,45,5612,111585,169920,738,No
2015,7,CHIAPAS,16,HUIXTLA,MVC,8138,105928,45,5612,111585,169920,8138,No
2015,7,CHIAPAS,16,HUIXTLA,Candidatura Independiente,0,105928,45,5612,111585,169920,0,No
2015,7,CHIAPAS,16,HUIXTLA,PRI_PVEM_NUAL_PCU,0,105928,45,5612,111585,169920,62426,Sí
2015,7,CHIAPAS,16,HUIXTLA,PRI_PVEM_NUAL,0,105928,45,5612,111585,169920,42798,Sí
2015,7,CHIAPAS,16,HUIXTLA,PRI_PVEM_PCU,0,105928,45,5612,111585,169920,60779,Sí
2015,7,CHIAPAS,16,HUIXTLA,PRI_NUAL_PCU,0,105928,45,5612,111585,169920,36196,Sí
2015,7,CHIAPAS,16,HUIXTLA,PVEM_NUAL_PCU,0,105928,45,5612,111585,169920,47505,Sí
2015,7,CHIAPAS,16,HUIXTLA,PRI_PVEM,0,105928,45,5612,111585,169920,41151,Sí
2015,7,CHIAPAS,16,HUIXTLA,PRI_NUAL,0,105928,45,5612,111585,169920,16568,Sí
2015,7,CHIAPAS,16,HUIXTLA,PRI_PCU,0,105928,45,5612,111585,169920,34549,Sí
2015,7,CHIAPAS,16,HUIXTLA,PVEM_NUAL,0,105928,45,5612,111585,169920,27877,Sí
2015,7,CHIAPAS,16,HUIXTLA,PVEM_PCU,0,105928,45,5612,111585,169920,45858,Sí
2015,7,CHIAPAS,16,HUIXTLA,NUAL_PCU,0,105928,45,5612,111585,169920,21275,Sí
2015,7,CHIAPAS,17,MOTOZINTLA,PAN,1485,75046,19,5188,80253,194184,1485,No
2015,7,CHIAPAS,17,MOTOZINTLA,PRI,15627,75046,19,5188,80253,194184,15627,No
2015,7,CHIAPAS,17,MOTOZINTLA,PRD,7435,75046,19,5188,80253,194184,7435,No
2015,7,CHIAPAS,17,MOTOZINTLA,PT,3555,75046,19,5188,80253,194184,3555,No
2015,7,CHIAPAS,17,MOTOZINTLA,PVEM,23010,75046,19,5188,80253,194184,23010,No
2015,7,CHIAPAS,17,MOTOZINTLA,MC,1504,75046,19,5188,80253,194184,1504,No
2015,7,CHIAPAS,17,MOTOZINTLA,NUAL,527,75046,19,5188,80253,194184,527,No
2015,7,CHIAPAS,17,MOTOZINTLA,PCU,16435,75046,19,5188,80253,194184,16435,No
2015,7,CHIAPAS,17,MOTOZINTLA,MORENA,3591,75046,19,5188,80253,194184,3591,No
2015,7,CHIAPAS,17,MOTOZINTLA,PH,632,75046,19,5188,80253,194184,632,No
2015,7,CHIAPAS,17,MOTOZINTLA,ES,142,75046,19,5188,80253,194184,142,No
2015,7,CHIAPAS,17,MOTOZINTLA,MVC,1103,75046,19,5188,80253,194184,1103,No
2015,7,CHIAPAS,17,MOTOZINTLA,Candidatura Independiente,0,75046,19,5188,80253,194184,0,No
2015,7,CHIAPAS,17,MOTOZINTLA,PRI_PVEM_NUAL_PCU,0,75046,19,5188,80253,194184,55599,Sí
2015,7,CHIAPAS,17,MOTOZINTLA,PRI_PVEM_NUAL,0,75046,19,5188,80253,194184,39164,Sí
2015,7,CHIAPAS,17,MOTOZINTLA,PRI_PVEM_PCU,0,75046,19,5188,80253,194184,55072,Sí
2015,7,CHIAPAS,17,MOTOZINTLA,PRI_NUAL_PCU,0,75046,19,5188,80253,194184,32589,Sí
2015,7,CHIAPAS,17,MOTOZINTLA,PVEM_NUAL_PCU,0,75046,19,5188,80253,194184,39972,Sí
2015,7,CHIAPAS,17,MOTOZINTLA,PRI_PVEM,0,75046,19,5188,80253,194184,38637,Sí
2015,7,CHIAPAS,17,MOTOZINTLA,PRI_NUAL,0,75046,19,5188,80253,194184,16154,Sí
2015,7,CHIAPAS,17,MOTOZINTLA,PRI_PCU,0,75046,19,5188,80253,194184,32062,Sí
2015,7,CHIAPAS,17,MOTOZINTLA,PVEM_NUAL,0,75046,19,5188,80253,194184,23537,Sí
2015,7,CHIAPAS,17,MOTOZINTLA,PVEM_PCU,0,75046,19,5188,80253,194184,39445,Sí
2015,7,CHIAPAS,17,MOTOZINTLA,NUAL_PCU,0,75046,19,5188,80253,194184,16962,Sí
2015,7,CHIAPAS,18,TAPACHULA NORTE,PAN,2424,36749,25,2344,39118,85828,2424,No
2015,7,CHIAPAS,18,TAPACHULA NORTE,PRI,7154,36749,25,2344,39118,85828,7154,No
2015,7,CHIAPAS,18,TAPACHULA NORTE,PRD,1120,36749,25,2344,39118,85828,1120,No
2015,7,CHIAPAS,18,TAPACHULA NORTE,PT,1601,36749,25,2344,39118,85828,1601,No
2015,7,CHIAPAS,18,TAPACHULA NORTE,PVEM,8114,36749,25,2344,39118,85828,8114,No
2015,7,CHIAPAS,18,TAPACHULA NORTE,MC,708,36749,25,2344,39118,85828,708,No
2015,7,CHIAPAS,18,TAPACHULA NORTE,NUAL,400,36749,25,2344,39118,85828,400,No
2015,7,CHIAPAS,18,TAPACHULA NORTE,PCU,1406,36749,25,2344,39118,85828,1406,No
2015,7,CHIAPAS,18,TAPACHULA NORTE,MORENA,10632,36749,25,2344,39118,85828,10632,No
2015,7,CHIAPAS,18,TAPACHULA NORTE,PH,544,36749,25,2344,39118,85828,544,No
2015,7,CHIAPAS,18,TAPACHULA NORTE,ES,449,36749,25,2344,39118,85828,449,No
2015,7,CHIAPAS,18,TAPACHULA NORTE,MVC,2197,36749,25,2344,39118,85828,2197,No
2015,7,CHIAPAS,18,TAPACHULA NORTE,Candidatura Independiente,0,36749,25,2344,39118,85828,0,No
2015,7,CHIAPAS,18,TAPACHULA NORTE,PRI_PVEM_NUAL_PCU,0,36749,25,2344,39118,85828,17074,Sí
2015,7,CHIAPAS,18,TAPACHULA NORTE,PRI_PVEM_NUAL,0,36749,25,2344,39118,85828,15668,Sí
2015,7,CHIAPAS,18,TAPACHULA NORTE,PRI_PVEM_PCU,0,36749,25,2344,39118,85828,16674,Sí
2015,7,CHIAPAS,18,TAPACHULA NORTE,PRI_NUAL_PCU,0,36749,25,2344,39118,85828,8960,Sí
2015,7,CHIAPAS,18,TAPACHULA NORTE,PVEM_NUAL_PCU,0,36749,25,2344,39118,85828,9920,Sí
2015,7,CHIAPAS,18,TAPACHULA NORTE,PRI_PVEM,0,36749,25,2344,39118,85828,15268,Sí
2015,7,CHIAPAS,18,TAPACHULA NORTE,PRI_NUAL,0,36749,25,2344,39118,85828,7554,Sí
2015,7,CHIAPAS,18,TAPACHULA NORTE,PRI_PCU,0,36749,25,2344,39118,85828,8560,Sí
2015,7,CHIAPAS,18,TAPACHULA NORTE,PVEM_NUAL,0,36749,25,2344,39118,85828,8514,Sí
2015,7,CHIAPAS,18,TAPACHULA NORTE,PVEM_PCU,0,36749,25,2344,39118,85828,9520,Sí
2015,7,CHIAPAS,18,TAPACHULA NORTE,NUAL_PCU,0,36749,25,2344,39118,85828,1806,Sí
2015,7,CHIAPAS,19,TAPACHULA SUR,PAN,3380,54332,62,2698,57092,132975,3380,No
2015,7,CHIAPAS,19,TAPACHULA SUR,PRI,9988,54332,62,2698,57092,132975,9988,No
2015,7,CHIAPAS,19,TAPACHULA SUR,PRD,1035,54332,62,2698,57092,132975,1035,No
2015,7,CHIAPAS,19,TAPACHULA SUR,PT,888,54332,62,2698,57092,132975,888,No
2015,7,CHIAPAS,19,TAPACHULA SUR,PVEM,14519,54332,62,2698,57092,132975,14519,No
2015,7,CHIAPAS,19,TAPACHULA SUR,MC,1163,54332,62,2698,57092,132975,1163,No
2015,7,CHIAPAS,19,TAPACHULA SUR,NUAL,752,54332,62,2698,57092,132975,752,No
2015,7,CHIAPAS,19,TAPACHULA SUR,PCU,1944,54332,62,2698,57092,132975,1944,No
2015,7,CHIAPAS,19,TAPACHULA SUR,MORENA,15880,54332,62,2698,57092,132975,15880,No
2015,7,CHIAPAS,19,TAPACHULA SUR,PH,962,54332,62,2698,57092,132975,962,No
2015,7,CHIAPAS,19,TAPACHULA SUR,ES,512,54332,62,2698,57092,132975,512,No
2015,7,CHIAPAS,19,TAPACHULA SUR,MVC,3309,54332,62,2698,57092,132975,3309,No
2015,7,CHIAPAS,19,TAPACHULA SUR,Candidatura Independiente,0,54332,62,2698,57092,132975,0,No
2015,7,CHIAPAS,19,TAPACHULA SUR,PRI_PVEM_NUAL_PCU,0,54332,62,2698,57092,132975,27203,Sí
2015,7,CHIAPAS,19,TAPACHULA SUR,PRI_PVEM_NUAL,0,54332,62,2698,57092,132975,25259,Sí
2015,7,CHIAPAS,19,TAPACHULA SUR,PRI_PVEM_PCU,0,54332,62,2698,57092,132975,26451,Sí
2015,7,CHIAPAS,19,TAPACHULA SUR,PRI_NUAL_PCU,0,54332,62,2698,57092,132975,12684,Sí
2015,7,CHIAPAS,19,TAPACHULA SUR,PVEM_NUAL_PCU,0,54332,62,2698,57092,132975,17215,Sí
2015,7,CHIAPAS,19,TAPACHULA SUR,PRI_PVEM,0,54332,62,2698,57092,132975,24507,Sí
2015,7,CHIAPAS,19,TAPACHULA SUR,PRI_NUAL,0,54332,62,2698,57092,132975,10740,Sí
2015,7,CHIAPAS,19,TAPACHULA SUR,PRI_PCU,0,54332,62,2698,57092,132975,11932,Sí
2015,7,CHIAPAS,19,TAPACHULA SUR,PVEM_NUAL,0,54332,62,2698,57092,132975,15271,Sí
2015,7,CHIAPAS,19,TAPACHULA SUR,PVEM_PCU,0,54332,62,2698,57092,132975,16463,Sí
2015,7,CHIAPAS,19,TAPACHULA SUR,NUAL_PCU,0,54332,62,2698,57092,132975,2696,Sí
2015,7,CHIAPAS,20,LAS MARGARITAS,PAN,277,70112,18,6141,76271,110274,277,No
2015,7,CHIAPAS,20,LAS MARGARITAS,PRI,3556,70112,18,6141,76271,110274,3556,No
2015,7,CHIAPAS,20,LAS MARGARITAS,PRD,12019,70112,18,6141,76271,110274,12019,No
2015,7,CHIAPAS,20,LAS MARGARITAS,PT,617,70112,18,6141,76271,110274,617,No
2015,7,CHIAPAS,20,LAS MARGARITAS,PVEM,33776,70112,18,6141,76271,110274,33776,No
2015,7,CHIAPAS,20,LAS MARGARITAS,MC,596,70112,18,6141,76271,110274,596,No
2015,7,CHIAPAS,20,LAS MARGARITAS,NUAL,606,70112,18,6141,76271,110274,606,No
2015,7,CHIAPAS,20,LAS MARGARITAS,PCU,13948,70112,18,6141,76271,110274,13948,No
2015,7,CHIAPAS,20,LAS MARGARITAS,MORENA,895,70112,18,6141,76271,110274,895,No
2015,7,CHIAPAS,20,LAS MARGARITAS,PH,392,70112,18,6141,76271,110274,392,No
2015,7,CHIAPAS,20,LAS MARGARITAS,ES,59,70112,18,6141,76271,110274,59,No
2015,7,CHIAPAS,20,LAS MARGARITAS,MVC,3371,70112,18,6141,76271,110274,3371,No
2015,7,CHIAPAS,20,LAS MARGARITAS,Candidatura Independiente,0,70112,18,6141,76271,110274,0,No
2015,7,CHIAPAS,20,LAS MARGARITAS,PRI_PVEM_NUAL_PCU,0,70112,18,6141,76271,110274,51886,Sí
2015,7,CHIAPAS,20,LAS MARGARITAS,PRI_PVEM_NUAL,0,70112,18,6141,76271,110274,37938,Sí
2015,7,CHIAPAS,20,LAS MARGARITAS,PRI_PVEM_PCU,0,70112,18,6141,76271,110274,51280,Sí
2015,7,CHIAPAS,20,LAS MARGARITAS,PRI_NUAL_PCU,0,70112,18,6141,76271,110274,18110,Sí
2015,7,CHIAPAS,20,LAS MARGARITAS,PVEM_NUAL_PCU,0,70112,18,6141,76271,110274,48330,Sí
2015,7,CHIAPAS,20,LAS MARGARITAS,PRI_PVEM,0,70112,18,6141,76271,110274,37332,Sí
2015,7,CHIAPAS,20,LAS MARGARITAS,PRI_NUAL,0,70112,18,6141,76271,110274,4162,Sí
2015,7,CHIAPAS,20,LAS MARGARITAS,PRI_PCU,0,70112,18,6141,76271,110274,17504,Sí
2015,7,CHIAPAS,20,LAS MARGARITAS,PVEM_NUAL,0,70112,18,6141,76271,110274,34382,Sí
2015,7,CHIAPAS,20,LAS MARGARITAS,PVEM_PCU,0,70112,18,6141,76271,110274,47724,Sí
2015,7,CHIAPAS,20,LAS MARGARITAS,NUAL_PCU,0,70112,18,6141,76271,110274,14554,Sí
2015,7,CHIAPAS,21,TENEJAPA,PAN,514,64555,296,9268,74119,94106,514,No
2015,7,CHIAPAS,21,TENEJAPA,PRI,19797,64555,296,9268,74119,94106,19797,No
2015,7,CHIAPAS,21,TENEJAPA,PRD,9451,64555,296,9268,74119,94106,9451,No
2015,7,CHIAPAS,21,TENEJAPA,PT,462,64555,296,9268,74119,94106,462,No
2015,7,CHIAPAS,21,TENEJAPA,PVEM,26551,64555,296,9268,74119,94106,26551,No
2015,7,CHIAPAS,21,TENEJAPA,MC,367,64555,296,9268,74119,94106,367,No
2015,7,CHIAPAS,21,TENEJAPA,NUAL,6,64555,296,9268,74119,94106,6,No
2015,7,CHIAPAS,21,TENEJAPA,PCU,2751,64555,296,9268,74119,94106,2751,No
2015,7,CHIAPAS,21,TENEJAPA,MORENA,2648,64555,296,9268,74119,94106,2648,No
2015,7,CHIAPAS,21,TENEJAPA,PH,327,64555,296,9268,74119,94106,327,No
2015,7,CHIAPAS,21,TENEJAPA,ES,402,64555,296,9268,74119,94106,402,No
2015,7,CHIAPAS,21,TENEJAPA,MVC,1279,64555,296,9268,74119,94106,1279,No
2015,7,CHIAPAS,21,TENEJAPA,Candidatura Independiente,0,64555,296,9268,74119,94106,0,No
2015,7,CHIAPAS,21,TENEJAPA,PRI_PVEM_NUAL_PCU,0,64555,296,9268,74119,94106,49105,Sí
2015,7,CHIAPAS,21,TENEJAPA,PRI_PVEM_NUAL,0,64555,296,9268,74119,94106,46354,Sí
2015,7,CHIAPAS,21,TENEJAPA,PRI_PVEM_PCU,0,64555,296,9268,74119,94106,49099,Sí
2015,7,CHIAPAS,21,TENEJAPA,PRI_NUAL_PCU,0,64555,296,9268,74119,94106,22554,Sí
2015,7,CHIAPAS,21,TENEJAPA,PVEM_NUAL_PCU,0,64555,296,9268,74119,94106,29308,Sí
2015,7,CHIAPAS,21,TENEJAPA,PRI_PVEM,0,64555,296,9268,74119,94106,46348,Sí
2015,7,CHIAPAS,21,TENEJAPA,PRI_NUAL,0,64555,296,9268,74119,94106,19803,Sí
2015,7,CHIAPAS,21,TENEJAPA,PRI_PCU,0,64555,296,9268,74119,94106,22548,Sí
2015,7,CHIAPAS,21,TENEJAPA,PVEM_NUAL,0,64555,296,9268,74119,94106,26557,Sí
2015,7,CHIAPAS,21,TENEJAPA,PVEM_PCU,0,64555,296,9268,74119,94106,29302,Sí
2015,7,CHIAPAS,21,TENEJAPA,NUAL_PCU,0,64555,296,9268,74119,94106,2757,Sí
2015,7,CHIAPAS,22,CHAMULA,PAN,400,113817,35,4521,118373,149383,400,No
2015,7,CHIAPAS,22,CHAMULA,PRI,45075,113817,35,4521,118373,149383,45075,No
2015,7,CHIAPAS,22,CHAMULA,PRD,6072,113817,35,4521,118373,149383,6072,No
2015,7,CHIAPAS,22,CHAMULA,PT,3329,113817,35,4521,118373,149383,3329,No
2015,7,CHIAPAS,22,CHAMULA,PVEM,44596,113817,35,4521,118373,149383,44596,No
2015,7,CHIAPAS,22,CHAMULA,MC,279,113817,35,4521,118373,149383,279,No
2015,7,CHIAPAS,22,CHAMULA,NUAL,669,113817,35,4521,118373,149383,669,No
2015,7,CHIAPAS,22,CHAMULA,PCU,8655,113817,35,4521,118373,149383,8655,No
2015,7,CHIAPAS,22,CHAMULA,MORENA,1329,113817,35,4521,118373,149383,1329,No
2015,7,CHIAPAS,22,CHAMULA,PH,0,113817,35,4521,118373,149383,0,No
2015,7,CHIAPAS,22,CHAMULA,ES,139,113817,35,4521,118373,149383,139,No
2015,7,CHIAPAS,22,CHAMULA,MVC,3274,113817,35,4521,118373,149383,3274,No
2015,7,CHIAPAS,22,CHAMULA,Candidatura Independiente,0,113817,35,4521,118373,149383,0,No
2015,7,CHIAPAS,22,CHAMULA,PRI_PVEM_NUAL_PCU,0,113817,35,4521,118373,149383,98995,Sí
2015,7,CHIAPAS,22,CHAMULA,PRI_PVEM_NUAL,0,113817,35,4521,118373,149383,90340,Sí
2015,7,CHIAPAS,22,CHAMULA,PRI_PVEM_PCU,0,113817,35,4521,118373,149383,98326,Sí
2015,7,CHIAPAS,22,CHAMULA,PRI_NUAL_PCU,0,113817,35,4521,118373,149383,54399,Sí
2015,7,CHIAPAS,22,CHAMULA,PVEM_NUAL_PCU,0,113817,35,4521,118373,149383,53920,Sí
2015,7,CHIAPAS,22,CHAMULA,PRI_PVEM,0,113817,35,4521,118373,149383,89671,Sí
2015,7,CHIAPAS,22,CHAMULA,PRI_NUAL,0,113817,35,4521,118373,149383,45744,Sí
2015,7,CHIAPAS,22,CHAMULA,PRI_PCU,0,113817,35,4521,118373,149383,53730,Sí
2015,7,CHIAPAS,22,CHAMULA,PVEM_NUAL,0,113817,35,4521,118373,149383,45265,Sí
2015,7,CHIAPAS,22,CHAMULA,PVEM_PCU,0,113817,35,4521,118373,149383,53251,Sí
2015,7,CHIAPAS,22,CHAMULA,NUAL_PCU,0,113817,35,4521,118373,149383,9324,Sí
2015,7,CHIAPAS,23,VILLAFLORES,PAN,3206,113882,36,4889,118807,174738,3206,No
2015,7,CHIAPAS,23,VILLAFLORES,PRI,16619,113882,36,4889,118807,174738,16619,No
2015,7,CHIAPAS,23,VILLAFLORES,PRD,8595,113882,36,4889,118807,174738,8595,No
2015,7,CHIAPAS,23,VILLAFLORES,PT,4185,113882,36,4889,118807,174738,4185,No
2015,7,CHIAPAS,23,VILLAFLORES,PVEM,32982,113882,36,4889,118807,174738,32982,No
2015,7,CHIAPAS,23,VILLAFLORES,MC,2024,113882,36,4889,118807,174738,2024,No
2015,7,CHIAPAS,23,VILLAFLORES,NUAL,1263,113882,36,4889,118807,174738,1263,No
2015,7,CHIAPAS,23,VILLAFLORES,PCU,15577,113882,36,4889,118807,174738,15577,No
2015,7,CHIAPAS,23,VILLAFLORES,MORENA,9788,113882,36,4889,118807,174738,9788,No
2015,7,CHIAPAS,23,VILLAFLORES,PH,1115,113882,36,4889,118807,174738,1115,No
2015,7,CHIAPAS,23,VILLAFLORES,ES,1320,113882,36,4889,118807,174738,1320,No
2015,7,CHIAPAS,23,VILLAFLORES,MVC,17208,113882,36,4889,118807,174738,17208,No
2015,7,CHIAPAS,23,VILLAFLORES,Candidatura Independiente,0,113882,36,4889,118807,174738,0,No
2015,7,CHIAPAS,23,VILLAFLORES,PRI_PVEM_NUAL_PCU,0,113882,36,4889,118807,174738,66441,Sí
2015,7,CHIAPAS,23,VILLAFLORES,PRI_PVEM_NUAL,0,113882,36,4889,118807,174738,50864,Sí
2015,7,CHIAPAS,23,VILLAFLORES,PRI_PVEM_PCU,0,113882,36,4889,118807,174738,65178,Sí
2015,7,CHIAPAS,23,VILLAFLORES,PRI_NUAL_PCU,0,113882,36,4889,118807,174738,33459,Sí
2015,7,CHIAPAS,23,VILLAFLORES,PVEM_NUAL_PCU,0,113882,36,4889,118807,174738,49822,Sí
2015,7,CHIAPAS,23,VILLAFLORES,PRI_PVEM,0,113882,36,4889,118807,174738,49601,Sí
2015,7,CHIAPAS,23,VILLAFLORES,PRI_NUAL,0,113882,36,4889,118807,174738,17882,Sí
2015,7,CHIAPAS,23,VILLAFLORES,PRI_PCU,0,113882,36,4889,118807,174738,32196,Sí
2015,7,CHIAPAS,23,VILLAFLORES,PVEM_NUAL,0,113882,36,4889,118807,174738,34245,Sí
2015,7,CHIAPAS,23,VILLAFLORES,PVEM_PCU,0,113882,36,4889,118807,174738,48559,Sí
2015,7,CHIAPAS,23,VILLAFLORES,NUAL_PCU,0,113882,36,4889,118807,174738,16840,Sí
2015,7,CHIAPAS,24,CACAHOATAN,PAN,7340,70221,13,3339,73573,103586,7340,No
2015,7,CHIAPAS,24,CACAHOATAN,PRI,14855,70221,13,3339,73573,103586,14855,No
2015,7,CHIAPAS,24,CACAHOATAN,PRD,3741,70221,13,3339,73573,103586,3741,No
2015,7,CHIAPAS,24,CACAHOATAN,PT,1853,70221,13,3339,73573,103586,1853,No
2015,7,CHIAPAS,24,CACAHOATAN,PVEM,19484,70221,13,3339,73573,103586,19484,No
2015,7,CHIAPAS,24,CACAHOATAN,MC,2055,70221,13,3339,73573,103586,2055,No
2015,7,CHIAPAS,24,CACAHOATAN,NUAL,487,70221,13,3339,73573,103586,487,No
2015,7,CHIAPAS,24,CACAHOATAN,PCU,2788,70221,13,3339,73573,103586,2788,No
2015,7,CHIAPAS,24,CACAHOATAN,MORENA,8134,70221,13,3339,73573,103586,8134,No
2015,7,CHIAPAS,24,CACAHOATAN,PH,799,70221,13,3339,73573,103586,799,No
2015,7,CHIAPAS,24,CACAHOATAN,ES,334,70221,13,3339,73573,103586,334,No
2015,7,CHIAPAS,24,CACAHOATAN,MVC,8351,70221,13,3339,73573,103586,8351,No
2015,7,CHIAPAS,24,CACAHOATAN,Candidatura Independiente,0,70221,13,3339,73573,103586,0,No
2015,7,CHIAPAS,24,CACAHOATAN,PRI_PVEM_NUAL_PCU,0,70221,13,3339,73573,103586,37614,Sí
2015,7,CHIAPAS,24,CACAHOATAN,PRI_PVEM_NUAL,0,70221,13,3339,73573,103586,34826,Sí
2015,7,CHIAPAS,24,CACAHOATAN,PRI_PVEM_PCU,0,70221,13,3339,73573,103586,37127,Sí
2015,7,CHIAPAS,24,CACAHOATAN,PRI_NUAL_PCU,0,70221,13,3339,73573,103586,18130,Sí
2015,7,CHIAPAS,24,CACAHOATAN,PVEM_NUAL_PCU,0,70221,13,3339,73573,103586,22759,Sí
2015,7,CHIAPAS,24,CACAHOATAN,PRI_PVEM,0,70221,13,3339,73573,103586,34339,Sí
2015,7,CHIAPAS,24,CACAHOATAN,PRI_NUAL,0,70221,13,3339,73573,103586,15342,Sí
2015,7,CHIAPAS,24,CACAHOATAN,PRI_PCU,0,70221,13,3339,73573,103586,17643,Sí
2015,7,CHIAPAS,24,CACAHOATAN,PVEM_NUAL,0,70221,13,3339,73573,103586,19971,Sí
2015,7,CHIAPAS,24,CACAHOATAN,PVEM_PCU,0,70221,13,3339,73573,103586,22272,Sí
2015,7,CHIAPAS,24,CACAHOATAN,NUAL_PCU,0,70221,13,3339,73573,103586,3275,Sí
2015,9,DISTRITO FEDERAL,1,NA,PAN,3266,57739,104,3245,61088,160717,3266,No
2015,9,DISTRITO FEDERAL,1,NA,PRI,4512,57739,104,3245,61088,160717,4512,No
2015,9,DISTRITO FEDERAL,1,NA,PRD,17794,57739,104,3245,61088,160717,17794,No
2015,9,DISTRITO FEDERAL,1,NA,PVEM,3272,57739,104,3245,61088,160717,3272,No
2015,9,DISTRITO FEDERAL,1,NA,PT,1038,57739,104,3245,61088,160717,1038,No
2015,9,DISTRITO FEDERAL,1,NA,MC,3621,57739,104,3245,61088,160717,3621,No
2015,9,DISTRITO FEDERAL,1,NA,NUAL,1789,57739,104,3245,61088,160717,1789,No
2015,9,DISTRITO FEDERAL,1,NA,MORENA,17029,57739,104,3245,61088,160717,17029,No
2015,9,DISTRITO FEDERAL,1,NA,PH,1644,57739,104,3245,61088,160717,1644,No
2015,9,DISTRITO FEDERAL,1,NA,ES,3441,57739,104,3245,61088,160717,3441,No
2015,9,DISTRITO FEDERAL,1,NA,Candidatura Independiente,0,57739,104,3245,61088,160717,0,No
2015,9,DISTRITO FEDERAL,1,NA,Candidatura Independiente,0,57739,104,3245,61088,160717,0,No
2015,9,DISTRITO FEDERAL,1,NA,Candidatura Independiente,0,57739,104,3245,61088,160717,0,No
2015,9,DISTRITO FEDERAL,1,NA,Candidatura Independiente,0,57739,104,3245,61088,160717,0,No
2015,9,DISTRITO FEDERAL,1,NA,PRI_PVEM,149,57739,104,3245,61088,160717,7933,Sí
2015,9,DISTRITO FEDERAL,1,NA,PRD_PT_NUAL,0,57739,104,3245,61088,160717,20621,Sí
2015,9,DISTRITO FEDERAL,1,NA,PRD_PT,184,57739,104,3245,61088,160717,19016,Sí
2015,9,DISTRITO FEDERAL,1,NA,PRD_NUAL,0,57739,104,3245,61088,160717,19583,Sí
2015,9,DISTRITO FEDERAL,1,NA,PT_NUAL,0,57739,104,3245,61088,160717,2827,Sí
2015,9,DISTRITO FEDERAL,2,NA,PAN,15866,78591,223,6192,85006,192158,15866,No
2015,9,DISTRITO FEDERAL,2,NA,PRI,9164,78591,223,6192,85006,192158,9164,No
2015,9,DISTRITO FEDERAL,2,NA,PRD,13443,78591,223,6192,85006,192158,13443,No
2015,9,DISTRITO FEDERAL,2,NA,PVEM,3556,78591,223,6192,85006,192158,3556,No
2015,9,DISTRITO FEDERAL,2,NA,PT,1146,78591,223,6192,85006,192158,1146,No
2015,9,DISTRITO FEDERAL,2,NA,MC,2943,78591,223,6192,85006,192158,2943,No
2015,9,DISTRITO FEDERAL,2,NA,NUAL,2553,78591,223,6192,85006,192158,2553,No
2015,9,DISTRITO FEDERAL,2,NA,MORENA,20673,78591,223,6192,85006,192158,20673,No
2015,9,DISTRITO FEDERAL,2,NA,PH,2813,78591,223,6192,85006,192158,2813,No
2015,9,DISTRITO FEDERAL,2,NA,ES,5811,78591,223,6192,85006,192158,5811,No
2015,9,DISTRITO FEDERAL,2,NA,Candidatura Independiente,0,78591,223,6192,85006,192158,0,No
2015,9,DISTRITO FEDERAL,2,NA,Candidatura Independiente,0,78591,223,6192,85006,192158,0,No
2015,9,DISTRITO FEDERAL,2,NA,Candidatura Independiente,0,78591,223,6192,85006,192158,0,No
2015,9,DISTRITO FEDERAL,2,NA,Candidatura Independiente,0,78591,223,6192,85006,192158,0,No
2015,9,DISTRITO FEDERAL,2,NA,PRI_PVEM,380,78591,223,6192,85006,192158,13100,Sí
2015,9,DISTRITO FEDERAL,2,NA,PRD_PT_NUAL,0,78591,223,6192,85006,192158,17142,Sí
2015,9,DISTRITO FEDERAL,2,NA,PRD_PT,243,78591,223,6192,85006,192158,14832,Sí
2015,9,DISTRITO FEDERAL,2,NA,PRD_NUAL,0,78591,223,6192,85006,192158,15996,Sí
2015,9,DISTRITO FEDERAL,2,NA,PT_NUAL,0,78591,223,6192,85006,192158,3699,Sí
2015,9,DISTRITO FEDERAL,3,NA,PAN,13297,79600,541,5744,85885,194440,13297,No
2015,9,DISTRITO FEDERAL,3,NA,PRI,9771,79600,541,5744,85885,194440,9771,No
2015,9,DISTRITO FEDERAL,3,NA,PRD,15496,79600,541,5744,85885,194440,15496,No
2015,9,DISTRITO FEDERAL,3,NA,PVEM,3568,79600,541,5744,85885,194440,3568,No
2015,9,DISTRITO FEDERAL,3,NA,PT,1352,79600,541,5744,85885,194440,1352,No
2015,9,DISTRITO FEDERAL,3,NA,MC,2367,79600,541,5744,85885,194440,2367,No
2015,9,DISTRITO FEDERAL,3,NA,NUAL,3243,79600,541,5744,85885,194440,3243,No
2015,9,DISTRITO FEDERAL,3,NA,MORENA,20919,79600,541,5744,85885,194440,20919,No
2015,9,DISTRITO FEDERAL,3,NA,PH,3155,79600,541,5744,85885,194440,3155,No
2015,9,DISTRITO FEDERAL,3,NA,ES,5785,79600,541,5744,85885,194440,5785,No
2015,9,DISTRITO FEDERAL,3,NA,Candidatura Independiente,0,79600,541,5744,85885,194440,0,No
2015,9,DISTRITO FEDERAL,3,NA,Candidatura Independiente,0,79600,541,5744,85885,194440,0,No
2015,9,DISTRITO FEDERAL,3,NA,Candidatura Independiente,0,79600,541,5744,85885,194440,0,No
2015,9,DISTRITO FEDERAL,3,NA,Candidatura Independiente,0,79600,541,5744,85885,194440,0,No
2015,9,DISTRITO FEDERAL,3,NA,PRI_PVEM,298,79600,541,5744,85885,194440,13637,Sí
2015,9,DISTRITO FEDERAL,3,NA,PRD_PT_NUAL,0,79600,541,5744,85885,194440,20091,Sí
2015,9,DISTRITO FEDERAL,3,NA,PRD_PT,349,79600,541,5744,85885,194440,17197,Sí
2015,9,DISTRITO FEDERAL,3,NA,PRD_NUAL,0,79600,541,5744,85885,194440,18739,Sí
2015,9,DISTRITO FEDERAL,3,NA,PT_NUAL,0,79600,541,5744,85885,194440,4595,Sí
2015,9,DISTRITO FEDERAL,4,NA,PAN,7498,81314,238,5643,87195,214703,7498,No
2015,9,DISTRITO FEDERAL,4,NA,PRI,8980,81314,238,5643,87195,214703,8980,No
2015,9,DISTRITO FEDERAL,4,NA,PRD,17185,81314,238,5643,87195,214703,17185,No
2015,9,DISTRITO FEDERAL,4,NA,PVEM,5166,81314,238,5643,87195,214703,5166,No
2015,9,DISTRITO FEDERAL,4,NA,PT,1393,81314,238,5643,87195,214703,1393,No
2015,9,DISTRITO FEDERAL,4,NA,MC,2687,81314,238,5643,87195,214703,2687,No
2015,9,DISTRITO FEDERAL,4,NA,NUAL,4451,81314,238,5643,87195,214703,4451,No
2015,9,DISTRITO FEDERAL,4,NA,MORENA,24460,81314,238,5643,87195,214703,24460,No
2015,9,DISTRITO FEDERAL,4,NA,PH,2954,81314,238,5643,87195,214703,2954,No
2015,9,DISTRITO FEDERAL,4,NA,ES,6141,81314,238,5643,87195,214703,6141,No
2015,9,DISTRITO FEDERAL,4,NA,Candidatura Independiente,0,81314,238,5643,87195,214703,0,No
2015,9,DISTRITO FEDERAL,4,NA,Candidatura Independiente,0,81314,238,5643,87195,214703,0,No
2015,9,DISTRITO FEDERAL,4,NA,Candidatura Independiente,0,81314,238,5643,87195,214703,0,No
2015,9,DISTRITO FEDERAL,4,NA,Candidatura Independiente,0,81314,238,5643,87195,214703,0,No
2015,9,DISTRITO FEDERAL,4,NA,PRI_PVEM,260,81314,238,5643,87195,214703,14406,Sí
2015,9,DISTRITO FEDERAL,4,NA,PRD_PT_NUAL,0,81314,238,5643,87195,214703,23029,Sí
2015,9,DISTRITO FEDERAL,4,NA,PRD_PT,139,81314,238,5643,87195,214703,18717,Sí
2015,9,DISTRITO FEDERAL,4,NA,PRD_NUAL,0,81314,238,5643,87195,214703,21636,Sí
2015,9,DISTRITO FEDERAL,4,NA,PT_NUAL,0,81314,238,5643,87195,214703,5844,Sí
2015,9,DISTRITO FEDERAL,5,NA,PAN,13251,67725,168,5037,72930,165267,13251,No
2015,9,DISTRITO FEDERAL,5,NA,PRI,8370,67725,168,5037,72930,165267,8370,No
2015,9,DISTRITO FEDERAL,5,NA,PRD,11208,67725,168,5037,72930,165267,11208,No
2015,9,DISTRITO FEDERAL,5,NA,PVEM,4349,67725,168,5037,72930,165267,4349,No
2015,9,DISTRITO FEDERAL,5,NA,PT,1194,67725,168,5037,72930,165267,1194,No
2015,9,DISTRITO FEDERAL,5,NA,MC,1774,67725,168,5037,72930,165267,1774,No
2015,9,DISTRITO FEDERAL,5,NA,NUAL,2173,67725,168,5037,72930,165267,2173,No
2015,9,DISTRITO FEDERAL,5,NA,MORENA,17361,67725,168,5037,72930,165267,17361,No
2015,9,DISTRITO FEDERAL,5,NA,PH,2368,67725,168,5037,72930,165267,2368,No
2015,9,DISTRITO FEDERAL,5,NA,ES,5241,67725,168,5037,72930,165267,5241,No
2015,9,DISTRITO FEDERAL,5,NA,Candidatura Independiente,0,67725,168,5037,72930,165267,0,No
2015,9,DISTRITO FEDERAL,5,NA,Candidatura Independiente,0,67725,168,5037,72930,165267,0,No
2015,9,DISTRITO FEDERAL,5,NA,Candidatura Independiente,0,67725,168,5037,72930,165267,0,No
2015,9,DISTRITO FEDERAL,5,NA,Candidatura Independiente,0,67725,168,5037,72930,165267,0,No
2015,9,DISTRITO FEDERAL,5,NA,PRI_PVEM,306,67725,168,5037,72930,165267,13025,Sí
2015,9,DISTRITO FEDERAL,5,NA,PRD_PT_NUAL,0,67725,168,5037,72930,165267,14575,Sí
2015,9,DISTRITO FEDERAL,5,NA,PRD_PT,130,67725,168,5037,72930,165267,12532,Sí
2015,9,DISTRITO FEDERAL,5,NA,PRD_NUAL,0,67725,168,5037,72930,165267,13381,Sí
2015,9,DISTRITO FEDERAL,5,NA,PT_NUAL,0,67725,168,5037,72930,165267,3367,Sí
2015,9,DISTRITO FEDERAL,6,NA,PAN,7617,84338,306,6015,90659,205719,7617,No
2015,9,DISTRITO FEDERAL,6,NA,PRI,11743,84338,306,6015,90659,205719,11743,No
2015,9,DISTRITO FEDERAL,6,NA,PRD,15088,84338,306,6015,90659,205719,15088,No
2015,9,DISTRITO FEDERAL,6,NA,PVEM,3907,84338,306,6015,90659,205719,3907,No
2015,9,DISTRITO FEDERAL,6,NA,PT,1282,84338,306,6015,90659,205719,1282,No
2015,9,DISTRITO FEDERAL,6,NA,MC,8470,84338,306,6015,90659,205719,8470,No
2015,9,DISTRITO FEDERAL,6,NA,NUAL,2520,84338,306,6015,90659,205719,2520,No
2015,9,DISTRITO FEDERAL,6,NA,MORENA,24292,84338,306,6015,90659,205719,24292,No
2015,9,DISTRITO FEDERAL,6,NA,PH,2747,84338,306,6015,90659,205719,2747,No
2015,9,DISTRITO FEDERAL,6,NA,ES,6244,84338,306,6015,90659,205719,6244,No
2015,9,DISTRITO FEDERAL,6,NA,Candidatura Independiente,0,84338,306,6015,90659,205719,0,No
2015,9,DISTRITO FEDERAL,6,NA,Candidatura Independiente,0,84338,306,6015,90659,205719,0,No
2015,9,DISTRITO FEDERAL,6,NA,Candidatura Independiente,0,84338,306,6015,90659,205719,0,No
2015,9,DISTRITO FEDERAL,6,NA,Candidatura Independiente,0,84338,306,6015,90659,205719,0,No
2015,9,DISTRITO FEDERAL,6,NA,PRI_PVEM,332,84338,306,6015,90659,205719,15982,Sí
2015,9,DISTRITO FEDERAL,6,NA,PRD_PT_NUAL,0,84338,306,6015,90659,205719,18890,Sí
2015,9,DISTRITO FEDERAL,6,NA,PRD_PT,96,84338,306,6015,90659,205719,16466,Sí
2015,9,DISTRITO FEDERAL,6,NA,PRD_NUAL,0,84338,306,6015,90659,205719,17608,Sí
2015,9,DISTRITO FEDERAL,6,NA,PT_NUAL,0,84338,306,6015,90659,205719,3802,Sí
2015,9,DISTRITO FEDERAL,7,NA,PAN,14673,79269,377,6195,85841,196216,14673,No
2015,9,DISTRITO FEDERAL,7,NA,PRI,10833,79269,377,6195,85841,196216,10833,No
2015,9,DISTRITO FEDERAL,7,NA,PRD,11074,79269,377,6195,85841,196216,11074,No
2015,9,DISTRITO FEDERAL,7,NA,PVEM,3861,79269,377,6195,85841,196216,3861,No
2015,9,DISTRITO FEDERAL,7,NA,PT,1435,79269,377,6195,85841,196216,1435,No
2015,9,DISTRITO FEDERAL,7,NA,MC,2282,79269,377,6195,85841,196216,2282,No
2015,9,DISTRITO FEDERAL,7,NA,NUAL,2766,79269,377,6195,85841,196216,2766,No
2015,9,DISTRITO FEDERAL,7,NA,MORENA,19227,79269,377,6195,85841,196216,19227,No
2015,9,DISTRITO FEDERAL,7,NA,PH,3329,79269,377,6195,85841,196216,3329,No
2015,9,DISTRITO FEDERAL,7,NA,ES,5708,79269,377,6195,85841,196216,5708,No
2015,9,DISTRITO FEDERAL,7,NA,Candidatura Independiente,3661,79269,377,6195,85841,196216,3661,No
2015,9,DISTRITO FEDERAL,7,NA,Candidatura Independiente,0,79269,377,6195,85841,196216,0,No
2015,9,DISTRITO FEDERAL,7,NA,Candidatura Independiente,0,79269,377,6195,85841,196216,0,No
2015,9,DISTRITO FEDERAL,7,NA,Candidatura Independiente,0,79269,377,6195,85841,196216,0,No
2015,9,DISTRITO FEDERAL,7,NA,PRI_PVEM,254,79269,377,6195,85841,196216,14948,Sí
2015,9,DISTRITO FEDERAL,7,NA,PRD_PT_NUAL,0,79269,377,6195,85841,196216,15275,Sí
2015,9,DISTRITO FEDERAL,7,NA,PRD_PT,166,79269,377,6195,85841,196216,12675,Sí
2015,9,DISTRITO FEDERAL,7,NA,PRD_NUAL,0,79269,377,6195,85841,196216,13840,Sí
2015,9,DISTRITO FEDERAL,7,NA,PT_NUAL,0,79269,377,6195,85841,196216,4201,Sí
2015,9,DISTRITO FEDERAL,8,NA,PAN,17186,82340,276,5602,88218,191570,17186,No
2015,9,DISTRITO FEDERAL,8,NA,PRI,7016,82340,276,5602,88218,191570,7016,No
2015,9,DISTRITO FEDERAL,8,NA,PRD,29374,82340,276,5602,88218,191570,29374,No
2015,9,DISTRITO FEDERAL,8,NA,PVEM,3465,82340,276,5602,88218,191570,3465,No
2015,9,DISTRITO FEDERAL,8,NA,PT,1286,82340,276,5602,88218,191570,1286,No
2015,9,DISTRITO FEDERAL,8,NA,MC,1678,82340,276,5602,88218,191570,1678,No
2015,9,DISTRITO FEDERAL,8,NA,NUAL,1758,82340,276,5602,88218,191570,1758,No
2015,9,DISTRITO FEDERAL,8,NA,MORENA,13149,82340,276,5602,88218,191570,13149,No
2015,9,DISTRITO FEDERAL,8,NA,PH,2529,82340,276,5602,88218,191570,2529,No
2015,9,DISTRITO FEDERAL,8,NA,ES,4325,82340,276,5602,88218,191570,4325,No
2015,9,DISTRITO FEDERAL,8,NA,Candidatura Independiente,0,82340,276,5602,88218,191570,0,No
2015,9,DISTRITO FEDERAL,8,NA,Candidatura Independiente,0,82340,276,5602,88218,191570,0,No
2015,9,DISTRITO FEDERAL,8,NA,Candidatura Independiente,0,82340,276,5602,88218,191570,0,No
2015,9,DISTRITO FEDERAL,8,NA,Candidatura Independiente,0,82340,276,5602,88218,191570,0,No
2015,9,DISTRITO FEDERAL,8,NA,PRI_PVEM,259,82340,276,5602,88218,191570,10740,Sí
2015,9,DISTRITO FEDERAL,8,NA,PRD_PT_NUAL,0,82340,276,5602,88218,191570,32418,Sí
2015,9,DISTRITO FEDERAL,8,NA,PRD_PT,315,82340,276,5602,88218,191570,30975,Sí
2015,9,DISTRITO FEDERAL,8,NA,PRD_NUAL,0,82340,276,5602,88218,191570,31132,Sí
2015,9,DISTRITO FEDERAL,8,NA,PT_NUAL,0,82340,276,5602,88218,191570,3044,Sí
2015,9,DISTRITO FEDERAL,9,NA,PAN,8100,76852,256,5707,82815,186254,8100,No
2015,9,DISTRITO FEDERAL,9,NA,PRI,15288,76852,256,5707,82815,186254,15288,No
2015,9,DISTRITO FEDERAL,9,NA,PRD,13706,76852,256,5707,82815,186254,13706,No
2015,9,DISTRITO FEDERAL,9,NA,PVEM,3052,76852,256,5707,82815,186254,3052,No
2015,9,DISTRITO FEDERAL,9,NA,PT,1032,76852,256,5707,82815,186254,1032,No
2015,9,DISTRITO FEDERAL,9,NA,MC,2052,76852,256,5707,82815,186254,2052,No
2015,9,DISTRITO FEDERAL,9,NA,NUAL,1909,76852,256,5707,82815,186254,1909,No
2015,9,DISTRITO FEDERAL,9,NA,MORENA,23321,76852,256,5707,82815,186254,23321,No
2015,9,DISTRITO FEDERAL,9,NA,PH,2684,76852,256,5707,82815,186254,2684,No
2015,9,DISTRITO FEDERAL,9,NA,ES,5324,76852,256,5707,82815,186254,5324,No
2015,9,DISTRITO FEDERAL,9,NA,Candidatura Independiente,0,76852,256,5707,82815,186254,0,No
2015,9,DISTRITO FEDERAL,9,NA,Candidatura Independiente,0,76852,256,5707,82815,186254,0,No
2015,9,DISTRITO FEDERAL,9,NA,Candidatura Independiente,0,76852,256,5707,82815,186254,0,No
2015,9,DISTRITO FEDERAL,9,NA,Candidatura Independiente,0,76852,256,5707,82815,186254,0,No
2015,9,DISTRITO FEDERAL,9,NA,PRI_PVEM,257,76852,256,5707,82815,186254,18597,Sí
2015,9,DISTRITO FEDERAL,9,NA,PRD_PT_NUAL,44,76852,256,5707,82815,186254,16691,Sí
2015,9,DISTRITO FEDERAL,9,NA,PRD_PT,77,76852,256,5707,82815,186254,14815,Sí
2015,9,DISTRITO FEDERAL,9,NA,PRD_NUAL,5,76852,256,5707,82815,186254,15620,Sí
2015,9,DISTRITO FEDERAL,9,NA,PT_NUAL,1,76852,256,5707,82815,186254,2942,Sí
2015,9,DISTRITO FEDERAL,10,NA,PAN,8813,77989,216,5823,84028,192958,8813,No
2015,9,DISTRITO FEDERAL,10,NA,PRI,9134,77989,216,5823,84028,192958,9134,No
2015,9,DISTRITO FEDERAL,10,NA,PRD,21965,77989,216,5823,84028,192958,21965,No
2015,9,DISTRITO FEDERAL,10,NA,PVEM,4406,77989,216,5823,84028,192958,4406,No
2015,9,DISTRITO FEDERAL,10,NA,PT,1134,77989,216,5823,84028,192958,1134,No
2015,9,DISTRITO FEDERAL,10,NA,MC,6542,77989,216,5823,84028,192958,6542,No
2015,9,DISTRITO FEDERAL,10,NA,NUAL,2131,77989,216,5823,84028,192958,2131,No
2015,9,DISTRITO FEDERAL,10,NA,MORENA,15438,77989,216,5823,84028,192958,15438,No
2015,9,DISTRITO FEDERAL,10,NA,PH,2560,77989,216,5823,84028,192958,2560,No
2015,9,DISTRITO FEDERAL,10,NA,ES,5491,77989,216,5823,84028,192958,5491,No
2015,9,DISTRITO FEDERAL,10,NA,Candidatura Independiente,0,77989,216,5823,84028,192958,0,No
2015,9,DISTRITO FEDERAL,10,NA,Candidatura Independiente,0,77989,216,5823,84028,192958,0,No
2015,9,DISTRITO FEDERAL,10,NA,Candidatura Independiente,0,77989,216,5823,84028,192958,0,No
2015,9,DISTRITO FEDERAL,10,NA,Candidatura Independiente,0,77989,216,5823,84028,192958,0,No
2015,9,DISTRITO FEDERAL,10,NA,PRI_PVEM,248,77989,216,5823,84028,192958,13788,Sí
2015,9,DISTRITO FEDERAL,10,NA,PRD_PT_NUAL,0,77989,216,5823,84028,192958,25230,Sí
2015,9,DISTRITO FEDERAL,10,NA,PRD_PT,127,77989,216,5823,84028,192958,23226,Sí
2015,9,DISTRITO FEDERAL,10,NA,PRD_NUAL,0,77989,216,5823,84028,192958,24096,Sí
2015,9,DISTRITO FEDERAL,10,NA,PT_NUAL,0,77989,216,5823,84028,192958,3265,Sí
2015,9,DISTRITO FEDERAL,11,NA,PAN,6655,78621,188,5212,84021,194160,6655,No
2015,9,DISTRITO FEDERAL,11,NA,PRI,8245,78621,188,5212,84021,194160,8245,No
2015,9,DISTRITO FEDERAL,11,NA,PRD,24314,78621,188,5212,84021,194160,24314,No
2015,9,DISTRITO FEDERAL,11,NA,PVEM,3449,78621,188,5212,84021,194160,3449,No
2015,9,DISTRITO FEDERAL,11,NA,PT,1349,78621,188,5212,84021,194160,1349,No
2015,9,DISTRITO FEDERAL,11,NA,MC,8030,78621,188,5212,84021,194160,8030,No
2015,9,DISTRITO FEDERAL,11,NA,NUAL,2270,78621,188,5212,84021,194160,2270,No
2015,9,DISTRITO FEDERAL,11,NA,MORENA,16233,78621,188,5212,84021,194160,16233,No
2015,9,DISTRITO FEDERAL,11,NA,PH,2490,78621,188,5212,84021,194160,2490,No
2015,9,DISTRITO FEDERAL,11,NA,ES,5094,78621,188,5212,84021,194160,5094,No
2015,9,DISTRITO FEDERAL,11,NA,Candidatura Independiente,0,78621,188,5212,84021,194160,0,No
2015,9,DISTRITO FEDERAL,11,NA,Candidatura Independiente,0,78621,188,5212,84021,194160,0,No
2015,9,DISTRITO FEDERAL,11,NA,Candidatura Independiente,0,78621,188,5212,84021,194160,0,No
2015,9,DISTRITO FEDERAL,11,NA,Candidatura Independiente,0,78621,188,5212,84021,194160,0,No
2015,9,DISTRITO FEDERAL,11,NA,PRI_PVEM,224,78621,188,5212,84021,194160,11918,Sí
2015,9,DISTRITO FEDERAL,11,NA,PRD_PT_NUAL,0,78621,188,5212,84021,194160,27933,Sí
2015,9,DISTRITO FEDERAL,11,NA,PRD_PT,268,78621,188,5212,84021,194160,25931,Sí
2015,9,DISTRITO FEDERAL,11,NA,PRD_NUAL,0,78621,188,5212,84021,194160,26584,Sí
2015,9,DISTRITO FEDERAL,11,NA,PT_NUAL,0,78621,188,5212,84021,194160,3619,Sí
2015,9,DISTRITO FEDERAL,12,NA,PAN,10048,79659,274,6374,86307,198258,10048,No
2015,9,DISTRITO FEDERAL,12,NA,PRI,13753,79659,274,6374,86307,198258,13753,No
2015,9,DISTRITO FEDERAL,12,NA,PRD,15810,79659,274,6374,86307,198258,15810,No
2015,9,DISTRITO FEDERAL,12,NA,PVEM,3193,79659,274,6374,86307,198258,3193,No
2015,9,DISTRITO FEDERAL,12,NA,PT,1127,79659,274,6374,86307,198258,1127,No
2015,9,DISTRITO FEDERAL,12,NA,MC,2340,79659,274,6374,86307,198258,2340,No
2015,9,DISTRITO FEDERAL,12,NA,NUAL,2014,79659,274,6374,86307,198258,2014,No
2015,9,DISTRITO FEDERAL,12,NA,MORENA,21769,79659,274,6374,86307,198258,21769,No
2015,9,DISTRITO FEDERAL,12,NA,PH,3489,79659,274,6374,86307,198258,3489,No
2015,9,DISTRITO FEDERAL,12,NA,ES,5402,79659,274,6374,86307,198258,5402,No
2015,9,DISTRITO FEDERAL,12,NA,Candidatura Independiente,0,79659,274,6374,86307,198258,0,No
2015,9,DISTRITO FEDERAL,12,NA,Candidatura Independiente,0,79659,274,6374,86307,198258,0,No
2015,9,DISTRITO FEDERAL,12,NA,Candidatura Independiente,0,79659,274,6374,86307,198258,0,No
2015,9,DISTRITO FEDERAL,12,NA,Candidatura Independiente,0,79659,274,6374,86307,198258,0,No
2015,9,DISTRITO FEDERAL,12,NA,PRI_PVEM,374,79659,274,6374,86307,198258,17320,Sí
2015,9,DISTRITO FEDERAL,12,NA,PRD_PT_NUAL,135,79659,274,6374,86307,198258,19086,Sí
2015,9,DISTRITO FEDERAL,12,NA,PRD_PT,137,79659,274,6374,86307,198258,17074,Sí
2015,9,DISTRITO FEDERAL,12,NA,PRD_NUAL,36,79659,274,6374,86307,198258,17860,Sí
2015,9,DISTRITO FEDERAL,12,NA,PT_NUAL,32,79659,274,6374,86307,198258,3173,Sí
2015,9,DISTRITO FEDERAL,13,NA,PAN,25538,74394,379,6895,81668,183195,25538,No
2015,9,DISTRITO FEDERAL,13,NA,PRI,9750,74394,379,6895,81668,183195,9750,No
2015,9,DISTRITO FEDERAL,13,NA,PRD,9234,74394,379,6895,81668,183195,9234,No
2015,9,DISTRITO FEDERAL,13,NA,PVEM,2493,74394,379,6895,81668,183195,2493,No
2015,9,DISTRITO FEDERAL,13,NA,PT,877,74394,379,6895,81668,183195,877,No
2015,9,DISTRITO FEDERAL,13,NA,MC,1930,74394,379,6895,81668,183195,1930,No
2015,9,DISTRITO FEDERAL,13,NA,NUAL,1352,74394,379,6895,81668,183195,1352,No
2015,9,DISTRITO FEDERAL,13,NA,MORENA,13426,74394,379,6895,81668,183195,13426,No
2015,9,DISTRITO FEDERAL,13,NA,PH,1833,74394,379,6895,81668,183195,1833,No
2015,9,DISTRITO FEDERAL,13,NA,ES,2955,74394,379,6895,81668,183195,2955,No
2015,9,DISTRITO FEDERAL,13,NA,Candidatura Independiente,0,74394,379,6895,81668,183195,0,No
2015,9,DISTRITO FEDERAL,13,NA,Candidatura Independiente,0,74394,379,6895,81668,183195,0,No
2015,9,DISTRITO FEDERAL,13,NA,Candidatura Independiente,0,74394,379,6895,81668,183195,0,No
2015,9,DISTRITO FEDERAL,13,NA,Candidatura Independiente,4649,74394,379,6895,81668,183195,4649,No
2015,9,DISTRITO FEDERAL,13,NA,PRI_PVEM,245,74394,379,6895,81668,183195,12488,Sí
2015,9,DISTRITO FEDERAL,13,NA,PRD_PT_NUAL,0,74394,379,6895,81668,183195,11463,Sí
2015,9,DISTRITO FEDERAL,13,NA,PRD_PT,112,74394,379,6895,81668,183195,10223,Sí
2015,9,DISTRITO FEDERAL,13,NA,PRD_NUAL,0,74394,379,6895,81668,183195,10586,Sí
2015,9,DISTRITO FEDERAL,13,NA,PT_NUAL,0,74394,379,6895,81668,183195,2229,Sí
2015,9,DISTRITO FEDERAL,14,NA,PAN,6044,69775,206,5011,74992,176777,6044,No
2015,9,DISTRITO FEDERAL,14,NA,PRI,8259,69775,206,5011,74992,176777,8259,No
2015,9,DISTRITO FEDERAL,14,NA,PRD,17048,69775,206,5011,74992,176777,17048,No
2015,9,DISTRITO FEDERAL,14,NA,PVEM,3077,69775,206,5011,74992,176777,3077,No
2015,9,DISTRITO FEDERAL,14,NA,PT,1699,69775,206,5011,74992,176777,1699,No
2015,9,DISTRITO FEDERAL,14,NA,MC,5119,69775,206,5011,74992,176777,5119,No
2015,9,DISTRITO FEDERAL,14,NA,NUAL,2087,69775,206,5011,74992,176777,2087,No
2015,9,DISTRITO FEDERAL,14,NA,MORENA,18296,69775,206,5011,74992,176777,18296,No
2015,9,DISTRITO FEDERAL,14,NA,PH,2498,69775,206,5011,74992,176777,2498,No
2015,9,DISTRITO FEDERAL,14,NA,ES,5301,69775,206,5011,74992,176777,5301,No
2015,9,DISTRITO FEDERAL,14,NA,Candidatura Independiente,0,69775,206,5011,74992,176777,0,No
2015,9,DISTRITO FEDERAL,14,NA,Candidatura Independiente,0,69775,206,5011,74992,176777,0,No
2015,9,DISTRITO FEDERAL,14,NA,Candidatura Independiente,0,69775,206,5011,74992,176777,0,No
2015,9,DISTRITO FEDERAL,14,NA,Candidatura Independiente,0,69775,206,5011,74992,176777,0,No
2015,9,DISTRITO FEDERAL,14,NA,PRI_PVEM,347,69775,206,5011,74992,176777,11683,Sí
2015,9,DISTRITO FEDERAL,14,NA,PRD_PT_NUAL,0,69775,206,5011,74992,176777,20834,Sí
2015,9,DISTRITO FEDERAL,14,NA,PRD_PT,0,69775,206,5011,74992,176777,18747,Sí
2015,9,DISTRITO FEDERAL,14,NA,PRD_NUAL,0,69775,206,5011,74992,176777,19135,Sí
2015,9,DISTRITO FEDERAL,14,NA,PT_NUAL,0,69775,206,5011,74992,176777,3786,Sí
2015,9,DISTRITO FEDERAL,15,NA,PAN,8717,66509,173,5297,71979,161518,8717,No
2015,9,DISTRITO FEDERAL,15,NA,PRI,7551,66509,173,5297,71979,161518,7551,No
2015,9,DISTRITO FEDERAL,15,NA,PRD,15306,66509,173,5297,71979,161518,15306,No
2015,9,DISTRITO FEDERAL,15,NA,PVEM,3333,66509,173,5297,71979,161518,3333,No
2015,9,DISTRITO FEDERAL,15,NA,PT,1262,66509,173,5297,71979,161518,1262,No
2015,9,DISTRITO FEDERAL,15,NA,MC,3828,66509,173,5297,71979,161518,3828,No
2015,9,DISTRITO FEDERAL,15,NA,NUAL,2526,66509,173,5297,71979,161518,2526,No
2015,9,DISTRITO FEDERAL,15,NA,MORENA,15740,66509,173,5297,71979,161518,15740,No
2015,9,DISTRITO FEDERAL,15,NA,PH,2616,66509,173,5297,71979,161518,2616,No
2015,9,DISTRITO FEDERAL,15,NA,ES,5270,66509,173,5297,71979,161518,5270,No
2015,9,DISTRITO FEDERAL,15,NA,Candidatura Independiente,0,66509,173,5297,71979,161518,0,No
2015,9,DISTRITO FEDERAL,15,NA,Candidatura Independiente,0,66509,173,5297,71979,161518,0,No
2015,9,DISTRITO FEDERAL,15,NA,Candidatura Independiente,0,66509,173,5297,71979,161518,0,No
2015,9,DISTRITO FEDERAL,15,NA,Candidatura Independiente,0,66509,173,5297,71979,161518,0,No
2015,9,DISTRITO FEDERAL,15,NA,PRI_PVEM,360,66509,173,5297,71979,161518,11244,Sí
2015,9,DISTRITO FEDERAL,15,NA,PRD_PT_NUAL,0,66509,173,5297,71979,161518,19094,Sí
2015,9,DISTRITO FEDERAL,15,NA,PRD_PT,0,66509,173,5297,71979,161518,16568,Sí
2015,9,DISTRITO FEDERAL,15,NA,PRD_NUAL,0,66509,173,5297,71979,161518,17832,Sí
2015,9,DISTRITO FEDERAL,15,NA,PT_NUAL,0,66509,173,5297,71979,161518,3788,Sí
2015,9,DISTRITO FEDERAL,16,NA,PAN,22731,73873,386,7416,81675,173001,22731,No
2015,9,DISTRITO FEDERAL,16,NA,PRI,8915,73873,386,7416,81675,173001,8915,No
2015,9,DISTRITO FEDERAL,16,NA,PRD,5017,73873,386,7416,81675,173001,5017,No
2015,9,DISTRITO FEDERAL,16,NA,PVEM,3866,73873,386,7416,81675,173001,3866,No
2015,9,DISTRITO FEDERAL,16,NA,PT,1132,73873,386,7416,81675,173001,1132,No
2015,9,DISTRITO FEDERAL,16,NA,MC,5109,73873,386,7416,81675,173001,5109,No
2015,9,DISTRITO FEDERAL,16,NA,NUAL,2730,73873,386,7416,81675,173001,2730,No
2015,9,DISTRITO FEDERAL,16,NA,MORENA,15978,73873,386,7416,81675,173001,15978,No
2015,9,DISTRITO FEDERAL,16,NA,PH,2984,73873,386,7416,81675,173001,2984,No
2015,9,DISTRITO FEDERAL,16,NA,ES,5114,73873,386,7416,81675,173001,5114,No
2015,9,DISTRITO FEDERAL,16,NA,Candidatura Independiente,0,73873,386,7416,81675,173001,0,No
2015,9,DISTRITO FEDERAL,16,NA,Candidatura Independiente,0,73873,386,7416,81675,173001,0,No
2015,9,DISTRITO FEDERAL,16,NA,Candidatura Independiente,0,73873,386,7416,81675,173001,0,No
2015,9,DISTRITO FEDERAL,16,NA,Candidatura Independiente,0,73873,386,7416,81675,173001,0,No
2015,9,DISTRITO FEDERAL,16,NA,PRI_PVEM,238,73873,386,7416,81675,173001,13019,Sí
2015,9,DISTRITO FEDERAL,16,NA,PRD_PT_NUAL,0,73873,386,7416,81675,173001,8879,Sí
2015,9,DISTRITO FEDERAL,16,NA,PRD_PT,59,73873,386,7416,81675,173001,6208,Sí
2015,9,DISTRITO FEDERAL,16,NA,PRD_NUAL,0,73873,386,7416,81675,173001,7747,Sí
2015,9,DISTRITO FEDERAL,16,NA,PT_NUAL,0,73873,386,7416,81675,173001,3862,Sí
2015,9,DISTRITO FEDERAL,17,NA,PAN,29817,72505,402,8094,81001,172162,29817,No
2015,9,DISTRITO FEDERAL,17,NA,PRI,9191,72505,402,8094,81001,172162,9191,No
2015,9,DISTRITO FEDERAL,17,NA,PRD,3856,72505,402,8094,81001,172162,3856,No
2015,9,DISTRITO FEDERAL,17,NA,PVEM,2526,72505,402,8094,81001,172162,2526,No
2015,9,DISTRITO FEDERAL,17,NA,PT,764,72505,402,8094,81001,172162,764,No
2015,9,DISTRITO FEDERAL,17,NA,MC,4338,72505,402,8094,81001,172162,4338,No
2015,9,DISTRITO FEDERAL,17,NA,NUAL,1613,72505,402,8094,81001,172162,1613,No
2015,9,DISTRITO FEDERAL,17,NA,MORENA,13160,72505,402,8094,81001,172162,13160,No
2015,9,DISTRITO FEDERAL,17,NA,PH,2861,72505,402,8094,81001,172162,2861,No
2015,9,DISTRITO FEDERAL,17,NA,ES,4179,72505,402,8094,81001,172162,4179,No
2015,9,DISTRITO FEDERAL,17,NA,Candidatura Independiente,0,72505,402,8094,81001,172162,0,No
2015,9,DISTRITO FEDERAL,17,NA,Candidatura Independiente,0,72505,402,8094,81001,172162,0,No
2015,9,DISTRITO FEDERAL,17,NA,Candidatura Independiente,0,72505,402,8094,81001,172162,0,No
2015,9,DISTRITO FEDERAL,17,NA,Candidatura Independiente,0,72505,402,8094,81001,172162,0,No
2015,9,DISTRITO FEDERAL,17,NA,PRI_PVEM,173,72505,402,8094,81001,172162,11890,Sí
2015,9,DISTRITO FEDERAL,17,NA,PRD_PT_NUAL,0,72505,402,8094,81001,172162,6233,Sí
2015,9,DISTRITO FEDERAL,17,NA,PRD_PT,27,72505,402,8094,81001,172162,4647,Sí
2015,9,DISTRITO FEDERAL,17,NA,PRD_NUAL,0,72505,402,8094,81001,172162,5469,Sí
2015,9,DISTRITO FEDERAL,17,NA,PT_NUAL,0,72505,402,8094,81001,172162,2377,Sí
2015,9,DISTRITO FEDERAL,18,NA,PAN,7973,73472,163,5412,79047,186081,7973,No
2015,9,DISTRITO FEDERAL,18,NA,PRI,7423,73472,163,5412,79047,186081,7423,No
2015,9,DISTRITO FEDERAL,18,NA,PRD,19482,73472,163,5412,79047,186081,19482,No
2015,9,DISTRITO FEDERAL,18,NA,PVEM,7567,73472,163,5412,79047,186081,7567,No
2015,9,DISTRITO FEDERAL,18,NA,PT,1180,73472,163,5412,79047,186081,1180,No
2015,9,DISTRITO FEDERAL,18,NA,MC,2032,73472,163,5412,79047,186081,2032,No
2015,9,DISTRITO FEDERAL,18,NA,NUAL,2833,73472,163,5412,79047,186081,2833,No
2015,9,DISTRITO FEDERAL,18,NA,MORENA,17155,73472,163,5412,79047,186081,17155,No
2015,9,DISTRITO FEDERAL,18,NA,PH,2594,73472,163,5412,79047,186081,2594,No
2015,9,DISTRITO FEDERAL,18,NA,ES,4626,73472,163,5412,79047,186081,4626,No
2015,9,DISTRITO FEDERAL,18,NA,Candidatura Independiente,0,73472,163,5412,79047,186081,0,No
2015,9,DISTRITO FEDERAL,18,NA,Candidatura Independiente,0,73472,163,5412,79047,186081,0,No
2015,9,DISTRITO FEDERAL,18,NA,Candidatura Independiente,0,73472,163,5412,79047,186081,0,No
2015,9,DISTRITO FEDERAL,18,NA,Candidatura Independiente,0,73472,163,5412,79047,186081,0,No
2015,9,DISTRITO FEDERAL,18,NA,PRI_PVEM,404,73472,163,5412,79047,186081,15394,Sí
2015,9,DISTRITO FEDERAL,18,NA,PRD_PT_NUAL,0,73472,163,5412,79047,186081,23495,Sí
2015,9,DISTRITO FEDERAL,18,NA,PRD_PT,203,73472,163,5412,79047,186081,20865,Sí
2015,9,DISTRITO FEDERAL,18,NA,PRD_NUAL,0,73472,163,5412,79047,186081,22315,Sí
2015,9,DISTRITO FEDERAL,18,NA,PT_NUAL,0,73472,163,5412,79047,186081,4013,Sí
2015,9,DISTRITO FEDERAL,19,NA,PAN,2865,64444,142,3946,68532,149823,2865,No
2015,9,DISTRITO FEDERAL,19,NA,PRI,7668,64444,142,3946,68532,149823,7668,No
2015,9,DISTRITO FEDERAL,19,NA,PRD,22873,64444,142,3946,68532,149823,22873,No
2015,9,DISTRITO FEDERAL,19,NA,PVEM,2801,64444,142,3946,68532,149823,2801,No
2015,9,DISTRITO FEDERAL,19,NA,PT,1153,64444,142,3946,68532,149823,1153,No
2015,9,DISTRITO FEDERAL,19,NA,MC,1392,64444,142,3946,68532,149823,1392,No
2015,9,DISTRITO FEDERAL,19,NA,NUAL,1652,64444,142,3946,68532,149823,1652,No
2015,9,DISTRITO FEDERAL,19,NA,MORENA,17288,64444,142,3946,68532,149823,17288,No
2015,9,DISTRITO FEDERAL,19,NA,PH,2000,64444,142,3946,68532,149823,2000,No
2015,9,DISTRITO FEDERAL,19,NA,ES,4411,64444,142,3946,68532,149823,4411,No
2015,9,DISTRITO FEDERAL,19,NA,Candidatura Independiente,0,64444,142,3946,68532,149823,0,No
2015,9,DISTRITO FEDERAL,19,NA,Candidatura Independiente,0,64444,142,3946,68532,149823,0,No
2015,9,DISTRITO FEDERAL,19,NA,Candidatura Independiente,0,64444,142,3946,68532,149823,0,No
2015,9,DISTRITO FEDERAL,19,NA,Candidatura Independiente,0,64444,142,3946,68532,149823,0,No
2015,9,DISTRITO FEDERAL,19,NA,PRI_PVEM,159,64444,142,3946,68532,149823,10628,Sí
2015,9,DISTRITO FEDERAL,19,NA,PRD_PT_NUAL,53,64444,142,3946,68532,149823,25731,Sí
2015,9,DISTRITO FEDERAL,19,NA,PRD_PT,111,64444,142,3946,68532,149823,24137,Sí
2015,9,DISTRITO FEDERAL,19,NA,PRD_NUAL,9,64444,142,3946,68532,149823,24534,Sí
2015,9,DISTRITO FEDERAL,19,NA,PT_NUAL,9,64444,142,3946,68532,149823,2814,Sí
2015,9,DISTRITO FEDERAL,20,NA,PAN,19513,88698,174,5150,94022,195196,19513,No
2015,9,DISTRITO FEDERAL,20,NA,PRI,25133,88698,174,5150,94022,195196,25133,No
2015,9,DISTRITO FEDERAL,20,NA,PRD,13182,88698,174,5150,94022,195196,13182,No
2015,9,DISTRITO FEDERAL,20,NA,PVEM,4030,88698,174,5150,94022,195196,4030,No
2015,9,DISTRITO FEDERAL,20,NA,PT,947,88698,174,5150,94022,195196,947,No
2015,9,DISTRITO FEDERAL,20,NA,MC,1388,88698,174,5150,94022,195196,1388,No
2015,9,DISTRITO FEDERAL,20,NA,NUAL,2087,88698,174,5150,94022,195196,2087,No
2015,9,DISTRITO FEDERAL,20,NA,MORENA,13246,88698,174,5150,94022,195196,13246,No
2015,9,DISTRITO FEDERAL,20,NA,PH,2824,88698,174,5150,94022,195196,2824,No
2015,9,DISTRITO FEDERAL,20,NA,ES,3429,88698,174,5150,94022,195196,3429,No
2015,9,DISTRITO FEDERAL,20,NA,Candidatura Independiente,0,88698,174,5150,94022,195196,0,No
2015,9,DISTRITO FEDERAL,20,NA,Candidatura Independiente,0,88698,174,5150,94022,195196,0,No
2015,9,DISTRITO FEDERAL,20,NA,Candidatura Independiente,0,88698,174,5150,94022,195196,0,No
2015,9,DISTRITO FEDERAL,20,NA,Candidatura Independiente,0,88698,174,5150,94022,195196,0,No
2015,9,DISTRITO FEDERAL,20,NA,PRI_PVEM,2679,88698,174,5150,94022,195196,31842,Sí
2015,9,DISTRITO FEDERAL,20,NA,PRD_PT_NUAL,0,88698,174,5150,94022,195196,16216,Sí
2015,9,DISTRITO FEDERAL,20,NA,PRD_PT,240,88698,174,5150,94022,195196,14369,Sí
2015,9,DISTRITO FEDERAL,20,NA,PRD_NUAL,0,88698,174,5150,94022,195196,15269,Sí
2015,9,DISTRITO FEDERAL,20,NA,PT_NUAL,0,88698,174,5150,94022,195196,3034,Sí
2015,9,DISTRITO FEDERAL,21,NA,PAN,6850,74505,275,5683,80463,175403,6850,No
2015,9,DISTRITO FEDERAL,21,NA,PRI,8211,74505,275,5683,80463,175403,8211,No
2015,9,DISTRITO FEDERAL,21,NA,PRD,18575,74505,275,5683,80463,175403,18575,No
2015,9,DISTRITO FEDERAL,21,NA,PVEM,3919,74505,275,5683,80463,175403,3919,No
2015,9,DISTRITO FEDERAL,21,NA,PT,1527,74505,275,5683,80463,175403,1527,No
2015,9,DISTRITO FEDERAL,21,NA,MC,1926,74505,275,5683,80463,175403,1926,No
2015,9,DISTRITO FEDERAL,21,NA,NUAL,2042,74505,275,5683,80463,175403,2042,No
2015,9,DISTRITO FEDERAL,21,NA,MORENA,21817,74505,275,5683,80463,175403,21817,No
2015,9,DISTRITO FEDERAL,21,NA,PH,2038,74505,275,5683,80463,175403,2038,No
2015,9,DISTRITO FEDERAL,21,NA,ES,4845,74505,275,5683,80463,175403,4845,No
2015,9,DISTRITO FEDERAL,21,NA,Candidatura Independiente,0,74505,275,5683,80463,175403,0,No
2015,9,DISTRITO FEDERAL,21,NA,Candidatura Independiente,2374,74505,275,5683,80463,175403,2374,No
2015,9,DISTRITO FEDERAL,21,NA,Candidatura Independiente,0,74505,275,5683,80463,175403,0,No
2015,9,DISTRITO FEDERAL,21,NA,Candidatura Independiente,0,74505,275,5683,80463,175403,0,No
2015,9,DISTRITO FEDERAL,21,NA,PRI_PVEM,203,74505,275,5683,80463,175403,12333,Sí
2015,9,DISTRITO FEDERAL,21,NA,PRD_PT_NUAL,68,74505,275,5683,80463,175403,22212,Sí
2015,9,DISTRITO FEDERAL,21,NA,PRD_PT,87,74505,275,5683,80463,175403,20189,Sí
2015,9,DISTRITO FEDERAL,21,NA,PRD_NUAL,15,74505,275,5683,80463,175403,20632,Sí
2015,9,DISTRITO FEDERAL,21,NA,PT_NUAL,8,74505,275,5683,80463,175403,3577,Sí
2015,9,DISTRITO FEDERAL,22,NA,PAN,3496,68358,177,4418,72953,164972,3496,No
2015,9,DISTRITO FEDERAL,22,NA,PRI,5600,68358,177,4418,72953,164972,5600,No
2015,9,DISTRITO FEDERAL,22,NA,PRD,19211,68358,177,4418,72953,164972,19211,No
2015,9,DISTRITO FEDERAL,22,NA,PVEM,3079,68358,177,4418,72953,164972,3079,No
2015,9,DISTRITO FEDERAL,22,NA,PT,1292,68358,177,4418,72953,164972,1292,No
2015,9,DISTRITO FEDERAL,22,NA,MC,4063,68358,177,4418,72953,164972,4063,No
2015,9,DISTRITO FEDERAL,22,NA,NUAL,2234,68358,177,4418,72953,164972,2234,No
2015,9,DISTRITO FEDERAL,22,NA,MORENA,19106,68358,177,4418,72953,164972,19106,No
2015,9,DISTRITO FEDERAL,22,NA,PH,1850,68358,177,4418,72953,164972,1850,No
2015,9,DISTRITO FEDERAL,22,NA,ES,6633,68358,177,4418,72953,164972,6633,No
2015,9,DISTRITO FEDERAL,22,NA,Candidatura Independiente,0,68358,177,4418,72953,164972,0,No
2015,9,DISTRITO FEDERAL,22,NA,Candidatura Independiente,0,68358,177,4418,72953,164972,0,No
2015,9,DISTRITO FEDERAL,22,NA,Candidatura Independiente,1467,68358,177,4418,72953,164972,1467,No
2015,9,DISTRITO FEDERAL,22,NA,Candidatura Independiente,0,68358,177,4418,72953,164972,0,No
2015,9,DISTRITO FEDERAL,22,NA,PRI_PVEM,96,68358,177,4418,72953,164972,8775,Sí
2015,9,DISTRITO FEDERAL,22,NA,PRD_PT_NUAL,53,68358,177,4418,72953,164972,22790,Sí
2015,9,DISTRITO FEDERAL,22,NA,PRD_PT,136,68358,177,4418,72953,164972,20639,Sí
2015,9,DISTRITO FEDERAL,22,NA,PRD_NUAL,35,68358,177,4418,72953,164972,21480,Sí
2015,9,DISTRITO FEDERAL,22,NA,PT_NUAL,7,68358,177,4418,72953,164972,3533,Sí
2015,9,DISTRITO FEDERAL,23,NA,PAN,21113,74026,284,7047,81357,175538,21113,No
2015,9,DISTRITO FEDERAL,23,NA,PRI,8984,74026,284,7047,81357,175538,8984,No
2015,9,DISTRITO FEDERAL,23,NA,PRD,10757,74026,284,7047,81357,175538,10757,No
2015,9,DISTRITO FEDERAL,23,NA,PVEM,3957,74026,284,7047,81357,175538,3957,No
2015,9,DISTRITO FEDERAL,23,NA,PT,1030,74026,284,7047,81357,175538,1030,No
2015,9,DISTRITO FEDERAL,23,NA,MC,2360,74026,284,7047,81357,175538,2360,No
2015,9,DISTRITO FEDERAL,23,NA,NUAL,2283,74026,284,7047,81357,175538,2283,No
2015,9,DISTRITO FEDERAL,23,NA,MORENA,15992,74026,284,7047,81357,175538,15992,No
2015,9,DISTRITO FEDERAL,23,NA,PH,2687,74026,284,7047,81357,175538,2687,No
2015,9,DISTRITO FEDERAL,23,NA,ES,4436,74026,284,7047,81357,175538,4436,No
2015,9,DISTRITO FEDERAL,23,NA,Candidatura Independiente,0,74026,284,7047,81357,175538,0,No
2015,9,DISTRITO FEDERAL,23,NA,Candidatura Independiente,0,74026,284,7047,81357,175538,0,No
2015,9,DISTRITO FEDERAL,23,NA,Candidatura Independiente,0,74026,284,7047,81357,175538,0,No
2015,9,DISTRITO FEDERAL,23,NA,Candidatura Independiente,0,74026,284,7047,81357,175538,0,No
2015,9,DISTRITO FEDERAL,23,NA,PRI_PVEM,280,74026,284,7047,81357,175538,13221,Sí
2015,9,DISTRITO FEDERAL,23,NA,PRD_PT_NUAL,0,74026,284,7047,81357,175538,14070,Sí
2015,9,DISTRITO FEDERAL,23,NA,PRD_PT,147,74026,284,7047,81357,175538,11934,Sí
2015,9,DISTRITO FEDERAL,23,NA,PRD_NUAL,0,74026,284,7047,81357,175538,13040,Sí
2015,9,DISTRITO FEDERAL,23,NA,PT_NUAL,0,74026,284,7047,81357,175538,3313,Sí
2015,9,DISTRITO FEDERAL,24,NA,PAN,11167,72278,221,5679,78178,164704,11167,No
2015,9,DISTRITO FEDERAL,24,NA,PRI,7530,72278,221,5679,78178,164704,7530,No
2015,9,DISTRITO FEDERAL,24,NA,PRD,16586,72278,221,5679,78178,164704,16586,No
2015,9,DISTRITO FEDERAL,24,NA,PVEM,3380,72278,221,5679,78178,164704,3380,No
2015,9,DISTRITO FEDERAL,24,NA,PT,1538,72278,221,5679,78178,164704,1538,No
2015,9,DISTRITO FEDERAL,24,NA,MC,1978,72278,221,5679,78178,164704,1978,No
2015,9,DISTRITO FEDERAL,24,NA,NUAL,1922,72278,221,5679,78178,164704,1922,No
2015,9,DISTRITO FEDERAL,24,NA,MORENA,19005,72278,221,5679,78178,164704,19005,No
2015,9,DISTRITO FEDERAL,24,NA,PH,2588,72278,221,5679,78178,164704,2588,No
2015,9,DISTRITO FEDERAL,24,NA,ES,6215,72278,221,5679,78178,164704,6215,No
2015,9,DISTRITO FEDERAL,24,NA,Candidatura Independiente,0,72278,221,5679,78178,164704,0,No
2015,9,DISTRITO FEDERAL,24,NA,Candidatura Independiente,0,72278,221,5679,78178,164704,0,No
2015,9,DISTRITO FEDERAL,24,NA,Candidatura Independiente,0,72278,221,5679,78178,164704,0,No
2015,9,DISTRITO FEDERAL,24,NA,Candidatura Independiente,0,72278,221,5679,78178,164704,0,No
2015,9,DISTRITO FEDERAL,24,NA,PRI_PVEM,164,72278,221,5679,78178,164704,11074,Sí
2015,9,DISTRITO FEDERAL,24,NA,PRD_PT_NUAL,53,72278,221,5679,78178,164704,20099,Sí
2015,9,DISTRITO FEDERAL,24,NA,PRD_PT,120,72278,221,5679,78178,164704,18244,Sí
2015,9,DISTRITO FEDERAL,24,NA,PRD_NUAL,19,72278,221,5679,78178,164704,18527,Sí
2015,9,DISTRITO FEDERAL,24,NA,PT_NUAL,13,72278,221,5679,78178,164704,3473,Sí
2015,9,DISTRITO FEDERAL,25,NA,PAN,10366,66137,140,5158,71435,168498,10366,No
2015,9,DISTRITO FEDERAL,25,NA,PRI,6415,66137,140,5158,71435,168498,6415,No
2015,9,DISTRITO FEDERAL,25,NA,PRD,14665,66137,140,5158,71435,168498,14665,No
2015,9,DISTRITO FEDERAL,25,NA,PVEM,7097,66137,140,5158,71435,168498,7097,No
2015,9,DISTRITO FEDERAL,25,NA,PT,1646,66137,140,5158,71435,168498,1646,No
2015,9,DISTRITO FEDERAL,25,NA,MC,2903,66137,140,5158,71435,168498,2903,No
2015,9,DISTRITO FEDERAL,25,NA,NUAL,2050,66137,140,5158,71435,168498,2050,No
2015,9,DISTRITO FEDERAL,25,NA,MORENA,13354,66137,140,5158,71435,168498,13354,No
2015,9,DISTRITO FEDERAL,25,NA,PH,2406,66137,140,5158,71435,168498,2406,No
2015,9,DISTRITO FEDERAL,25,NA,ES,4212,66137,140,5158,71435,168498,4212,No
2015,9,DISTRITO FEDERAL,25,NA,Candidatura Independiente,0,66137,140,5158,71435,168498,0,No
2015,9,DISTRITO FEDERAL,25,NA,Candidatura Independiente,0,66137,140,5158,71435,168498,0,No
2015,9,DISTRITO FEDERAL,25,NA,Candidatura Independiente,0,66137,140,5158,71435,168498,0,No
2015,9,DISTRITO FEDERAL,25,NA,Candidatura Independiente,0,66137,140,5158,71435,168498,0,No
2015,9,DISTRITO FEDERAL,25,NA,PRI_PVEM,592,66137,140,5158,71435,168498,14104,Sí
2015,9,DISTRITO FEDERAL,25,NA,PRD_PT_NUAL,0,66137,140,5158,71435,168498,18361,Sí
2015,9,DISTRITO FEDERAL,25,NA,PRD_PT,431,66137,140,5158,71435,168498,16742,Sí
2015,9,DISTRITO FEDERAL,25,NA,PRD_NUAL,0,66137,140,5158,71435,168498,16715,Sí
2015,9,DISTRITO FEDERAL,25,NA,PT_NUAL,0,66137,140,5158,71435,168498,3696,Sí
2015,9,DISTRITO FEDERAL,26,NA,PAN,19302,77619,404,7685,85708,178915,19302,No
2015,9,DISTRITO FEDERAL,26,NA,PRI,10183,77619,404,7685,85708,178915,10183,No
2015,9,DISTRITO FEDERAL,26,NA,PRD,12755,77619,404,7685,85708,178915,12755,No
2015,9,DISTRITO FEDERAL,26,NA,PVEM,2921,77619,404,7685,85708,178915,2921,No
2015,9,DISTRITO FEDERAL,26,NA,PT,1269,77619,404,7685,85708,178915,1269,No
2015,9,DISTRITO FEDERAL,26,NA,MC,3093,77619,404,7685,85708,178915,3093,No
2015,9,DISTRITO FEDERAL,26,NA,NUAL,1971,77619,404,7685,85708,178915,1971,No
2015,9,DISTRITO FEDERAL,26,NA,MORENA,18206,77619,404,7685,85708,178915,18206,No
2015,9,DISTRITO FEDERAL,26,NA,PH,2980,77619,404,7685,85708,178915,2980,No
2015,9,DISTRITO FEDERAL,26,NA,ES,4623,77619,404,7685,85708,178915,4623,No
2015,9,DISTRITO FEDERAL,26,NA,Candidatura Independiente,0,77619,404,7685,85708,178915,0,No
2015,9,DISTRITO FEDERAL,26,NA,Candidatura Independiente,0,77619,404,7685,85708,178915,0,No
2015,9,DISTRITO FEDERAL,26,NA,Candidatura Independiente,0,77619,404,7685,85708,178915,0,No
2015,9,DISTRITO FEDERAL,26,NA,Candidatura Independiente,0,77619,404,7685,85708,178915,0,No
2015,9,DISTRITO FEDERAL,26,NA,PRI_PVEM,186,77619,404,7685,85708,178915,13290,Sí
2015,9,DISTRITO FEDERAL,26,NA,PRD_PT_NUAL,0,77619,404,7685,85708,178915,15995,Sí
2015,9,DISTRITO FEDERAL,26,NA,PRD_PT,130,77619,404,7685,85708,178915,14154,Sí
2015,9,DISTRITO FEDERAL,26,NA,PRD_NUAL,0,77619,404,7685,85708,178915,14726,Sí
2015,9,DISTRITO FEDERAL,26,NA,PT_NUAL,0,77619,404,7685,85708,178915,3240,Sí
2015,9,DISTRITO FEDERAL,27,NA,PAN,2389,79863,408,4887,85158,186484,2389,No
2015,9,DISTRITO FEDERAL,27,NA,PRI,4944,79863,408,4887,85158,186484,4944,No
2015,9,DISTRITO FEDERAL,27,NA,PRD,26713,79863,408,4887,85158,186484,26713,No
2015,9,DISTRITO FEDERAL,27,NA,PVEM,3175,79863,408,4887,85158,186484,3175,No
2015,9,DISTRITO FEDERAL,27,NA,PT,1958,79863,408,4887,85158,186484,1958,No
2015,9,DISTRITO FEDERAL,27,NA,MC,8834,79863,408,4887,85158,186484,8834,No
2015,9,DISTRITO FEDERAL,27,NA,NUAL,1923,79863,408,4887,85158,186484,1923,No
2015,9,DISTRITO FEDERAL,27,NA,MORENA,24221,79863,408,4887,85158,186484,24221,No
2015,9,DISTRITO FEDERAL,27,NA,PH,1786,79863,408,4887,85158,186484,1786,No
2015,9,DISTRITO FEDERAL,27,NA,ES,3476,79863,408,4887,85158,186484,3476,No
2015,9,DISTRITO FEDERAL,27,NA,Candidatura Independiente,0,79863,408,4887,85158,186484,0,No
2015,9,DISTRITO FEDERAL,27,NA,Candidatura Independiente,0,79863,408,4887,85158,186484,0,No
2015,9,DISTRITO FEDERAL,27,NA,Candidatura Independiente,0,79863,408,4887,85158,186484,0,No
2015,9,DISTRITO FEDERAL,27,NA,Candidatura Independiente,0,79863,408,4887,85158,186484,0,No
2015,9,DISTRITO FEDERAL,27,NA,PRI_PVEM,107,79863,408,4887,85158,186484,8226,Sí
2015,9,DISTRITO FEDERAL,27,NA,PRD_PT_NUAL,68,79863,408,4887,85158,186484,30662,Sí
2015,9,DISTRITO FEDERAL,27,NA,PRD_PT,228,79863,408,4887,85158,186484,28899,Sí
2015,9,DISTRITO FEDERAL,27,NA,PRD_NUAL,34,79863,408,4887,85158,186484,28670,Sí
2015,9,DISTRITO FEDERAL,27,NA,PT_NUAL,7,79863,408,4887,85158,186484,3888,Sí
2015,9,DISTRITO FEDERAL,28,NA,PAN,7343,75571,197,5913,81681,188404,7343,No
2015,9,DISTRITO FEDERAL,28,NA,PRI,6579,75571,197,5913,81681,188404,6579,No
2015,9,DISTRITO FEDERAL,28,NA,PRD,18464,75571,197,5913,81681,188404,18464,No
2015,9,DISTRITO FEDERAL,28,NA,PVEM,3804,75571,197,5913,81681,188404,3804,No
2015,9,DISTRITO FEDERAL,28,NA,PT,1744,75571,197,5913,81681,188404,1744,No
2015,9,DISTRITO FEDERAL,28,NA,MC,2988,75571,197,5913,81681,188404,2988,No
2015,9,DISTRITO FEDERAL,28,NA,NUAL,2017,75571,197,5913,81681,188404,2017,No
2015,9,DISTRITO FEDERAL,28,NA,MORENA,22489,75571,197,5913,81681,188404,22489,No
2015,9,DISTRITO FEDERAL,28,NA,PH,2704,75571,197,5913,81681,188404,2704,No
2015,9,DISTRITO FEDERAL,28,NA,ES,7103,75571,197,5913,81681,188404,7103,No
2015,9,DISTRITO FEDERAL,28,NA,Candidatura Independiente,0,75571,197,5913,81681,188404,0,No
2015,9,DISTRITO FEDERAL,28,NA,Candidatura Independiente,0,75571,197,5913,81681,188404,0,No
2015,9,DISTRITO FEDERAL,28,NA,Candidatura Independiente,0,75571,197,5913,81681,188404,0,No
2015,9,DISTRITO FEDERAL,28,NA,Candidatura Independiente,0,75571,197,5913,81681,188404,0,No
2015,9,DISTRITO FEDERAL,28,NA,PRI_PVEM,106,75571,197,5913,81681,188404,10489,Sí
2015,9,DISTRITO FEDERAL,28,NA,PRD_PT_NUAL,73,75571,197,5913,81681,188404,22298,Sí
2015,9,DISTRITO FEDERAL,28,NA,PRD_PT,139,75571,197,5913,81681,188404,20347,Sí
2015,9,DISTRITO FEDERAL,28,NA,PRD_NUAL,10,75571,197,5913,81681,188404,20491,Sí
2015,9,DISTRITO FEDERAL,28,NA,PT_NUAL,8,75571,197,5913,81681,188404,3769,Sí
2015,9,DISTRITO FEDERAL,29,NA,PAN,2821,68509,139,4104,72752,176141,2821,No
2015,9,DISTRITO FEDERAL,29,NA,PRI,4298,68509,139,4104,72752,176141,4298,No
2015,9,DISTRITO FEDERAL,29,NA,PRD,25132,68509,139,4104,72752,176141,25132,No
2015,9,DISTRITO FEDERAL,29,NA,PVEM,3811,68509,139,4104,72752,176141,3811,No
2015,9,DISTRITO FEDERAL,29,NA,PT,1929,68509,139,4104,72752,176141,1929,No
2015,9,DISTRITO FEDERAL,29,NA,MC,1531,68509,139,4104,72752,176141,1531,No
2015,9,DISTRITO FEDERAL,29,NA,NUAL,1849,68509,139,4104,72752,176141,1849,No
2015,9,DISTRITO FEDERAL,29,NA,MORENA,21191,68509,139,4104,72752,176141,21191,No
2015,9,DISTRITO FEDERAL,29,NA,PH,1700,68509,139,4104,72752,176141,1700,No
2015,9,DISTRITO FEDERAL,29,NA,ES,3783,68509,139,4104,72752,176141,3783,No
2015,9,DISTRITO FEDERAL,29,NA,Candidatura Independiente,0,68509,139,4104,72752,176141,0,No
2015,9,DISTRITO FEDERAL,29,NA,Candidatura Independiente,0,68509,139,4104,72752,176141,0,No
2015,9,DISTRITO FEDERAL,29,NA,Candidatura Independiente,0,68509,139,4104,72752,176141,0,No
2015,9,DISTRITO FEDERAL,29,NA,Candidatura Independiente,0,68509,139,4104,72752,176141,0,No
2015,9,DISTRITO FEDERAL,29,NA,PRI_PVEM,137,68509,139,4104,72752,176141,8246,Sí
2015,9,DISTRITO FEDERAL,29,NA,PRD_PT_NUAL,83,68509,139,4104,72752,176141,28993,Sí
2015,9,DISTRITO FEDERAL,29,NA,PRD_PT,201,68509,139,4104,72752,176141,27262,Sí
2015,9,DISTRITO FEDERAL,29,NA,PRD_NUAL,26,68509,139,4104,72752,176141,27007,Sí
2015,9,DISTRITO FEDERAL,29,NA,PT_NUAL,17,68509,139,4104,72752,176141,3795,Sí
2015,9,DISTRITO FEDERAL,30,NA,PAN,16375,76771,349,7118,84238,171333,16375,No
2015,9,DISTRITO FEDERAL,30,NA,PRI,9080,76771,349,7118,84238,171333,9080,No
2015,9,DISTRITO FEDERAL,30,NA,PRD,14731,76771,349,7118,84238,171333,14731,No
2015,9,DISTRITO FEDERAL,30,NA,PVEM,2989,76771,349,7118,84238,171333,2989,No
2015,9,DISTRITO FEDERAL,30,NA,PT,1102,76771,349,7118,84238,171333,1102,No
2015,9,DISTRITO FEDERAL,30,NA,MC,3639,76771,349,7118,84238,171333,3639,No
2015,9,DISTRITO FEDERAL,30,NA,NUAL,2195,76771,349,7118,84238,171333,2195,No
2015,9,DISTRITO FEDERAL,30,NA,MORENA,17299,76771,349,7118,84238,171333,17299,No
2015,9,DISTRITO FEDERAL,30,NA,PH,2922,76771,349,7118,84238,171333,2922,No
2015,9,DISTRITO FEDERAL,30,NA,ES,6178,76771,349,7118,84238,171333,6178,No
2015,9,DISTRITO FEDERAL,30,NA,Candidatura Independiente,0,76771,349,7118,84238,171333,0,No
2015,9,DISTRITO FEDERAL,30,NA,Candidatura Independiente,0,76771,349,7118,84238,171333,0,No
2015,9,DISTRITO FEDERAL,30,NA,Candidatura Independiente,0,76771,349,7118,84238,171333,0,No
2015,9,DISTRITO FEDERAL,30,NA,Candidatura Independiente,0,76771,349,7118,84238,171333,0,No
2015,9,DISTRITO FEDERAL,30,NA,PRI_PVEM,146,76771,349,7118,84238,171333,12215,Sí
2015,9,DISTRITO FEDERAL,30,NA,PRD_PT_NUAL,0,76771,349,7118,84238,171333,18028,Sí
2015,9,DISTRITO FEDERAL,30,NA,PRD_PT,115,76771,349,7118,84238,171333,15948,Sí
2015,9,DISTRITO FEDERAL,30,NA,PRD_NUAL,0,76771,349,7118,84238,171333,16926,Sí
2015,9,DISTRITO FEDERAL,30,NA,PT_NUAL,0,76771,349,7118,84238,171333,3297,Sí
2015,9,DISTRITO FEDERAL,31,NA,PAN,3729,70697,153,4572,75422,173002,3729,No
2015,9,DISTRITO FEDERAL,31,NA,PRI,5373,70697,153,4572,75422,173002,5373,No
2015,9,DISTRITO FEDERAL,31,NA,PRD,23179,70697,153,4572,75422,173002,23179,No
2015,9,DISTRITO FEDERAL,31,NA,PVEM,3101,70697,153,4572,75422,173002,3101,No
2015,9,DISTRITO FEDERAL,31,NA,PT,1580,70697,153,4572,75422,173002,1580,No
2015,9,DISTRITO FEDERAL,31,NA,MC,1826,70697,153,4572,75422,173002,1826,No
2015,9,DISTRITO FEDERAL,31,NA,NUAL,1719,70697,153,4572,75422,173002,1719,No
2015,9,DISTRITO FEDERAL,31,NA,MORENA,22506,70697,153,4572,75422,173002,22506,No
2015,9,DISTRITO FEDERAL,31,NA,PH,2433,70697,153,4572,75422,173002,2433,No
2015,9,DISTRITO FEDERAL,31,NA,ES,4745,70697,153,4572,75422,173002,4745,No
2015,9,DISTRITO FEDERAL,31,NA,Candidatura Independiente,0,70697,153,4572,75422,173002,0,No
2015,9,DISTRITO FEDERAL,31,NA,Candidatura Independiente,0,70697,153,4572,75422,173002,0,No
2015,9,DISTRITO FEDERAL,31,NA,Candidatura Independiente,0,70697,153,4572,75422,173002,0,No
2015,9,DISTRITO FEDERAL,31,NA,Candidatura Independiente,0,70697,153,4572,75422,173002,0,No
2015,9,DISTRITO FEDERAL,31,NA,PRI_PVEM,127,70697,153,4572,75422,173002,8601,Sí
2015,9,DISTRITO FEDERAL,31,NA,PRD_PT_NUAL,152,70697,153,4572,75422,173002,26630,Sí
2015,9,DISTRITO FEDERAL,31,NA,PRD_PT,170,70697,153,4572,75422,173002,24929,Sí
2015,9,DISTRITO FEDERAL,31,NA,PRD_NUAL,25,70697,153,4572,75422,173002,24923,Sí
2015,9,DISTRITO FEDERAL,31,NA,PT_NUAL,32,70697,153,4572,75422,173002,3331,Sí
2015,9,DISTRITO FEDERAL,32,NA,PAN,8291,79586,334,6968,86888,189783,8291,No
2015,9,DISTRITO FEDERAL,32,NA,PRI,8425,79586,334,6968,86888,189783,8425,No
2015,9,DISTRITO FEDERAL,32,NA,PRD,22560,79586,334,6968,86888,189783,22560,No
2015,9,DISTRITO FEDERAL,32,NA,PVEM,2659,79586,334,6968,86888,189783,2659,No
2015,9,DISTRITO FEDERAL,32,NA,PT,1342,79586,334,6968,86888,189783,1342,No
2015,9,DISTRITO FEDERAL,32,NA,MC,4458,79586,334,6968,86888,189783,4458,No
2015,9,DISTRITO FEDERAL,32,NA,NUAL,2611,79586,334,6968,86888,189783,2611,No
2015,9,DISTRITO FEDERAL,32,NA,MORENA,21288,79586,334,6968,86888,189783,21288,No
2015,9,DISTRITO FEDERAL,32,NA,PH,2542,79586,334,6968,86888,189783,2542,No
2015,9,DISTRITO FEDERAL,32,NA,ES,4945,79586,334,6968,86888,189783,4945,No
2015,9,DISTRITO FEDERAL,32,NA,Candidatura Independiente,0,79586,334,6968,86888,189783,0,No
2015,9,DISTRITO FEDERAL,32,NA,Candidatura Independiente,0,79586,334,6968,86888,189783,0,No
2015,9,DISTRITO FEDERAL,32,NA,Candidatura Independiente,0,79586,334,6968,86888,189783,0,No
2015,9,DISTRITO FEDERAL,32,NA,Candidatura Independiente,0,79586,334,6968,86888,189783,0,No
2015,9,DISTRITO FEDERAL,32,NA,PRI_PVEM,195,79586,334,6968,86888,189783,11279,Sí
2015,9,DISTRITO FEDERAL,32,NA,PRD_PT_NUAL,0,79586,334,6968,86888,189783,26513,Sí
2015,9,DISTRITO FEDERAL,32,NA,PRD_PT,270,79586,334,6968,86888,189783,24172,Sí
2015,9,DISTRITO FEDERAL,32,NA,PRD_NUAL,0,79586,334,6968,86888,189783,25171,Sí
2015,9,DISTRITO FEDERAL,32,NA,PT_NUAL,0,79586,334,6968,86888,189783,3953,Sí
2015,9,DISTRITO FEDERAL,33,NA,PAN,11088,81044,203,5966,87213,183311,11088,No
2015,9,DISTRITO FEDERAL,33,NA,PRI,17566,81044,203,5966,87213,183311,17566,No
2015,9,DISTRITO FEDERAL,33,NA,PRD,16836,81044,203,5966,87213,183311,16836,No
2015,9,DISTRITO FEDERAL,33,NA,PVEM,3196,81044,203,5966,87213,183311,3196,No
2015,9,DISTRITO FEDERAL,33,NA,PT,1103,81044,203,5966,87213,183311,1103,No
2015,9,DISTRITO FEDERAL,33,NA,MC,3989,81044,203,5966,87213,183311,3989,No
2015,9,DISTRITO FEDERAL,33,NA,NUAL,2093,81044,203,5966,87213,183311,2093,No
2015,9,DISTRITO FEDERAL,33,NA,MORENA,17905,81044,203,5966,87213,183311,17905,No
2015,9,DISTRITO FEDERAL,33,NA,PH,2434,81044,203,5966,87213,183311,2434,No
2015,9,DISTRITO FEDERAL,33,NA,ES,3954,81044,203,5966,87213,183311,3954,No
2015,9,DISTRITO FEDERAL,33,NA,Candidatura Independiente,0,81044,203,5966,87213,183311,0,No
2015,9,DISTRITO FEDERAL,33,NA,Candidatura Independiente,0,81044,203,5966,87213,183311,0,No
2015,9,DISTRITO FEDERAL,33,NA,Candidatura Independiente,0,81044,203,5966,87213,183311,0,No
2015,9,DISTRITO FEDERAL,33,NA,Candidatura Independiente,0,81044,203,5966,87213,183311,0,No
2015,9,DISTRITO FEDERAL,33,NA,PRI_PVEM,516,81044,203,5966,87213,183311,21278,Sí
2015,9,DISTRITO FEDERAL,33,NA,PRD_PT_NUAL,0,81044,203,5966,87213,183311,20032,Sí
2015,9,DISTRITO FEDERAL,33,NA,PRD_PT,364,81044,203,5966,87213,183311,18303,Sí
2015,9,DISTRITO FEDERAL,33,NA,PRD_NUAL,0,81044,203,5966,87213,183311,18929,Sí
2015,9,DISTRITO FEDERAL,33,NA,PT_NUAL,0,81044,203,5966,87213,183311,3196,Sí
2015,9,DISTRITO FEDERAL,34,NA,PAN,3286,78998,99,4433,83530,179804,3286,No
2015,9,DISTRITO FEDERAL,34,NA,PRI,22457,78998,99,4433,83530,179804,22457,No
2015,9,DISTRITO FEDERAL,34,NA,PRD,13168,78998,99,4433,83530,179804,13168,No
2015,9,DISTRITO FEDERAL,34,NA,PVEM,3603,78998,99,4433,83530,179804,3603,No
2015,9,DISTRITO FEDERAL,34,NA,PT,1529,78998,99,4433,83530,179804,1529,No
2015,9,DISTRITO FEDERAL,34,NA,MC,10612,78998,99,4433,83530,179804,10612,No
2015,9,DISTRITO FEDERAL,34,NA,NUAL,2169,78998,99,4433,83530,179804,2169,No
2015,9,DISTRITO FEDERAL,34,NA,MORENA,15174,78998,99,4433,83530,179804,15174,No
2015,9,DISTRITO FEDERAL,34,NA,PH,1803,78998,99,4433,83530,179804,1803,No
2015,9,DISTRITO FEDERAL,34,NA,ES,3854,78998,99,4433,83530,179804,3854,No
2015,9,DISTRITO FEDERAL,34,NA,Candidatura Independiente,0,78998,99,4433,83530,179804,0,No
2015,9,DISTRITO FEDERAL,34,NA,Candidatura Independiente,0,78998,99,4433,83530,179804,0,No
2015,9,DISTRITO FEDERAL,34,NA,Candidatura Independiente,0,78998,99,4433,83530,179804,0,No
2015,9,DISTRITO FEDERAL,34,NA,Candidatura Independiente,0,78998,99,4433,83530,179804,0,No
2015,9,DISTRITO FEDERAL,34,NA,PRI_PVEM,1048,78998,99,4433,83530,179804,27108,Sí
2015,9,DISTRITO FEDERAL,34,NA,PRD_PT_NUAL,0,78998,99,4433,83530,179804,16866,Sí
2015,9,DISTRITO FEDERAL,34,NA,PRD_PT,295,78998,99,4433,83530,179804,14992,Sí
2015,9,DISTRITO FEDERAL,34,NA,PRD_NUAL,0,78998,99,4433,83530,179804,15337,Sí
2015,9,DISTRITO FEDERAL,34,NA,PT_NUAL,0,78998,99,4433,83530,179804,3698,Sí
2015,9,DISTRITO FEDERAL,35,NA,PAN,3952,62548,146,4376,67070,182813,3952,No
2015,9,DISTRITO FEDERAL,35,NA,PRI,6586,62548,146,4376,67070,182813,6586,No
2015,9,DISTRITO FEDERAL,35,NA,PRD,9377,62548,146,4376,67070,182813,9377,No
2015,9,DISTRITO FEDERAL,35,NA,PVEM,4636,62548,146,4376,67070,182813,4636,No
2015,9,DISTRITO FEDERAL,35,NA,PT,902,62548,146,4376,67070,182813,902,No
2015,9,DISTRITO FEDERAL,35,NA,MC,7311,62548,146,4376,67070,182813,7311,No
2015,9,DISTRITO FEDERAL,35,NA,NUAL,2640,62548,146,4376,67070,182813,2640,No
2015,9,DISTRITO FEDERAL,35,NA,MORENA,20241,62548,146,4376,67070,182813,20241,No
2015,9,DISTRITO FEDERAL,35,NA,PH,2077,62548,146,4376,67070,182813,2077,No
2015,9,DISTRITO FEDERAL,35,NA,ES,4257,62548,146,4376,67070,182813,4257,No
2015,9,DISTRITO FEDERAL,35,NA,Candidatura Independiente,0,62548,146,4376,67070,182813,0,No
2015,9,DISTRITO FEDERAL,35,NA,Candidatura Independiente,0,62548,146,4376,67070,182813,0,No
2015,9,DISTRITO FEDERAL,35,NA,Candidatura Independiente,0,62548,146,4376,67070,182813,0,No
2015,9,DISTRITO FEDERAL,35,NA,Candidatura Independiente,0,62548,146,4376,67070,182813,0,No
2015,9,DISTRITO FEDERAL,35,NA,PRI_PVEM,414,62548,146,4376,67070,182813,11636,Sí
2015,9,DISTRITO FEDERAL,35,NA,PRD_PT_NUAL,0,62548,146,4376,67070,182813,12919,Sí
2015,9,DISTRITO FEDERAL,35,NA,PRD_PT,155,62548,146,4376,67070,182813,10434,Sí
2015,9,DISTRITO FEDERAL,35,NA,PRD_NUAL,0,62548,146,4376,67070,182813,12017,Sí
2015,9,DISTRITO FEDERAL,35,NA,PT_NUAL,0,62548,146,4376,67070,182813,3542,Sí
2015,9,DISTRITO FEDERAL,36,NA,PAN,4009,58711,112,3969,62792,164883,4009,No
2015,9,DISTRITO FEDERAL,36,NA,PRI,7475,58711,112,3969,62792,164883,7475,No
2015,9,DISTRITO FEDERAL,36,NA,PRD,8443,58711,112,3969,62792,164883,8443,No
2015,9,DISTRITO FEDERAL,36,NA,PVEM,4434,58711,112,3969,62792,164883,4434,No
2015,9,DISTRITO FEDERAL,36,NA,PT,2233,58711,112,3969,62792,164883,2233,No
2015,9,DISTRITO FEDERAL,36,NA,MC,7051,58711,112,3969,62792,164883,7051,No
2015,9,DISTRITO FEDERAL,36,NA,NUAL,1717,58711,112,3969,62792,164883,1717,No
2015,9,DISTRITO FEDERAL,36,NA,MORENA,17600,58711,112,3969,62792,164883,17600,No
2015,9,DISTRITO FEDERAL,36,NA,PH,1741,58711,112,3969,62792,164883,1741,No
2015,9,DISTRITO FEDERAL,36,NA,ES,3367,58711,112,3969,62792,164883,3367,No
2015,9,DISTRITO FEDERAL,36,NA,Candidatura Independiente,0,58711,112,3969,62792,164883,0,No
2015,9,DISTRITO FEDERAL,36,NA,Candidatura Independiente,0,58711,112,3969,62792,164883,0,No
2015,9,DISTRITO FEDERAL,36,NA,Candidatura Independiente,0,58711,112,3969,62792,164883,0,No
2015,9,DISTRITO FEDERAL,36,NA,Candidatura Independiente,0,58711,112,3969,62792,164883,0,No
2015,9,DISTRITO FEDERAL,36,NA,PRI_PVEM,641,58711,112,3969,62792,164883,12550,Sí
2015,9,DISTRITO FEDERAL,36,NA,PRD_PT_NUAL,0,58711,112,3969,62792,164883,12393,Sí
2015,9,DISTRITO FEDERAL,36,NA,PRD_PT,0,58711,112,3969,62792,164883,10676,Sí
2015,9,DISTRITO FEDERAL,36,NA,PRD_NUAL,0,58711,112,3969,62792,164883,10160,Sí
2015,9,DISTRITO FEDERAL,36,NA,PT_NUAL,0,58711,112,3969,62792,164883,3950,Sí
2015,9,DISTRITO FEDERAL,37,NA,PAN,10550,68469,251,5726,74446,174855,10550,No
2015,9,DISTRITO FEDERAL,37,NA,PRI,6052,68469,251,5726,74446,174855,6052,No
2015,9,DISTRITO FEDERAL,37,NA,PRD,14840,68469,251,5726,74446,174855,14840,No
2015,9,DISTRITO FEDERAL,37,NA,PVEM,4237,68469,251,5726,74446,174855,4237,No
2015,9,DISTRITO FEDERAL,37,NA,PT,1120,68469,251,5726,74446,174855,1120,No
2015,9,DISTRITO FEDERAL,37,NA,MC,1975,68469,251,5726,74446,174855,1975,No
2015,9,DISTRITO FEDERAL,37,NA,NUAL,1609,68469,251,5726,74446,174855,1609,No
2015,9,DISTRITO FEDERAL,37,NA,MORENA,20955,68469,251,5726,74446,174855,20955,No
2015,9,DISTRITO FEDERAL,37,NA,PH,2265,68469,251,5726,74446,174855,2265,No
2015,9,DISTRITO FEDERAL,37,NA,ES,4181,68469,251,5726,74446,174855,4181,No
2015,9,DISTRITO FEDERAL,37,NA,Candidatura Independiente,0,68469,251,5726,74446,174855,0,No
2015,9,DISTRITO FEDERAL,37,NA,Candidatura Independiente,0,68469,251,5726,74446,174855,0,No
2015,9,DISTRITO FEDERAL,37,NA,Candidatura Independiente,0,68469,251,5726,74446,174855,0,No
2015,9,DISTRITO FEDERAL,37,NA,Candidatura Independiente,0,68469,251,5726,74446,174855,0,No
2015,9,DISTRITO FEDERAL,37,NA,PRI_PVEM,318,68469,251,5726,74446,174855,10607,Sí
2015,9,DISTRITO FEDERAL,37,NA,PRD_PT_NUAL,0,68469,251,5726,74446,174855,17569,Sí
2015,9,DISTRITO FEDERAL,37,NA,PRD_PT,367,68469,251,5726,74446,174855,16327,Sí
2015,9,DISTRITO FEDERAL,37,NA,PRD_NUAL,0,68469,251,5726,74446,174855,16449,Sí
2015,9,DISTRITO FEDERAL,37,NA,PT_NUAL,0,68469,251,5726,74446,174855,2729,Sí
2015,9,DISTRITO FEDERAL,38,NA,PAN,18516,71741,318,7063,79122,168621,18516,No
2015,9,DISTRITO FEDERAL,38,NA,PRI,9426,71741,318,7063,79122,168621,9426,No
2015,9,DISTRITO FEDERAL,38,NA,PRD,7308,71741,318,7063,79122,168621,7308,No
2015,9,DISTRITO FEDERAL,38,NA,PVEM,3144,71741,318,7063,79122,168621,3144,No
2015,9,DISTRITO FEDERAL,38,NA,PT,1337,71741,318,7063,79122,168621,1337,No
2015,9,DISTRITO FEDERAL,38,NA,MC,2327,71741,318,7063,79122,168621,2327,No
2015,9,DISTRITO FEDERAL,38,NA,NUAL,1733,71741,318,7063,79122,168621,1733,No
2015,9,DISTRITO FEDERAL,38,NA,MORENA,19978,71741,318,7063,79122,168621,19978,No
2015,9,DISTRITO FEDERAL,38,NA,PH,2708,71741,318,7063,79122,168621,2708,No
2015,9,DISTRITO FEDERAL,38,NA,ES,4666,71741,318,7063,79122,168621,4666,No
2015,9,DISTRITO FEDERAL,38,NA,Candidatura Independiente,0,71741,318,7063,79122,168621,0,No
2015,9,DISTRITO FEDERAL,38,NA,Candidatura Independiente,0,71741,318,7063,79122,168621,0,No
2015,9,DISTRITO FEDERAL,38,NA,Candidatura Independiente,0,71741,318,7063,79122,168621,0,No
2015,9,DISTRITO FEDERAL,38,NA,Candidatura Independiente,0,71741,318,7063,79122,168621,0,No
2015,9,DISTRITO FEDERAL,38,NA,PRI_PVEM,317,71741,318,7063,79122,168621,12887,Sí
2015,9,DISTRITO FEDERAL,38,NA,PRD_PT_NUAL,0,71741,318,7063,79122,168621,10378,Sí
2015,9,DISTRITO FEDERAL,38,NA,PRD_PT,281,71741,318,7063,79122,168621,8926,Sí
2015,9,DISTRITO FEDERAL,38,NA,PRD_NUAL,0,71741,318,7063,79122,168621,9041,Sí
2015,9,DISTRITO FEDERAL,38,NA,PT_NUAL,0,71741,318,7063,79122,168621,3070,Sí
2015,9,DISTRITO FEDERAL,39,NA,PAN,7842,57998,259,4955,63212,150468,7842,No
2015,9,DISTRITO FEDERAL,39,NA,PRI,7220,57998,259,4955,63212,150468,7220,No
2015,9,DISTRITO FEDERAL,39,NA,PRD,6404,57998,259,4955,63212,150468,6404,No
2015,9,DISTRITO FEDERAL,39,NA,PVEM,4701,57998,259,4955,63212,150468,4701,No
2015,9,DISTRITO FEDERAL,39,NA,PT,1848,57998,259,4955,63212,150468,1848,No
2015,9,DISTRITO FEDERAL,39,NA,MC,4024,57998,259,4955,63212,150468,4024,No
2015,9,DISTRITO FEDERAL,39,NA,NUAL,1924,57998,259,4955,63212,150468,1924,No
2015,9,DISTRITO FEDERAL,39,NA,MORENA,17025,57998,259,4955,63212,150468,17025,No
2015,9,DISTRITO FEDERAL,39,NA,PH,2029,57998,259,4955,63212,150468,2029,No
2015,9,DISTRITO FEDERAL,39,NA,ES,4533,57998,259,4955,63212,150468,4533,No
2015,9,DISTRITO FEDERAL,39,NA,Candidatura Independiente,0,57998,259,4955,63212,150468,0,No
2015,9,DISTRITO FEDERAL,39,NA,Candidatura Independiente,0,57998,259,4955,63212,150468,0,No
2015,9,DISTRITO FEDERAL,39,NA,Candidatura Independiente,0,57998,259,4955,63212,150468,0,No
2015,9,DISTRITO FEDERAL,39,NA,Candidatura Independiente,0,57998,259,4955,63212,150468,0,No
2015,9,DISTRITO FEDERAL,39,NA,PRI_PVEM,443,57998,259,4955,63212,150468,12364,Sí
2015,9,DISTRITO FEDERAL,39,NA,PRD_PT_NUAL,0,57998,259,4955,63212,150468,10176,Sí
2015,9,DISTRITO FEDERAL,39,NA,PRD_PT,0,57998,259,4955,63212,150468,8252,Sí
2015,9,DISTRITO FEDERAL,39,NA,PRD_NUAL,5,57998,259,4955,63212,150468,8333,Sí
2015,9,DISTRITO FEDERAL,39,NA,PT_NUAL,0,57998,259,4955,63212,150468,3772,Sí
2015,9,DISTRITO FEDERAL,40,NA,PAN,7873,66916,135,5237,72288,170392,7873,No
2015,9,DISTRITO FEDERAL,40,NA,PRI,6708,66916,135,5237,72288,170392,6708,No
2015,9,DISTRITO FEDERAL,40,NA,PRD,18173,66916,135,5237,72288,170392,18173,No
2015,9,DISTRITO FEDERAL,40,NA,PVEM,4072,66916,135,5237,72288,170392,4072,No
2015,9,DISTRITO FEDERAL,40,NA,PT,1035,66916,135,5237,72288,170392,1035,No
2015,9,DISTRITO FEDERAL,40,NA,MC,1579,66916,135,5237,72288,170392,1579,No
2015,9,DISTRITO FEDERAL,40,NA,NUAL,1366,66916,135,5237,72288,170392,1366,No
2015,9,DISTRITO FEDERAL,40,NA,MORENA,19783,66916,135,5237,72288,170392,19783,No
2015,9,DISTRITO FEDERAL,40,NA,PH,2075,66916,135,5237,72288,170392,2075,No
2015,9,DISTRITO FEDERAL,40,NA,ES,3545,66916,135,5237,72288,170392,3545,No
2015,9,DISTRITO FEDERAL,40,NA,Candidatura Independiente,0,66916,135,5237,72288,170392,0,No
2015,9,DISTRITO FEDERAL,40,NA,Candidatura Independiente,0,66916,135,5237,72288,170392,0,No
2015,9,DISTRITO FEDERAL,40,NA,Candidatura Independiente,0,66916,135,5237,72288,170392,0,No
2015,9,DISTRITO FEDERAL,40,NA,Candidatura Independiente,0,66916,135,5237,72288,170392,0,No
2015,9,DISTRITO FEDERAL,40,NA,PRI_PVEM,374,66916,135,5237,72288,170392,11154,Sí
2015,9,DISTRITO FEDERAL,40,NA,PRD_PT_NUAL,0,66916,135,5237,72288,170392,20574,Sí
2015,9,DISTRITO FEDERAL,40,NA,PRD_PT,333,66916,135,5237,72288,170392,19541,Sí
2015,9,DISTRITO FEDERAL,40,NA,PRD_NUAL,0,66916,135,5237,72288,170392,19539,Sí
2015,9,DISTRITO FEDERAL,40,NA,PT_NUAL,0,66916,135,5237,72288,170392,2401,Sí
2015,11,GUANAJUATO,1,DOLORES HIDALGO C.I.N.,PAN,28585,78469,23,3303,81772,162955,28585,No
2015,11,GUANAJUATO,1,DOLORES HIDALGO C.I.N.,PRI,22487,78469,23,3303,81772,162955,22487,No
2015,11,GUANAJUATO,1,DOLORES HIDALGO C.I.N.,PRD,3614,78469,23,3303,81772,162955,3614,No
2015,11,GUANAJUATO,1,DOLORES HIDALGO C.I.N.,PVEM,14416,78469,23,3303,81772,162955,14416,No
2015,11,GUANAJUATO,1,DOLORES HIDALGO C.I.N.,PT,2762,78469,23,3303,81772,162955,2762,No
2015,11,GUANAJUATO,1,DOLORES HIDALGO C.I.N.,MC,420,78469,23,3303,81772,162955,420,No
2015,11,GUANAJUATO,1,DOLORES HIDALGO C.I.N.,NUAL,2763,78469,23,3303,81772,162955,2763,No
2015,11,GUANAJUATO,1,DOLORES HIDALGO C.I.N.,MORENA,1208,78469,23,3303,81772,162955,1208,No
2015,11,GUANAJUATO,1,DOLORES HIDALGO C.I.N.,PH,1728,78469,23,3303,81772,162955,1728,No
2015,11,GUANAJUATO,1,DOLORES HIDALGO C.I.N.,ES,463,78469,23,3303,81772,162955,463,No
2015,11,GUANAJUATO,1,DOLORES HIDALGO C.I.N.,PRI_PVEM_NUAL,0,78469,23,3303,81772,162955,39666,Sí
2015,11,GUANAJUATO,2,SAN LUIS DE LA PAZ,PAN,40087,100899,81,4392,105291,195858,40087,No
2015,11,GUANAJUATO,2,SAN LUIS DE LA PAZ,PRI,25656,100899,81,4392,105291,195858,25656,No
2015,11,GUANAJUATO,2,SAN LUIS DE LA PAZ,PRD,7458,100899,81,4392,105291,195858,7458,No
2015,11,GUANAJUATO,2,SAN LUIS DE LA PAZ,PVEM,14704,100899,81,4392,105291,195858,14704,No
2015,11,GUANAJUATO,2,SAN LUIS DE LA PAZ,PT,1328,100899,81,4392,105291,195858,1328,No
2015,11,GUANAJUATO,2,SAN LUIS DE LA PAZ,MC,1792,100899,81,4392,105291,195858,1792,No
2015,11,GUANAJUATO,2,SAN LUIS DE LA PAZ,NUAL,4877,100899,81,4392,105291,195858,4877,No
2015,11,GUANAJUATO,2,SAN LUIS DE LA PAZ,MORENA,2256,100899,81,4392,105291,195858,2256,No
2015,11,GUANAJUATO,2,SAN LUIS DE LA PAZ,PH,1211,100899,81,4392,105291,195858,1211,No
2015,11,GUANAJUATO,2,SAN LUIS DE LA PAZ,ES,1449,100899,81,4392,105291,195858,1449,No
2015,11,GUANAJUATO,2,SAN LUIS DE LA PAZ,PRI_PVEM_NUAL,0,100899,81,4392,105291,195858,45237,Sí
2015,11,GUANAJUATO,3,LEON,PAN,46784,76608,154,3595,80203,166616,46784,No
2015,11,GUANAJUATO,3,LEON,PRI,11660,76608,154,3595,80203,166616,11660,No
2015,11,GUANAJUATO,3,LEON,PRD,921,76608,154,3595,80203,166616,921,No
2015,11,GUANAJUATO,3,LEON,PVEM,4989,76608,154,3595,80203,166616,4989,No
2015,11,GUANAJUATO,3,LEON,PT,662,76608,154,3595,80203,166616,662,No
2015,11,GUANAJUATO,3,LEON,MC,1925,76608,154,3595,80203,166616,1925,No
2015,11,GUANAJUATO,3,LEON,NUAL,2172,76608,154,3595,80203,166616,2172,No
2015,11,GUANAJUATO,3,LEON,MORENA,2076,76608,154,3595,80203,166616,2076,No
2015,11,GUANAJUATO,3,LEON,PH,1599,76608,154,3595,80203,166616,1599,No
2015,11,GUANAJUATO,3,LEON,ES,3009,76608,154,3595,80203,166616,3009,No
2015,11,GUANAJUATO,3,LEON,PRI_PVEM_NUAL,657,76608,154,3595,80203,166616,19478,Sí
2015,11,GUANAJUATO,4,LEON,PAN,59505,114254,188,4572,118826,291968,59505,No
2015,11,GUANAJUATO,4,LEON,PRI,24354,114254,188,4572,118826,291968,24354,No
2015,11,GUANAJUATO,4,LEON,PRD,1664,114254,188,4572,118826,291968,1664,No
2015,11,GUANAJUATO,4,LEON,PVEM,8289,114254,188,4572,118826,291968,8289,No
2015,11,GUANAJUATO,4,LEON,PT,1240,114254,188,4572,118826,291968,1240,No
2015,11,GUANAJUATO,4,LEON,MC,2701,114254,188,4572,118826,291968,2701,No
2015,11,GUANAJUATO,4,LEON,NUAL,3771,114254,188,4572,118826,291968,3771,No
2015,11,GUANAJUATO,4,LEON,MORENA,3171,114254,188,4572,118826,291968,3171,No
2015,11,GUANAJUATO,4,LEON,PH,2887,114254,188,4572,118826,291968,2887,No
2015,11,GUANAJUATO,4,LEON,ES,5024,114254,188,4572,118826,291968,5024,No
2015,11,GUANAJUATO,4,LEON,PRI_PVEM_NUAL,1460,114254,188,4572,118826,291968,37874,Sí
2015,11,GUANAJUATO,5,LEON,PAN,43156,79979,95,3170,83149,206726,43156,No
2015,11,GUANAJUATO,5,LEON,PRI,14510,79979,95,3170,83149,206726,14510,No
2015,11,GUANAJUATO,5,LEON,PRD,1047,79979,95,3170,83149,206726,1047,No
2015,11,GUANAJUATO,5,LEON,PVEM,7252,79979,95,3170,83149,206726,7252,No
2015,11,GUANAJUATO,5,LEON,PT,679,79979,95,3170,83149,206726,679,No
2015,11,GUANAJUATO,5,LEON,MC,2615,79979,95,3170,83149,206726,2615,No
2015,11,GUANAJUATO,5,LEON,NUAL,2389,79979,95,3170,83149,206726,2389,No
2015,11,GUANAJUATO,5,LEON,MORENA,2243,79979,95,3170,83149,206726,2243,No
2015,11,GUANAJUATO,5,LEON,PH,1743,79979,95,3170,83149,206726,1743,No
2015,11,GUANAJUATO,5,LEON,ES,3138,79979,95,3170,83149,206726,3138,No
2015,11,GUANAJUATO,5,LEON,PRI_PVEM_NUAL,1112,79979,95,3170,83149,206726,25263,Sí
2015,11,GUANAJUATO,6,LEON,PAN,32992,61493,53,2402,63895,143098,32992,No
2015,11,GUANAJUATO,6,LEON,PRI,12857,61493,53,2402,63895,143098,12857,No
2015,11,GUANAJUATO,6,LEON,PRD,760,61493,53,2402,63895,143098,760,No
2015,11,GUANAJUATO,6,LEON,PVEM,4286,61493,53,2402,63895,143098,4286,No
2015,11,GUANAJUATO,6,LEON,PT,580,61493,53,2402,63895,143098,580,No
2015,11,GUANAJUATO,6,LEON,MC,1244,61493,53,2402,63895,143098,1244,No
2015,11,GUANAJUATO,6,LEON,NUAL,2042,61493,53,2402,63895,143098,2042,No
2015,11,GUANAJUATO,6,LEON,MORENA,1707,61493,53,2402,63895,143098,1707,No
2015,11,GUANAJUATO,6,LEON,PH,1467,61493,53,2402,63895,143098,1467,No
2015,11,GUANAJUATO,6,LEON,ES,2761,61493,53,2402,63895,143098,2761,No
2015,11,GUANAJUATO,6,LEON,PRI_PVEM_NUAL,744,61493,53,2402,63895,143098,19929,Sí
2015,11,GUANAJUATO,7,LEON,PAN,44589,83676,80,3491,87167,220040,44589,No
2015,11,GUANAJUATO,7,LEON,PRI,15871,83676,80,3491,87167,220040,15871,No
2015,11,GUANAJUATO,7,LEON,PRD,1279,83676,80,3491,87167,220040,1279,No
2015,11,GUANAJUATO,7,LEON,PVEM,6433,83676,80,3491,87167,220040,6433,No
2015,11,GUANAJUATO,7,LEON,PT,907,83676,80,3491,87167,220040,907,No
2015,11,GUANAJUATO,7,LEON,MC,1959,83676,80,3491,87167,220040,1959,No
2015,11,GUANAJUATO,7,LEON,NUAL,2518,83676,80,3491,87167,220040,2518,No
2015,11,GUANAJUATO,7,LEON,MORENA,3168,83676,80,3491,87167,220040,3168,No
2015,11,GUANAJUATO,7,LEON,PH,2126,83676,80,3491,87167,220040,2126,No
2015,11,GUANAJUATO,7,LEON,ES,3853,83676,80,3491,87167,220040,3853,No
2015,11,GUANAJUATO,7,LEON,PRI_PVEM_NUAL,893,83676,80,3491,87167,220040,25715,Sí
2015,11,GUANAJUATO,8,GUANAJUATO,PAN,26286,77347,144,3869,81216,205508,26286,No
2015,11,GUANAJUATO,8,GUANAJUATO,PRI,21867,77347,144,3869,81216,205508,21867,No
2015,11,GUANAJUATO,8,GUANAJUATO,PRD,9551,77347,144,3869,81216,205508,9551,No
2015,11,GUANAJUATO,8,GUANAJUATO,PVEM,7007,77347,144,3869,81216,205508,7007,No
2015,11,GUANAJUATO,8,GUANAJUATO,PT,1022,77347,144,3869,81216,205508,1022,No
2015,11,GUANAJUATO,8,GUANAJUATO,MC,829,77347,144,3869,81216,205508,829,No
2015,11,GUANAJUATO,8,GUANAJUATO,NUAL,2980,77347,144,3869,81216,205508,2980,No
2015,11,GUANAJUATO,8,GUANAJUATO,MORENA,4107,77347,144,3869,81216,205508,4107,No
2015,11,GUANAJUATO,8,GUANAJUATO,PH,1763,77347,144,3869,81216,205508,1763,No
2015,11,GUANAJUATO,8,GUANAJUATO,ES,1791,77347,144,3869,81216,205508,1791,No
2015,11,GUANAJUATO,8,GUANAJUATO,PRI_PVEM_NUAL,0,77347,144,3869,81216,205508,31854,Sí
2015,11,GUANAJUATO,9,SAN MIGUEL DE ALLENDE,PAN,32690,80134,55,4589,84723,177683,32690,No
2015,11,GUANAJUATO,9,SAN MIGUEL DE ALLENDE,PRI,23074,80134,55,4589,84723,177683,23074,No
2015,11,GUANAJUATO,9,SAN MIGUEL DE ALLENDE,PRD,1758,80134,55,4589,84723,177683,1758,No
2015,11,GUANAJUATO,9,SAN MIGUEL DE ALLENDE,PVEM,5227,80134,55,4589,84723,177683,5227,No
2015,11,GUANAJUATO,9,SAN MIGUEL DE ALLENDE,PT,2148,80134,55,4589,84723,177683,2148,No
2015,11,GUANAJUATO,9,SAN MIGUEL DE ALLENDE,MC,1720,80134,55,4589,84723,177683,1720,No
2015,11,GUANAJUATO,9,SAN MIGUEL DE ALLENDE,NUAL,3226,80134,55,4589,84723,177683,3226,No
2015,11,GUANAJUATO,9,SAN MIGUEL DE ALLENDE,MORENA,2349,80134,55,4589,84723,177683,2349,No
2015,11,GUANAJUATO,9,SAN MIGUEL DE ALLENDE,PH,5499,80134,55,4589,84723,177683,5499,No
2015,11,GUANAJUATO,9,SAN MIGUEL DE ALLENDE,ES,2388,80134,55,4589,84723,177683,2388,No
2015,11,GUANAJUATO,9,SAN MIGUEL DE ALLENDE,PRI_PVEM_NUAL,0,80134,55,4589,84723,177683,31527,Sí
2015,11,GUANAJUATO,10,SAN FRANCISCO DEL RINCON,PAN,38482,100202,78,3331,103533,224133,38482,No
2015,11,GUANAJUATO,10,SAN FRANCISCO DEL RINCON,PRI,31696,100202,78,3331,103533,224133,31696,No
2015,11,GUANAJUATO,10,SAN FRANCISCO DEL RINCON,PRD,5470,100202,78,3331,103533,224133,5470,No
2015,11,GUANAJUATO,10,SAN FRANCISCO DEL RINCON,PVEM,13892,100202,78,3331,103533,224133,13892,No
2015,11,GUANAJUATO,10,SAN FRANCISCO DEL RINCON,PT,652,100202,78,3331,103533,224133,652,No
2015,11,GUANAJUATO,10,SAN FRANCISCO DEL RINCON,MC,457,100202,78,3331,103533,224133,457,No
2015,11,GUANAJUATO,10,SAN FRANCISCO DEL RINCON,NUAL,4707,100202,78,3331,103533,224133,4707,No
2015,11,GUANAJUATO,10,SAN FRANCISCO DEL RINCON,MORENA,2448,100202,78,3331,103533,224133,2448,No
2015,11,GUANAJUATO,10,SAN FRANCISCO DEL RINCON,PH,760,100202,78,3331,103533,224133,760,No
2015,11,GUANAJUATO,10,SAN FRANCISCO DEL RINCON,ES,1560,100202,78,3331,103533,224133,1560,No
2015,11,GUANAJUATO,10,SAN FRANCISCO DEL RINCON,PRI_PVEM_NUAL,0,100202,78,3331,103533,224133,50295,Sí
2015,11,GUANAJUATO,11,IRAPUATO,PAN,30505,71929,105,2873,74802,194781,30505,No
2015,11,GUANAJUATO,11,IRAPUATO,PRI,25222,71929,105,2873,74802,194781,25222,No
2015,11,GUANAJUATO,11,IRAPUATO,PRD,1338,71929,105,2873,74802,194781,1338,No
2015,11,GUANAJUATO,11,IRAPUATO,PVEM,3803,71929,105,2873,74802,194781,3803,No
2015,11,GUANAJUATO,11,IRAPUATO,PT,633,71929,105,2873,74802,194781,633,No
2015,11,GUANAJUATO,11,IRAPUATO,MC,1263,71929,105,2873,74802,194781,1263,No
2015,11,GUANAJUATO,11,IRAPUATO,NUAL,2429,71929,105,2873,74802,194781,2429,No
2015,11,GUANAJUATO,11,IRAPUATO,MORENA,2754,71929,105,2873,74802,194781,2754,No
2015,11,GUANAJUATO,11,IRAPUATO,PH,978,71929,105,2873,74802,194781,978,No
2015,11,GUANAJUATO,11,IRAPUATO,ES,1963,71929,105,2873,74802,194781,1963,No
2015,11,GUANAJUATO,11,IRAPUATO,PRI_PVEM_NUAL,936,71929,105,2873,74802,194781,32390,Sí
2015,11,GUANAJUATO,12,IRAPUATO,PAN,29476,70250,124,3425,73675,188555,29476,No
2015,11,GUANAJUATO,12,IRAPUATO,PRI,25472,70250,124,3425,73675,188555,25472,No
2015,11,GUANAJUATO,12,IRAPUATO,PRD,1398,70250,124,3425,73675,188555,1398,No
2015,11,GUANAJUATO,12,IRAPUATO,PVEM,3742,70250,124,3425,73675,188555,3742,No
2015,11,GUANAJUATO,12,IRAPUATO,PT,732,70250,124,3425,73675,188555,732,No
2015,11,GUANAJUATO,12,IRAPUATO,MC,1320,70250,124,3425,73675,188555,1320,No
2015,11,GUANAJUATO,12,IRAPUATO,NUAL,2487,70250,124,3425,73675,188555,2487,No
2015,11,GUANAJUATO,12,IRAPUATO,MORENA,2726,70250,124,3425,73675,188555,2726,No
2015,11,GUANAJUATO,12,IRAPUATO,PH,936,70250,124,3425,73675,188555,936,No
2015,11,GUANAJUATO,12,IRAPUATO,ES,1837,70250,124,3425,73675,188555,1837,No
2015,11,GUANAJUATO,12,IRAPUATO,PRI_PVEM_NUAL,0,70250,124,3425,73675,188555,31701,Sí
2015,11,GUANAJUATO,13,SALAMANCA,PAN,31727,80666,60,2624,83290,182154,31727,No
2015,11,GUANAJUATO,13,SALAMANCA,PRI,18010,80666,60,2624,83290,182154,18010,No
2015,11,GUANAJUATO,13,SALAMANCA,PRD,4165,80666,60,2624,83290,182154,4165,No
2015,11,GUANAJUATO,13,SALAMANCA,PVEM,14506,80666,60,2624,83290,182154,14506,No
2015,11,GUANAJUATO,13,SALAMANCA,PT,1069,80666,60,2624,83290,182154,1069,No
2015,11,GUANAJUATO,13,SALAMANCA,MC,1452,80666,60,2624,83290,182154,1452,No
2015,11,GUANAJUATO,13,SALAMANCA,NUAL,2344,80666,60,2624,83290,182154,2344,No
2015,11,GUANAJUATO,13,SALAMANCA,MORENA,3176,80666,60,2624,83290,182154,3176,No
2015,11,GUANAJUATO,13,SALAMANCA,PH,1755,80666,60,2624,83290,182154,1755,No
2015,11,GUANAJUATO,13,SALAMANCA,ES,2402,80666,60,2624,83290,182154,2402,No
2015,11,GUANAJUATO,13,SALAMANCA,PRI_PVEM_NUAL,0,80666,60,2624,83290,182154,34860,Sí
2015,11,GUANAJUATO,14,SALAMANCA,PAN,25971,71161,60,2671,73832,151717,25971,No
2015,11,GUANAJUATO,14,SALAMANCA,PRI,10465,71161,60,2671,73832,151717,10465,No
2015,11,GUANAJUATO,14,SALAMANCA,PRD,9693,71161,60,2671,73832,151717,9693,No
2015,11,GUANAJUATO,14,SALAMANCA,PVEM,12302,71161,60,2671,73832,151717,12302,No
2015,11,GUANAJUATO,14,SALAMANCA,PT,838,71161,60,2671,73832,151717,838,No
2015,11,GUANAJUATO,14,SALAMANCA,MC,1662,71161,60,2671,73832,151717,1662,No
2015,11,GUANAJUATO,14,SALAMANCA,NUAL,2843,71161,60,2671,73832,151717,2843,No
2015,11,GUANAJUATO,14,SALAMANCA,MORENA,3127,71161,60,2671,73832,151717,3127,No
2015,11,GUANAJUATO,14,SALAMANCA,PH,2632,71161,60,2671,73832,151717,2632,No
2015,11,GUANAJUATO,14,SALAMANCA,ES,1568,71161,60,2671,73832,151717,1568,No
2015,11,GUANAJUATO,14,SALAMANCA,PRI_PVEM_NUAL,0,71161,60,2671,73832,151717,25610,Sí
2015,11,GUANAJUATO,15,CELAYA,PAN,28056,89108,129,4243,93351,197293,28056,No
2015,11,GUANAJUATO,15,CELAYA,PRI,15244,89108,129,4243,93351,197293,15244,No
2015,11,GUANAJUATO,15,CELAYA,PRD,4936,89108,129,4243,93351,197293,4936,No
2015,11,GUANAJUATO,15,CELAYA,PVEM,6975,89108,129,4243,93351,197293,6975,No
2015,11,GUANAJUATO,15,CELAYA,PT,2235,89108,129,4243,93351,197293,2235,No
2015,11,GUANAJUATO,15,CELAYA,MC,6415,89108,129,4243,93351,197293,6415,No
2015,11,GUANAJUATO,15,CELAYA,NUAL,8301,89108,129,4243,93351,197293,8301,No
2015,11,GUANAJUATO,15,CELAYA,MORENA,6273,89108,129,4243,93351,197293,6273,No
2015,11,GUANAJUATO,15,CELAYA,PH,4872,89108,129,4243,93351,197293,4872,No
2015,11,GUANAJUATO,15,CELAYA,ES,3938,89108,129,4243,93351,197293,3938,No
2015,11,GUANAJUATO,15,CELAYA,PRI_PVEM_NUAL,1734,89108,129,4243,93351,197293,32254,Sí
2015,11,GUANAJUATO,16,CELAYA,PAN,30872,79057,112,2962,82019,195143,30872,No
2015,11,GUANAJUATO,16,CELAYA,PRI,17084,79057,112,2962,82019,195143,17084,No
2015,11,GUANAJUATO,16,CELAYA,PRD,2086,79057,112,2962,82019,195143,2086,No
2015,11,GUANAJUATO,16,CELAYA,PVEM,6952,79057,112,2962,82019,195143,6952,No
2015,11,GUANAJUATO,16,CELAYA,PT,1968,79057,112,2962,82019,195143,1968,No
2015,11,GUANAJUATO,16,CELAYA,MC,4974,79057,112,2962,82019,195143,4974,No
2015,11,GUANAJUATO,16,CELAYA,NUAL,3568,79057,112,2962,82019,195143,3568,No
2015,11,GUANAJUATO,16,CELAYA,MORENA,4742,79057,112,2962,82019,195143,4742,No
2015,11,GUANAJUATO,16,CELAYA,PH,2386,79057,112,2962,82019,195143,2386,No
2015,11,GUANAJUATO,16,CELAYA,ES,3252,79057,112,2962,82019,195143,3252,No
2015,11,GUANAJUATO,16,CELAYA,PRI_PVEM_NUAL,1061,79057,112,2962,82019,195143,28665,Sí
2015,11,GUANAJUATO,17,APASEO EL GRANDE,PAN,31725,89654,55,3823,93477,197658,31725,No
2015,11,GUANAJUATO,17,APASEO EL GRANDE,PRI,20745,89654,55,3823,93477,197658,20745,No
2015,11,GUANAJUATO,17,APASEO EL GRANDE,PRD,5853,89654,55,3823,93477,197658,5853,No
2015,11,GUANAJUATO,17,APASEO EL GRANDE,PVEM,7722,89654,55,3823,93477,197658,7722,No
2015,11,GUANAJUATO,17,APASEO EL GRANDE,PT,1108,89654,55,3823,93477,197658,1108,No
2015,11,GUANAJUATO,17,APASEO EL GRANDE,MC,14093,89654,55,3823,93477,197658,14093,No
2015,11,GUANAJUATO,17,APASEO EL GRANDE,NUAL,2855,89654,55,3823,93477,197658,2855,No
2015,11,GUANAJUATO,17,APASEO EL GRANDE,MORENA,2580,89654,55,3823,93477,197658,2580,No
2015,11,GUANAJUATO,17,APASEO EL GRANDE,PH,1555,89654,55,3823,93477,197658,1555,No
2015,11,GUANAJUATO,17,APASEO EL GRANDE,ES,1363,89654,55,3823,93477,197658,1363,No
2015,11,GUANAJUATO,17,APASEO EL GRANDE,PRI_PVEM_NUAL,0,89654,55,3823,93477,197658,31322,Sí
2015,11,GUANAJUATO,18,PENJAMO,PAN,41321,81771,35,3749,85520,172082,41321,No
2015,11,GUANAJUATO,18,PENJAMO,PRI,15698,81771,35,3749,85520,172082,15698,No
2015,11,GUANAJUATO,18,PENJAMO,PRD,13846,81771,35,3749,85520,172082,13846,No
2015,11,GUANAJUATO,18,PENJAMO,PVEM,4372,81771,35,3749,85520,172082,4372,No
2015,11,GUANAJUATO,18,PENJAMO,PT,1118,81771,35,3749,85520,172082,1118,No
2015,11,GUANAJUATO,18,PENJAMO,MC,292,81771,35,3749,85520,172082,292,No
2015,11,GUANAJUATO,18,PENJAMO,NUAL,2172,81771,35,3749,85520,172082,2172,No
2015,11,GUANAJUATO,18,PENJAMO,MORENA,1238,81771,35,3749,85520,172082,1238,No
2015,11,GUANAJUATO,18,PENJAMO,PH,896,81771,35,3749,85520,172082,896,No
2015,11,GUANAJUATO,18,PENJAMO,ES,783,81771,35,3749,85520,172082,783,No
2015,11,GUANAJUATO,18,PENJAMO,PRI_PVEM_NUAL,0,81771,35,3749,85520,172082,22242,Sí
2015,11,GUANAJUATO,19,VALLE DE SANTIAGO,PAN,27206,76297,36,2209,78506,154521,27206,No
2015,11,GUANAJUATO,19,VALLE DE SANTIAGO,PRI,18519,76297,36,2209,78506,154521,18519,No
2015,11,GUANAJUATO,19,VALLE DE SANTIAGO,PRD,7320,76297,36,2209,78506,154521,7320,No
2015,11,GUANAJUATO,19,VALLE DE SANTIAGO,PVEM,6159,76297,36,2209,78506,154521,6159,No
2015,11,GUANAJUATO,19,VALLE DE SANTIAGO,PT,1044,76297,36,2209,78506,154521,1044,No
2015,11,GUANAJUATO,19,VALLE DE SANTIAGO,MC,1824,76297,36,2209,78506,154521,1824,No
2015,11,GUANAJUATO,19,VALLE DE SANTIAGO,NUAL,5771,76297,36,2209,78506,154521,5771,No
2015,11,GUANAJUATO,19,VALLE DE SANTIAGO,MORENA,2765,76297,36,2209,78506,154521,2765,No
2015,11,GUANAJUATO,19,VALLE DE SANTIAGO,PH,4685,76297,36,2209,78506,154521,4685,No
2015,11,GUANAJUATO,19,VALLE DE SANTIAGO,ES,968,76297,36,2209,78506,154521,968,No
2015,11,GUANAJUATO,19,VALLE DE SANTIAGO,PRI_PVEM_NUAL,0,76297,36,2209,78506,154521,30449,Sí
2015,11,GUANAJUATO,20,YURIRIA,PAN,19280,81832,15,2689,84521,156231,19280,No
2015,11,GUANAJUATO,20,YURIRIA,PRI,24877,81832,15,2689,84521,156231,24877,No
2015,11,GUANAJUATO,20,YURIRIA,PRD,5075,81832,15,2689,84521,156231,5075,No
2015,11,GUANAJUATO,20,YURIRIA,PVEM,18239,81832,15,2689,84521,156231,18239,No
2015,11,GUANAJUATO,20,YURIRIA,PT,861,81832,15,2689,84521,156231,861,No
2015,11,GUANAJUATO,20,YURIRIA,MC,1412,81832,15,2689,84521,156231,1412,No
2015,11,GUANAJUATO,20,YURIRIA,NUAL,4289,81832,15,2689,84521,156231,4289,No
2015,11,GUANAJUATO,20,YURIRIA,MORENA,1749,81832,15,2689,84521,156231,1749,No
2015,11,GUANAJUATO,20,YURIRIA,PH,5353,81832,15,2689,84521,156231,5353,No
2015,11,GUANAJUATO,20,YURIRIA,ES,682,81832,15,2689,84521,156231,682,No
2015,11,GUANAJUATO,20,YURIRIA,PRI_PVEM_NUAL,0,81832,15,2689,84521,156231,47405,Sí
2015,11,GUANAJUATO,21,SALVATIERRA,PAN,24702,72495,35,2668,75163,153221,24702,No
2015,11,GUANAJUATO,21,SALVATIERRA,PRI,19717,72495,35,2668,75163,153221,19717,No
2015,11,GUANAJUATO,21,SALVATIERRA,PRD,10262,72495,35,2668,75163,153221,10262,No
2015,11,GUANAJUATO,21,SALVATIERRA,PVEM,8118,72495,35,2668,75163,153221,8118,No
2015,11,GUANAJUATO,21,SALVATIERRA,PT,1157,72495,35,2668,75163,153221,1157,No
2015,11,GUANAJUATO,21,SALVATIERRA,MC,894,72495,35,2668,75163,153221,894,No
2015,11,GUANAJUATO,21,SALVATIERRA,NUAL,2841,72495,35,2668,75163,153221,2841,No
2015,11,GUANAJUATO,21,SALVATIERRA,MORENA,2798,72495,35,2668,75163,153221,2798,No
2015,11,GUANAJUATO,21,SALVATIERRA,PH,716,72495,35,2668,75163,153221,716,No
2015,11,GUANAJUATO,21,SALVATIERRA,ES,1255,72495,35,2668,75163,153221,1255,No
2015,11,GUANAJUATO,21,SALVATIERRA,PRI_PVEM_NUAL,0,72495,35,2668,75163,153221,30676,Sí
2015,11,GUANAJUATO,22,ACAMBARO,PAN,21665,69893,39,3402,73295,153918,21665,No
2015,11,GUANAJUATO,22,ACAMBARO,PRI,14068,69893,39,3402,73295,153918,14068,No
2015,11,GUANAJUATO,22,ACAMBARO,PRD,13698,69893,39,3402,73295,153918,13698,No
2015,11,GUANAJUATO,22,ACAMBARO,PVEM,11848,69893,39,3402,73295,153918,11848,No
2015,11,GUANAJUATO,22,ACAMBARO,PT,1056,69893,39,3402,73295,153918,1056,No
2015,11,GUANAJUATO,22,ACAMBARO,MC,2412,69893,39,3402,73295,153918,2412,No
2015,11,GUANAJUATO,22,ACAMBARO,NUAL,2963,69893,39,3402,73295,153918,2963,No
2015,11,GUANAJUATO,22,ACAMBARO,MORENA,1103,69893,39,3402,73295,153918,1103,No
2015,11,GUANAJUATO,22,ACAMBARO,PH,445,69893,39,3402,73295,153918,445,No
2015,11,GUANAJUATO,22,ACAMBARO,ES,596,69893,39,3402,73295,153918,596,No
2015,11,GUANAJUATO,22,ACAMBARO,PRI_PVEM_NUAL,0,69893,39,3402,73295,153918,28879,Sí
2015,12,GUERRERO,1,CHILPANCINGO DE LOS BRAVO,PAN,859,34962,24,2575,37561,83128,859,No
2015,12,GUERRERO,1,CHILPANCINGO DE LOS BRAVO,PRI,14206,34962,24,2575,37561,83128,14206,No
2015,12,GUERRERO,1,CHILPANCINGO DE LOS BRAVO,PRD,8345,34962,24,2575,37561,83128,8345,No
2015,12,GUERRERO,1,CHILPANCINGO DE LOS BRAVO,PT,762,34962,24,2575,37561,83128,762,No
2015,12,GUERRERO,1,CHILPANCINGO DE LOS BRAVO,PVEM,1008,34962,24,2575,37561,83128,1008,No
2015,12,GUERRERO,1,CHILPANCINGO DE LOS BRAVO,MC,2131,34962,24,2575,37561,83128,2131,No
2015,12,GUERRERO,1,CHILPANCINGO DE LOS BRAVO,NUAL,1320,34962,24,2575,37561,83128,1320,No
2015,12,GUERRERO,1,CHILPANCINGO DE LOS BRAVO,MORENA,2128,34962,24,2575,37561,83128,2128,No
2015,12,GUERRERO,1,CHILPANCINGO DE LOS BRAVO,PH,1671,34962,24,2575,37561,83128,1671,No
2015,12,GUERRERO,1,CHILPANCINGO DE LOS BRAVO,ES,565,34962,24,2575,37561,83128,565,No
2015,12,GUERRERO,1,CHILPANCINGO DE LOS BRAVO,PPG,939,34962,24,2575,37561,83128,939,No
2015,12,GUERRERO,1,CHILPANCINGO DE LOS BRAVO,COALICION_PRI_PVEM,531,34962,24,2575,37561,83128,15745,Sí
2015,12,GUERRERO,1,CHILPANCINGO DE LOS BRAVO,COMUN_PRD_PT,497,34962,24,2575,37561,83128,9604,Sí
2015,12,GUERRERO,2,CHILPANCINGO DE LOS BRAVO,PAN,997,39575,74,3081,42730,91879,997,No
2015,12,GUERRERO,2,CHILPANCINGO DE LOS BRAVO,PRI,16179,39575,74,3081,42730,91879,16179,No
2015,12,GUERRERO,2,CHILPANCINGO DE LOS BRAVO,PRD,10194,39575,74,3081,42730,91879,10194,No
2015,12,GUERRERO,2,CHILPANCINGO DE LOS BRAVO,PT,880,39575,74,3081,42730,91879,880,No
2015,12,GUERRERO,2,CHILPANCINGO DE LOS BRAVO,PVEM,1338,39575,74,3081,42730,91879,1338,No
2015,12,GUERRERO,2,CHILPANCINGO DE LOS BRAVO,MC,2195,39575,74,3081,42730,91879,2195,No
2015,12,GUERRERO,2,CHILPANCINGO DE LOS BRAVO,NUAL,1026,39575,74,3081,42730,91879,1026,No
2015,12,GUERRERO,2,CHILPANCINGO DE LOS BRAVO,MORENA,3055,39575,74,3081,42730,91879,3055,No
2015,12,GUERRERO,2,CHILPANCINGO DE LOS BRAVO,PH,0,39575,74,3081,42730,91879,0,No
2015,12,GUERRERO,2,CHILPANCINGO DE LOS BRAVO,ES,982,39575,74,3081,42730,91879,982,No
2015,12,GUERRERO,2,CHILPANCINGO DE LOS BRAVO,PPG,1223,39575,74,3081,42730,91879,1223,No
2015,12,GUERRERO,2,CHILPANCINGO DE LOS BRAVO,COALICION_PRI_PVEM,848,39575,74,3081,42730,91879,18365,Sí
2015,12,GUERRERO,2,CHILPANCINGO DE LOS BRAVO,COMUN_PRD_PT,658,39575,74,3081,42730,91879,11732,Sí
2015,12,GUERRERO,3,ACAPULCO DE JUAREZ,PAN,4911,42023,87,3063,45173,96657,4911,No
2015,12,GUERRERO,3,ACAPULCO DE JUAREZ,PRI,11749,42023,87,3063,45173,96657,11749,No
2015,12,GUERRERO,3,ACAPULCO DE JUAREZ,PRD,8988,42023,87,3063,45173,96657,8988,No
2015,12,GUERRERO,3,ACAPULCO DE JUAREZ,PT,832,42023,87,3063,45173,96657,832,No
2015,12,GUERRERO,3,ACAPULCO DE JUAREZ,PVEM,3085,42023,87,3063,45173,96657,3085,No
2015,12,GUERRERO,3,ACAPULCO DE JUAREZ,MC,4453,42023,87,3063,45173,96657,4453,No
2015,12,GUERRERO,3,ACAPULCO DE JUAREZ,NUAL,1396,42023,87,3063,45173,96657,1396,No
2015,12,GUERRERO,3,ACAPULCO DE JUAREZ,MORENA,2681,42023,87,3063,45173,96657,2681,No
2015,12,GUERRERO,3,ACAPULCO DE JUAREZ,PH,490,42023,87,3063,45173,96657,490,No
2015,12,GUERRERO,3,ACAPULCO DE JUAREZ,ES,1145,42023,87,3063,45173,96657,1145,No
2015,12,GUERRERO,3,ACAPULCO DE JUAREZ,PPG,859,42023,87,3063,45173,96657,859,No
2015,12,GUERRERO,3,ACAPULCO DE JUAREZ,COALICION_PRI_PVEM,787,42023,87,3063,45173,96657,15621,Sí
2015,12,GUERRERO,3,ACAPULCO DE JUAREZ,COMUN_PRD_PT,647,42023,87,3063,45173,96657,10467,Sí
2015,12,GUERRERO,4,ACAPULCO DE JUAREZ,PAN,4084,41137,49,2854,44040,95120,4084,No
2015,12,GUERRERO,4,ACAPULCO DE JUAREZ,PRI,12168,41137,49,2854,44040,95120,12168,No
2015,12,GUERRERO,4,ACAPULCO DE JUAREZ,PRD,10122,41137,49,2854,44040,95120,10122,No
2015,12,GUERRERO,4,ACAPULCO DE JUAREZ,PT,841,41137,49,2854,44040,95120,841,No
2015,12,GUERRERO,4,ACAPULCO DE JUAREZ,PVEM,1840,41137,49,2854,44040,95120,1840,No
2015,12,GUERRERO,4,ACAPULCO DE JUAREZ,MC,3634,41137,49,2854,44040,95120,3634,No
2015,12,GUERRERO,4,ACAPULCO DE JUAREZ,NUAL,1349,41137,49,2854,44040,95120,1349,No
2015,12,GUERRERO,4,ACAPULCO DE JUAREZ,MORENA,2333,41137,49,2854,44040,95120,2333,No
2015,12,GUERRERO,4,ACAPULCO DE JUAREZ,PH,724,41137,49,2854,44040,95120,724,No
2015,12,GUERRERO,4,ACAPULCO DE JUAREZ,ES,1819,41137,49,2854,44040,95120,1819,No
2015,12,GUERRERO,4,ACAPULCO DE JUAREZ,PPG,708,41137,49,2854,44040,95120,708,No
2015,12,GUERRERO,4,ACAPULCO DE JUAREZ,COALICION_PRI_PVEM,827,41137,49,2854,44040,95120,14835,Sí
2015,12,GUERRERO,4,ACAPULCO DE JUAREZ,COMUN_PRD_PT,688,41137,49,2854,44040,95120,11651,Sí
2015,12,GUERRERO,5,ACAPULCO DE JUAREZ,PAN,2371,34791,40,2247,37078,92768,2371,No
2015,12,GUERRERO,5,ACAPULCO DE JUAREZ,PRI,10473,34791,40,2247,37078,92768,10473,No
2015,12,GUERRERO,5,ACAPULCO DE JUAREZ,PRD,11065,34791,40,2247,37078,92768,11065,No
2015,12,GUERRERO,5,ACAPULCO DE JUAREZ,PT,1213,34791,40,2247,37078,92768,1213,No
2015,12,GUERRERO,5,ACAPULCO DE JUAREZ,PVEM,1351,34791,40,2247,37078,92768,1351,No
2015,12,GUERRERO,5,ACAPULCO DE JUAREZ,MC,3411,34791,40,2247,37078,92768,3411,No
2015,12,GUERRERO,5,ACAPULCO DE JUAREZ,NUAL,641,34791,40,2247,37078,92768,641,No
2015,12,GUERRERO,5,ACAPULCO DE JUAREZ,MORENA,1686,34791,40,2247,37078,92768,1686,No
2015,12,GUERRERO,5,ACAPULCO DE JUAREZ,PH,303,34791,40,2247,37078,92768,303,No
2015,12,GUERRERO,5,ACAPULCO DE JUAREZ,ES,519,34791,40,2247,37078,92768,519,No
2015,12,GUERRERO,5,ACAPULCO DE JUAREZ,PPG,513,34791,40,2247,37078,92768,513,No
2015,12,GUERRERO,5,ACAPULCO DE JUAREZ,COALICION_PRI_PVEM,435,34791,40,2247,37078,92768,12259,Sí
2015,12,GUERRERO,5,ACAPULCO DE JUAREZ,COMUN_PRD_PT,810,34791,40,2247,37078,92768,13088,Sí
2015,12,GUERRERO,6,ACAPULCO DE JUAREZ,PAN,2489,36107,41,2359,38507,86249,2489,No
2015,12,GUERRERO,6,ACAPULCO DE JUAREZ,PRI,13240,36107,41,2359,38507,86249,13240,No
2015,12,GUERRERO,6,ACAPULCO DE JUAREZ,PRD,9020,36107,41,2359,38507,86249,9020,No
2015,12,GUERRERO,6,ACAPULCO DE JUAREZ,PT,766,36107,41,2359,38507,86249,766,No
2015,12,GUERRERO,6,ACAPULCO DE JUAREZ,PVEM,1754,36107,41,2359,38507,86249,1754,No
2015,12,GUERRERO,6,ACAPULCO DE JUAREZ,MC,2811,36107,41,2359,38507,86249,2811,No
2015,12,GUERRERO,6,ACAPULCO DE JUAREZ,NUAL,977,36107,41,2359,38507,86249,977,No
2015,12,GUERRERO,6,ACAPULCO DE JUAREZ,MORENA,1909,36107,41,2359,38507,86249,1909,No
2015,12,GUERRERO,6,ACAPULCO DE JUAREZ,PH,338,36107,41,2359,38507,86249,338,No
2015,12,GUERRERO,6,ACAPULCO DE JUAREZ,ES,555,36107,41,2359,38507,86249,555,No
2015,12,GUERRERO,6,ACAPULCO DE JUAREZ,PPG,692,36107,41,2359,38507,86249,692,No
2015,12,GUERRERO,6,ACAPULCO DE JUAREZ,COALICION_PRI_PVEM,809,36107,41,2359,38507,86249,15803,Sí
2015,12,GUERRERO,6,ACAPULCO DE JUAREZ,COMUN_PRD_PT,747,36107,41,2359,38507,86249,10533,Sí
2015,12,GUERRERO,7,ACAPULCO DE JUAREZ,PAN,2656,37671,42,2381,40094,91593,2656,No
2015,12,GUERRERO,7,ACAPULCO DE JUAREZ,PRI,16558,37671,42,2381,40094,91593,16558,No
2015,12,GUERRERO,7,ACAPULCO DE JUAREZ,PRD,0,37671,42,2381,40094,91593,0,No
2015,12,GUERRERO,7,ACAPULCO DE JUAREZ,PT,7263,37671,42,2381,40094,91593,7263,No
2015,12,GUERRERO,7,ACAPULCO DE JUAREZ,PVEM,2449,37671,42,2381,40094,91593,2449,No
2015,12,GUERRERO,7,ACAPULCO DE JUAREZ,MC,2835,37671,42,2381,40094,91593,2835,No
2015,12,GUERRERO,7,ACAPULCO DE JUAREZ,NUAL,912,37671,42,2381,40094,91593,912,No
2015,12,GUERRERO,7,ACAPULCO DE JUAREZ,MORENA,1493,37671,42,2381,40094,91593,1493,No
2015,12,GUERRERO,7,ACAPULCO DE JUAREZ,PH,504,37671,42,2381,40094,91593,504,No
2015,12,GUERRERO,7,ACAPULCO DE JUAREZ,ES,1336,37671,42,2381,40094,91593,1336,No
2015,12,GUERRERO,7,ACAPULCO DE JUAREZ,PPG,689,37671,42,2381,40094,91593,689,No
2015,12,GUERRERO,7,ACAPULCO DE JUAREZ,COALICION_PRI_PVEM,976,37671,42,2381,40094,91593,19983,Sí
2015,12,GUERRERO,7,ACAPULCO DE JUAREZ,COMUN_PRD_PT,0,37671,42,2381,40094,91593,7263,Sí
2015,12,GUERRERO,8,ACAPULCO DE JUAREZ,PAN,1877,42864,22,2374,45260,81115,1877,No
2015,12,GUERRERO,8,ACAPULCO DE JUAREZ,PRI,15067,42864,22,2374,45260,81115,15067,No
2015,12,GUERRERO,8,ACAPULCO DE JUAREZ,PRD,6664,42864,22,2374,45260,81115,6664,No
2015,12,GUERRERO,8,ACAPULCO DE JUAREZ,PT,628,42864,22,2374,45260,81115,628,No
2015,12,GUERRERO,8,ACAPULCO DE JUAREZ,PVEM,6529,42864,22,2374,45260,81115,6529,No
2015,12,GUERRERO,8,ACAPULCO DE JUAREZ,MC,6070,42864,22,2374,45260,81115,6070,No
2015,12,GUERRERO,8,ACAPULCO DE JUAREZ,NUAL,707,42864,22,2374,45260,81115,707,No
2015,12,GUERRERO,8,ACAPULCO DE JUAREZ,MORENA,1264,42864,22,2374,45260,81115,1264,No
2015,12,GUERRERO,8,ACAPULCO DE JUAREZ,PH,2963,42864,22,2374,45260,81115,2963,No
2015,12,GUERRERO,8,ACAPULCO DE JUAREZ,ES,279,42864,22,2374,45260,81115,279,No
2015,12,GUERRERO,8,ACAPULCO DE JUAREZ,PPG,425,42864,22,2374,45260,81115,425,No
2015,12,GUERRERO,8,ACAPULCO DE JUAREZ,COALICION_PRI_PVEM,259,42864,22,2374,45260,81115,21855,Sí
2015,12,GUERRERO,8,ACAPULCO DE JUAREZ,COMUN_PRD_PT,132,42864,22,2374,45260,81115,7424,Sí
2015,12,GUERRERO,9,ACAPULCO DE JUAREZ,PAN,1960,38503,22,3074,41599,83615,1960,No
2015,12,GUERRERO,9,ACAPULCO DE JUAREZ,PRI,12072,38503,22,3074,41599,83615,12072,No
2015,12,GUERRERO,9,ACAPULCO DE JUAREZ,PRD,11946,38503,22,3074,41599,83615,11946,No
2015,12,GUERRERO,9,ACAPULCO DE JUAREZ,PT,1612,38503,22,3074,41599,83615,1612,No
2015,12,GUERRERO,9,ACAPULCO DE JUAREZ,PVEM,2143,38503,22,3074,41599,83615,2143,No
2015,12,GUERRERO,9,ACAPULCO DE JUAREZ,MC,2959,38503,22,3074,41599,83615,2959,No
2015,12,GUERRERO,9,ACAPULCO DE JUAREZ,NUAL,1437,38503,22,3074,41599,83615,1437,No
2015,12,GUERRERO,9,ACAPULCO DE JUAREZ,MORENA,1697,38503,22,3074,41599,83615,1697,No
2015,12,GUERRERO,9,ACAPULCO DE JUAREZ,PH,541,38503,22,3074,41599,83615,541,No
2015,12,GUERRERO,9,ACAPULCO DE JUAREZ,ES,638,38503,22,3074,41599,83615,638,No
2015,12,GUERRERO,9,ACAPULCO DE JUAREZ,PPG,551,38503,22,3074,41599,83615,551,No
2015,12,GUERRERO,9,ACAPULCO DE JUAREZ,COALICION_PRI_PVEM,506,38503,22,3074,41599,83615,14721,Sí
2015,12,GUERRERO,9,ACAPULCO DE JUAREZ,COMUN_PRD_PT,441,38503,22,3074,41599,83615,13999,Sí
2015,12,GUERRERO,10,TECPAN DE GALEANA,PAN,335,47043,20,2247,49310,85282,335,No
2015,12,GUERRERO,10,TECPAN DE GALEANA,PRI,19439,47043,20,2247,49310,85282,19439,No
2015,12,GUERRERO,10,TECPAN DE GALEANA,PRD,16538,47043,20,2247,49310,85282,16538,No
2015,12,GUERRERO,10,TECPAN DE GALEANA,PT,351,47043,20,2247,49310,85282,351,No
2015,12,GUERRERO,10,TECPAN DE GALEANA,PVEM,1109,47043,20,2247,49310,85282,1109,No
2015,12,GUERRERO,10,TECPAN DE GALEANA,MC,3777,47043,20,2247,49310,85282,3777,No
2015,12,GUERRERO,10,TECPAN DE GALEANA,NUAL,1207,47043,20,2247,49310,85282,1207,No
2015,12,GUERRERO,10,TECPAN DE GALEANA,MORENA,2789,47043,20,2247,49310,85282,2789,No
2015,12,GUERRERO,10,TECPAN DE GALEANA,PH,357,47043,20,2247,49310,85282,357,No
2015,12,GUERRERO,10,TECPAN DE GALEANA,ES,0,47043,20,2247,49310,85282,0,No
2015,12,GUERRERO,10,TECPAN DE GALEANA,PPG,707,47043,20,2247,49310,85282,707,No
2015,12,GUERRERO,10,TECPAN DE GALEANA,COALICION_PRI_PVEM,434,47043,20,2247,49310,85282,20982,Sí
2015,12,GUERRERO,10,TECPAN DE GALEANA,COMUN_PRD_PT,0,47043,20,2247,49310,85282,16889,Sí
2015,12,GUERRERO,11,ZIHUATANEJO DE AZUETA,PAN,819,42971,44,1923,44938,85811,819,No
2015,12,GUERRERO,11,ZIHUATANEJO DE AZUETA,PRI,14463,42971,44,1923,44938,85811,14463,No
2015,12,GUERRERO,11,ZIHUATANEJO DE AZUETA,PRD,18694,42971,44,1923,44938,85811,18694,No
2015,12,GUERRERO,11,ZIHUATANEJO DE AZUETA,PT,932,42971,44,1923,44938,85811,932,No
2015,12,GUERRERO,11,ZIHUATANEJO DE AZUETA,PVEM,1011,42971,44,1923,44938,85811,1011,No
2015,12,GUERRERO,11,ZIHUATANEJO DE AZUETA,MC,2500,42971,44,1923,44938,85811,2500,No
2015,12,GUERRERO,11,ZIHUATANEJO DE AZUETA,NUAL,839,42971,44,1923,44938,85811,839,No
2015,12,GUERRERO,11,ZIHUATANEJO DE AZUETA,MORENA,1915,42971,44,1923,44938,85811,1915,No
2015,12,GUERRERO,11,ZIHUATANEJO DE AZUETA,PH,681,42971,44,1923,44938,85811,681,No
2015,12,GUERRERO,11,ZIHUATANEJO DE AZUETA,ES,517,42971,44,1923,44938,85811,517,No
2015,12,GUERRERO,11,ZIHUATANEJO DE AZUETA,PPG,322,42971,44,1923,44938,85811,322,No
2015,12,GUERRERO,11,ZIHUATANEJO DE AZUETA,COALICION_PRI_PVEM,278,42971,44,1923,44938,85811,15752,Sí
2015,12,GUERRERO,11,ZIHUATANEJO DE AZUETA,COMUN_PRD_PT,0,42971,44,1923,44938,85811,19626,Sí
2015,12,GUERRERO,12,ZIHUATANEJO DE AZUETA,PAN,674,45033,17,1709,46759,84840,674,No
2015,12,GUERRERO,12,ZIHUATANEJO DE AZUETA,PRI,12409,45033,17,1709,46759,84840,12409,No
2015,12,GUERRERO,12,ZIHUATANEJO DE AZUETA,PRD,18967,45033,17,1709,46759,84840,18967,No
2015,12,GUERRERO,12,ZIHUATANEJO DE AZUETA,PT,598,45033,17,1709,46759,84840,598,No
2015,12,GUERRERO,12,ZIHUATANEJO DE AZUETA,PVEM,3822,45033,17,1709,46759,84840,3822,No
2015,12,GUERRERO,12,ZIHUATANEJO DE AZUETA,MC,3082,45033,17,1709,46759,84840,3082,No
2015,12,GUERRERO,12,ZIHUATANEJO DE AZUETA,NUAL,1619,45033,17,1709,46759,84840,1619,No
2015,12,GUERRERO,12,ZIHUATANEJO DE AZUETA,MORENA,1863,45033,17,1709,46759,84840,1863,No
2015,12,GUERRERO,12,ZIHUATANEJO DE AZUETA,PH,864,45033,17,1709,46759,84840,864,No
2015,12,GUERRERO,12,ZIHUATANEJO DE AZUETA,ES,662,45033,17,1709,46759,84840,662,No
2015,12,GUERRERO,12,ZIHUATANEJO DE AZUETA,PPG,369,45033,17,1709,46759,84840,369,No
2015,12,GUERRERO,12,ZIHUATANEJO DE AZUETA,COALICION_PRI_PVEM,104,45033,17,1709,46759,84840,16335,Sí
2015,12,GUERRERO,12,ZIHUATANEJO DE AZUETA,COMUN_PRD_PT,0,45033,17,1709,46759,84840,19565,Sí
2015,12,GUERRERO,13,SAN MARCOS,PAN,6148,52572,31,4052,56655,81432,6148,No
2015,12,GUERRERO,13,SAN MARCOS,PRI,10806,52572,31,4052,56655,81432,10806,No
2015,12,GUERRERO,13,SAN MARCOS,PRD,9291,52572,31,4052,56655,81432,9291,No
2015,12,GUERRERO,13,SAN MARCOS,PT,3127,52572,31,4052,56655,81432,3127,No
2015,12,GUERRERO,13,SAN MARCOS,PVEM,14534,52572,31,4052,56655,81432,14534,No
2015,12,GUERRERO,13,SAN MARCOS,MC,2772,52572,31,4052,56655,81432,2772,No
2015,12,GUERRERO,13,SAN MARCOS,NUAL,1248,52572,31,4052,56655,81432,1248,No
2015,12,GUERRERO,13,SAN MARCOS,MORENA,1763,52572,31,4052,56655,81432,1763,No
2015,12,GUERRERO,13,SAN MARCOS,PH,1313,52572,31,4052,56655,81432,1313,No
2015,12,GUERRERO,13,SAN MARCOS,ES,157,52572,31,4052,56655,81432,157,No
2015,12,GUERRERO,13,SAN MARCOS,PPG,520,52572,31,4052,56655,81432,520,No
2015,12,GUERRERO,13,SAN MARCOS,COALICION_PRI_PVEM,574,52572,31,4052,56655,81432,25914,Sí
2015,12,GUERRERO,13,SAN MARCOS,COMUN_PRD_PT,319,52572,31,4052,56655,81432,12737,Sí
2015,12,GUERRERO,14,AYUTLA DE LOS LIBRES,PAN,310,48199,53,2668,50920,74737,310,No
2015,12,GUERRERO,14,AYUTLA DE LOS LIBRES,PRI,5251,48199,53,2668,50920,74737,5251,No
2015,12,GUERRERO,14,AYUTLA DE LOS LIBRES,PRD,21265,48199,53,2668,50920,74737,21265,No
2015,12,GUERRERO,14,AYUTLA DE LOS LIBRES,PT,1019,48199,53,2668,50920,74737,1019,No
2015,12,GUERRERO,14,AYUTLA DE LOS LIBRES,PVEM,11566,48199,53,2668,50920,74737,11566,No
2015,12,GUERRERO,14,AYUTLA DE LOS LIBRES,MC,2317,48199,53,2668,50920,74737,2317,No
2015,12,GUERRERO,14,AYUTLA DE LOS LIBRES,NUAL,791,48199,53,2668,50920,74737,791,No
2015,12,GUERRERO,14,AYUTLA DE LOS LIBRES,MORENA,652,48199,53,2668,50920,74737,652,No
2015,12,GUERRERO,14,AYUTLA DE LOS LIBRES,PH,679,48199,53,2668,50920,74737,679,No
2015,12,GUERRERO,14,AYUTLA DE LOS LIBRES,ES,0,48199,53,2668,50920,74737,0,No
2015,12,GUERRERO,14,AYUTLA DE LOS LIBRES,PPG,2122,48199,53,2668,50920,74737,2122,No
2015,12,GUERRERO,14,AYUTLA DE LOS LIBRES,COALICION_PRI_PVEM,2227,48199,53,2668,50920,74737,19044,Sí
2015,12,GUERRERO,14,AYUTLA DE LOS LIBRES,COMUN_PRD_PT,0,48199,53,2668,50920,74737,22284,Sí
2015,12,GUERRERO,15,SAN LUIS ACATLAN,PAN,2433,49439,20,3027,52486,75802,2433,No
2015,12,GUERRERO,15,SAN LUIS ACATLAN,PRI,12724,49439,20,3027,52486,75802,12724,No
2015,12,GUERRERO,15,SAN LUIS ACATLAN,PRD,14804,49439,20,3027,52486,75802,14804,No
2015,12,GUERRERO,15,SAN LUIS ACATLAN,PT,1612,49439,20,3027,52486,75802,1612,No
2015,12,GUERRERO,15,SAN LUIS ACATLAN,PVEM,3764,49439,20,3027,52486,75802,3764,No
2015,12,GUERRERO,15,SAN LUIS ACATLAN,MC,8791,49439,20,3027,52486,75802,8791,No
2015,12,GUERRERO,15,SAN LUIS ACATLAN,NUAL,1158,49439,20,3027,52486,75802,1158,No
2015,12,GUERRERO,15,SAN LUIS ACATLAN,MORENA,1685,49439,20,3027,52486,75802,1685,No
2015,12,GUERRERO,15,SAN LUIS ACATLAN,PH,975,49439,20,3027,52486,75802,975,No
2015,12,GUERRERO,15,SAN LUIS ACATLAN,ES,374,49439,20,3027,52486,75802,374,No
2015,12,GUERRERO,15,SAN LUIS ACATLAN,PPG,635,49439,20,3027,52486,75802,635,No
2015,12,GUERRERO,15,SAN LUIS ACATLAN,COALICION_PRI_PVEM,484,49439,20,3027,52486,75802,16972,Sí
2015,12,GUERRERO,15,SAN LUIS ACATLAN,COMUN_PRD_PT,0,49439,20,3027,52486,75802,16416,Sí
2015,12,GUERRERO,16,OMETEPEC,PAN,8652,48083,28,2318,50429,70916,8652,No
2015,12,GUERRERO,16,OMETEPEC,PRI,14580,48083,28,2318,50429,70916,14580,No
2015,12,GUERRERO,16,OMETEPEC,PRD,12120,48083,28,2318,50429,70916,12120,No
2015,12,GUERRERO,16,OMETEPEC,PT,3008,48083,28,2318,50429,70916,3008,No
2015,12,GUERRERO,16,OMETEPEC,PVEM,762,48083,28,2318,50429,70916,762,No
2015,12,GUERRERO,16,OMETEPEC,MC,3526,48083,28,2318,50429,70916,3526,No
2015,12,GUERRERO,16,OMETEPEC,NUAL,562,48083,28,2318,50429,70916,562,No
2015,12,GUERRERO,16,OMETEPEC,MORENA,1455,48083,28,2318,50429,70916,1455,No
2015,12,GUERRERO,16,OMETEPEC,PH,800,48083,28,2318,50429,70916,800,No
2015,12,GUERRERO,16,OMETEPEC,ES,644,48083,28,2318,50429,70916,644,No
2015,12,GUERRERO,16,OMETEPEC,PPG,264,48083,28,2318,50429,70916,264,No
2015,12,GUERRERO,16,OMETEPEC,COALICION_PRI_PVEM,628,48083,28,2318,50429,70916,15970,Sí
2015,12,GUERRERO,16,OMETEPEC,COMUN_PRD_PT,1082,48083,28,2318,50429,70916,16210,Sí
2015,12,GUERRERO,17,COYUCA DE CATALAN,PAN,658,56489,5,1725,58219,89337,658,No
2015,12,GUERRERO,17,COYUCA DE CATALAN,PRI,24163,56489,5,1725,58219,89337,24163,No
2015,12,GUERRERO,17,COYUCA DE CATALAN,PRD,23086,56489,5,1725,58219,89337,23086,No
2015,12,GUERRERO,17,COYUCA DE CATALAN,PT,756,56489,5,1725,58219,89337,756,No
2015,12,GUERRERO,17,COYUCA DE CATALAN,PVEM,1318,56489,5,1725,58219,89337,1318,No
2015,12,GUERRERO,17,COYUCA DE CATALAN,MC,4479,56489,5,1725,58219,89337,4479,No
2015,12,GUERRERO,17,COYUCA DE CATALAN,NUAL,245,56489,5,1725,58219,89337,245,No
2015,12,GUERRERO,17,COYUCA DE CATALAN,MORENA,1114,56489,5,1725,58219,89337,1114,No
2015,12,GUERRERO,17,COYUCA DE CATALAN,PH,157,56489,5,1725,58219,89337,157,No
2015,12,GUERRERO,17,COYUCA DE CATALAN,ES,77,56489,5,1725,58219,89337,77,No
2015,12,GUERRERO,17,COYUCA DE CATALAN,PPG,57,56489,5,1725,58219,89337,57,No
2015,12,GUERRERO,17,COYUCA DE CATALAN,COALICION_PRI_PVEM,379,56489,5,1725,58219,89337,25860,Sí
2015,12,GUERRERO,17,COYUCA DE CATALAN,COMUN_PRD_PT,0,56489,5,1725,58219,89337,23842,Sí
2015,12,GUERRERO,18,PUNGARABATO,PAN,549,59499,6,1582,61087,97275,549,No
2015,12,GUERRERO,18,PUNGARABATO,PRI,25040,59499,6,1582,61087,97275,25040,No
2015,12,GUERRERO,18,PUNGARABATO,PRD,28289,59499,6,1582,61087,97275,28289,No
2015,12,GUERRERO,18,PUNGARABATO,PT,402,59499,6,1582,61087,97275,402,No
2015,12,GUERRERO,18,PUNGARABATO,PVEM,301,59499,6,1582,61087,97275,301,No
2015,12,GUERRERO,18,PUNGARABATO,MC,517,59499,6,1582,61087,97275,517,No
2015,12,GUERRERO,18,PUNGARABATO,NUAL,685,59499,6,1582,61087,97275,685,No
2015,12,GUERRERO,18,PUNGARABATO,MORENA,3168,59499,6,1582,61087,97275,3168,No
2015,12,GUERRERO,18,PUNGARABATO,PH,110,59499,6,1582,61087,97275,110,No
2015,12,GUERRERO,18,PUNGARABATO,ES,0,59499,6,1582,61087,97275,0,No
2015,12,GUERRERO,18,PUNGARABATO,PPG,154,59499,6,1582,61087,97275,154,No
2015,12,GUERRERO,18,PUNGARABATO,COALICION_PRI_PVEM,284,59499,6,1582,61087,97275,25625,Sí
2015,12,GUERRERO,18,PUNGARABATO,COMUN_PRD_PT,0,59499,6,1582,61087,97275,28691,Sí
2015,12,GUERRERO,19,EDUARDO NERI,PAN,2587,42877,10,2010,44897,70045,2587,No
2015,12,GUERRERO,19,EDUARDO NERI,PRI,17952,42877,10,2010,44897,70045,17952,No
2015,12,GUERRERO,19,EDUARDO NERI,PRD,16678,42877,10,2010,44897,70045,16678,No
2015,12,GUERRERO,19,EDUARDO NERI,PT,540,42877,10,2010,44897,70045,540,No
2015,12,GUERRERO,19,EDUARDO NERI,PVEM,321,42877,10,2010,44897,70045,321,No
2015,12,GUERRERO,19,EDUARDO NERI,MC,1798,42877,10,2010,44897,70045,1798,No
2015,12,GUERRERO,19,EDUARDO NERI,NUAL,458,42877,10,2010,44897,70045,458,No
2015,12,GUERRERO,19,EDUARDO NERI,MORENA,986,42877,10,2010,44897,70045,986,No
2015,12,GUERRERO,19,EDUARDO NERI,PH,471,42877,10,2010,44897,70045,471,No
2015,12,GUERRERO,19,EDUARDO NERI,ES,0,42877,10,2010,44897,70045,0,No
2015,12,GUERRERO,19,EDUARDO NERI,PPG,487,42877,10,2010,44897,70045,487,No
2015,12,GUERRERO,19,EDUARDO NERI,COALICION_PRI_PVEM,599,42877,10,2010,44897,70045,18872,Sí
2015,12,GUERRERO,19,EDUARDO NERI,COMUN_PRD_PT,0,42877,10,2010,44897,70045,17218,Sí
2015,12,GUERRERO,20,TELOLOAPAN,PAN,501,47422,76,2312,49810,79678,501,No
2015,12,GUERRERO,20,TELOLOAPAN,PRI,11093,47422,76,2312,49810,79678,11093,No
2015,12,GUERRERO,20,TELOLOAPAN,PRD,13968,47422,76,2312,49810,79678,13968,No
2015,12,GUERRERO,20,TELOLOAPAN,PT,1847,47422,76,2312,49810,79678,1847,No
2015,12,GUERRERO,20,TELOLOAPAN,PVEM,810,47422,76,2312,49810,79678,810,No
2015,12,GUERRERO,20,TELOLOAPAN,MC,13045,47422,76,2312,49810,79678,13045,No
2015,12,GUERRERO,20,TELOLOAPAN,NUAL,3483,47422,76,2312,49810,79678,3483,No
2015,12,GUERRERO,20,TELOLOAPAN,MORENA,1385,47422,76,2312,49810,79678,1385,No
2015,12,GUERRERO,20,TELOLOAPAN,PH,212,47422,76,2312,49810,79678,212,No
2015,12,GUERRERO,20,TELOLOAPAN,ES,443,47422,76,2312,49810,79678,443,No
2015,12,GUERRERO,20,TELOLOAPAN,PPG,200,47422,76,2312,49810,79678,200,No
2015,12,GUERRERO,20,TELOLOAPAN,COALICION_PRI_PVEM,84,47422,76,2312,49810,79678,11987,Sí
2015,12,GUERRERO,20,TELOLOAPAN,COMUN_PRD_PT,351,47422,76,2312,49810,79678,16166,Sí
2015,12,GUERRERO,21,TAXCO DE ALARCON,PAN,15103,54908,36,2767,57711,96929,15103,No
2015,12,GUERRERO,21,TAXCO DE ALARCON,PRI,17901,54908,36,2767,57711,96929,17901,No
2015,12,GUERRERO,21,TAXCO DE ALARCON,PRD,4047,54908,36,2767,57711,96929,4047,No
2015,12,GUERRERO,21,TAXCO DE ALARCON,PT,2504,54908,36,2767,57711,96929,2504,No
2015,12,GUERRERO,21,TAXCO DE ALARCON,PVEM,2952,54908,36,2767,57711,96929,2952,No
2015,12,GUERRERO,21,TAXCO DE ALARCON,MC,1436,54908,36,2767,57711,96929,1436,No
2015,12,GUERRERO,21,TAXCO DE ALARCON,NUAL,2204,54908,36,2767,57711,96929,2204,No
2015,12,GUERRERO,21,TAXCO DE ALARCON,MORENA,1245,54908,36,2767,57711,96929,1245,No
2015,12,GUERRERO,21,TAXCO DE ALARCON,PH,1078,54908,36,2767,57711,96929,1078,No
2015,12,GUERRERO,21,TAXCO DE ALARCON,ES,0,54908,36,2767,57711,96929,0,No
2015,12,GUERRERO,21,TAXCO DE ALARCON,PPG,5752,54908,36,2767,57711,96929,5752,No
2015,12,GUERRERO,21,TAXCO DE ALARCON,COALICION_PRI_PVEM,571,54908,36,2767,57711,96929,21424,Sí
2015,12,GUERRERO,21,TAXCO DE ALARCON,COMUN_PRD_PT,115,54908,36,2767,57711,96929,6666,Sí
2015,12,GUERRERO,22,IGUALA DE LA INDEPENDENCIA,PAN,954,39049,37,2427,41513,93531,954,No
2015,12,GUERRERO,22,IGUALA DE LA INDEPENDENCIA,PRI,14112,39049,37,2427,41513,93531,14112,No
2015,12,GUERRERO,22,IGUALA DE LA INDEPENDENCIA,PRD,7624,39049,37,2427,41513,93531,7624,No
2015,12,GUERRERO,22,IGUALA DE LA INDEPENDENCIA,PT,1804,39049,37,2427,41513,93531,1804,No
2015,12,GUERRERO,22,IGUALA DE LA INDEPENDENCIA,PVEM,1995,39049,37,2427,41513,93531,1995,No
2015,12,GUERRERO,22,IGUALA DE LA INDEPENDENCIA,MC,5694,39049,37,2427,41513,93531,5694,No
2015,12,GUERRERO,22,IGUALA DE LA INDEPENDENCIA,NUAL,1113,39049,37,2427,41513,93531,1113,No
2015,12,GUERRERO,22,IGUALA DE LA INDEPENDENCIA,MORENA,2303,39049,37,2427,41513,93531,2303,No
2015,12,GUERRERO,22,IGUALA DE LA INDEPENDENCIA,PH,480,39049,37,2427,41513,93531,480,No
2015,12,GUERRERO,22,IGUALA DE LA INDEPENDENCIA,ES,2093,39049,37,2427,41513,93531,2093,No
2015,12,GUERRERO,22,IGUALA DE LA INDEPENDENCIA,PPG,457,39049,37,2427,41513,93531,457,No
2015,12,GUERRERO,22,IGUALA DE LA INDEPENDENCIA,COALICION_PRI_PVEM,420,39049,37,2427,41513,93531,16527,Sí
2015,12,GUERRERO,22,IGUALA DE LA INDEPENDENCIA,COMUN_PRD_PT,0,39049,37,2427,41513,93531,9428,Sí
2015,12,GUERRERO,23,IGUALA DE LA INDEPENDENCIA,PAN,4829,50472,21,2546,53039,90270,4829,No
2015,12,GUERRERO,23,IGUALA DE LA INDEPENDENCIA,PRI,15841,50472,21,2546,53039,90270,15841,No
2015,12,GUERRERO,23,IGUALA DE LA INDEPENDENCIA,PRD,7915,50472,21,2546,53039,90270,7915,No
2015,12,GUERRERO,23,IGUALA DE LA INDEPENDENCIA,PT,7436,50472,21,2546,53039,90270,7436,No
2015,12,GUERRERO,23,IGUALA DE LA INDEPENDENCIA,PVEM,1739,50472,21,2546,53039,90270,1739,No
2015,12,GUERRERO,23,IGUALA DE LA INDEPENDENCIA,MC,7082,50472,21,2546,53039,90270,7082,No
2015,12,GUERRERO,23,IGUALA DE LA INDEPENDENCIA,NUAL,1047,50472,21,2546,53039,90270,1047,No
2015,12,GUERRERO,23,IGUALA DE LA INDEPENDENCIA,MORENA,1819,50472,21,2546,53039,90270,1819,No
2015,12,GUERRERO,23,IGUALA DE LA INDEPENDENCIA,PH,1237,50472,21,2546,53039,90270,1237,No
2015,12,GUERRERO,23,IGUALA DE LA INDEPENDENCIA,ES,470,50472,21,2546,53039,90270,470,No
2015,12,GUERRERO,23,IGUALA DE LA INDEPENDENCIA,PPG,335,50472,21,2546,53039,90270,335,No
2015,12,GUERRERO,23,IGUALA DE LA INDEPENDENCIA,COALICION_PRI_PVEM,722,50472,21,2546,53039,90270,18302,Sí
2015,12,GUERRERO,23,IGUALA DE LA INDEPENDENCIA,COMUN_PRD_PT,0,50472,21,2546,53039,90270,15351,Sí
2015,12,GUERRERO,24,TIXTLA DE GUERRERO,PAN,867,43458,12,3456,46926,84857,867,No
2015,12,GUERRERO,24,TIXTLA DE GUERRERO,PRI,11305,43458,12,3456,46926,84857,11305,No
2015,12,GUERRERO,24,TIXTLA DE GUERRERO,PRD,15045,43458,12,3456,46926,84857,15045,No
2015,12,GUERRERO,24,TIXTLA DE GUERRERO,PT,565,43458,12,3456,46926,84857,565,No
2015,12,GUERRERO,24,TIXTLA DE GUERRERO,PVEM,2726,43458,12,3456,46926,84857,2726,No
2015,12,GUERRERO,24,TIXTLA DE GUERRERO,MC,8348,43458,12,3456,46926,84857,8348,No
2015,12,GUERRERO,24,TIXTLA DE GUERRERO,NUAL,1339,43458,12,3456,46926,84857,1339,No
2015,12,GUERRERO,24,TIXTLA DE GUERRERO,MORENA,935,43458,12,3456,46926,84857,935,No
2015,12,GUERRERO,24,TIXTLA DE GUERRERO,PH,435,43458,12,3456,46926,84857,435,No
2015,12,GUERRERO,24,TIXTLA DE GUERRERO,ES,214,43458,12,3456,46926,84857,214,No
2015,12,GUERRERO,24,TIXTLA DE GUERRERO,PPG,1493,43458,12,3456,46926,84857,1493,No
2015,12,GUERRERO,24,TIXTLA DE GUERRERO,COALICION_PRI_PVEM,186,43458,12,3456,46926,84857,14217,Sí
2015,12,GUERRERO,24,TIXTLA DE GUERRERO,COMUN_PRD_PT,0,43458,12,3456,46926,84857,15610,Sí
2015,12,GUERRERO,25,CHILAPA DE ALVAREZ,PAN,719,43327,36,3051,46414,79940,719,No
2015,12,GUERRERO,25,CHILAPA DE ALVAREZ,PRI,18645,43327,36,3051,46414,79940,18645,No
2015,12,GUERRERO,25,CHILAPA DE ALVAREZ,PRD,15350,43327,36,3051,46414,79940,15350,No
2015,12,GUERRERO,25,CHILAPA DE ALVAREZ,PT,1070,43327,36,3051,46414,79940,1070,No
2015,12,GUERRERO,25,CHILAPA DE ALVAREZ,PVEM,1001,43327,36,3051,46414,79940,1001,No
2015,12,GUERRERO,25,CHILAPA DE ALVAREZ,MC,1703,43327,36,3051,46414,79940,1703,No
2015,12,GUERRERO,25,CHILAPA DE ALVAREZ,NUAL,1571,43327,36,3051,46414,79940,1571,No
2015,12,GUERRERO,25,CHILAPA DE ALVAREZ,MORENA,1306,43327,36,3051,46414,79940,1306,No
2015,12,GUERRERO,25,CHILAPA DE ALVAREZ,PH,654,43327,36,3051,46414,79940,654,No
2015,12,GUERRERO,25,CHILAPA DE ALVAREZ,ES,0,43327,36,3051,46414,79940,0,No
2015,12,GUERRERO,25,CHILAPA DE ALVAREZ,PPG,466,43327,36,3051,46414,79940,466,No
2015,12,GUERRERO,25,CHILAPA DE ALVAREZ,COALICION_PRI_PVEM,396,43327,36,3051,46414,79940,20042,Sí
2015,12,GUERRERO,25,CHILAPA DE ALVAREZ,COMUN_PRD_PT,446,43327,36,3051,46414,79940,16866,Sí
2015,12,GUERRERO,26,ATLIXTAC,PAN,8672,58092,19,3098,61209,81986,8672,No
2015,12,GUERRERO,26,ATLIXTAC,PRI,17062,58092,19,3098,61209,81986,17062,No
2015,12,GUERRERO,26,ATLIXTAC,PRD,19370,58092,19,3098,61209,81986,19370,No
2015,12,GUERRERO,26,ATLIXTAC,PT,1627,58092,19,3098,61209,81986,1627,No
2015,12,GUERRERO,26,ATLIXTAC,PVEM,548,58092,19,3098,61209,81986,548,No
2015,12,GUERRERO,26,ATLIXTAC,MC,4619,58092,19,3098,61209,81986,4619,No
2015,12,GUERRERO,26,ATLIXTAC,NUAL,2321,58092,19,3098,61209,81986,2321,No
2015,12,GUERRERO,26,ATLIXTAC,MORENA,1863,58092,19,3098,61209,81986,1863,No
2015,12,GUERRERO,26,ATLIXTAC,PH,1549,58092,19,3098,61209,81986,1549,No
2015,12,GUERRERO,26,ATLIXTAC,ES,199,58092,19,3098,61209,81986,199,No
2015,12,GUERRERO,26,ATLIXTAC,PPG,180,58092,19,3098,61209,81986,180,No
2015,12,GUERRERO,26,ATLIXTAC,COALICION_PRI_PVEM,82,58092,19,3098,61209,81986,17692,Sí
2015,12,GUERRERO,26,ATLIXTAC,COMUN_PRD_PT,0,58092,19,3098,61209,81986,20997,Sí
2015,12,GUERRERO,27,TLAPA DE COMONFORT,PAN,0,52067,17,2817,54901,97902,0,No
2015,12,GUERRERO,27,TLAPA DE COMONFORT,PRI,19122,52067,17,2817,54901,97902,19122,No
2015,12,GUERRERO,27,TLAPA DE COMONFORT,PRD,16634,52067,17,2817,54901,97902,16634,No
2015,12,GUERRERO,27,TLAPA DE COMONFORT,PT,7709,52067,17,2817,54901,97902,7709,No
2015,12,GUERRERO,27,TLAPA DE COMONFORT,PVEM,598,52067,17,2817,54901,97902,598,No
2015,12,GUERRERO,27,TLAPA DE COMONFORT,MC,1313,52067,17,2817,54901,97902,1313,No
2015,12,GUERRERO,27,TLAPA DE COMONFORT,NUAL,1449,52067,17,2817,54901,97902,1449,No
2015,12,GUERRERO,27,TLAPA DE COMONFORT,MORENA,2281,52067,17,2817,54901,97902,2281,No
2015,12,GUERRERO,27,TLAPA DE COMONFORT,PH,602,52067,17,2817,54901,97902,602,No
2015,12,GUERRERO,27,TLAPA DE COMONFORT,ES,418,52067,17,2817,54901,97902,418,No
2015,12,GUERRERO,27,TLAPA DE COMONFORT,PPG,1226,52067,17,2817,54901,97902,1226,No
2015,12,GUERRERO,27,TLAPA DE COMONFORT,COALICION_PRI_PVEM,715,52067,17,2817,54901,97902,20435,Sí
2015,12,GUERRERO,27,TLAPA DE COMONFORT,COMUN_PRD_PT,0,52067,17,2817,54901,97902,24343,Sí
2015,12,GUERRERO,28,TLAPA DE COMONFORT,PAN,256,48592,8,3309,51909,78808,256,No
2015,12,GUERRERO,28,TLAPA DE COMONFORT,PRI,13300,48592,8,3309,51909,78808,13300,No
2015,12,GUERRERO,28,TLAPA DE COMONFORT,PRD,14929,48592,8,3309,51909,78808,14929,No
2015,12,GUERRERO,28,TLAPA DE COMONFORT,PT,10320,48592,8,3309,51909,78808,10320,No
2015,12,GUERRERO,28,TLAPA DE COMONFORT,PVEM,1203,48592,8,3309,51909,78808,1203,No
2015,12,GUERRERO,28,TLAPA DE COMONFORT,MC,6493,48592,8,3309,51909,78808,6493,No
2015,12,GUERRERO,28,TLAPA DE COMONFORT,NUAL,289,48592,8,3309,51909,78808,289,No
2015,12,GUERRERO,28,TLAPA DE COMONFORT,MORENA,978,48592,8,3309,51909,78808,978,No
2015,12,GUERRERO,28,TLAPA DE COMONFORT,PH,137,48592,8,3309,51909,78808,137,No
2015,12,GUERRERO,28,TLAPA DE COMONFORT,ES,321,48592,8,3309,51909,78808,321,No
2015,12,GUERRERO,28,TLAPA DE COMONFORT,PPG,366,48592,8,3309,51909,78808,366,No
2015,12,GUERRERO,28,TLAPA DE COMONFORT,COALICION_PRI_PVEM,0,48592,8,3309,51909,78808,14503,Sí
2015,12,GUERRERO,28,TLAPA DE COMONFORT,COMUN_PRD_PT,0,48592,8,3309,51909,78808,25249,Sí
2015,14,JALISCO,1,COLOTLÁN,PAN,43266,166428,49,4039,170516,270340,43266,No
2015,14,JALISCO,1,COLOTLÁN,PRI,50698,166428,49,4039,170516,270340,50698,No
2015,14,JALISCO,1,COLOTLÁN,PRD,11952,166428,49,4039,170516,270340,11952,No
2015,14,JALISCO,1,COLOTLÁN,PVEM,5132,166428,49,4039,170516,270340,5132,No
2015,14,JALISCO,1,COLOTLÁN,PT,6981,166428,49,4039,170516,270340,6981,No
2015,14,JALISCO,1,COLOTLÁN,MC,33265,166428,49,4039,170516,270340,33265,No
2015,14,JALISCO,1,COLOTLÁN,NUAL,6206,166428,49,4039,170516,270340,6206,No
2015,14,JALISCO,1,COLOTLÁN,MORENA,4363,166428,49,4039,170516,270340,4363,No
2015,14,JALISCO,1,COLOTLÁN,PH,1283,166428,49,4039,170516,270340,1283,No
2015,14,JALISCO,1,COLOTLÁN,ES,1828,166428,49,4039,170516,270340,1828,No
2015,14,JALISCO,1,COLOTLÁN,PRI_PVEM,1454,166428,49,4039,170516,270340,57284,Sí
2015,14,JALISCO,1,COLOTLÁN,Candidatura Independiente,0,166428,49,4039,170516,270340,0,No
2015,14,JALISCO,2,LAGOS DE MORENO,PAN,51041,146690,85,4677,151452,278018,51041,No
2015,14,JALISCO,2,LAGOS DE MORENO,PRI,44641,146690,85,4677,151452,278018,44641,No
2015,14,JALISCO,2,LAGOS DE MORENO,PRD,3403,146690,85,4677,151452,278018,3403,No
2015,14,JALISCO,2,LAGOS DE MORENO,PVEM,8699,146690,85,4677,151452,278018,8699,No
2015,14,JALISCO,2,LAGOS DE MORENO,PT,902,146690,85,4677,151452,278018,902,No
2015,14,JALISCO,2,LAGOS DE MORENO,MC,26035,146690,85,4677,151452,278018,26035,No
2015,14,JALISCO,2,LAGOS DE MORENO,NUAL,3894,146690,85,4677,151452,278018,3894,No
2015,14,JALISCO,2,LAGOS DE MORENO,MORENA,2505,146690,85,4677,151452,278018,2505,No
2015,14,JALISCO,2,LAGOS DE MORENO,PH,1573,146690,85,4677,151452,278018,1573,No
2015,14,JALISCO,2,LAGOS DE MORENO,ES,1369,146690,85,4677,151452,278018,1369,No
2015,14,JALISCO,2,LAGOS DE MORENO,PRI_PVEM,2628,146690,85,4677,151452,278018,55968,Sí
2015,14,JALISCO,2,LAGOS DE MORENO,Candidatura Independiente,0,146690,85,4677,151452,278018,0,No
2015,14,JALISCO,3,TEPATITLÁN DE MORELOS,PAN,46133,150735,70,5177,155982,290045,46133,No
2015,14,JALISCO,3,TEPATITLÁN DE MORELOS,PRI,48149,150735,70,5177,155982,290045,48149,No
2015,14,JALISCO,3,TEPATITLÁN DE MORELOS,PRD,2692,150735,70,5177,155982,290045,2692,No
2015,14,JALISCO,3,TEPATITLÁN DE MORELOS,PVEM,6786,150735,70,5177,155982,290045,6786,No
2015,14,JALISCO,3,TEPATITLÁN DE MORELOS,PT,835,150735,70,5177,155982,290045,835,No
2015,14,JALISCO,3,TEPATITLÁN DE MORELOS,MC,29450,150735,70,5177,155982,290045,29450,No
2015,14,JALISCO,3,TEPATITLÁN DE MORELOS,NUAL,4026,150735,70,5177,155982,290045,4026,No
2015,14,JALISCO,3,TEPATITLÁN DE MORELOS,MORENA,1414,150735,70,5177,155982,290045,1414,No
2015,14,JALISCO,3,TEPATITLÁN DE MORELOS,PH,4490,150735,70,5177,155982,290045,4490,No
2015,14,JALISCO,3,TEPATITLÁN DE MORELOS,ES,5560,150735,70,5177,155982,290045,5560,No
2015,14,JALISCO,3,TEPATITLÁN DE MORELOS,PRI_PVEM,1200,150735,70,5177,155982,290045,56135,Sí
2015,14,JALISCO,3,TEPATITLÁN DE MORELOS,Candidatura Independiente,0,150735,70,5177,155982,290045,0,No
2015,14,JALISCO,4,ZAPOPAN,PAN,13618,108529,81,3660,112270,259491,13618,No
2015,14,JALISCO,4,ZAPOPAN,PRI,38393,108529,81,3660,112270,259491,38393,No
2015,14,JALISCO,4,ZAPOPAN,PRD,1649,108529,81,3660,112270,259491,1649,No
2015,14,JALISCO,4,ZAPOPAN,PVEM,3393,108529,81,3660,112270,259491,3393,No
2015,14,JALISCO,4,ZAPOPAN,PT,2270,108529,81,3660,112270,259491,2270,No
2015,14,JALISCO,4,ZAPOPAN,MC,35785,108529,81,3660,112270,259491,35785,No
2015,14,JALISCO,4,ZAPOPAN,NUAL,3417,108529,81,3660,112270,259491,3417,No
2015,14,JALISCO,4,ZAPOPAN,MORENA,3132,108529,81,3660,112270,259491,3132,No
2015,14,JALISCO,4,ZAPOPAN,PH,2445,108529,81,3660,112270,259491,2445,No
2015,14,JALISCO,4,ZAPOPAN,ES,3620,108529,81,3660,112270,259491,3620,No
2015,14,JALISCO,4,ZAPOPAN,PRI_PVEM,807,108529,81,3660,112270,259491,42593,Sí
2015,14,JALISCO,4,ZAPOPAN,Candidatura Independiente,0,108529,81,3660,112270,259491,0,No
2015,14,JALISCO,5,PUERTO VALLARTA,PAN,30600,163701,64,4588,168353,319764,30600,No
2015,14,JALISCO,5,PUERTO VALLARTA,PRI,46944,163701,64,4588,168353,319764,46944,No
2015,14,JALISCO,5,PUERTO VALLARTA,PRD,8549,163701,64,4588,168353,319764,8549,No
2015,14,JALISCO,5,PUERTO VALLARTA,PVEM,4446,163701,64,4588,168353,319764,4446,No
2015,14,JALISCO,5,PUERTO VALLARTA,PT,3037,163701,64,4588,168353,319764,3037,No
2015,14,JALISCO,5,PUERTO VALLARTA,MC,57396,163701,64,4588,168353,319764,57396,No
2015,14,JALISCO,5,PUERTO VALLARTA,NUAL,2825,163701,64,4588,168353,319764,2825,No
2015,14,JALISCO,5,PUERTO VALLARTA,MORENA,3642,163701,64,4588,168353,319764,3642,No
2015,14,JALISCO,5,PUERTO VALLARTA,PH,2846,163701,64,4588,168353,319764,2846,No
2015,14,JALISCO,5,PUERTO VALLARTA,ES,1640,163701,64,4588,168353,319764,1640,No
2015,14,JALISCO,5,PUERTO VALLARTA,PRI_PVEM,1776,163701,64,4588,168353,319764,53166,Sí
2015,14,JALISCO,5,PUERTO VALLARTA,Candidatura Independiente,0,163701,64,4588,168353,319764,0,No
2015,14,JALISCO,6,ZAPOPAN,PAN,27066,166775,365,5760,172900,412490,27066,No
2015,14,JALISCO,6,ZAPOPAN,PRI,42959,166775,365,5760,172900,412490,42959,No
2015,14,JALISCO,6,ZAPOPAN,PRD,2450,166775,365,5760,172900,412490,2450,No
2015,14,JALISCO,6,ZAPOPAN,PVEM,7098,166775,365,5760,172900,412490,7098,No
2015,14,JALISCO,6,ZAPOPAN,PT,2701,166775,365,5760,172900,412490,2701,No
2015,14,JALISCO,6,ZAPOPAN,MC,60454,166775,365,5760,172900,412490,60454,No
2015,14,JALISCO,6,ZAPOPAN,NUAL,4951,166775,365,5760,172900,412490,4951,No
2015,14,JALISCO,6,ZAPOPAN,MORENA,5340,166775,365,5760,172900,412490,5340,No
2015,14,JALISCO,6,ZAPOPAN,PH,4275,166775,365,5760,172900,412490,4275,No
2015,14,JALISCO,6,ZAPOPAN,ES,7793,166775,365,5760,172900,412490,7793,No
2015,14,JALISCO,6,ZAPOPAN,PRI_PVEM,1688,166775,365,5760,172900,412490,51745,Sí
2015,14,JALISCO,6,ZAPOPAN,Candidatura Independiente,0,166775,365,5760,172900,412490,0,No
2015,14,JALISCO,7,SAN PEDRO TLAQUEPAQUE,PAN,23219,218117,409,6881,225407,508000,23219,No
2015,14,JALISCO,7,SAN PEDRO TLAQUEPAQUE,PRI,46049,218117,409,6881,225407,508000,46049,No
2015,14,JALISCO,7,SAN PEDRO TLAQUEPAQUE,PRD,20027,218117,409,6881,225407,508000,20027,No
2015,14,JALISCO,7,SAN PEDRO TLAQUEPAQUE,PVEM,6304,218117,409,6881,225407,508000,6304,No
2015,14,JALISCO,7,SAN PEDRO TLAQUEPAQUE,PT,3996,218117,409,6881,225407,508000,3996,No
2015,14,JALISCO,7,SAN PEDRO TLAQUEPAQUE,MC,95686,218117,409,6881,225407,508000,95686,No
2015,14,JALISCO,7,SAN PEDRO TLAQUEPAQUE,NUAL,4874,218117,409,6881,225407,508000,4874,No
2015,14,JALISCO,7,SAN PEDRO TLAQUEPAQUE,MORENA,4532,218117,409,6881,225407,508000,4532,No
2015,14,JALISCO,7,SAN PEDRO TLAQUEPAQUE,PH,3495,218117,409,6881,225407,508000,3495,No
2015,14,JALISCO,7,SAN PEDRO TLAQUEPAQUE,ES,7941,218117,409,6881,225407,508000,7941,No
2015,14,JALISCO,7,SAN PEDRO TLAQUEPAQUE,PRI_PVEM,1994,218117,409,6881,225407,508000,54347,Sí
2015,14,JALISCO,7,SAN PEDRO TLAQUEPAQUE,Candidatura Independiente,0,218117,409,6881,225407,508000,0,No
2015,14,JALISCO,8,GUADALAJARA,PAN,18998,111423,131,4190,115744,210220,18998,No
2015,14,JALISCO,8,GUADALAJARA,PRI,28932,111423,131,4190,115744,210220,28932,No
2015,14,JALISCO,8,GUADALAJARA,PRD,1745,111423,131,4190,115744,210220,1745,No
2015,14,JALISCO,8,GUADALAJARA,PVEM,3078,111423,131,4190,115744,210220,3078,No
2015,14,JALISCO,8,GUADALAJARA,PT,1879,111423,131,4190,115744,210220,1879,No
2015,14,JALISCO,8,GUADALAJARA,MC,43440,111423,131,4190,115744,210220,43440,No
2015,14,JALISCO,8,GUADALAJARA,NUAL,3551,111423,131,4190,115744,210220,3551,No
2015,14,JALISCO,8,GUADALAJARA,MORENA,3120,111423,131,4190,115744,210220,3120,No
2015,14,JALISCO,8,GUADALAJARA,PH,2114,111423,131,4190,115744,210220,2114,No
2015,14,JALISCO,8,GUADALAJARA,ES,3608,111423,131,4190,115744,210220,3608,No
2015,14,JALISCO,8,GUADALAJARA,PRI_PVEM,958,111423,131,4190,115744,210220,32968,Sí
2015,14,JALISCO,9,GUADALAJARA,PAN,9988,105903,76,3030,109009,219298,9988,No
2015,14,JALISCO,9,GUADALAJARA,PRI,29914,105903,76,3030,109009,219298,29914,No
2015,14,JALISCO,9,GUADALAJARA,PRD,1631,105903,76,3030,109009,219298,1631,No
2015,14,JALISCO,9,GUADALAJARA,PVEM,3214,105903,76,3030,109009,219298,3214,No
2015,14,JALISCO,9,GUADALAJARA,PT,2410,105903,76,3030,109009,219298,2410,No
2015,14,JALISCO,9,GUADALAJARA,MC,43842,105903,76,3030,109009,219298,43842,No
2015,14,JALISCO,9,GUADALAJARA,NUAL,5875,105903,76,3030,109009,219298,5875,No
2015,14,JALISCO,9,GUADALAJARA,MORENA,2844,105903,76,3030,109009,219298,2844,No
2015,14,JALISCO,9,GUADALAJARA,PH,2708,105903,76,3030,109009,219298,2708,No
2015,14,JALISCO,9,GUADALAJARA,ES,2629,105903,76,3030,109009,219298,2629,No
2015,14,JALISCO,9,GUADALAJARA,PRI_PVEM,848,105903,76,3030,109009,219298,33976,Sí
2015,14,JALISCO,9,GUADALAJARA,Candidatura Independiente,0,105903,76,3030,109009,219298,0,No
2015,14,JALISCO,10,ZAPOPAN,PAN,19573,148134,358,3975,152467,291983,19573,No
2015,14,JALISCO,10,ZAPOPAN,PRI,21178,148134,358,3975,152467,291983,21178,No
2015,14,JALISCO,10,ZAPOPAN,PRD,1102,148134,358,3975,152467,291983,1102,No
2015,14,JALISCO,10,ZAPOPAN,PVEM,3060,148134,358,3975,152467,291983,3060,No
2015,14,JALISCO,10,ZAPOPAN,PT,941,148134,358,3975,152467,291983,941,No
2015,14,JALISCO,10,ZAPOPAN,MC,34614,148134,358,3975,152467,291983,34614,No
2015,14,JALISCO,10,ZAPOPAN,NUAL,2079,148134,358,3975,152467,291983,2079,No
2015,14,JALISCO,10,ZAPOPAN,MORENA,2533,148134,358,3975,152467,291983,2533,No
2015,14,JALISCO,10,ZAPOPAN,PH,1422,148134,358,3975,152467,291983,1422,No
2015,14,JALISCO,10,ZAPOPAN,ES,3674,148134,358,3975,152467,291983,3674,No
2015,14,JALISCO,10,ZAPOPAN,PRI_PVEM,743,148134,358,3975,152467,291983,24981,Sí
2015,14,JALISCO,10,ZAPOPAN,Candidatura Independiente,57215,148134,358,3975,152467,291983,57215,No
2015,14,JALISCO,11,GUADALAJARA,PAN,11334,108005,97,2894,110996,214769,11334,No
2015,14,JALISCO,11,GUADALAJARA,PRI,31608,108005,97,2894,110996,214769,31608,No
2015,14,JALISCO,11,GUADALAJARA,PRD,2026,108005,97,2894,110996,214769,2026,No
2015,14,JALISCO,11,GUADALAJARA,PVEM,2821,108005,97,2894,110996,214769,2821,No
2015,14,JALISCO,11,GUADALAJARA,PT,2117,108005,97,2894,110996,214769,2117,No
2015,14,JALISCO,11,GUADALAJARA,MC,45432,108005,97,2894,110996,214769,45432,No
2015,14,JALISCO,11,GUADALAJARA,NUAL,3712,108005,97,2894,110996,214769,3712,No
2015,14,JALISCO,11,GUADALAJARA,MORENA,2915,108005,97,2894,110996,214769,2915,No
2015,14,JALISCO,11,GUADALAJARA,PH,2142,108005,97,2894,110996,214769,2142,No
2015,14,JALISCO,11,GUADALAJARA,ES,2741,108005,97,2894,110996,214769,2741,No
2015,14,JALISCO,11,GUADALAJARA,PRI_PVEM,1157,108005,97,2894,110996,214769,35586,Sí
2015,14,JALISCO,11,GUADALAJARA,Candidatura Independiente,0,108005,97,2894,110996,214769,0,No
2015,14,JALISCO,12,GUADALAJARA,PAN,23178,115565,181,3964,119710,216097,23178,No
2015,14,JALISCO,12,GUADALAJARA,PRI,21492,115565,181,3964,119710,216097,21492,No
2015,14,JALISCO,12,GUADALAJARA,PRD,2124,115565,181,3964,119710,216097,2124,No
2015,14,JALISCO,12,GUADALAJARA,PVEM,3575,115565,181,3964,119710,216097,3575,No
2015,14,JALISCO,12,GUADALAJARA,PT,1469,115565,181,3964,119710,216097,1469,No
2015,14,JALISCO,12,GUADALAJARA,MC,49589,115565,181,3964,119710,216097,49589,No
2015,14,JALISCO,12,GUADALAJARA,NUAL,2959,115565,181,3964,119710,216097,2959,No
2015,14,JALISCO,12,GUADALAJARA,MORENA,3184,115565,181,3964,119710,216097,3184,No
2015,14,JALISCO,12,GUADALAJARA,PH,2105,115565,181,3964,119710,216097,2105,No
2015,14,JALISCO,12,GUADALAJARA,ES,4417,115565,181,3964,119710,216097,4417,No
2015,14,JALISCO,12,GUADALAJARA,PRI_PVEM,1473,115565,181,3964,119710,216097,26540,Sí
2015,14,JALISCO,13,GUADALAJARA,PAN,13031,105519,91,3094,108704,208077,13031,No
2015,14,JALISCO,13,GUADALAJARA,PRI,28273,105519,91,3094,108704,208077,28273,No
2015,14,JALISCO,13,GUADALAJARA,PRD,1375,105519,91,3094,108704,208077,1375,No
2015,14,JALISCO,13,GUADALAJARA,PVEM,3321,105519,91,3094,108704,208077,3321,No
2015,14,JALISCO,13,GUADALAJARA,PT,2214,105519,91,3094,108704,208077,2214,No
2015,14,JALISCO,13,GUADALAJARA,MC,44565,105519,91,3094,108704,208077,44565,No
2015,14,JALISCO,13,GUADALAJARA,NUAL,3715,105519,91,3094,108704,208077,3715,No
2015,14,JALISCO,13,GUADALAJARA,MORENA,2869,105519,91,3094,108704,208077,2869,No
2015,14,JALISCO,13,GUADALAJARA,PH,2281,105519,91,3094,108704,208077,2281,No
2015,14,JALISCO,13,GUADALAJARA,ES,3134,105519,91,3094,108704,208077,3134,No
2015,14,JALISCO,13,GUADALAJARA,PRI_PVEM,741,105519,91,3094,108704,208077,32335,Sí
2015,14,JALISCO,13,GUADALAJARA,Candidatura Independiente,0,105519,91,3094,108704,208077,0,No
2015,14,JALISCO,14,GUADALAJARA,PAN,11055,99634,104,2831,102569,203536,11055,No
2015,14,JALISCO,14,GUADALAJARA,PRI,22747,99634,104,2831,102569,203536,22747,No
2015,14,JALISCO,14,GUADALAJARA,PRD,2172,99634,104,2831,102569,203536,2172,No
2015,14,JALISCO,14,GUADALAJARA,PVEM,5665,99634,104,2831,102569,203536,5665,No
2015,14,JALISCO,14,GUADALAJARA,PT,2055,99634,104,2831,102569,203536,2055,No
2015,14,JALISCO,14,GUADALAJARA,MC,44533,99634,104,2831,102569,203536,44533,No
2015,14,JALISCO,14,GUADALAJARA,NUAL,2817,99634,104,2831,102569,203536,2817,No
2015,14,JALISCO,14,GUADALAJARA,MORENA,2401,99634,104,2831,102569,203536,2401,No
2015,14,JALISCO,14,GUADALAJARA,PH,1705,99634,104,2831,102569,203536,1705,No
2015,14,JALISCO,14,GUADALAJARA,ES,2678,99634,104,2831,102569,203536,2678,No
2015,14,JALISCO,14,GUADALAJARA,PRI_PVEM,1806,99634,104,2831,102569,203536,30218,Sí
2015,14,JALISCO,15,LA BARCA,PAN,36185,147523,46,4305,151874,284482,36185,No
2015,14,JALISCO,15,LA BARCA,PRI,51883,147523,46,4305,151874,284482,51883,No
2015,14,JALISCO,15,LA BARCA,PRD,8750,147523,46,4305,151874,284482,8750,No
2015,14,JALISCO,15,LA BARCA,PVEM,6727,147523,46,4305,151874,284482,6727,No
2015,14,JALISCO,15,LA BARCA,PT,2073,147523,46,4305,151874,284482,2073,No
2015,14,JALISCO,15,LA BARCA,MC,19568,147523,46,4305,151874,284482,19568,No
2015,14,JALISCO,15,LA BARCA,NUAL,6001,147523,46,4305,151874,284482,6001,No
2015,14,JALISCO,15,LA BARCA,MORENA,3840,147523,46,4305,151874,284482,3840,No
2015,14,JALISCO,15,LA BARCA,PH,2957,147523,46,4305,151874,284482,2957,No
2015,14,JALISCO,15,LA BARCA,ES,8475,147523,46,4305,151874,284482,8475,No
2015,14,JALISCO,15,LA BARCA,PRI_PVEM,1064,147523,46,4305,151874,284482,59674,Sí
2015,14,JALISCO,16,SAN PEDRO TLAQUEPAQUE,PAN,16443,130837,107,4148,135092,319258,16443,No
2015,14,JALISCO,16,SAN PEDRO TLAQUEPAQUE,PRI,42020,130837,107,4148,135092,319258,42020,No
2015,14,JALISCO,16,SAN PEDRO TLAQUEPAQUE,PRD,2176,130837,107,4148,135092,319258,2176,No
2015,14,JALISCO,16,SAN PEDRO TLAQUEPAQUE,PVEM,5112,130837,107,4148,135092,319258,5112,No
2015,14,JALISCO,16,SAN PEDRO TLAQUEPAQUE,PT,3484,130837,107,4148,135092,319258,3484,No
2015,14,JALISCO,16,SAN PEDRO TLAQUEPAQUE,MC,43133,130837,107,4148,135092,319258,43133,No
2015,14,JALISCO,16,SAN PEDRO TLAQUEPAQUE,NUAL,3947,130837,107,4148,135092,319258,3947,No
2015,14,JALISCO,16,SAN PEDRO TLAQUEPAQUE,MORENA,5661,130837,107,4148,135092,319258,5661,No
2015,14,JALISCO,16,SAN PEDRO TLAQUEPAQUE,PH,2677,130837,107,4148,135092,319258,2677,No
2015,14,JALISCO,16,SAN PEDRO TLAQUEPAQUE,ES,4115,130837,107,4148,135092,319258,4115,No
2015,14,JALISCO,16,SAN PEDRO TLAQUEPAQUE,PRI_PVEM,2069,130837,107,4148,135092,319258,49201,Sí
2015,14,JALISCO,17,JOCOTEPEC,PAN,31768,172220,90,4845,177155,304805,31768,No
2015,14,JALISCO,17,JOCOTEPEC,PRI,52019,172220,90,4845,177155,304805,52019,No
2015,14,JALISCO,17,JOCOTEPEC,PRD,7300,172220,90,4845,177155,304805,7300,No
2015,14,JALISCO,17,JOCOTEPEC,PVEM,9589,172220,90,4845,177155,304805,9589,No
2015,14,JALISCO,17,JOCOTEPEC,PT,2952,172220,90,4845,177155,304805,2952,No
2015,14,JALISCO,17,JOCOTEPEC,MC,52529,172220,90,4845,177155,304805,52529,No
2015,14,JALISCO,17,JOCOTEPEC,NUAL,4058,172220,90,4845,177155,304805,4058,No
2015,14,JALISCO,17,JOCOTEPEC,MORENA,6367,172220,90,4845,177155,304805,6367,No
2015,14,JALISCO,17,JOCOTEPEC,PH,1398,172220,90,4845,177155,304805,1398,No
2015,14,JALISCO,17,JOCOTEPEC,ES,2017,172220,90,4845,177155,304805,2017,No
2015,14,JALISCO,17,JOCOTEPEC,PRI_PVEM,2223,172220,90,4845,177155,304805,63831,Sí
2015,14,JALISCO,17,JOCOTEPEC,Candidatura Independiente,0,172220,90,4845,177155,304805,0,No
2015,14,JALISCO,18,AUTLÁN DE NAVARRO,PAN,40826,164720,48,4653,169421,293845,40826,No
2015,14,JALISCO,18,AUTLÁN DE NAVARRO,PRI,55888,164720,48,4653,169421,293845,55888,No
2015,14,JALISCO,18,AUTLÁN DE NAVARRO,PRD,8209,164720,48,4653,169421,293845,8209,No
2015,14,JALISCO,18,AUTLÁN DE NAVARRO,PVEM,3695,164720,48,4653,169421,293845,3695,No
2015,14,JALISCO,18,AUTLÁN DE NAVARRO,PT,2368,164720,48,4653,169421,293845,2368,No
2015,14,JALISCO,18,AUTLÁN DE NAVARRO,MC,35596,164720,48,4653,169421,293845,35596,No
2015,14,JALISCO,18,AUTLÁN DE NAVARRO,NUAL,5642,164720,48,4653,169421,293845,5642,No
2015,14,JALISCO,18,AUTLÁN DE NAVARRO,MORENA,4449,164720,48,4653,169421,293845,4449,No
2015,14,JALISCO,18,AUTLÁN DE NAVARRO,PH,4554,164720,48,4653,169421,293845,4554,No
2015,14,JALISCO,18,AUTLÁN DE NAVARRO,ES,1914,164720,48,4653,169421,293845,1914,No
2015,14,JALISCO,18,AUTLÁN DE NAVARRO,PRI_PVEM,1579,164720,48,4653,169421,293845,61162,Sí
2015,14,JALISCO,19,ZAPOTLÁN EL GRANDE,PAN,23942,163630,36,4699,168365,283838,23942,No
2015,14,JALISCO,19,ZAPOTLÁN EL GRANDE,PRI,41562,163630,36,4699,168365,283838,41562,No
2015,14,JALISCO,19,ZAPOTLÁN EL GRANDE,PRD,38003,163630,36,4699,168365,283838,38003,No
2015,14,JALISCO,19,ZAPOTLÁN EL GRANDE,PVEM,4238,163630,36,4699,168365,283838,4238,No
2015,14,JALISCO,19,ZAPOTLÁN EL GRANDE,PT,3136,163630,36,4699,168365,283838,3136,No
2015,14,JALISCO,19,ZAPOTLÁN EL GRANDE,MC,32536,163630,36,4699,168365,283838,32536,No
2015,14,JALISCO,19,ZAPOTLÁN EL GRANDE,NUAL,7541,163630,36,4699,168365,283838,7541,No
2015,14,JALISCO,19,ZAPOTLÁN EL GRANDE,MORENA,5647,163630,36,4699,168365,283838,5647,No
2015,14,JALISCO,19,ZAPOTLÁN EL GRANDE,PH,3162,163630,36,4699,168365,283838,3162,No
2015,14,JALISCO,19,ZAPOTLÁN EL GRANDE,ES,2426,163630,36,4699,168365,283838,2426,No
2015,14,JALISCO,19,ZAPOTLÁN EL GRANDE,PRI_PVEM,1437,163630,36,4699,168365,283838,47237,Sí
2015,14,JALISCO,20,TONALÁ,PAN,17240,116882,97,4530,121509,310250,17240,No
2015,14,JALISCO,20,TONALÁ,PRI,40724,116882,97,4530,121509,310250,40724,No
2015,14,JALISCO,20,TONALÁ,PRD,2711,116882,97,4530,121509,310250,2711,No
2015,14,JALISCO,20,TONALÁ,PVEM,5198,116882,97,4530,121509,310250,5198,No
2015,14,JALISCO,20,TONALÁ,PT,3720,116882,97,4530,121509,310250,3720,No
2015,14,JALISCO,20,TONALÁ,MC,31123,116882,97,4530,121509,310250,31123,No
2015,14,JALISCO,20,TONALÁ,NUAL,4765,116882,97,4530,121509,310250,4765,No
2015,14,JALISCO,20,TONALÁ,MORENA,3592,116882,97,4530,121509,310250,3592,No
2015,14,JALISCO,20,TONALÁ,PH,3354,116882,97,4530,121509,310250,3354,No
2015,14,JALISCO,20,TONALÁ,ES,4455,116882,97,4530,121509,310250,4455,No
2015,15,MEXICO,1,TOLUCA,PAN,29135,115197,209,5714,121120,233846,29135,No
2015,15,MEXICO,1,TOLUCA,PRI,38920,115197,209,5714,121120,233846,38920,No
2015,15,MEXICO,1,TOLUCA,PRD,8590,115197,209,5714,121120,233846,8590,No
2015,15,MEXICO,1,TOLUCA,PVEM,3989,115197,209,5714,121120,233846,3989,No
2015,15,MEXICO,1,TOLUCA,PT,5155,115197,209,5714,121120,233846,5155,No
2015,15,MEXICO,1,TOLUCA,MC,3972,115197,209,5714,121120,233846,3972,No
2015,15,MEXICO,1,TOLUCA,NUAL,4516,115197,209,5714,121120,233846,4516,No
2015,15,MEXICO,1,TOLUCA,MORENA,8947,115197,209,5714,121120,233846,8947,No
2015,15,MEXICO,1,TOLUCA,PH,4062,115197,209,5714,121120,233846,4062,No
2015,15,MEXICO,1,TOLUCA,ES,6402,115197,209,5714,121120,233846,6402,No
2015,15,MEXICO,1,TOLUCA,PFD,800,115197,209,5714,121120,233846,800,No
2015,15,MEXICO,1,TOLUCA,PRI_PVEM,709,115197,209,5714,121120,233846,43618,Sí
2015,15,MEXICO,1,TOLUCA,Candidatura Independiente,0,115197,209,5714,121120,233846,0,No
2015,15,MEXICO,1,TOLUCA,Candidatura Independiente,0,115197,209,5714,121120,233846,0,No
2015,15,MEXICO,2,TOLUCA,PAN,42467,171141,271,8286,179698,354932,42467,No
2015,15,MEXICO,2,TOLUCA,PRI,60975,171141,271,8286,179698,354932,60975,No
2015,15,MEXICO,2,TOLUCA,PRD,10385,171141,271,8286,179698,354932,10385,No
2015,15,MEXICO,2,TOLUCA,PVEM,5403,171141,271,8286,179698,354932,5403,No
2015,15,MEXICO,2,TOLUCA,PT,6943,171141,271,8286,179698,354932,6943,No
2015,15,MEXICO,2,TOLUCA,MC,6759,171141,271,8286,179698,354932,6759,No
2015,15,MEXICO,2,TOLUCA,NUAL,8364,171141,271,8286,179698,354932,8364,No
2015,15,MEXICO,2,TOLUCA,MORENA,12409,171141,271,8286,179698,354932,12409,No
2015,15,MEXICO,2,TOLUCA,PH,5271,171141,271,8286,179698,354932,5271,No
2015,15,MEXICO,2,TOLUCA,ES,9512,171141,271,8286,179698,354932,9512,No
2015,15,MEXICO,2,TOLUCA,PFD,1129,171141,271,8286,179698,354932,1129,No
2015,15,MEXICO,2,TOLUCA,PRI_PVEM,1524,171141,271,8286,179698,354932,67902,Sí
2015,15,MEXICO,2,TOLUCA,Candidatura Independiente,0,171141,271,8286,179698,354932,0,No
2015,15,MEXICO,2,TOLUCA,Candidatura Independiente,0,171141,271,8286,179698,354932,0,No
2015,15,MEXICO,3,TEMOAYA,PAN,12719,105909,44,5157,111110,196212,12719,No
2015,15,MEXICO,3,TEMOAYA,PRI,37320,105909,44,5157,111110,196212,37320,No
2015,15,MEXICO,3,TEMOAYA,PRD,3458,105909,44,5157,111110,196212,3458,No
2015,15,MEXICO,3,TEMOAYA,PVEM,14849,105909,44,5157,111110,196212,14849,No
2015,15,MEXICO,3,TEMOAYA,PT,9043,105909,44,5157,111110,196212,9043,No
2015,15,MEXICO,3,TEMOAYA,MC,13398,105909,44,5157,111110,196212,13398,No
2015,15,MEXICO,3,TEMOAYA,NUAL,2800,105909,44,5157,111110,196212,2800,No
2015,15,MEXICO,3,TEMOAYA,MORENA,7758,105909,44,5157,111110,196212,7758,No
2015,15,MEXICO,3,TEMOAYA,PH,1860,105909,44,5157,111110,196212,1860,No
2015,15,MEXICO,3,TEMOAYA,ES,2100,105909,44,5157,111110,196212,2100,No
2015,15,MEXICO,3,TEMOAYA,PFD,604,105909,44,5157,111110,196212,604,No
2015,15,MEXICO,3,TEMOAYA,PRI_PVEM,0,105909,44,5157,111110,196212,52169,Sí
2015,15,MEXICO,3,TEMOAYA,Candidatura Independiente,0,105909,44,5157,111110,196212,0,No
2015,15,MEXICO,3,TEMOAYA,Candidatura Independiente,0,105909,44,5157,111110,196212,0,No
2015,15,MEXICO,4,LERMA,PAN,25447,107954,144,3956,112054,193383,25447,No
2015,15,MEXICO,4,LERMA,PRI,40796,107954,144,3956,112054,193383,40796,No
2015,15,MEXICO,4,LERMA,PRD,7791,107954,144,3956,112054,193383,7791,No
2015,15,MEXICO,4,LERMA,PVEM,2784,107954,144,3956,112054,193383,2784,No
2015,15,MEXICO,4,LERMA,PT,5169,107954,144,3956,112054,193383,5169,No
2015,15,MEXICO,4,LERMA,MC,6783,107954,144,3956,112054,193383,6783,No
2015,15,MEXICO,4,LERMA,NUAL,3854,107954,144,3956,112054,193383,3854,No
2015,15,MEXICO,4,LERMA,MORENA,8056,107954,144,3956,112054,193383,8056,No
2015,15,MEXICO,4,LERMA,PH,0,107954,144,3956,112054,193383,0,No
2015,15,MEXICO,4,LERMA,ES,5222,107954,144,3956,112054,193383,5222,No
2015,15,MEXICO,4,LERMA,PFD,1693,107954,144,3956,112054,193383,1693,No
2015,15,MEXICO,4,LERMA,PRI_PVEM,359,107954,144,3956,112054,193383,43939,Sí
2015,15,MEXICO,4,LERMA,Candidatura Independiente,0,107954,144,3956,112054,193383,0,No
2015,15,MEXICO,4,LERMA,Candidatura Independiente,0,107954,144,3956,112054,193383,0,No
2015,15,MEXICO,5,TENANGO DEL VALLE,PAN,8272,71569,49,2627,74245,120493,8272,No
2015,15,MEXICO,5,TENANGO DEL VALLE,PRI,26790,71569,49,2627,74245,120493,26790,No
2015,15,MEXICO,5,TENANGO DEL VALLE,PRD,8442,71569,49,2627,74245,120493,8442,No
2015,15,MEXICO,5,TENANGO DEL VALLE,PVEM,1089,71569,49,2627,74245,120493,1089,No
2015,15,MEXICO,5,TENANGO DEL VALLE,PT,11917,71569,49,2627,74245,120493,11917,No
2015,15,MEXICO,5,TENANGO DEL VALLE,MC,1570,71569,49,2627,74245,120493,1570,No
2015,15,MEXICO,5,TENANGO DEL VALLE,NUAL,2398,71569,49,2627,74245,120493,2398,No
2015,15,MEXICO,5,TENANGO DEL VALLE,MORENA,3334,71569,49,2627,74245,120493,3334,No
2015,15,MEXICO,5,TENANGO DEL VALLE,PH,3548,71569,49,2627,74245,120493,3548,No
2015,15,MEXICO,5,TENANGO DEL VALLE,ES,2372,71569,49,2627,74245,120493,2372,No
2015,15,MEXICO,5,TENANGO DEL VALLE,PFD,1400,71569,49,2627,74245,120493,1400,No
2015,15,MEXICO,5,TENANGO DEL VALLE,PRI_PVEM,437,71569,49,2627,74245,120493,28316,Sí
2015,15,MEXICO,5,TENANGO DEL VALLE,Candidatura Independiente,0,71569,49,2627,74245,120493,0,No
2015,15,MEXICO,5,TENANGO DEL VALLE,Candidatura Independiente,0,71569,49,2627,74245,120493,0,No
2015,15,MEXICO,6,TIANGUISTENCO,PAN,11860,48756,44,2122,50922,95027,11860,No
2015,15,MEXICO,6,TIANGUISTENCO,PRI,17808,48756,44,2122,50922,95027,17808,No
2015,15,MEXICO,6,TIANGUISTENCO,PRD,6056,48756,44,2122,50922,95027,6056,No
2015,15,MEXICO,6,TIANGUISTENCO,PVEM,873,48756,44,2122,50922,95027,873,No
2015,15,MEXICO,6,TIANGUISTENCO,PT,2115,48756,44,2122,50922,95027,2115,No
2015,15,MEXICO,6,TIANGUISTENCO,MC,890,48756,44,2122,50922,95027,890,No
2015,15,MEXICO,6,TIANGUISTENCO,NUAL,1700,48756,44,2122,50922,95027,1700,No
2015,15,MEXICO,6,TIANGUISTENCO,MORENA,4320,48756,44,2122,50922,95027,4320,No
2015,15,MEXICO,6,TIANGUISTENCO,PH,0,48756,44,2122,50922,95027,0,No
2015,15,MEXICO,6,TIANGUISTENCO,ES,2194,48756,44,2122,50922,95027,2194,No
2015,15,MEXICO,6,TIANGUISTENCO,PFD,769,48756,44,2122,50922,95027,769,No
2015,15,MEXICO,6,TIANGUISTENCO,PRI_PVEM,171,48756,44,2122,50922,95027,18852,Sí
2015,15,MEXICO,6,TIANGUISTENCO,Candidatura Independiente,0,48756,44,2122,50922,95027,0,No
2015,15,MEXICO,6,TIANGUISTENCO,Candidatura Independiente,0,48756,44,2122,50922,95027,0,No
2015,15,MEXICO,7,TENANCINGO,PAN,16771,76193,25,3192,79410,122556,16771,No
2015,15,MEXICO,7,TENANCINGO,PRI,25953,76193,25,3192,79410,122556,25953,No
2015,15,MEXICO,7,TENANCINGO,PRD,11352,76193,25,3192,79410,122556,11352,No
2015,15,MEXICO,7,TENANCINGO,PVEM,1622,76193,25,3192,79410,122556,1622,No
2015,15,MEXICO,7,TENANCINGO,PT,3823,76193,25,3192,79410,122556,3823,No
2015,15,MEXICO,7,TENANCINGO,MC,2599,76193,25,3192,79410,122556,2599,No
2015,15,MEXICO,7,TENANCINGO,NUAL,3375,76193,25,3192,79410,122556,3375,No
2015,15,MEXICO,7,TENANCINGO,MORENA,7121,76193,25,3192,79410,122556,7121,No
2015,15,MEXICO,7,TENANCINGO,PH,1994,76193,25,3192,79410,122556,1994,No
2015,15,MEXICO,7,TENANCINGO,ES,1300,76193,25,3192,79410,122556,1300,No
2015,15,MEXICO,7,TENANCINGO,PFD,283,76193,25,3192,79410,122556,283,No
2015,15,MEXICO,7,TENANCINGO,PRI_PVEM,0,76193,25,3192,79410,122556,27575,Sí
2015,15,MEXICO,7,TENANCINGO,Candidatura Independiente,0,76193,25,3192,79410,122556,0,No
2015,15,MEXICO,7,TENANCINGO,Candidatura Independiente,0,76193,25,3192,79410,122556,0,No
2015,15,MEXICO,8,SULTEPEC,PAN,17359,58188,4,1737,59929,79426,17359,No
2015,15,MEXICO,8,SULTEPEC,PRI,26462,58188,4,1737,59929,79426,26462,No
2015,15,MEXICO,8,SULTEPEC,PRD,7690,58188,4,1737,59929,79426,7690,No
2015,15,MEXICO,8,SULTEPEC,PVEM,528,58188,4,1737,59929,79426,528,No
2015,15,MEXICO,8,SULTEPEC,PT,735,58188,4,1737,59929,79426,735,No
2015,15,MEXICO,8,SULTEPEC,MC,2199,58188,4,1737,59929,79426,2199,No
2015,15,MEXICO,8,SULTEPEC,NUAL,836,58188,4,1737,59929,79426,836,No
2015,15,MEXICO,8,SULTEPEC,MORENA,1678,58188,4,1737,59929,79426,1678,No
2015,15,MEXICO,8,SULTEPEC,PH,439,58188,4,1737,59929,79426,439,No
2015,15,MEXICO,8,SULTEPEC,ES,166,58188,4,1737,59929,79426,166,No
2015,15,MEXICO,8,SULTEPEC,PFD,96,58188,4,1737,59929,79426,96,No
2015,15,MEXICO,8,SULTEPEC,PRI_PVEM,0,58188,4,1737,59929,79426,26990,Sí
2015,15,MEXICO,8,SULTEPEC,Candidatura Independiente,0,58188,4,1737,59929,79426,0,No
2015,15,MEXICO,8,SULTEPEC,Candidatura Independiente,0,58188,4,1737,59929,79426,0,No
2015,15,MEXICO,9,TEJUPILCO,PAN,9477,81016,52,3340,84408,120405,9477,No
2015,15,MEXICO,9,TEJUPILCO,PRI,32892,81016,52,3340,84408,120405,32892,No
2015,15,MEXICO,9,TEJUPILCO,PRD,33611,81016,52,3340,84408,120405,33611,No
2015,15,MEXICO,9,TEJUPILCO,PVEM,622,81016,52,3340,84408,120405,622,No
2015,15,MEXICO,9,TEJUPILCO,PT,573,81016,52,3340,84408,120405,573,No
2015,15,MEXICO,9,TEJUPILCO,MC,277,81016,52,3340,84408,120405,277,No
2015,15,MEXICO,9,TEJUPILCO,NUAL,966,81016,52,3340,84408,120405,966,No
2015,15,MEXICO,9,TEJUPILCO,MORENA,1568,81016,52,3340,84408,120405,1568,No
2015,15,MEXICO,9,TEJUPILCO,PH,302,81016,52,3340,84408,120405,302,No
2015,15,MEXICO,9,TEJUPILCO,ES,375,81016,52,3340,84408,120405,375,No
2015,15,MEXICO,9,TEJUPILCO,PFD,68,81016,52,3340,84408,120405,68,No
2015,15,MEXICO,9,TEJUPILCO,PRI_PVEM,285,81016,52,3340,84408,120405,33799,Sí
2015,15,MEXICO,9,TEJUPILCO,Candidatura Independiente,0,81016,52,3340,84408,120405,0,No
2015,15,MEXICO,9,TEJUPILCO,Candidatura Independiente,0,81016,52,3340,84408,120405,0,No
2015,15,MEXICO,10,VALLE DE BRAVO,PAN,18590,82181,42,2393,84616,121962,18590,No
2015,15,MEXICO,10,VALLE DE BRAVO,PRI,42829,82181,42,2393,84616,121962,42829,No
2015,15,MEXICO,10,VALLE DE BRAVO,PRD,2791,82181,42,2393,84616,121962,2791,No
2015,15,MEXICO,10,VALLE DE BRAVO,PVEM,1305,82181,42,2393,84616,121962,1305,No
2015,15,MEXICO,10,VALLE DE BRAVO,PT,6026,82181,42,2393,84616,121962,6026,No
2015,15,MEXICO,10,VALLE DE BRAVO,MC,3003,82181,42,2393,84616,121962,3003,No
2015,15,MEXICO,10,VALLE DE BRAVO,NUAL,1875,82181,42,2393,84616,121962,1875,No
2015,15,MEXICO,10,VALLE DE BRAVO,MORENA,3029,82181,42,2393,84616,121962,3029,No
2015,15,MEXICO,10,VALLE DE BRAVO,PH,1367,82181,42,2393,84616,121962,1367,No
2015,15,MEXICO,10,VALLE DE BRAVO,ES,826,82181,42,2393,84616,121962,826,No
2015,15,MEXICO,10,VALLE DE BRAVO,PFD,178,82181,42,2393,84616,121962,178,No
2015,15,MEXICO,10,VALLE DE BRAVO,PRI_PVEM,362,82181,42,2393,84616,121962,44496,Sí
2015,15,MEXICO,10,VALLE DE BRAVO,Candidatura Independiente,0,82181,42,2393,84616,121962,0,No
2015,15,MEXICO,10,VALLE DE BRAVO,Candidatura Independiente,0,82181,42,2393,84616,121962,0,No
2015,15,MEXICO,11,SANTO TOMÁS,PAN,5440,52569,14,1757,54340,70901,5440,No
2015,15,MEXICO,11,SANTO TOMÁS,PRI,19729,52569,14,1757,54340,70901,19729,No
2015,15,MEXICO,11,SANTO TOMÁS,PRD,22961,52569,14,1757,54340,70901,22961,No
2015,15,MEXICO,11,SANTO TOMÁS,PVEM,404,52569,14,1757,54340,70901,404,No
2015,15,MEXICO,11,SANTO TOMÁS,PT,1340,52569,14,1757,54340,70901,1340,No
2015,15,MEXICO,11,SANTO TOMÁS,MC,200,52569,14,1757,54340,70901,200,No
2015,15,MEXICO,11,SANTO TOMÁS,NUAL,1432,52569,14,1757,54340,70901,1432,No
2015,15,MEXICO,11,SANTO TOMÁS,MORENA,521,52569,14,1757,54340,70901,521,No
2015,15,MEXICO,11,SANTO TOMÁS,PH,0,52569,14,1757,54340,70901,0,No
2015,15,MEXICO,11,SANTO TOMÁS,ES,206,52569,14,1757,54340,70901,206,No
2015,15,MEXICO,11,SANTO TOMÁS,PFD,72,52569,14,1757,54340,70901,72,No
2015,15,MEXICO,11,SANTO TOMÁS,PRI_PVEM,264,52569,14,1757,54340,70901,20397,Sí
2015,15,MEXICO,11,SANTO TOMÁS,Candidatura Independiente,0,52569,14,1757,54340,70901,0,No
2015,15,MEXICO,11,SANTO TOMÁS,Candidatura Independiente,0,52569,14,1757,54340,70901,0,No
2015,15,MEXICO,12,EL ORO,PAN,28589,91711,263,4747,96721,165838,28589,No
2015,15,MEXICO,12,EL ORO,PRI,44645,91711,263,4747,96721,165838,44645,No
2015,15,MEXICO,12,EL ORO,PRD,3347,91711,263,4747,96721,165838,3347,No
2015,15,MEXICO,12,EL ORO,PVEM,1216,91711,263,4747,96721,165838,1216,No
2015,15,MEXICO,12,EL ORO,PT,1630,91711,263,4747,96721,165838,1630,No
2015,15,MEXICO,12,EL ORO,MC,1338,91711,263,4747,96721,165838,1338,No
2015,15,MEXICO,12,EL ORO,NUAL,4878,91711,263,4747,96721,165838,4878,No
2015,15,MEXICO,12,EL ORO,MORENA,2588,91711,263,4747,96721,165838,2588,No
2015,15,MEXICO,12,EL ORO,PH,993,91711,263,4747,96721,165838,993,No
2015,15,MEXICO,12,EL ORO,ES,1267,91711,263,4747,96721,165838,1267,No
2015,15,MEXICO,12,EL ORO,PFD,766,91711,263,4747,96721,165838,766,No
2015,15,MEXICO,12,EL ORO,PRI_PVEM,454,91711,263,4747,96721,165838,46315,Sí
2015,15,MEXICO,12,EL ORO,Candidatura Independiente,0,91711,263,4747,96721,165838,0,No
2015,15,MEXICO,12,EL ORO,Candidatura Independiente,0,91711,263,4747,96721,165838,0,No
2015,15,MEXICO,13,ATLACOMULCO,PAN,20980,115309,79,4962,120350,200930,20980,No
2015,15,MEXICO,13,ATLACOMULCO,PRI,55658,115309,79,4962,120350,200930,55658,No
2015,15,MEXICO,13,ATLACOMULCO,PRD,14402,115309,79,4962,120350,200930,14402,No
2015,15,MEXICO,13,ATLACOMULCO,PVEM,2694,115309,79,4962,120350,200930,2694,No
2015,15,MEXICO,13,ATLACOMULCO,PT,6604,115309,79,4962,120350,200930,6604,No
2015,15,MEXICO,13,ATLACOMULCO,MC,1999,115309,79,4962,120350,200930,1999,No
2015,15,MEXICO,13,ATLACOMULCO,NUAL,4197,115309,79,4962,120350,200930,4197,No
2015,15,MEXICO,13,ATLACOMULCO,MORENA,4301,115309,79,4962,120350,200930,4301,No
2015,15,MEXICO,13,ATLACOMULCO,PH,1292,115309,79,4962,120350,200930,1292,No
2015,15,MEXICO,13,ATLACOMULCO,ES,2244,115309,79,4962,120350,200930,2244,No
2015,15,MEXICO,13,ATLACOMULCO,PFD,297,115309,79,4962,120350,200930,297,No
2015,15,MEXICO,13,ATLACOMULCO,PRI_PVEM,641,115309,79,4962,120350,200930,58993,Sí
2015,15,MEXICO,13,ATLACOMULCO,Candidatura Independiente,0,115309,79,4962,120350,200930,0,No
2015,15,MEXICO,13,ATLACOMULCO,Candidatura Independiente,0,115309,79,4962,120350,200930,0,No
2015,15,MEXICO,14,JILOTEPEC,PAN,21177,67410,21,2342,69773,99273,21177,No
2015,15,MEXICO,14,JILOTEPEC,PRI,24629,67410,21,2342,69773,99273,24629,No
2015,15,MEXICO,14,JILOTEPEC,PRD,2371,67410,21,2342,69773,99273,2371,No
2015,15,MEXICO,14,JILOTEPEC,PVEM,900,67410,21,2342,69773,99273,900,No
2015,15,MEXICO,14,JILOTEPEC,PT,610,67410,21,2342,69773,99273,610,No
2015,15,MEXICO,14,JILOTEPEC,MC,358,67410,21,2342,69773,99273,358,No
2015,15,MEXICO,14,JILOTEPEC,NUAL,14130,67410,21,2342,69773,99273,14130,No
2015,15,MEXICO,14,JILOTEPEC,MORENA,1381,67410,21,2342,69773,99273,1381,No
2015,15,MEXICO,14,JILOTEPEC,PH,490,67410,21,2342,69773,99273,490,No
2015,15,MEXICO,14,JILOTEPEC,ES,779,67410,21,2342,69773,99273,779,No
2015,15,MEXICO,14,JILOTEPEC,PFD,328,67410,21,2342,69773,99273,328,No
2015,15,MEXICO,14,JILOTEPEC,PRI_PVEM,257,67410,21,2342,69773,99273,25786,Sí
2015,15,MEXICO,14,JILOTEPEC,Candidatura Independiente,0,67410,21,2342,69773,99273,0,No
2015,15,MEXICO,14,JILOTEPEC,Candidatura Independiente,0,67410,21,2342,69773,99273,0,No
2015,15,MEXICO,15,IXTLAHUACA,PAN,12909,90249,69,3659,93977,165075,12909,No
2015,15,MEXICO,15,IXTLAHUACA,PRI,41828,90249,69,3659,93977,165075,41828,No
2015,15,MEXICO,15,IXTLAHUACA,PRD,2794,90249,69,3659,93977,165075,2794,No
2015,15,MEXICO,15,IXTLAHUACA,PVEM,2050,90249,69,3659,93977,165075,2050,No
2015,15,MEXICO,15,IXTLAHUACA,PT,2297,90249,69,3659,93977,165075,2297,No
2015,15,MEXICO,15,IXTLAHUACA,MC,13985,90249,69,3659,93977,165075,13985,No
2015,15,MEXICO,15,IXTLAHUACA,NUAL,4103,90249,69,3659,93977,165075,4103,No
2015,15,MEXICO,15,IXTLAHUACA,MORENA,3597,90249,69,3659,93977,165075,3597,No
2015,15,MEXICO,15,IXTLAHUACA,PH,1750,90249,69,3659,93977,165075,1750,No
2015,15,MEXICO,15,IXTLAHUACA,ES,4176,90249,69,3659,93977,165075,4176,No
2015,15,MEXICO,15,IXTLAHUACA,PFD,430,90249,69,3659,93977,165075,430,No
2015,15,MEXICO,15,IXTLAHUACA,PRI_PVEM,330,90249,69,3659,93977,165075,44208,Sí
2015,15,MEXICO,15,IXTLAHUACA,Candidatura Independiente,0,90249,69,3659,93977,165075,0,No
2015,15,MEXICO,15,IXTLAHUACA,Candidatura Independiente,0,90249,69,3659,93977,165075,0,No
2015,15,MEXICO,16,ATIZAPÁN DE ZARAGOZA,PAN,53220,151193,327,8582,160102,378410,53220,No
2015,15,MEXICO,16,ATIZAPÁN DE ZARAGOZA,PRI,40362,151193,327,8582,160102,378410,40362,No
2015,15,MEXICO,16,ATIZAPÁN DE ZARAGOZA,PRD,6808,151193,327,8582,160102,378410,6808,No
2015,15,MEXICO,16,ATIZAPÁN DE ZARAGOZA,PVEM,5353,151193,327,8582,160102,378410,5353,No
2015,15,MEXICO,16,ATIZAPÁN DE ZARAGOZA,PT,2239,151193,327,8582,160102,378410,2239,No
2015,15,MEXICO,16,ATIZAPÁN DE ZARAGOZA,MC,4719,151193,327,8582,160102,378410,4719,No
2015,15,MEXICO,16,ATIZAPÁN DE ZARAGOZA,NUAL,5598,151193,327,8582,160102,378410,5598,No
2015,15,MEXICO,16,ATIZAPÁN DE ZARAGOZA,MORENA,16945,151193,327,8582,160102,378410,16945,No
2015,15,MEXICO,16,ATIZAPÁN DE ZARAGOZA,PH,4222,151193,327,8582,160102,378410,4222,No
2015,15,MEXICO,16,ATIZAPÁN DE ZARAGOZA,ES,9686,151193,327,8582,160102,378410,9686,No
2015,15,MEXICO,16,ATIZAPÁN DE ZARAGOZA,PFD,954,151193,327,8582,160102,378410,954,No
2015,15,MEXICO,16,ATIZAPÁN DE ZARAGOZA,PRI_PVEM,1087,151193,327,8582,160102,378410,46802,Sí
2015,15,MEXICO,16,ATIZAPÁN DE ZARAGOZA,Candidatura Independiente,0,151193,327,8582,160102,378410,0,No
2015,15,MEXICO,16,ATIZAPÁN DE ZARAGOZA,Candidatura Independiente,0,151193,327,8582,160102,378410,0,No
2015,15,MEXICO,17,HUIXQUILUCAN,PAN,35870,96678,180,4508,101366,191156,35870,No
2015,15,MEXICO,17,HUIXQUILUCAN,PRI,34851,96678,180,4508,101366,191156,34851,No
2015,15,MEXICO,17,HUIXQUILUCAN,PRD,6551,96678,180,4508,101366,191156,6551,No
2015,15,MEXICO,17,HUIXQUILUCAN,PVEM,2093,96678,180,4508,101366,191156,2093,No
2015,15,MEXICO,17,HUIXQUILUCAN,PT,934,96678,180,4508,101366,191156,934,No
2015,15,MEXICO,17,HUIXQUILUCAN,MC,1421,96678,180,4508,101366,191156,1421,No
2015,15,MEXICO,17,HUIXQUILUCAN,NUAL,2412,96678,180,4508,101366,191156,2412,No
2015,15,MEXICO,17,HUIXQUILUCAN,MORENA,5994,96678,180,4508,101366,191156,5994,No
2015,15,MEXICO,17,HUIXQUILUCAN,PH,1824,96678,180,4508,101366,191156,1824,No
2015,15,MEXICO,17,HUIXQUILUCAN,ES,3437,96678,180,4508,101366,191156,3437,No
2015,15,MEXICO,17,HUIXQUILUCAN,PFD,487,96678,180,4508,101366,191156,487,No
2015,15,MEXICO,17,HUIXQUILUCAN,PRI_PVEM,804,96678,180,4508,101366,191156,37748,Sí
2015,15,MEXICO,17,HUIXQUILUCAN,Candidatura Independiente,0,96678,180,4508,101366,191156,0,No
2015,15,MEXICO,17,HUIXQUILUCAN,Candidatura Independiente,0,96678,180,4508,101366,191156,0,No
2015,15,MEXICO,18,TLALNEPANTLA,PAN,36726,111989,321,7794,120104,250931,36726,No
2015,15,MEXICO,18,TLALNEPANTLA,PRI,27835,111989,321,7794,120104,250931,27835,No
2015,15,MEXICO,18,TLALNEPANTLA,PRD,7337,111989,321,7794,120104,250931,7337,No
2015,15,MEXICO,18,TLALNEPANTLA,PVEM,4015,111989,321,7794,120104,250931,4015,No
2015,15,MEXICO,18,TLALNEPANTLA,PT,1659,111989,321,7794,120104,250931,1659,No
2015,15,MEXICO,18,TLALNEPANTLA,MC,3659,111989,321,7794,120104,250931,3659,No
2015,15,MEXICO,18,TLALNEPANTLA,NUAL,3698,111989,321,7794,120104,250931,3698,No
2015,15,MEXICO,18,TLALNEPANTLA,MORENA,13456,111989,321,7794,120104,250931,13456,No
2015,15,MEXICO,18,TLALNEPANTLA,PH,4102,111989,321,7794,120104,250931,4102,No
2015,15,MEXICO,18,TLALNEPANTLA,ES,7939,111989,321,7794,120104,250931,7939,No
2015,15,MEXICO,18,TLALNEPANTLA,PFD,901,111989,321,7794,120104,250931,901,No
2015,15,MEXICO,18,TLALNEPANTLA,PRI_PVEM,662,111989,321,7794,120104,250931,32512,Sí
2015,15,MEXICO,18,TLALNEPANTLA,Candidatura Independiente,0,111989,321,7794,120104,250931,0,No
2015,15,MEXICO,18,TLALNEPANTLA,Candidatura Independiente,0,111989,321,7794,120104,250931,0,No
2015,15,MEXICO,19,CUAUTITLÁN,PAN,26604,135229,233,4892,140354,277508,26604,No
2015,15,MEXICO,19,CUAUTITLÁN,PRI,38898,135229,233,4892,140354,277508,38898,No
2015,15,MEXICO,19,CUAUTITLÁN,PRD,29184,135229,233,4892,140354,277508,29184,No
2015,15,MEXICO,19,CUAUTITLÁN,PVEM,3034,135229,233,4892,140354,277508,3034,No
2015,15,MEXICO,19,CUAUTITLÁN,PT,3670,135229,233,4892,140354,277508,3670,No
2015,15,MEXICO,19,CUAUTITLÁN,MC,6604,135229,233,4892,140354,277508,6604,No
2015,15,MEXICO,19,CUAUTITLÁN,NUAL,3857,135229,233,4892,140354,277508,3857,No
2015,15,MEXICO,19,CUAUTITLÁN,MORENA,12618,135229,233,4892,140354,277508,12618,No
2015,15,MEXICO,19,CUAUTITLÁN,PH,3747,135229,233,4892,140354,277508,3747,No
2015,15,MEXICO,19,CUAUTITLÁN,ES,5625,135229,233,4892,140354,277508,5625,No
2015,15,MEXICO,19,CUAUTITLÁN,PFD,834,135229,233,4892,140354,277508,834,No
2015,15,MEXICO,19,CUAUTITLÁN,PRI_PVEM,554,135229,233,4892,140354,277508,42486,Sí
2015,15,MEXICO,19,CUAUTITLÁN,Candidatura Independiente,0,135229,233,4892,140354,277508,0,No
2015,15,MEXICO,19,CUAUTITLÁN,Candidatura Independiente,0,135229,233,4892,140354,277508,0,No
2015,15,MEXICO,20,ZUMPANGO,PAN,32297,130949,94,4292,135335,240004,32297,No
2015,15,MEXICO,20,ZUMPANGO,PRI,42028,130949,94,4292,135335,240004,42028,No
2015,15,MEXICO,20,ZUMPANGO,PRD,13437,130949,94,4292,135335,240004,13437,No
2015,15,MEXICO,20,ZUMPANGO,PVEM,2124,130949,94,4292,135335,240004,2124,No
2015,15,MEXICO,20,ZUMPANGO,PT,5147,130949,94,4292,135335,240004,5147,No
2015,15,MEXICO,20,ZUMPANGO,MC,9400,130949,94,4292,135335,240004,9400,No
2015,15,MEXICO,20,ZUMPANGO,NUAL,6557,130949,94,4292,135335,240004,6557,No
2015,15,MEXICO,20,ZUMPANGO,MORENA,8414,130949,94,4292,135335,240004,8414,No
2015,15,MEXICO,20,ZUMPANGO,PH,2320,130949,94,4292,135335,240004,2320,No
2015,15,MEXICO,20,ZUMPANGO,ES,7561,130949,94,4292,135335,240004,7561,No
2015,15,MEXICO,20,ZUMPANGO,PFD,729,130949,94,4292,135335,240004,729,No
2015,15,MEXICO,20,ZUMPANGO,PRI_PVEM,935,130949,94,4292,135335,240004,45087,Sí
2015,15,MEXICO,20,ZUMPANGO,Candidatura Independiente,0,130949,94,4292,135335,240004,0,No
2015,15,MEXICO,20,ZUMPANGO,Candidatura Independiente,0,130949,94,4292,135335,240004,0,No
2015,15,MEXICO,21,ECATEPEC,PAN,12122,158395,347,8413,167155,404906,12122,No
2015,15,MEXICO,21,ECATEPEC,PRI,53635,158395,347,8413,167155,404906,53635,No
2015,15,MEXICO,21,ECATEPEC,PRD,27603,158395,347,8413,167155,404906,27603,No
2015,15,MEXICO,21,ECATEPEC,PVEM,6774,158395,347,8413,167155,404906,6774,No
2015,15,MEXICO,21,ECATEPEC,PT,4780,158395,347,8413,167155,404906,4780,No
2015,15,MEXICO,21,ECATEPEC,MC,4741,158395,347,8413,167155,404906,4741,No
2015,15,MEXICO,21,ECATEPEC,NUAL,6465,158395,347,8413,167155,404906,6465,No
2015,15,MEXICO,21,ECATEPEC,MORENA,21250,158395,347,8413,167155,404906,21250,No
2015,15,MEXICO,21,ECATEPEC,PH,4586,158395,347,8413,167155,404906,4586,No
2015,15,MEXICO,21,ECATEPEC,ES,7942,158395,347,8413,167155,404906,7942,No
2015,15,MEXICO,21,ECATEPEC,PFD,599,158395,347,8413,167155,404906,599,No
2015,15,MEXICO,21,ECATEPEC,PRI_PVEM,1588,158395,347,8413,167155,404906,61997,Sí
2015,15,MEXICO,21,ECATEPEC,Candidatura Independiente,6310,158395,347,8413,167155,404906,6310,No
2015,15,MEXICO,21,ECATEPEC,Candidatura Independiente,0,158395,347,8413,167155,404906,0,No
2015,15,MEXICO,22,ECATEPEC,PAN,10757,113290,221,6444,119955,281823,10757,No
2015,15,MEXICO,22,ECATEPEC,PRI,38366,113290,221,6444,119955,281823,38366,No
2015,15,MEXICO,22,ECATEPEC,PRD,15235,113290,221,6444,119955,281823,15235,No
2015,15,MEXICO,22,ECATEPEC,PVEM,5221,113290,221,6444,119955,281823,5221,No
2015,15,MEXICO,22,ECATEPEC,PT,3032,113290,221,6444,119955,281823,3032,No
2015,15,MEXICO,22,ECATEPEC,MC,3338,113290,221,6444,119955,281823,3338,No
2015,15,MEXICO,22,ECATEPEC,NUAL,4718,113290,221,6444,119955,281823,4718,No
2015,15,MEXICO,22,ECATEPEC,MORENA,19412,113290,221,6444,119955,281823,19412,No
2015,15,MEXICO,22,ECATEPEC,PH,3901,113290,221,6444,119955,281823,3901,No
2015,15,MEXICO,22,ECATEPEC,ES,7330,113290,221,6444,119955,281823,7330,No
2015,15,MEXICO,22,ECATEPEC,PFD,605,113290,221,6444,119955,281823,605,No
2015,15,MEXICO,22,ECATEPEC,PRI_PVEM,1375,113290,221,6444,119955,281823,44962,Sí
2015,15,MEXICO,22,ECATEPEC,Candidatura Independiente,0,113290,221,6444,119955,281823,0,No
2015,15,MEXICO,22,ECATEPEC,Candidatura Independiente,0,113290,221,6444,119955,281823,0,No
2015,15,MEXICO,23,TEXCOCO,PAN,8437,174301,124,5648,180073,299991,8437,No
2015,15,MEXICO,23,TEXCOCO,PRI,52489,174301,124,5648,180073,299991,52489,No
2015,15,MEXICO,23,TEXCOCO,PRD,17076,174301,124,5648,180073,299991,17076,No
2015,15,MEXICO,23,TEXCOCO,PVEM,3039,174301,124,5648,180073,299991,3039,No
2015,15,MEXICO,23,TEXCOCO,PT,9162,174301,124,5648,180073,299991,9162,No
2015,15,MEXICO,23,TEXCOCO,MC,6704,174301,124,5648,180073,299991,6704,No
2015,15,MEXICO,23,TEXCOCO,NUAL,3630,174301,124,5648,180073,299991,3630,No
2015,15,MEXICO,23,TEXCOCO,MORENA,59662,174301,124,5648,180073,299991,59662,No
2015,15,MEXICO,23,TEXCOCO,PH,5818,174301,124,5648,180073,299991,5818,No
2015,15,MEXICO,23,TEXCOCO,ES,5961,174301,124,5648,180073,299991,5961,No
2015,15,MEXICO,23,TEXCOCO,PFD,855,174301,124,5648,180073,299991,855,No
2015,15,MEXICO,23,TEXCOCO,PRI_PVEM,1468,174301,124,5648,180073,299991,56996,Sí
2015,15,MEXICO,23,TEXCOCO,Candidatura Independiente,0,174301,124,5648,180073,299991,0,No
2015,15,MEXICO,23,TEXCOCO,Candidatura Independiente,0,174301,124,5648,180073,299991,0,No
2015,15,MEXICO,24,NEZAHUALCÓYOTL,PAN,4557,67580,145,3930,71655,153196,4557,No
2015,15,MEXICO,24,NEZAHUALCÓYOTL,PRI,15958,67580,145,3930,71655,153196,15958,No
2015,15,MEXICO,24,NEZAHUALCÓYOTL,PRD,24603,67580,145,3930,71655,153196,24603,No
2015,15,MEXICO,24,NEZAHUALCÓYOTL,PVEM,1770,67580,145,3930,71655,153196,1770,No
2015,15,MEXICO,24,NEZAHUALCÓYOTL,PT,976,67580,145,3930,71655,153196,976,No
2015,15,MEXICO,24,NEZAHUALCÓYOTL,MC,1610,67580,145,3930,71655,153196,1610,No
2015,15,MEXICO,24,NEZAHUALCÓYOTL,NUAL,1947,67580,145,3930,71655,153196,1947,No
2015,15,MEXICO,24,NEZAHUALCÓYOTL,MORENA,10459,67580,145,3930,71655,153196,10459,No
2015,15,MEXICO,24,NEZAHUALCÓYOTL,PH,1598,67580,145,3930,71655,153196,1598,No
2015,15,MEXICO,24,NEZAHUALCÓYOTL,ES,3561,67580,145,3930,71655,153196,3561,No
2015,15,MEXICO,24,NEZAHUALCÓYOTL,PFD,378,67580,145,3930,71655,153196,378,No
2015,15,MEXICO,24,NEZAHUALCÓYOTL,PRI_PVEM,163,67580,145,3930,71655,153196,17891,Sí
2015,15,MEXICO,24,NEZAHUALCÓYOTL,Candidatura Independiente,0,67580,145,3930,71655,153196,0,No
2015,15,MEXICO,24,NEZAHUALCÓYOTL,Candidatura Independiente,0,67580,145,3930,71655,153196,0,No
2015,15,MEXICO,25,NEZAHUALCÓYOTL,PAN,2225,81484,81,3055,84620,169518,2225,No
2015,15,MEXICO,25,NEZAHUALCÓYOTL,PRI,17040,81484,81,3055,84620,169518,17040,No
2015,15,MEXICO,25,NEZAHUALCÓYOTL,PRD,46859,81484,81,3055,84620,169518,46859,No
2015,15,MEXICO,25,NEZAHUALCÓYOTL,PVEM,1680,81484,81,3055,84620,169518,1680,No
2015,15,MEXICO,25,NEZAHUALCÓYOTL,PT,836,81484,81,3055,84620,169518,836,No
2015,15,MEXICO,25,NEZAHUALCÓYOTL,MC,1040,81484,81,3055,84620,169518,1040,No
2015,15,MEXICO,25,NEZAHUALCÓYOTL,NUAL,1451,81484,81,3055,84620,169518,1451,No
2015,15,MEXICO,25,NEZAHUALCÓYOTL,MORENA,5734,81484,81,3055,84620,169518,5734,No
2015,15,MEXICO,25,NEZAHUALCÓYOTL,PH,1291,81484,81,3055,84620,169518,1291,No
2015,15,MEXICO,25,NEZAHUALCÓYOTL,ES,2340,81484,81,3055,84620,169518,2340,No
2015,15,MEXICO,25,NEZAHUALCÓYOTL,PFD,350,81484,81,3055,84620,169518,350,No
2015,15,MEXICO,25,NEZAHUALCÓYOTL,PRI_PVEM,638,81484,81,3055,84620,169518,19358,Sí
2015,15,MEXICO,25,NEZAHUALCÓYOTL,Candidatura Independiente,0,81484,81,3055,84620,169518,0,No
2015,15,MEXICO,25,NEZAHUALCÓYOTL,Candidatura Independiente,0,81484,81,3055,84620,169518,0,No
2015,15,MEXICO,26,NEZAHUALCÓYOTL,PAN,3222,70220,188,3296,73704,150556,3222,No
2015,15,MEXICO,26,NEZAHUALCÓYOTL,PRI,17546,70220,188,3296,73704,150556,17546,No
2015,15,MEXICO,26,NEZAHUALCÓYOTL,PRD,31650,70220,188,3296,73704,150556,31650,No
2015,15,MEXICO,26,NEZAHUALCÓYOTL,PVEM,1730,70220,188,3296,73704,150556,1730,No
2015,15,MEXICO,26,NEZAHUALCÓYOTL,PT,911,70220,188,3296,73704,150556,911,No
2015,15,MEXICO,26,NEZAHUALCÓYOTL,MC,1208,70220,188,3296,73704,150556,1208,No
2015,15,MEXICO,26,NEZAHUALCÓYOTL,NUAL,1531,70220,188,3296,73704,150556,1531,No
2015,15,MEXICO,26,NEZAHUALCÓYOTL,MORENA,6726,70220,188,3296,73704,150556,6726,No
2015,15,MEXICO,26,NEZAHUALCÓYOTL,PH,1375,70220,188,3296,73704,150556,1375,No
2015,15,MEXICO,26,NEZAHUALCÓYOTL,ES,2321,70220,188,3296,73704,150556,2321,No
2015,15,MEXICO,26,NEZAHUALCÓYOTL,PFD,250,70220,188,3296,73704,150556,250,No
2015,15,MEXICO,26,NEZAHUALCÓYOTL,PRI_PVEM,961,70220,188,3296,73704,150556,20237,Sí
2015,15,MEXICO,26,NEZAHUALCÓYOTL,Candidatura Independiente,0,70220,188,3296,73704,150556,0,No
2015,15,MEXICO,26,NEZAHUALCÓYOTL,Candidatura Independiente,789,70220,188,3296,73704,150556,789,No
2015,15,MEXICO,27,CHALCO,PAN,11569,229889,252,10625,240766,501969,11569,No
2015,15,MEXICO,27,CHALCO,PRI,61929,229889,252,10625,240766,501969,61929,No
2015,15,MEXICO,27,CHALCO,PRD,51976,229889,252,10625,240766,501969,51976,No
2015,15,MEXICO,27,CHALCO,PVEM,6374,229889,252,10625,240766,501969,6374,No
2015,15,MEXICO,27,CHALCO,PT,4437,229889,252,10625,240766,501969,4437,No
2015,15,MEXICO,27,CHALCO,MC,32636,229889,252,10625,240766,501969,32636,No
2015,15,MEXICO,27,CHALCO,NUAL,6251,229889,252,10625,240766,501969,6251,No
2015,15,MEXICO,27,CHALCO,MORENA,36589,229889,252,10625,240766,501969,36589,No
2015,15,MEXICO,27,CHALCO,PH,0,229889,252,10625,240766,501969,0,No
2015,15,MEXICO,27,CHALCO,ES,14484,229889,252,10625,240766,501969,14484,No
2015,15,MEXICO,27,CHALCO,PFD,2118,229889,252,10625,240766,501969,2118,No
2015,15,MEXICO,27,CHALCO,PRI_PVEM,1526,229889,252,10625,240766,501969,69829,Sí
2015,15,MEXICO,27,CHALCO,Candidatura Independiente,0,229889,252,10625,240766,501969,0,No
2015,15,MEXICO,27,CHALCO,Candidatura Independiente,0,229889,252,10625,240766,501969,0,No
2015,15,MEXICO,28,AMECAMECA,PAN,14261,78964,43,2856,81863,132999,14261,No
2015,15,MEXICO,28,AMECAMECA,PRI,29863,78964,43,2856,81863,132999,29863,No
2015,15,MEXICO,28,AMECAMECA,PRD,5227,78964,43,2856,81863,132999,5227,No
2015,15,MEXICO,28,AMECAMECA,PVEM,1767,78964,43,2856,81863,132999,1767,No
2015,15,MEXICO,28,AMECAMECA,PT,2210,78964,43,2856,81863,132999,2210,No
2015,15,MEXICO,28,AMECAMECA,MC,7648,78964,43,2856,81863,132999,7648,No
2015,15,MEXICO,28,AMECAMECA,NUAL,1400,78964,43,2856,81863,132999,1400,No
2015,15,MEXICO,28,AMECAMECA,MORENA,6195,78964,43,2856,81863,132999,6195,No
2015,15,MEXICO,28,AMECAMECA,PH,1407,78964,43,2856,81863,132999,1407,No
2015,15,MEXICO,28,AMECAMECA,ES,6842,78964,43,2856,81863,132999,6842,No
2015,15,MEXICO,28,AMECAMECA,PFD,1934,78964,43,2856,81863,132999,1934,No
2015,15,MEXICO,28,AMECAMECA,PRI_PVEM,210,78964,43,2856,81863,132999,31840,Sí
2015,15,MEXICO,28,AMECAMECA,Candidatura Independiente,0,78964,43,2856,81863,132999,0,No
2015,15,MEXICO,28,AMECAMECA,Candidatura Independiente,0,78964,43,2856,81863,132999,0,No
2015,15,MEXICO,29,NAUCALPAN,PAN,38723,136070,219,7334,143623,330219,38723,No
2015,15,MEXICO,29,NAUCALPAN,PRI,39387,136070,219,7334,143623,330219,39387,No
2015,15,MEXICO,29,NAUCALPAN,PRD,8600,136070,219,7334,143623,330219,8600,No
2015,15,MEXICO,29,NAUCALPAN,PVEM,5353,136070,219,7334,143623,330219,5353,No
2015,15,MEXICO,29,NAUCALPAN,PT,2324,136070,219,7334,143623,330219,2324,No
2015,15,MEXICO,29,NAUCALPAN,MC,4403,136070,219,7334,143623,330219,4403,No
2015,15,MEXICO,29,NAUCALPAN,NUAL,4679,136070,219,7334,143623,330219,4679,No
2015,15,MEXICO,29,NAUCALPAN,MORENA,18831,136070,219,7334,143623,330219,18831,No
2015,15,MEXICO,29,NAUCALPAN,PH,4143,136070,219,7334,143623,330219,4143,No
2015,15,MEXICO,29,NAUCALPAN,ES,7664,136070,219,7334,143623,330219,7664,No
2015,15,MEXICO,29,NAUCALPAN,PFD,719,136070,219,7334,143623,330219,719,No
2015,15,MEXICO,29,NAUCALPAN,PRI_PVEM,1244,136070,219,7334,143623,330219,45984,Sí
2015,15,MEXICO,29,NAUCALPAN,Candidatura Independiente,0,136070,219,7334,143623,330219,0,No
2015,15,MEXICO,29,NAUCALPAN,Candidatura Independiente,0,136070,219,7334,143623,330219,0,No
2015,15,MEXICO,30,NAUCALPAN,PAN,50161,132007,253,7158,139418,307376,50161,No
2015,15,MEXICO,30,NAUCALPAN,PRI,33901,132007,253,7158,139418,307376,33901,No
2015,15,MEXICO,30,NAUCALPAN,PRD,5922,132007,253,7158,139418,307376,5922,No
2015,15,MEXICO,30,NAUCALPAN,PVEM,4500,132007,253,7158,139418,307376,4500,No
2015,15,MEXICO,30,NAUCALPAN,PT,1825,132007,253,7158,139418,307376,1825,No
2015,15,MEXICO,30,NAUCALPAN,MC,5068,132007,253,7158,139418,307376,5068,No
2015,15,MEXICO,30,NAUCALPAN,NUAL,3703,132007,253,7158,139418,307376,3703,No
2015,15,MEXICO,30,NAUCALPAN,MORENA,14498,132007,253,7158,139418,307376,14498,No
2015,15,MEXICO,30,NAUCALPAN,PH,3799,132007,253,7158,139418,307376,3799,No
2015,15,MEXICO,30,NAUCALPAN,ES,6704,132007,253,7158,139418,307376,6704,No
2015,15,MEXICO,30,NAUCALPAN,PFD,929,132007,253,7158,139418,307376,929,No
2015,15,MEXICO,30,NAUCALPAN,PRI_PVEM,997,132007,253,7158,139418,307376,39398,Sí
2015,15,MEXICO,30,NAUCALPAN,Candidatura Independiente,0,132007,253,7158,139418,307376,0,No
2015,15,MEXICO,30,NAUCALPAN,Candidatura Independiente,0,132007,253,7158,139418,307376,0,No
2015,15,MEXICO,31,LA PAZ,PAN,9873,216337,334,9923,226594,607224,9873,No
2015,15,MEXICO,31,LA PAZ,PRI,80349,216337,334,9923,226594,607224,80349,No
2015,15,MEXICO,31,LA PAZ,PRD,46441,216337,334,9923,226594,607224,46441,No
2015,15,MEXICO,31,LA PAZ,PVEM,8633,216337,334,9923,226594,607224,8633,No
2015,15,MEXICO,31,LA PAZ,PT,5804,216337,334,9923,226594,607224,5804,No
2015,15,MEXICO,31,LA PAZ,MC,4692,216337,334,9923,226594,607224,4692,No
2015,15,MEXICO,31,LA PAZ,NUAL,7014,216337,334,9923,226594,607224,7014,No
2015,15,MEXICO,31,LA PAZ,MORENA,33711,216337,334,9923,226594,607224,33711,No
2015,15,MEXICO,31,LA PAZ,PH,5674,216337,334,9923,226594,607224,5674,No
2015,15,MEXICO,31,LA PAZ,ES,10300,216337,334,9923,226594,607224,10300,No
2015,15,MEXICO,31,LA PAZ,PFD,1270,216337,334,9923,226594,607224,1270,No
2015,15,MEXICO,31,LA PAZ,PRI_PVEM,2576,216337,334,9923,226594,607224,91558,Sí
2015,15,MEXICO,31,LA PAZ,Candidatura Independiente,0,216337,334,9923,226594,607224,0,No
2015,15,MEXICO,31,LA PAZ,Candidatura Independiente,0,216337,334,9923,226594,607224,0,No
2015,15,MEXICO,32,NEZAHUALCÓYOTL,PAN,2694,85433,119,3657,89209,187444,2694,No
2015,15,MEXICO,32,NEZAHUALCÓYOTL,PRI,18440,85433,119,3657,89209,187444,18440,No
2015,15,MEXICO,32,NEZAHUALCÓYOTL,PRD,43735,85433,119,3657,89209,187444,43735,No
2015,15,MEXICO,32,NEZAHUALCÓYOTL,PVEM,2250,85433,119,3657,89209,187444,2250,No
2015,15,MEXICO,32,NEZAHUALCÓYOTL,PT,1239,85433,119,3657,89209,187444,1239,No
2015,15,MEXICO,32,NEZAHUALCÓYOTL,MC,1546,85433,119,3657,89209,187444,1546,No
2015,15,MEXICO,32,NEZAHUALCÓYOTL,NUAL,1692,85433,119,3657,89209,187444,1692,No
2015,15,MEXICO,32,NEZAHUALCÓYOTL,MORENA,7975,85433,119,3657,89209,187444,7975,No
2015,15,MEXICO,32,NEZAHUALCÓYOTL,PH,1845,85433,119,3657,89209,187444,1845,No
2015,15,MEXICO,32,NEZAHUALCÓYOTL,ES,2919,85433,119,3657,89209,187444,2919,No
2015,15,MEXICO,32,NEZAHUALCÓYOTL,PFD,394,85433,119,3657,89209,187444,394,No
2015,15,MEXICO,32,NEZAHUALCÓYOTL,PRI_PVEM,704,85433,119,3657,89209,187444,21394,Sí
2015,15,MEXICO,32,NEZAHUALCÓYOTL,Candidatura Independiente,0,85433,119,3657,89209,187444,0,No
2015,15,MEXICO,32,NEZAHUALCÓYOTL,Candidatura Independiente,0,85433,119,3657,89209,187444,0,No
2015,15,MEXICO,33,ECATEPEC,PAN,26859,237433,445,12065,249943,540169,26859,No
2015,15,MEXICO,33,ECATEPEC,PRI,94438,237433,445,12065,249943,540169,94438,No
2015,15,MEXICO,33,ECATEPEC,PRD,25980,237433,445,12065,249943,540169,25980,No
2015,15,MEXICO,33,ECATEPEC,PVEM,9673,237433,445,12065,249943,540169,9673,No
2015,15,MEXICO,33,ECATEPEC,PT,6417,237433,445,12065,249943,540169,6417,No
2015,15,MEXICO,33,ECATEPEC,MC,7379,237433,445,12065,249943,540169,7379,No
2015,15,MEXICO,33,ECATEPEC,NUAL,8693,237433,445,12065,249943,540169,8693,No
2015,15,MEXICO,33,ECATEPEC,MORENA,30553,237433,445,12065,249943,540169,30553,No
2015,15,MEXICO,33,ECATEPEC,PH,7657,237433,445,12065,249943,540169,7657,No
2015,15,MEXICO,33,ECATEPEC,ES,16162,237433,445,12065,249943,540169,16162,No
2015,15,MEXICO,33,ECATEPEC,PFD,1606,237433,445,12065,249943,540169,1606,No
2015,15,MEXICO,33,ECATEPEC,PRI_PVEM,2016,237433,445,12065,249943,540169,106127,Sí
2015,15,MEXICO,33,ECATEPEC,Candidatura Independiente,0,237433,445,12065,249943,540169,0,No
2015,15,MEXICO,33,ECATEPEC,Candidatura Independiente,0,237433,445,12065,249943,540169,0,No
2015,15,MEXICO,34,IXTAPAN DE LA SAL,PAN,11936,64139,26,2202,66367,98598,11936,No
2015,15,MEXICO,34,IXTAPAN DE LA SAL,PRI,31006,64139,26,2202,66367,98598,31006,No
2015,15,MEXICO,34,IXTAPAN DE LA SAL,PRD,10304,64139,26,2202,66367,98598,10304,No
2015,15,MEXICO,34,IXTAPAN DE LA SAL,PVEM,753,64139,26,2202,66367,98598,753,No
2015,15,MEXICO,34,IXTAPAN DE LA SAL,PT,3199,64139,26,2202,66367,98598,3199,No
2015,15,MEXICO,34,IXTAPAN DE LA SAL,MC,1867,64139,26,2202,66367,98598,1867,No
2015,15,MEXICO,34,IXTAPAN DE LA SAL,NUAL,1100,64139,26,2202,66367,98598,1100,No
2015,15,MEXICO,34,IXTAPAN DE LA SAL,MORENA,2154,64139,26,2202,66367,98598,2154,No
2015,15,MEXICO,34,IXTAPAN DE LA SAL,PH,0,64139,26,2202,66367,98598,0,No
2015,15,MEXICO,34,IXTAPAN DE LA SAL,ES,959,64139,26,2202,66367,98598,959,No
2015,15,MEXICO,34,IXTAPAN DE LA SAL,PFD,447,64139,26,2202,66367,98598,447,No
2015,15,MEXICO,34,IXTAPAN DE LA SAL,PRI_PVEM,414,64139,26,2202,66367,98598,32173,Sí
2015,15,MEXICO,34,IXTAPAN DE LA SAL,Candidatura Independiente,0,64139,26,2202,66367,98598,0,No
2015,15,MEXICO,34,IXTAPAN DE LA SAL,Candidatura Independiente,0,64139,26,2202,66367,98598,0,No
2015,15,MEXICO,35,METEPEC,PAN,22929,101534,190,4827,106551,183924,22929,No
2015,15,MEXICO,35,METEPEC,PRI,35716,101534,190,4827,106551,183924,35716,No
2015,15,MEXICO,35,METEPEC,PRD,3264,101534,190,4827,106551,183924,3264,No
2015,15,MEXICO,35,METEPEC,PVEM,2475,101534,190,4827,106551,183924,2475,No
2015,15,MEXICO,35,METEPEC,PT,10961,101534,190,4827,106551,183924,10961,No
2015,15,MEXICO,35,METEPEC,MC,3834,101534,190,4827,106551,183924,3834,No
2015,15,MEXICO,35,METEPEC,NUAL,5041,101534,190,4827,106551,183924,5041,No
2015,15,MEXICO,35,METEPEC,MORENA,8047,101534,190,4827,106551,183924,8047,No
2015,15,MEXICO,35,METEPEC,PH,3077,101534,190,4827,106551,183924,3077,No
2015,15,MEXICO,35,METEPEC,ES,5007,101534,190,4827,106551,183924,5007,No
2015,15,MEXICO,35,METEPEC,PFD,835,101534,190,4827,106551,183924,835,No
2015,15,MEXICO,35,METEPEC,PRI_PVEM,348,101534,190,4827,106551,183924,38539,Sí
2015,15,MEXICO,35,METEPEC,Candidatura Independiente,0,101534,190,4827,106551,183924,0,No
2015,15,MEXICO,35,METEPEC,Candidatura Independiente,0,101534,190,4827,106551,183924,0,No
2015,15,MEXICO,36,VILLA DEL CARBÓN,PAN,26343,101497,93,3276,104866,196492,26343,No
2015,15,MEXICO,36,VILLA DEL CARBÓN,PRI,27239,101497,93,3276,104866,196492,27239,No
2015,15,MEXICO,36,VILLA DEL CARBÓN,PRD,10390,101497,93,3276,104866,196492,10390,No
2015,15,MEXICO,36,VILLA DEL CARBÓN,PVEM,1979,101497,93,3276,104866,196492,1979,No
2015,15,MEXICO,36,VILLA DEL CARBÓN,PT,2087,101497,93,3276,104866,196492,2087,No
2015,15,MEXICO,36,VILLA DEL CARBÓN,MC,16485,101497,93,3276,104866,196492,16485,No
2015,15,MEXICO,36,VILLA DEL CARBÓN,NUAL,2880,101497,93,3276,104866,196492,2880,No
2015,15,MEXICO,36,VILLA DEL CARBÓN,MORENA,5442,101497,93,3276,104866,196492,5442,No
2015,15,MEXICO,36,VILLA DEL CARBÓN,PH,3161,101497,93,3276,104866,196492,3161,No
2015,15,MEXICO,36,VILLA DEL CARBÓN,ES,3677,101497,93,3276,104866,196492,3677,No
2015,15,MEXICO,36,VILLA DEL CARBÓN,PFD,1279,101497,93,3276,104866,196492,1279,No
2015,15,MEXICO,36,VILLA DEL CARBÓN,PRI_PVEM,535,101497,93,3276,104866,196492,29753,Sí
2015,15,MEXICO,36,VILLA DEL CARBÓN,Candidatura Independiente,0,101497,93,3276,104866,196492,0,No
2015,15,MEXICO,36,VILLA DEL CARBÓN,Candidatura Independiente,0,101497,93,3276,104866,196492,0,No
2015,15,MEXICO,37,TLALNEPANTLA,PAN,23487,113848,332,6447,120627,294813,23487,No
2015,15,MEXICO,37,TLALNEPANTLA,PRI,33752,113848,332,6447,120627,294813,33752,No
2015,15,MEXICO,37,TLALNEPANTLA,PRD,14412,113848,332,6447,120627,294813,14412,No
2015,15,MEXICO,37,TLALNEPANTLA,PVEM,4093,113848,332,6447,120627,294813,4093,No
2015,15,MEXICO,37,TLALNEPANTLA,PT,3406,113848,332,6447,120627,294813,3406,No
2015,15,MEXICO,37,TLALNEPANTLA,MC,3464,113848,332,6447,120627,294813,3464,No
2015,15,MEXICO,37,TLALNEPANTLA,NUAL,3497,113848,332,6447,120627,294813,3497,No
2015,15,MEXICO,37,TLALNEPANTLA,MORENA,14894,113848,332,6447,120627,294813,14894,No
2015,15,MEXICO,37,TLALNEPANTLA,PH,4066,113848,332,6447,120627,294813,4066,No
2015,15,MEXICO,37,TLALNEPANTLA,ES,6772,113848,332,6447,120627,294813,6772,No
2015,15,MEXICO,37,TLALNEPANTLA,PFD,812,113848,332,6447,120627,294813,812,No
2015,15,MEXICO,37,TLALNEPANTLA,PRI_PVEM,1193,113848,332,6447,120627,294813,39038,Sí
2015,15,MEXICO,37,TLALNEPANTLA,Candidatura Independiente,0,113848,332,6447,120627,294813,0,No
2015,15,MEXICO,37,TLALNEPANTLA,Candidatura Independiente,0,113848,332,6447,120627,294813,0,No
2015,15,MEXICO,38,COACALCO,PAN,30671,239478,522,12059,252059,555036,30671,No
2015,15,MEXICO,38,COACALCO,PRI,64180,239478,522,12059,252059,555036,64180,No
2015,15,MEXICO,38,COACALCO,PRD,40181,239478,522,12059,252059,555036,40181,No
2015,15,MEXICO,38,COACALCO,PVEM,10077,239478,522,12059,252059,555036,10077,No
2015,15,MEXICO,38,COACALCO,PT,7245,239478,522,12059,252059,555036,7245,No
2015,15,MEXICO,38,COACALCO,MC,15940,239478,522,12059,252059,555036,15940,No
2015,15,MEXICO,38,COACALCO,NUAL,8502,239478,522,12059,252059,555036,8502,No
2015,15,MEXICO,38,COACALCO,MORENA,32705,239478,522,12059,252059,555036,32705,No
2015,15,MEXICO,38,COACALCO,PH,8248,239478,522,12059,252059,555036,8248,No
2015,15,MEXICO,38,COACALCO,ES,17310,239478,522,12059,252059,555036,17310,No
2015,15,MEXICO,38,COACALCO,PFD,1694,239478,522,12059,252059,555036,1694,No
2015,15,MEXICO,38,COACALCO,PRI_PVEM,2725,239478,522,12059,252059,555036,76982,Sí
2015,15,MEXICO,38,COACALCO,Candidatura Independiente,0,239478,522,12059,252059,555036,0,No
2015,15,MEXICO,38,COACALCO,Candidatura Independiente,0,239478,522,12059,252059,555036,0,No
2015,15,MEXICO,39,OTUMBA,PAN,31330,124423,73,3739,128235,205586,31330,No
2015,15,MEXICO,39,OTUMBA,PRI,47848,124423,73,3739,128235,205586,47848,No
2015,15,MEXICO,39,OTUMBA,PRD,12978,124423,73,3739,128235,205586,12978,No
2015,15,MEXICO,39,OTUMBA,PVEM,2113,124423,73,3739,128235,205586,2113,No
2015,15,MEXICO,39,OTUMBA,PT,8337,124423,73,3739,128235,205586,8337,No
2015,15,MEXICO,39,OTUMBA,MC,3096,124423,73,3739,128235,205586,3096,No
2015,15,MEXICO,39,OTUMBA,NUAL,2804,124423,73,3739,128235,205586,2804,No
2015,15,MEXICO,39,OTUMBA,MORENA,8494,124423,73,3739,128235,205586,8494,No
2015,15,MEXICO,39,OTUMBA,PH,1746,124423,73,3739,128235,205586,1746,No
2015,15,MEXICO,39,OTUMBA,ES,4817,124423,73,3739,128235,205586,4817,No
2015,15,MEXICO,39,OTUMBA,PFD,416,124423,73,3739,128235,205586,416,No
2015,15,MEXICO,39,OTUMBA,PRI_PVEM,444,124423,73,3739,128235,205586,50405,Sí
2015,15,MEXICO,39,OTUMBA,Candidatura Independiente,0,124423,73,3739,128235,205586,0,No
2015,15,MEXICO,39,OTUMBA,Candidatura Independiente,0,124423,73,3739,128235,205586,0,No
2015,15,MEXICO,40,IXTAPALUCA,PAN,12595,195964,263,8577,204804,434339,12595,No
2015,15,MEXICO,40,IXTAPALUCA,PRI,70206,195964,263,8577,204804,434339,70206,No
2015,15,MEXICO,40,IXTAPALUCA,PRD,52600,195964,263,8577,204804,434339,52600,No
2015,15,MEXICO,40,IXTAPALUCA,PVEM,5659,195964,263,8577,204804,434339,5659,No
2015,15,MEXICO,40,IXTAPALUCA,PT,2383,195964,263,8577,204804,434339,2383,No
2015,15,MEXICO,40,IXTAPALUCA,MC,3966,195964,263,8577,204804,434339,3966,No
2015,15,MEXICO,40,IXTAPALUCA,NUAL,4688,195964,263,8577,204804,434339,4688,No
2015,15,MEXICO,40,IXTAPALUCA,MORENA,21316,195964,263,8577,204804,434339,21316,No
2015,15,MEXICO,40,IXTAPALUCA,PH,6100,195964,263,8577,204804,434339,6100,No
2015,15,MEXICO,40,IXTAPALUCA,ES,14024,195964,263,8577,204804,434339,14024,No
2015,15,MEXICO,40,IXTAPALUCA,PFD,1122,195964,263,8577,204804,434339,1122,No
2015,15,MEXICO,40,IXTAPALUCA,PRI_PVEM,1305,195964,263,8577,204804,434339,77170,Sí
2015,15,MEXICO,40,IXTAPALUCA,Candidatura Independiente,0,195964,263,8577,204804,434339,0,No
2015,15,MEXICO,40,IXTAPALUCA,Candidatura Independiente,0,195964,263,8577,204804,434339,0,No
2015,15,MEXICO,41,NEZAHUALCÓYOTL,PAN,1893,75937,110,3192,79239,165752,1893,No
2015,15,MEXICO,41,NEZAHUALCÓYOTL,PRI,15858,75937,110,3192,79239,165752,15858,No
2015,15,MEXICO,41,NEZAHUALCÓYOTL,PRD,39856,75937,110,3192,79239,165752,39856,No
2015,15,MEXICO,41,NEZAHUALCÓYOTL,PVEM,2341,75937,110,3192,79239,165752,2341,No
2015,15,MEXICO,41,NEZAHUALCÓYOTL,PT,754,75937,110,3192,79239,165752,754,No
2015,15,MEXICO,41,NEZAHUALCÓYOTL,MC,1454,75937,110,3192,79239,165752,1454,No
2015,15,MEXICO,41,NEZAHUALCÓYOTL,NUAL,1814,75937,110,3192,79239,165752,1814,No
2015,15,MEXICO,41,NEZAHUALCÓYOTL,MORENA,6444,75937,110,3192,79239,165752,6444,No
2015,15,MEXICO,41,NEZAHUALCÓYOTL,PH,1835,75937,110,3192,79239,165752,1835,No
2015,15,MEXICO,41,NEZAHUALCÓYOTL,ES,2716,75937,110,3192,79239,165752,2716,No
2015,15,MEXICO,41,NEZAHUALCÓYOTL,PFD,297,75937,110,3192,79239,165752,297,No
2015,15,MEXICO,41,NEZAHUALCÓYOTL,PRI_PVEM,675,75937,110,3192,79239,165752,18874,Sí
2015,15,MEXICO,41,NEZAHUALCÓYOTL,Candidatura Independiente,0,75937,110,3192,79239,165752,0,No
2015,15,MEXICO,41,NEZAHUALCÓYOTL,Candidatura Independiente,0,75937,110,3192,79239,165752,0,No
2015,15,MEXICO,42,ECATEPEC,PAN,8288,104697,193,6416,111306,260354,8288,No
2015,15,MEXICO,42,ECATEPEC,PRI,36696,104697,193,6416,111306,260354,36696,No
2015,15,MEXICO,42,ECATEPEC,PRD,17301,104697,193,6416,111306,260354,17301,No
2015,15,MEXICO,42,ECATEPEC,PVEM,4269,104697,193,6416,111306,260354,4269,No
2015,15,MEXICO,42,ECATEPEC,PT,2769,104697,193,6416,111306,260354,2769,No
2015,15,MEXICO,42,ECATEPEC,MC,2742,104697,193,6416,111306,260354,2742,No
2015,15,MEXICO,42,ECATEPEC,NUAL,5208,104697,193,6416,111306,260354,5208,No
2015,15,MEXICO,42,ECATEPEC,MORENA,15744,104697,193,6416,111306,260354,15744,No
2015,15,MEXICO,42,ECATEPEC,PH,3284,104697,193,6416,111306,260354,3284,No
2015,15,MEXICO,42,ECATEPEC,ES,7111,104697,193,6416,111306,260354,7111,No
2015,15,MEXICO,42,ECATEPEC,PFD,599,104697,193,6416,111306,260354,599,No
2015,15,MEXICO,42,ECATEPEC,PRI_PVEM,686,104697,193,6416,111306,260354,41651,Sí
2015,15,MEXICO,42,ECATEPEC,Candidatura Independiente,0,104697,193,6416,111306,260354,0,No
2015,15,MEXICO,42,ECATEPEC,Candidatura Independiente,0,104697,193,6416,111306,260354,0,No
2015,15,MEXICO,43,CUAUTITLÁN IZCALLI,PAN,51390,181284,372,9522,191178,385869,51390,No
2015,15,MEXICO,43,CUAUTITLÁN IZCALLI,PRI,45033,181284,372,9522,191178,385869,45033,No
2015,15,MEXICO,43,CUAUTITLÁN IZCALLI,PRD,9793,181284,372,9522,191178,385869,9793,No
2015,15,MEXICO,43,CUAUTITLÁN IZCALLI,PVEM,5335,181284,372,9522,191178,385869,5335,No
2015,15,MEXICO,43,CUAUTITLÁN IZCALLI,PT,6254,181284,372,9522,191178,385869,6254,No
2015,15,MEXICO,43,CUAUTITLÁN IZCALLI,MC,7341,181284,372,9522,191178,385869,7341,No
2015,15,MEXICO,43,CUAUTITLÁN IZCALLI,NUAL,7722,181284,372,9522,191178,385869,7722,No
2015,15,MEXICO,43,CUAUTITLÁN IZCALLI,MORENA,24172,181284,372,9522,191178,385869,24172,No
2015,15,MEXICO,43,CUAUTITLÁN IZCALLI,PH,7220,181284,372,9522,191178,385869,7220,No
2015,15,MEXICO,43,CUAUTITLÁN IZCALLI,ES,14451,181284,372,9522,191178,385869,14451,No
2015,15,MEXICO,43,CUAUTITLÁN IZCALLI,PFD,1585,181284,372,9522,191178,385869,1585,No
2015,15,MEXICO,43,CUAUTITLÁN IZCALLI,PRI_PVEM,988,181284,372,9522,191178,385869,51356,Sí
2015,15,MEXICO,43,CUAUTITLÁN IZCALLI,Candidatura Independiente,0,181284,372,9522,191178,385869,0,No
2015,15,MEXICO,43,CUAUTITLÁN IZCALLI,Candidatura Independiente,0,181284,372,9522,191178,385869,0,No
2015,15,MEXICO,44,NICOLÁS ROMERO,PAN,34667,131773,126,4725,136624,281868,34667,No
2015,15,MEXICO,44,NICOLÁS ROMERO,PRI,44603,131773,126,4725,136624,281868,44603,No
2015,15,MEXICO,44,NICOLÁS ROMERO,PRD,7896,131773,126,4725,136624,281868,7896,No
2015,15,MEXICO,44,NICOLÁS ROMERO,PVEM,3906,131773,126,4725,136624,281868,3906,No
2015,15,MEXICO,44,NICOLÁS ROMERO,PT,2359,131773,126,4725,136624,281868,2359,No
2015,15,MEXICO,44,NICOLÁS ROMERO,MC,5848,131773,126,4725,136624,281868,5848,No
2015,15,MEXICO,44,NICOLÁS ROMERO,NUAL,7059,131773,126,4725,136624,281868,7059,No
2015,15,MEXICO,44,NICOLÁS ROMERO,MORENA,14203,131773,126,4725,136624,281868,14203,No
2015,15,MEXICO,44,NICOLÁS ROMERO,PH,4490,131773,126,4725,136624,281868,4490,No
2015,15,MEXICO,44,NICOLÁS ROMERO,ES,5288,131773,126,4725,136624,281868,5288,No
2015,15,MEXICO,44,NICOLÁS ROMERO,PFD,732,131773,126,4725,136624,281868,732,No
2015,15,MEXICO,44,NICOLÁS ROMERO,PRI_PVEM,722,131773,126,4725,136624,281868,49231,Sí
2015,15,MEXICO,44,NICOLÁS ROMERO,Candidatura Independiente,0,131773,126,4725,136624,281868,0,No
2015,15,MEXICO,44,NICOLÁS ROMERO,Candidatura Independiente,0,131773,126,4725,136624,281868,0,No
2015,15,MEXICO,45,ZINACANTEPEC,PAN,22367,114270,108,4894,119272,215347,22367,No
2015,15,MEXICO,45,ZINACANTEPEC,PRI,37886,114270,108,4894,119272,215347,37886,No
2015,15,MEXICO,45,ZINACANTEPEC,PRD,8742,114270,108,4894,119272,215347,8742,No
2015,15,MEXICO,45,ZINACANTEPEC,PVEM,4106,114270,108,4894,119272,215347,4106,No
2015,15,MEXICO,45,ZINACANTEPEC,PT,11562,114270,108,4894,119272,215347,11562,No
2015,15,MEXICO,45,ZINACANTEPEC,MC,6774,114270,108,4894,119272,215347,6774,No
2015,15,MEXICO,45,ZINACANTEPEC,NUAL,6366,114270,108,4894,119272,215347,6366,No
2015,15,MEXICO,45,ZINACANTEPEC,MORENA,5294,114270,108,4894,119272,215347,5294,No
2015,15,MEXICO,45,ZINACANTEPEC,PH,4128,114270,108,4894,119272,215347,4128,No
2015,15,MEXICO,45,ZINACANTEPEC,ES,4100,114270,108,4894,119272,215347,4100,No
2015,15,MEXICO,45,ZINACANTEPEC,PFD,2112,114270,108,4894,119272,215347,2112,No
2015,15,MEXICO,45,ZINACANTEPEC,PRI_PVEM,833,114270,108,4894,119272,215347,42825,Sí
2015,15,MEXICO,45,ZINACANTEPEC,Candidatura Independiente,0,114270,108,4894,119272,215347,0,No
2015,15,MEXICO,45,ZINACANTEPEC,Candidatura Independiente,0,114270,108,4894,119272,215347,0,No
2015,16,MICHOACAN,1,LA PIEDAD,PAN,19077,76768,31,2794,79593,151585,19077,No
2015,16,MICHOACAN,1,LA PIEDAD,PRI,30582,76768,31,2794,79593,151585,30582,No
2015,16,MICHOACAN,1,LA PIEDAD,PRD,16008,76768,31,2794,79593,151585,16008,No
2015,16,MICHOACAN,1,LA PIEDAD,PT,949,76768,31,2794,79593,151585,949,No
2015,16,MICHOACAN,1,LA PIEDAD,PVEM,1321,76768,31,2794,79593,151585,1321,No
2015,16,MICHOACAN,1,LA PIEDAD,MC,377,76768,31,2794,79593,151585,377,No
2015,16,MICHOACAN,1,LA PIEDAD,NUAL,1228,76768,31,2794,79593,151585,1228,No
2015,16,MICHOACAN,1,LA PIEDAD,MORENA,5373,76768,31,2794,79593,151585,5373,No
2015,16,MICHOACAN,1,LA PIEDAD,PH,447,76768,31,2794,79593,151585,447,No
2015,16,MICHOACAN,1,LA PIEDAD,ES,397,76768,31,2794,79593,151585,397,No
2015,16,MICHOACAN,1,LA PIEDAD,Candidatura Independiente,0,76768,31,2794,79593,151585,0,No
2015,16,MICHOACAN,1,LA PIEDAD,PRI_PVEM,394,76768,31,2794,79593,151585,32297,Sí
2015,16,MICHOACAN,1,LA PIEDAD,CC_PRD_PT_PH_ES,615,76768,31,2794,79593,151585,18416,Sí
2015,16,MICHOACAN,1,LA PIEDAD,CC_PRD_PT_PH,0,76768,31,2794,79593,151585,17404,Sí
2015,16,MICHOACAN,1,LA PIEDAD,CC_PRD_PT_ES,0,76768,31,2794,79593,151585,17354,Sí
2015,16,MICHOACAN,1,LA PIEDAD,CC_PT_PH_ES,0,76768,31,2794,79593,151585,1793,Sí
2015,16,MICHOACAN,1,LA PIEDAD,CC_PRD_PT,0,76768,31,2794,79593,151585,16957,Sí
2015,16,MICHOACAN,1,LA PIEDAD,CC_PRD_ES,0,76768,31,2794,79593,151585,16405,Sí
2015,16,MICHOACAN,1,LA PIEDAD,CC_PRD_NUAL,0,76768,31,2794,79593,151585,17236,Sí
2015,16,MICHOACAN,1,LA PIEDAD,CC_PT_ES,0,76768,31,2794,79593,151585,1346,Sí
2015,16,MICHOACAN,1,LA PIEDAD,CC_PAN_PT,0,76768,31,2794,79593,151585,20026,Sí
2015,16,MICHOACAN,2,PURUÁNDIRO,PAN,7784,68841,70,3583,72494,129623,7784,No
2015,16,MICHOACAN,2,PURUÁNDIRO,PRI,19875,68841,70,3583,72494,129623,19875,No
2015,16,MICHOACAN,2,PURUÁNDIRO,PRD,25485,68841,70,3583,72494,129623,25485,No
2015,16,MICHOACAN,2,PURUÁNDIRO,PT,6690,68841,70,3583,72494,129623,6690,No
2015,16,MICHOACAN,2,PURUÁNDIRO,PVEM,1745,68841,70,3583,72494,129623,1745,No
2015,16,MICHOACAN,2,PURUÁNDIRO,MC,0,68841,70,3583,72494,129623,0,No
2015,16,MICHOACAN,2,PURUÁNDIRO,NUAL,3570,68841,70,3583,72494,129623,3570,No
2015,16,MICHOACAN,2,PURUÁNDIRO,MORENA,1951,68841,70,3583,72494,129623,1951,No
2015,16,MICHOACAN,2,PURUÁNDIRO,PH,0,68841,70,3583,72494,129623,0,No
2015,16,MICHOACAN,2,PURUÁNDIRO,ES,1258,68841,70,3583,72494,129623,1258,No
2015,16,MICHOACAN,2,PURUÁNDIRO,Candidatura Independiente,0,68841,70,3583,72494,129623,0,No
2015,16,MICHOACAN,2,PURUÁNDIRO,PRI_PVEM,483,68841,70,3583,72494,129623,22103,Sí
2015,16,MICHOACAN,2,PURUÁNDIRO,CC_PRD_PT_PH_ES,0,68841,70,3583,72494,129623,33433,Sí
2015,16,MICHOACAN,2,PURUÁNDIRO,CC_PRD_PT_PH,0,68841,70,3583,72494,129623,32175,Sí
2015,16,MICHOACAN,2,PURUÁNDIRO,CC_PRD_PT_ES,0,68841,70,3583,72494,129623,33433,Sí
2015,16,MICHOACAN,2,PURUÁNDIRO,CC_PT_PH_ES,0,68841,70,3583,72494,129623,7948,Sí
2015,16,MICHOACAN,2,PURUÁNDIRO,CC_PRD_PT,0,68841,70,3583,72494,129623,32175,Sí
2015,16,MICHOACAN,2,PURUÁNDIRO,CC_PRD_ES,0,68841,70,3583,72494,129623,26743,Sí
2015,16,MICHOACAN,2,PURUÁNDIRO,CC_PRD_NUAL,0,68841,70,3583,72494,129623,29055,Sí
2015,16,MICHOACAN,2,PURUÁNDIRO,CC_PT_ES,0,68841,70,3583,72494,129623,7948,Sí
2015,16,MICHOACAN,2,PURUÁNDIRO,CC_PAN_PT,0,68841,70,3583,72494,129623,14474,Sí
2015,16,MICHOACAN,3,MARAVATÍO,PAN,12337,72495,44,3516,76055,128194,12337,No
2015,16,MICHOACAN,3,MARAVATÍO,PRI,18245,72495,44,3516,76055,128194,18245,No
2015,16,MICHOACAN,3,MARAVATÍO,PRD,22586,72495,44,3516,76055,128194,22586,No
2015,16,MICHOACAN,3,MARAVATÍO,PT,1711,72495,44,3516,76055,128194,1711,No
2015,16,MICHOACAN,3,MARAVATÍO,PVEM,1773,72495,44,3516,76055,128194,1773,No
2015,16,MICHOACAN,3,MARAVATÍO,MC,7353,72495,44,3516,76055,128194,7353,No
2015,16,MICHOACAN,3,MARAVATÍO,NUAL,3909,72495,44,3516,76055,128194,3909,No
2015,16,MICHOACAN,3,MARAVATÍO,MORENA,1842,72495,44,3516,76055,128194,1842,No
2015,16,MICHOACAN,3,MARAVATÍO,PH,876,72495,44,3516,76055,128194,876,No
2015,16,MICHOACAN,3,MARAVATÍO,ES,1014,72495,44,3516,76055,128194,1014,No
2015,16,MICHOACAN,3,MARAVATÍO,Candidatura Independiente,0,72495,44,3516,76055,128194,0,No
2015,16,MICHOACAN,3,MARAVATÍO,PRI_PVEM,308,72495,44,3516,76055,128194,20326,Sí
2015,16,MICHOACAN,3,MARAVATÍO,CC_PRD_PT_PH_ES,0,72495,44,3516,76055,128194,26187,Sí
2015,16,MICHOACAN,3,MARAVATÍO,CC_PRD_PT_PH,0,72495,44,3516,76055,128194,25173,Sí
2015,16,MICHOACAN,3,MARAVATÍO,CC_PRD_PT_ES,0,72495,44,3516,76055,128194,25311,Sí
2015,16,MICHOACAN,3,MARAVATÍO,CC_PT_PH_ES,0,72495,44,3516,76055,128194,3601,Sí
2015,16,MICHOACAN,3,MARAVATÍO,CC_PRD_PT,541,72495,44,3516,76055,128194,24838,Sí
2015,16,MICHOACAN,3,MARAVATÍO,CC_PRD_ES,0,72495,44,3516,76055,128194,23600,Sí
2015,16,MICHOACAN,3,MARAVATÍO,CC_PRD_NUAL,0,72495,44,3516,76055,128194,26495,Sí
2015,16,MICHOACAN,3,MARAVATÍO,CC_PT_ES,0,72495,44,3516,76055,128194,2725,Sí
2015,16,MICHOACAN,3,MARAVATÍO,CC_PAN_PT,0,72495,44,3516,76055,128194,14048,Sí
2015,16,MICHOACAN,4,JIQUILPAN,PAN,22552,89369,30,2866,92265,152023,22552,No
2015,16,MICHOACAN,4,JIQUILPAN,PRI,27516,89369,30,2866,92265,152023,27516,No
2015,16,MICHOACAN,4,JIQUILPAN,PRD,19758,89369,30,2866,92265,152023,19758,No
2015,16,MICHOACAN,4,JIQUILPAN,PT,2127,89369,30,2866,92265,152023,2127,No
2015,16,MICHOACAN,4,JIQUILPAN,PVEM,7112,89369,30,2866,92265,152023,7112,No
2015,16,MICHOACAN,4,JIQUILPAN,MC,3637,89369,30,2866,92265,152023,3637,No
2015,16,MICHOACAN,4,JIQUILPAN,NUAL,1689,89369,30,2866,92265,152023,1689,No
2015,16,MICHOACAN,4,JIQUILPAN,MORENA,3293,89369,30,2866,92265,152023,3293,No
2015,16,MICHOACAN,4,JIQUILPAN,PH,0,89369,30,2866,92265,152023,0,No
2015,16,MICHOACAN,4,JIQUILPAN,ES,456,89369,30,2866,92265,152023,456,No
2015,16,MICHOACAN,4,JIQUILPAN,Candidatura Independiente,0,89369,30,2866,92265,152023,0,No
2015,16,MICHOACAN,4,JIQUILPAN,PRI_PVEM,682,89369,30,2866,92265,152023,35310,Sí
2015,16,MICHOACAN,4,JIQUILPAN,CC_PRD_PT_PH_ES,0,89369,30,2866,92265,152023,22341,Sí
2015,16,MICHOACAN,4,JIQUILPAN,CC_PRD_PT_PH,0,89369,30,2866,92265,152023,21885,Sí
2015,16,MICHOACAN,4,JIQUILPAN,CC_PRD_PT_ES,547,89369,30,2866,92265,152023,22888,Sí
2015,16,MICHOACAN,4,JIQUILPAN,CC_PT_PH_ES,0,89369,30,2866,92265,152023,2583,Sí
2015,16,MICHOACAN,4,JIQUILPAN,CC_PRD_PT,0,89369,30,2866,92265,152023,21885,Sí
2015,16,MICHOACAN,4,JIQUILPAN,CC_PRD_ES,0,89369,30,2866,92265,152023,20214,Sí
2015,16,MICHOACAN,4,JIQUILPAN,CC_PRD_NUAL,0,89369,30,2866,92265,152023,21447,Sí
2015,16,MICHOACAN,4,JIQUILPAN,CC_PT_ES,0,89369,30,2866,92265,152023,2583,Sí
2015,16,MICHOACAN,4,JIQUILPAN,CC_PAN_PT,0,89369,30,2866,92265,152023,24679,Sí
2015,16,MICHOACAN,5,JACONA,PAN,13502,77857,43,3404,81304,152751,13502,No
2015,16,MICHOACAN,5,JACONA,PRI,23013,77857,43,3404,81304,152751,23013,No
2015,16,MICHOACAN,5,JACONA,PRD,15631,77857,43,3404,81304,152751,15631,No
2015,16,MICHOACAN,5,JACONA,PT,2419,77857,43,3404,81304,152751,2419,No
2015,16,MICHOACAN,5,JACONA,PVEM,4670,77857,43,3404,81304,152751,4670,No
2015,16,MICHOACAN,5,JACONA,MC,6189,77857,43,3404,81304,152751,6189,No
2015,16,MICHOACAN,5,JACONA,NUAL,2000,77857,43,3404,81304,152751,2000,No
2015,16,MICHOACAN,5,JACONA,MORENA,3158,77857,43,3404,81304,152751,3158,No
2015,16,MICHOACAN,5,JACONA,PH,770,77857,43,3404,81304,152751,770,No
2015,16,MICHOACAN,5,JACONA,ES,5109,77857,43,3404,81304,152751,5109,No
2015,16,MICHOACAN,5,JACONA,Candidatura Independiente,0,77857,43,3404,81304,152751,0,No
2015,16,MICHOACAN,5,JACONA,PRI_PVEM,919,77857,43,3404,81304,152751,28602,Sí
2015,16,MICHOACAN,5,JACONA,CC_PRD_PT_PH_ES,0,77857,43,3404,81304,152751,23929,Sí
2015,16,MICHOACAN,5,JACONA,CC_PRD_PT_PH,477,77857,43,3404,81304,152751,19297,Sí
2015,16,MICHOACAN,5,JACONA,CC_PRD_PT_ES,0,77857,43,3404,81304,152751,23159,Sí
2015,16,MICHOACAN,5,JACONA,CC_PT_PH_ES,0,77857,43,3404,81304,152751,8298,Sí
2015,16,MICHOACAN,5,JACONA,CC_PRD_PT,0,77857,43,3404,81304,152751,18050,Sí
2015,16,MICHOACAN,5,JACONA,CC_PRD_ES,0,77857,43,3404,81304,152751,20740,Sí
2015,16,MICHOACAN,5,JACONA,CC_PRD_NUAL,0,77857,43,3404,81304,152751,17631,Sí
2015,16,MICHOACAN,5,JACONA,CC_PT_ES,0,77857,43,3404,81304,152751,7528,Sí
2015,16,MICHOACAN,5,JACONA,CC_PAN_PT,0,77857,43,3404,81304,152751,15921,Sí
2015,16,MICHOACAN,6,ZAMORA,PAN,14154,54883,107,2894,57884,136998,14154,No
2015,16,MICHOACAN,6,ZAMORA,PRI,13064,54883,107,2894,57884,136998,13064,No
2015,16,MICHOACAN,6,ZAMORA,PRD,7073,54883,107,2894,57884,136998,7073,No
2015,16,MICHOACAN,6,ZAMORA,PT,5582,54883,107,2894,57884,136998,5582,No
2015,16,MICHOACAN,6,ZAMORA,PVEM,2640,54883,107,2894,57884,136998,2640,No
2015,16,MICHOACAN,6,ZAMORA,MC,3453,54883,107,2894,57884,136998,3453,No
2015,16,MICHOACAN,6,ZAMORA,NUAL,1473,54883,107,2894,57884,136998,1473,No
2015,16,MICHOACAN,6,ZAMORA,MORENA,4261,54883,107,2894,57884,136998,4261,No
2015,16,MICHOACAN,6,ZAMORA,PH,1186,54883,107,2894,57884,136998,1186,No
2015,16,MICHOACAN,6,ZAMORA,ES,1470,54883,107,2894,57884,136998,1470,No
2015,16,MICHOACAN,6,ZAMORA,Candidatura Independiente,0,54883,107,2894,57884,136998,0,No
2015,16,MICHOACAN,6,ZAMORA,PRI_PVEM,468,54883,107,2894,57884,136998,16172,Sí
2015,16,MICHOACAN,6,ZAMORA,CC_PRD_PT_PH_ES,0,54883,107,2894,57884,136998,15311,Sí
2015,16,MICHOACAN,6,ZAMORA,CC_PRD_PT_PH,0,54883,107,2894,57884,136998,13841,Sí
2015,16,MICHOACAN,6,ZAMORA,CC_PRD_PT_ES,0,54883,107,2894,57884,136998,14125,Sí
2015,16,MICHOACAN,6,ZAMORA,CC_PT_PH_ES,59,54883,107,2894,57884,136998,8297,Sí
2015,16,MICHOACAN,6,ZAMORA,CC_PRD_PT,0,54883,107,2894,57884,136998,12655,Sí
2015,16,MICHOACAN,6,ZAMORA,CC_PRD_ES,0,54883,107,2894,57884,136998,8543,Sí
2015,16,MICHOACAN,6,ZAMORA,CC_PRD_NUAL,0,54883,107,2894,57884,136998,8546,Sí
2015,16,MICHOACAN,6,ZAMORA,CC_PT_ES,0,54883,107,2894,57884,136998,7052,Sí
2015,16,MICHOACAN,6,ZAMORA,CC_PAN_PT,0,54883,107,2894,57884,136998,19736,Sí
2015,16,MICHOACAN,7,ZACAPU,PAN,12459,74375,96,4494,78965,134399,12459,No
2015,16,MICHOACAN,7,ZACAPU,PRI,16857,74375,96,4494,78965,134399,16857,No
2015,16,MICHOACAN,7,ZACAPU,PRD,22136,74375,96,4494,78965,134399,22136,No
2015,16,MICHOACAN,7,ZACAPU,PT,3397,74375,96,4494,78965,134399,3397,No
2015,16,MICHOACAN,7,ZACAPU,PVEM,3496,74375,96,4494,78965,134399,3496,No
2015,16,MICHOACAN,7,ZACAPU,MC,7021,74375,96,4494,78965,134399,7021,No
2015,16,MICHOACAN,7,ZACAPU,NUAL,2787,74375,96,4494,78965,134399,2787,No
2015,16,MICHOACAN,7,ZACAPU,MORENA,5217,74375,96,4494,78965,134399,5217,No
2015,16,MICHOACAN,7,ZACAPU,PH,0,74375,96,4494,78965,134399,0,No
2015,16,MICHOACAN,7,ZACAPU,ES,638,74375,96,4494,78965,134399,638,No
2015,16,MICHOACAN,7,ZACAPU,Candidatura Independiente,0,74375,96,4494,78965,134399,0,No
2015,16,MICHOACAN,7,ZACAPU,PRI_PVEM,116,74375,96,4494,78965,134399,20469,Sí
2015,16,MICHOACAN,7,ZACAPU,CC_PRD_PT_PH_ES,0,74375,96,4494,78965,134399,26171,Sí
2015,16,MICHOACAN,7,ZACAPU,CC_PRD_PT_PH,0,74375,96,4494,78965,134399,25533,Sí
2015,16,MICHOACAN,7,ZACAPU,CC_PRD_PT_ES,251,74375,96,4494,78965,134399,26422,Sí
2015,16,MICHOACAN,7,ZACAPU,CC_PT_PH_ES,0,74375,96,4494,78965,134399,4035,Sí
2015,16,MICHOACAN,7,ZACAPU,CC_PRD_PT,0,74375,96,4494,78965,134399,25533,Sí
2015,16,MICHOACAN,7,ZACAPU,CC_PRD_ES,0,74375,96,4494,78965,134399,22774,Sí
2015,16,MICHOACAN,7,ZACAPU,CC_PRD_NUAL,0,74375,96,4494,78965,134399,24923,Sí
2015,16,MICHOACAN,7,ZACAPU,CC_PT_ES,0,74375,96,4494,78965,134399,4035,Sí
2015,16,MICHOACAN,7,ZACAPU,CC_PAN_PT,0,74375,96,4494,78965,134399,15856,Sí
2015,16,MICHOACAN,8,ZINAPÉCUARO,PAN,14211,92405,89,4850,97344,172940,14211,No
2015,16,MICHOACAN,8,ZINAPÉCUARO,PRI,24931,92405,89,4850,97344,172940,24931,No
2015,16,MICHOACAN,8,ZINAPÉCUARO,PRD,21193,92405,89,4850,97344,172940,21193,No
2015,16,MICHOACAN,8,ZINAPÉCUARO,PT,11477,92405,89,4850,97344,172940,11477,No
2015,16,MICHOACAN,8,ZINAPÉCUARO,PVEM,4538,92405,89,4850,97344,172940,4538,No
2015,16,MICHOACAN,8,ZINAPÉCUARO,MC,6076,92405,89,4850,97344,172940,6076,No
2015,16,MICHOACAN,8,ZINAPÉCUARO,NUAL,1896,92405,89,4850,97344,172940,1896,No
2015,16,MICHOACAN,8,ZINAPÉCUARO,MORENA,4733,92405,89,4850,97344,172940,4733,No
2015,16,MICHOACAN,8,ZINAPÉCUARO,PH,0,92405,89,4850,97344,172940,0,No
2015,16,MICHOACAN,8,ZINAPÉCUARO,ES,1944,92405,89,4850,97344,172940,1944,No
2015,16,MICHOACAN,8,ZINAPÉCUARO,Candidatura Independiente,0,92405,89,4850,97344,172940,0,No
2015,16,MICHOACAN,8,ZINAPÉCUARO,PRI_PVEM,638,92405,89,4850,97344,172940,30107,Sí
2015,16,MICHOACAN,8,ZINAPÉCUARO,CC_PRD_PT_PH_ES,0,92405,89,4850,97344,172940,34614,Sí
2015,16,MICHOACAN,8,ZINAPÉCUARO,CC_PRD_PT_PH,0,92405,89,4850,97344,172940,32670,Sí
2015,16,MICHOACAN,8,ZINAPÉCUARO,CC_PRD_PT_ES,0,92405,89,4850,97344,172940,34614,Sí
2015,16,MICHOACAN,8,ZINAPÉCUARO,CC_PT_PH_ES,0,92405,89,4850,97344,172940,13421,Sí
2015,16,MICHOACAN,8,ZINAPÉCUARO,CC_PRD_PT,768,92405,89,4850,97344,172940,33438,Sí
2015,16,MICHOACAN,8,ZINAPÉCUARO,CC_PRD_ES,0,92405,89,4850,97344,172940,23137,Sí
2015,16,MICHOACAN,8,ZINAPÉCUARO,CC_PRD_NUAL,0,92405,89,4850,97344,172940,23089,Sí
2015,16,MICHOACAN,8,ZINAPÉCUARO,CC_PT_ES,0,92405,89,4850,97344,172940,13421,Sí
2015,16,MICHOACAN,8,ZINAPÉCUARO,CC_PAN_PT,0,92405,89,4850,97344,172940,25688,Sí
2015,16,MICHOACAN,9,LOS REYES,PAN,16319,68676,53,2977,71706,128280,16319,No
2015,16,MICHOACAN,9,LOS REYES,PRI,17069,68676,53,2977,71706,128280,17069,No
2015,16,MICHOACAN,9,LOS REYES,PRD,16992,68676,53,2977,71706,128280,16992,No
2015,16,MICHOACAN,9,LOS REYES,PT,4278,68676,53,2977,71706,128280,4278,No
2015,16,MICHOACAN,9,LOS REYES,PVEM,6487,68676,53,2977,71706,128280,6487,No
2015,16,MICHOACAN,9,LOS REYES,MC,3181,68676,53,2977,71706,128280,3181,No
2015,16,MICHOACAN,9,LOS REYES,NUAL,747,68676,53,2977,71706,128280,747,No
2015,16,MICHOACAN,9,LOS REYES,MORENA,1657,68676,53,2977,71706,128280,1657,No
2015,16,MICHOACAN,9,LOS REYES,PH,0,68676,53,2977,71706,128280,0,No
2015,16,MICHOACAN,9,LOS REYES,ES,516,68676,53,2977,71706,128280,516,No
2015,16,MICHOACAN,9,LOS REYES,Candidatura Independiente,0,68676,53,2977,71706,128280,0,No
2015,16,MICHOACAN,9,LOS REYES,PRI_PVEM,584,68676,53,2977,71706,128280,24140,Sí
2015,16,MICHOACAN,9,LOS REYES,CC_PRD_PT_PH_ES,0,68676,53,2977,71706,128280,21786,Sí
2015,16,MICHOACAN,9,LOS REYES,CC_PRD_PT_PH,0,68676,53,2977,71706,128280,21270,Sí
2015,16,MICHOACAN,9,LOS REYES,CC_PRD_PT_ES,846,68676,53,2977,71706,128280,22632,Sí
2015,16,MICHOACAN,9,LOS REYES,CC_PT_PH_ES,0,68676,53,2977,71706,128280,4794,Sí
2015,16,MICHOACAN,9,LOS REYES,CC_PRD_PT,0,68676,53,2977,71706,128280,21270,Sí
2015,16,MICHOACAN,9,LOS REYES,CC_PRD_ES,0,68676,53,2977,71706,128280,17508,Sí
2015,16,MICHOACAN,9,LOS REYES,CC_PRD_NUAL,0,68676,53,2977,71706,128280,17739,Sí
2015,16,MICHOACAN,9,LOS REYES,CC_PT_ES,0,68676,53,2977,71706,128280,4794,Sí
2015,16,MICHOACAN,9,LOS REYES,CC_PAN_PT,0,68676,53,2977,71706,128280,20597,Sí
2015,16,MICHOACAN,10,MORELIA NOROESTE,PAN,11716,59936,182,5563,65681,146552,11716,No
2015,16,MICHOACAN,10,MORELIA NOROESTE,PRI,16595,59936,182,5563,65681,146552,16595,No
2015,16,MICHOACAN,10,MORELIA NOROESTE,PRD,11398,59936,182,5563,65681,146552,11398,No
2015,16,MICHOACAN,10,MORELIA NOROESTE,PT,2187,59936,182,5563,65681,146552,2187,No
2015,16,MICHOACAN,10,MORELIA NOROESTE,PVEM,5084,59936,182,5563,65681,146552,5084,No
2015,16,MICHOACAN,10,MORELIA NOROESTE,MC,2243,59936,182,5563,65681,146552,2243,No
2015,16,MICHOACAN,10,MORELIA NOROESTE,NUAL,1459,59936,182,5563,65681,146552,1459,No
2015,16,MICHOACAN,10,MORELIA NOROESTE,MORENA,4112,59936,182,5563,65681,146552,4112,No
2015,16,MICHOACAN,10,MORELIA NOROESTE,PH,2054,59936,182,5563,65681,146552,2054,No
2015,16,MICHOACAN,10,MORELIA NOROESTE,ES,2709,59936,182,5563,65681,146552,2709,No
2015,16,MICHOACAN,10,MORELIA NOROESTE,Candidatura Independiente,0,59936,182,5563,65681,146552,0,No
2015,16,MICHOACAN,10,MORELIA NOROESTE,PRI_PVEM,0,59936,182,5563,65681,146552,21679,Sí
2015,16,MICHOACAN,10,MORELIA NOROESTE,CC_PRD_PT_PH_ES,0,59936,182,5563,65681,146552,18348,Sí
2015,16,MICHOACAN,10,MORELIA NOROESTE,CC_PRD_PT_PH,0,59936,182,5563,65681,146552,15639,Sí
2015,16,MICHOACAN,10,MORELIA NOROESTE,CC_PRD_PT_ES,0,59936,182,5563,65681,146552,16294,Sí
2015,16,MICHOACAN,10,MORELIA NOROESTE,CC_PT_PH_ES,0,59936,182,5563,65681,146552,6950,Sí
2015,16,MICHOACAN,10,MORELIA NOROESTE,CC_PRD_PT,379,59936,182,5563,65681,146552,13964,Sí
2015,16,MICHOACAN,10,MORELIA NOROESTE,CC_PRD_ES,0,59936,182,5563,65681,146552,14107,Sí
2015,16,MICHOACAN,10,MORELIA NOROESTE,CC_PRD_NUAL,0,59936,182,5563,65681,146552,12857,Sí
2015,16,MICHOACAN,10,MORELIA NOROESTE,CC_PT_ES,0,59936,182,5563,65681,146552,4896,Sí
2015,16,MICHOACAN,10,MORELIA NOROESTE,CC_PAN_PT,0,59936,182,5563,65681,146552,13903,Sí
2015,16,MICHOACAN,11,MORELIA NORESTE,PAN,14107,54301,145,4643,59089,122027,14107,No
2015,16,MICHOACAN,11,MORELIA NORESTE,PRI,12942,54301,145,4643,59089,122027,12942,No
2015,16,MICHOACAN,11,MORELIA NORESTE,PRD,8821,54301,145,4643,59089,122027,8821,No
2015,16,MICHOACAN,11,MORELIA NORESTE,PT,3102,54301,145,4643,59089,122027,3102,No
2015,16,MICHOACAN,11,MORELIA NORESTE,PVEM,3579,54301,145,4643,59089,122027,3579,No
2015,16,MICHOACAN,11,MORELIA NORESTE,MC,2067,54301,145,4643,59089,122027,2067,No
2015,16,MICHOACAN,11,MORELIA NORESTE,NUAL,1149,54301,145,4643,59089,122027,1149,No
2015,16,MICHOACAN,11,MORELIA NORESTE,MORENA,3767,54301,145,4643,59089,122027,3767,No
2015,16,MICHOACAN,11,MORELIA NORESTE,PH,1806,54301,145,4643,59089,122027,1806,No
2015,16,MICHOACAN,11,MORELIA NORESTE,ES,2173,54301,145,4643,59089,122027,2173,No
2015,16,MICHOACAN,11,MORELIA NORESTE,Candidatura Independiente,0,54301,145,4643,59089,122027,0,No
2015,16,MICHOACAN,11,MORELIA NORESTE,PRI_PVEM,677,54301,145,4643,59089,122027,17198,Sí
2015,16,MICHOACAN,11,MORELIA NORESTE,CC_PRD_PT_PH_ES,0,54301,145,4643,59089,122027,15902,Sí
2015,16,MICHOACAN,11,MORELIA NORESTE,CC_PRD_PT_PH,0,54301,145,4643,59089,122027,13729,Sí
2015,16,MICHOACAN,11,MORELIA NORESTE,CC_PRD_PT_ES,0,54301,145,4643,59089,122027,14096,Sí
2015,16,MICHOACAN,11,MORELIA NORESTE,CC_PT_PH_ES,0,54301,145,4643,59089,122027,7081,Sí
2015,16,MICHOACAN,11,MORELIA NORESTE,CC_PRD_PT,0,54301,145,4643,59089,122027,11923,Sí
2015,16,MICHOACAN,11,MORELIA NORESTE,CC_PRD_ES,0,54301,145,4643,59089,122027,10994,Sí
2015,16,MICHOACAN,11,MORELIA NORESTE,CC_PRD_NUAL,0,54301,145,4643,59089,122027,9970,Sí
2015,16,MICHOACAN,11,MORELIA NORESTE,CC_PT_ES,111,54301,145,4643,59089,122027,5386,Sí
2015,16,MICHOACAN,11,MORELIA NORESTE,CC_PAN_PT,0,54301,145,4643,59089,122027,17209,Sí
2015,16,MICHOACAN,12,HIDALGO,PAN,4597,35959,14,1733,37706,138010,4597,No
2015,16,MICHOACAN,12,HIDALGO,PRI,8732,35959,14,1733,37706,138010,8732,No
2015,16,MICHOACAN,12,HIDALGO,PRD,13466,35959,14,1733,37706,138010,13466,No
2015,16,MICHOACAN,12,HIDALGO,PT,2356,35959,14,1733,37706,138010,2356,No
2015,16,MICHOACAN,12,HIDALGO,PVEM,1948,35959,14,1733,37706,138010,1948,No
2015,16,MICHOACAN,12,HIDALGO,MC,464,35959,14,1733,37706,138010,464,No
2015,16,MICHOACAN,12,HIDALGO,NUAL,2814,35959,14,1733,37706,138010,2814,No
2015,16,MICHOACAN,12,HIDALGO,MORENA,546,35959,14,1733,37706,138010,546,No
2015,16,MICHOACAN,12,HIDALGO,PH,0,35959,14,1733,37706,138010,0,No
2015,16,MICHOACAN,12,HIDALGO,ES,400,35959,14,1733,37706,138010,400,No
2015,16,MICHOACAN,12,HIDALGO,Candidatura Independiente,0,35959,14,1733,37706,138010,0,No
2015,16,MICHOACAN,12,HIDALGO,PRI_PVEM,0,35959,14,1733,37706,138010,10680,Sí
2015,16,MICHOACAN,12,HIDALGO,CC_PRD_PT_PH_ES,0,35959,14,1733,37706,138010,16222,Sí
2015,16,MICHOACAN,12,HIDALGO,CC_PRD_PT_PH,0,35959,14,1733,37706,138010,15822,Sí
2015,16,MICHOACAN,12,HIDALGO,CC_PRD_PT_ES,0,35959,14,1733,37706,138010,16222,Sí
2015,16,MICHOACAN,12,HIDALGO,CC_PT_PH_ES,0,35959,14,1733,37706,138010,2756,Sí
2015,16,MICHOACAN,12,HIDALGO,CC_PRD_PT,0,35959,14,1733,37706,138010,15822,Sí
2015,16,MICHOACAN,12,HIDALGO,CC_PRD_ES,0,35959,14,1733,37706,138010,13866,Sí
2015,16,MICHOACAN,12,HIDALGO,CC_PRD_NUAL,636,35959,14,1733,37706,138010,16916,Sí
2015,16,MICHOACAN,12,HIDALGO,CC_PT_ES,0,35959,14,1733,37706,138010,2756,Sí
2015,16,MICHOACAN,12,HIDALGO,CC_PAN_PT,0,35959,14,1733,37706,138010,6953,Sí
2015,16,MICHOACAN,13,ZITÁCUARO,PAN,13130,71477,63,4106,75646,129045,13130,No
2015,16,MICHOACAN,13,ZITÁCUARO,PRI,16989,71477,63,4106,75646,129045,16989,No
2015,16,MICHOACAN,13,ZITÁCUARO,PRD,15997,71477,63,4106,75646,129045,15997,No
2015,16,MICHOACAN,13,ZITÁCUARO,PT,6642,71477,63,4106,75646,129045,6642,No
2015,16,MICHOACAN,13,ZITÁCUARO,PVEM,4701,71477,63,4106,75646,129045,4701,No
2015,16,MICHOACAN,13,ZITÁCUARO,MC,2301,71477,63,4106,75646,129045,2301,No
2015,16,MICHOACAN,13,ZITÁCUARO,NUAL,2901,71477,63,4106,75646,129045,2901,No
2015,16,MICHOACAN,13,ZITÁCUARO,MORENA,3409,71477,63,4106,75646,129045,3409,No
2015,16,MICHOACAN,13,ZITÁCUARO,PH,1942,71477,63,4106,75646,129045,1942,No
2015,16,MICHOACAN,13,ZITÁCUARO,ES,1313,71477,63,4106,75646,129045,1313,No
2015,16,MICHOACAN,13,ZITÁCUARO,Candidatura Independiente,0,71477,63,4106,75646,129045,0,No
2015,16,MICHOACAN,13,ZITÁCUARO,PRI_PVEM,899,71477,63,4106,75646,129045,22589,Sí
2015,16,MICHOACAN,13,ZITÁCUARO,CC_PRD_PT_PH_ES,0,71477,63,4106,75646,129045,25894,Sí
2015,16,MICHOACAN,13,ZITÁCUARO,CC_PRD_PT_PH,0,71477,63,4106,75646,129045,24581,Sí
2015,16,MICHOACAN,13,ZITÁCUARO,CC_PRD_PT_ES,0,71477,63,4106,75646,129045,23952,Sí
2015,16,MICHOACAN,13,ZITÁCUARO,CC_PT_PH_ES,0,71477,63,4106,75646,129045,9897,Sí
2015,16,MICHOACAN,13,ZITÁCUARO,CC_PRD_PT,1253,71477,63,4106,75646,129045,23892,Sí
2015,16,MICHOACAN,13,ZITÁCUARO,CC_PRD_ES,0,71477,63,4106,75646,129045,17310,Sí
2015,16,MICHOACAN,13,ZITÁCUARO,CC_PRD_NUAL,0,71477,63,4106,75646,129045,18898,Sí
2015,16,MICHOACAN,13,ZITÁCUARO,CC_PT_ES,0,71477,63,4106,75646,129045,7955,Sí
2015,16,MICHOACAN,13,ZITÁCUARO,CC_PAN_PT,0,71477,63,4106,75646,129045,19772,Sí
2015,16,MICHOACAN,14,URUAPAN NORTE,PAN,11105,58363,57,3227,61647,123219,11105,No
2015,16,MICHOACAN,14,URUAPAN NORTE,PRI,13425,58363,57,3227,61647,123219,13425,No
2015,16,MICHOACAN,14,URUAPAN NORTE,PRD,20611,58363,57,3227,61647,123219,20611,No
2015,16,MICHOACAN,14,URUAPAN NORTE,PT,1065,58363,57,3227,61647,123219,1065,No
2015,16,MICHOACAN,14,URUAPAN NORTE,PVEM,2146,58363,57,3227,61647,123219,2146,No
2015,16,MICHOACAN,14,URUAPAN NORTE,MC,1347,58363,57,3227,61647,123219,1347,No
2015,16,MICHOACAN,14,URUAPAN NORTE,NUAL,1978,58363,57,3227,61647,123219,1978,No
2015,16,MICHOACAN,14,URUAPAN NORTE,MORENA,3083,58363,57,3227,61647,123219,3083,No
2015,16,MICHOACAN,14,URUAPAN NORTE,PH,2458,58363,57,3227,61647,123219,2458,No
2015,16,MICHOACAN,14,URUAPAN NORTE,ES,650,58363,57,3227,61647,123219,650,No
2015,16,MICHOACAN,14,URUAPAN NORTE,Candidatura Independiente,0,58363,57,3227,61647,123219,0,No
2015,16,MICHOACAN,14,URUAPAN NORTE,PRI_PVEM,156,58363,57,3227,61647,123219,15727,Sí
2015,16,MICHOACAN,14,URUAPAN NORTE,CC_PRD_PT_PH_ES,0,58363,57,3227,61647,123219,24784,Sí
2015,16,MICHOACAN,14,URUAPAN NORTE,CC_PRD_PT_PH,0,58363,57,3227,61647,123219,24134,Sí
2015,16,MICHOACAN,14,URUAPAN NORTE,CC_PRD_PT_ES,0,58363,57,3227,61647,123219,22326,Sí
2015,16,MICHOACAN,14,URUAPAN NORTE,CC_PT_PH_ES,0,58363,57,3227,61647,123219,4173,Sí
2015,16,MICHOACAN,14,URUAPAN NORTE,CC_PRD_PT,339,58363,57,3227,61647,123219,22015,Sí
2015,16,MICHOACAN,14,URUAPAN NORTE,CC_PRD_ES,0,58363,57,3227,61647,123219,21261,Sí
2015,16,MICHOACAN,14,URUAPAN NORTE,CC_PRD_NUAL,0,58363,57,3227,61647,123219,22589,Sí
2015,16,MICHOACAN,14,URUAPAN NORTE,CC_PT_ES,0,58363,57,3227,61647,123219,1715,Sí
2015,16,MICHOACAN,14,URUAPAN NORTE,CC_PAN_PT,0,58363,57,3227,61647,123219,12170,Sí
2015,16,MICHOACAN,15,PÁTZCUARO,PAN,16164,87960,151,6064,94175,157008,16164,No
2015,16,MICHOACAN,15,PÁTZCUARO,PRI,22874,87960,151,6064,94175,157008,22874,No
2015,16,MICHOACAN,15,PÁTZCUARO,PRD,28711,87960,151,6064,94175,157008,28711,No
2015,16,MICHOACAN,15,PÁTZCUARO,PT,2016,87960,151,6064,94175,157008,2016,No
2015,16,MICHOACAN,15,PÁTZCUARO,PVEM,5874,87960,151,6064,94175,157008,5874,No
2015,16,MICHOACAN,15,PÁTZCUARO,MC,3678,87960,151,6064,94175,157008,3678,No
2015,16,MICHOACAN,15,PÁTZCUARO,NUAL,1476,87960,151,6064,94175,157008,1476,No
2015,16,MICHOACAN,15,PÁTZCUARO,MORENA,4410,87960,151,6064,94175,157008,4410,No
2015,16,MICHOACAN,15,PÁTZCUARO,PH,0,87960,151,6064,94175,157008,0,No
2015,16,MICHOACAN,15,PÁTZCUARO,ES,1752,87960,151,6064,94175,157008,1752,No
2015,16,MICHOACAN,15,PÁTZCUARO,Candidatura Independiente,0,87960,151,6064,94175,157008,0,No
2015,16,MICHOACAN,15,PÁTZCUARO,PRI_PVEM,411,87960,151,6064,94175,157008,29159,Sí
2015,16,MICHOACAN,15,PÁTZCUARO,CC_PRD_PT_PH_ES,0,87960,151,6064,94175,157008,32479,Sí
2015,16,MICHOACAN,15,PÁTZCUARO,CC_PRD_PT_PH,0,87960,151,6064,94175,157008,30727,Sí
2015,16,MICHOACAN,15,PÁTZCUARO,CC_PRD_PT_ES,0,87960,151,6064,94175,157008,32479,Sí
2015,16,MICHOACAN,15,PÁTZCUARO,CC_PT_PH_ES,0,87960,151,6064,94175,157008,3768,Sí
2015,16,MICHOACAN,15,PÁTZCUARO,CC_PRD_PT,594,87960,151,6064,94175,157008,31321,Sí
2015,16,MICHOACAN,15,PÁTZCUARO,CC_PRD_ES,0,87960,151,6064,94175,157008,30463,Sí
2015,16,MICHOACAN,15,PÁTZCUARO,CC_PRD_NUAL,0,87960,151,6064,94175,157008,30187,Sí
2015,16,MICHOACAN,15,PÁTZCUARO,CC_PT_ES,0,87960,151,6064,94175,157008,3768,Sí
2015,16,MICHOACAN,15,PÁTZCUARO,CC_PAN_PT,0,87960,151,6064,94175,157008,18180,Sí
2015,16,MICHOACAN,16,MORELIA SUROESTE,PAN,19673,71141,260,6706,78107,163797,19673,No
2015,16,MICHOACAN,16,MORELIA SUROESTE,PRI,17499,71141,260,6706,78107,163797,17499,No
2015,16,MICHOACAN,16,MORELIA SUROESTE,PRD,11124,71141,260,6706,78107,163797,11124,No
2015,16,MICHOACAN,16,MORELIA SUROESTE,PT,2034,71141,260,6706,78107,163797,2034,No
2015,16,MICHOACAN,16,MORELIA SUROESTE,PVEM,3607,71141,260,6706,78107,163797,3607,No
2015,16,MICHOACAN,16,MORELIA SUROESTE,MC,4319,71141,260,6706,78107,163797,4319,No
2015,16,MICHOACAN,16,MORELIA SUROESTE,NUAL,1544,71141,260,6706,78107,163797,1544,No
2015,16,MICHOACAN,16,MORELIA SUROESTE,MORENA,5357,71141,260,6706,78107,163797,5357,No
2015,16,MICHOACAN,16,MORELIA SUROESTE,PH,2643,71141,260,6706,78107,163797,2643,No
2015,16,MICHOACAN,16,MORELIA SUROESTE,ES,2948,71141,260,6706,78107,163797,2948,No
2015,16,MICHOACAN,16,MORELIA SUROESTE,Candidatura Independiente,0,71141,260,6706,78107,163797,0,No
2015,16,MICHOACAN,16,MORELIA SUROESTE,PRI_PVEM,0,71141,260,6706,78107,163797,21106,Sí
2015,16,MICHOACAN,16,MORELIA SUROESTE,CC_PRD_PT_PH_ES,0,71141,260,6706,78107,163797,18749,Sí
2015,16,MICHOACAN,16,MORELIA SUROESTE,CC_PRD_PT_PH,0,71141,260,6706,78107,163797,15801,Sí
2015,16,MICHOACAN,16,MORELIA SUROESTE,CC_PRD_PT_ES,0,71141,260,6706,78107,163797,16106,Sí
2015,16,MICHOACAN,16,MORELIA SUROESTE,CC_PT_PH_ES,0,71141,260,6706,78107,163797,7625,Sí
2015,16,MICHOACAN,16,MORELIA SUROESTE,CC_PRD_PT,393,71141,260,6706,78107,163797,13551,Sí
2015,16,MICHOACAN,16,MORELIA SUROESTE,CC_PRD_ES,0,71141,260,6706,78107,163797,14072,Sí
2015,16,MICHOACAN,16,MORELIA SUROESTE,CC_PRD_NUAL,0,71141,260,6706,78107,163797,12668,Sí
2015,16,MICHOACAN,16,MORELIA SUROESTE,CC_PT_ES,0,71141,260,6706,78107,163797,4982,Sí
2015,16,MICHOACAN,16,MORELIA SUROESTE,CC_PAN_PT,0,71141,260,6706,78107,163797,21707,Sí
2015,16,MICHOACAN,17,MORELIA SURESTE,PAN,22279,63950,208,6244,70402,126334,22279,No
2015,16,MICHOACAN,17,MORELIA SURESTE,PRI,14829,63950,208,6244,70402,126334,14829,No
2015,16,MICHOACAN,17,MORELIA SURESTE,PRD,8343,63950,208,6244,70402,126334,8343,No
2015,16,MICHOACAN,17,MORELIA SURESTE,PT,2412,63950,208,6244,70402,126334,2412,No
2015,16,MICHOACAN,17,MORELIA SURESTE,PVEM,2813,63950,208,6244,70402,126334,2813,No
2015,16,MICHOACAN,17,MORELIA SURESTE,MC,2742,63950,208,6244,70402,126334,2742,No
2015,16,MICHOACAN,17,MORELIA SURESTE,NUAL,1285,63950,208,6244,70402,126334,1285,No
2015,16,MICHOACAN,17,MORELIA SURESTE,MORENA,4077,63950,208,6244,70402,126334,4077,No
2015,16,MICHOACAN,17,MORELIA SURESTE,PH,2252,63950,208,6244,70402,126334,2252,No
2015,16,MICHOACAN,17,MORELIA SURESTE,ES,2050,63950,208,6244,70402,126334,2050,No
2015,16,MICHOACAN,17,MORELIA SURESTE,Candidatura Independiente,0,63950,208,6244,70402,126334,0,No
2015,16,MICHOACAN,17,MORELIA SURESTE,PRI_PVEM,737,63950,208,6244,70402,126334,18379,Sí
2015,16,MICHOACAN,17,MORELIA SURESTE,CC_PRD_PT_PH_ES,0,63950,208,6244,70402,126334,15057,Sí
2015,16,MICHOACAN,17,MORELIA SURESTE,CC_PRD_PT_PH,0,63950,208,6244,70402,126334,13007,Sí
2015,16,MICHOACAN,17,MORELIA SURESTE,CC_PRD_PT_ES,0,63950,208,6244,70402,126334,12805,Sí
2015,16,MICHOACAN,17,MORELIA SURESTE,CC_PT_PH_ES,0,63950,208,6244,70402,126334,6714,Sí
2015,16,MICHOACAN,17,MORELIA SURESTE,CC_PRD_PT,0,63950,208,6244,70402,126334,10755,Sí
2015,16,MICHOACAN,17,MORELIA SURESTE,CC_PRD_ES,0,63950,208,6244,70402,126334,10393,Sí
2015,16,MICHOACAN,17,MORELIA SURESTE,CC_PRD_NUAL,0,63950,208,6244,70402,126334,9628,Sí
2015,16,MICHOACAN,17,MORELIA SURESTE,CC_PT_ES,131,63950,208,6244,70402,126334,4593,Sí
2015,16,MICHOACAN,17,MORELIA SURESTE,CC_PAN_PT,0,63950,208,6244,70402,126334,24691,Sí
2015,16,MICHOACAN,18,HUETAMO,PAN,2820,66939,13,2577,69529,106125,2820,No
2015,16,MICHOACAN,18,HUETAMO,PRI,23169,66939,13,2577,69529,106125,23169,No
2015,16,MICHOACAN,18,HUETAMO,PRD,28049,66939,13,2577,69529,106125,28049,No
2015,16,MICHOACAN,18,HUETAMO,PT,4060,66939,13,2577,69529,106125,4060,No
2015,16,MICHOACAN,18,HUETAMO,PVEM,2252,66939,13,2577,69529,106125,2252,No
2015,16,MICHOACAN,18,HUETAMO,MC,3697,66939,13,2577,69529,106125,3697,No
2015,16,MICHOACAN,18,HUETAMO,NUAL,851,66939,13,2577,69529,106125,851,No
2015,16,MICHOACAN,18,HUETAMO,MORENA,1297,66939,13,2577,69529,106125,1297,No
2015,16,MICHOACAN,18,HUETAMO,PH,218,66939,13,2577,69529,106125,218,No
2015,16,MICHOACAN,18,HUETAMO,ES,290,66939,13,2577,69529,106125,290,No
2015,16,MICHOACAN,18,HUETAMO,Candidatura Independiente,0,66939,13,2577,69529,106125,0,No
2015,16,MICHOACAN,18,HUETAMO,PRI_PVEM,228,66939,13,2577,69529,106125,25649,Sí
2015,16,MICHOACAN,18,HUETAMO,CC_PRD_PT_PH_ES,0,66939,13,2577,69529,106125,32617,Sí
2015,16,MICHOACAN,18,HUETAMO,CC_PRD_PT_PH,0,66939,13,2577,69529,106125,32327,Sí
2015,16,MICHOACAN,18,HUETAMO,CC_PRD_PT_ES,0,66939,13,2577,69529,106125,32399,Sí
2015,16,MICHOACAN,18,HUETAMO,CC_PT_PH_ES,0,66939,13,2577,69529,106125,4568,Sí
2015,16,MICHOACAN,18,HUETAMO,CC_PRD_PT,0,66939,13,2577,69529,106125,32109,Sí
2015,16,MICHOACAN,18,HUETAMO,CC_PRD_ES,8,66939,13,2577,69529,106125,28347,Sí
2015,16,MICHOACAN,18,HUETAMO,CC_PRD_NUAL,0,66939,13,2577,69529,106125,28900,Sí
2015,16,MICHOACAN,18,HUETAMO,CC_PT_ES,0,66939,13,2577,69529,106125,4350,Sí
2015,16,MICHOACAN,18,HUETAMO,CC_PAN_PT,0,66939,13,2577,69529,106125,6880,Sí
2015,16,MICHOACAN,19,TACÁMBARO,PAN,16056,68909,29,3512,72450,119683,16056,No
2015,16,MICHOACAN,19,TACÁMBARO,PRI,23352,68909,29,3512,72450,119683,23352,No
2015,16,MICHOACAN,19,TACÁMBARO,PRD,19397,68909,29,3512,72450,119683,19397,No
2015,16,MICHOACAN,19,TACÁMBARO,PT,981,68909,29,3512,72450,119683,981,No
2015,16,MICHOACAN,19,TACÁMBARO,PVEM,3421,68909,29,3512,72450,119683,3421,No
2015,16,MICHOACAN,19,TACÁMBARO,MC,0,68909,29,3512,72450,119683,0,No
2015,16,MICHOACAN,19,TACÁMBARO,NUAL,1853,68909,29,3512,72450,119683,1853,No
2015,16,MICHOACAN,19,TACÁMBARO,MORENA,1856,68909,29,3512,72450,119683,1856,No
2015,16,MICHOACAN,19,TACÁMBARO,PH,0,68909,29,3512,72450,119683,0,No
2015,16,MICHOACAN,19,TACÁMBARO,ES,623,68909,29,3512,72450,119683,623,No
2015,16,MICHOACAN,19,TACÁMBARO,Candidatura Independiente,0,68909,29,3512,72450,119683,0,No
2015,16,MICHOACAN,19,TACÁMBARO,PRI_PVEM,531,68909,29,3512,72450,119683,27304,Sí
2015,16,MICHOACAN,19,TACÁMBARO,CC_PRD_PT_PH_ES,0,68909,29,3512,72450,119683,21001,Sí
2015,16,MICHOACAN,19,TACÁMBARO,CC_PRD_PT_PH,0,68909,29,3512,72450,119683,20378,Sí
2015,16,MICHOACAN,19,TACÁMBARO,CC_PRD_PT_ES,839,68909,29,3512,72450,119683,21840,Sí
2015,16,MICHOACAN,19,TACÁMBARO,CC_PT_PH_ES,0,68909,29,3512,72450,119683,1604,Sí
2015,16,MICHOACAN,19,TACÁMBARO,CC_PRD_PT,0,68909,29,3512,72450,119683,20378,Sí
2015,16,MICHOACAN,19,TACÁMBARO,CC_PRD_ES,0,68909,29,3512,72450,119683,20020,Sí
2015,16,MICHOACAN,19,TACÁMBARO,CC_PRD_NUAL,0,68909,29,3512,72450,119683,21250,Sí
2015,16,MICHOACAN,19,TACÁMBARO,CC_PT_ES,0,68909,29,3512,72450,119683,1604,Sí
2015,16,MICHOACAN,19,TACÁMBARO,CC_PAN_PT,0,68909,29,3512,72450,119683,17037,Sí
2015,16,MICHOACAN,20,URUAPAN SUR,PAN,19776,73949,89,3434,77472,157879,19776,No
2015,16,MICHOACAN,20,URUAPAN SUR,PRI,19942,73949,89,3434,77472,157879,19942,No
2015,16,MICHOACAN,20,URUAPAN SUR,PRD,18788,73949,89,3434,77472,157879,18788,No
2015,16,MICHOACAN,20,URUAPAN SUR,PT,1727,73949,89,3434,77472,157879,1727,No
2015,16,MICHOACAN,20,URUAPAN SUR,PVEM,2931,73949,89,3434,77472,157879,2931,No
2015,16,MICHOACAN,20,URUAPAN SUR,MC,1426,73949,89,3434,77472,157879,1426,No
2015,16,MICHOACAN,20,URUAPAN SUR,NUAL,1841,73949,89,3434,77472,157879,1841,No
2015,16,MICHOACAN,20,URUAPAN SUR,MORENA,3131,73949,89,3434,77472,157879,3131,No
2015,16,MICHOACAN,20,URUAPAN SUR,PH,2360,73949,89,3434,77472,157879,2360,No
2015,16,MICHOACAN,20,URUAPAN SUR,ES,798,73949,89,3434,77472,157879,798,No
2015,16,MICHOACAN,20,URUAPAN SUR,Candidatura Independiente,0,73949,89,3434,77472,157879,0,No
2015,16,MICHOACAN,20,URUAPAN SUR,PRI_PVEM,387,73949,89,3434,77472,157879,23260,Sí
2015,16,MICHOACAN,20,URUAPAN SUR,CC_PRD_PT_PH_ES,0,73949,89,3434,77472,157879,23673,Sí
2015,16,MICHOACAN,20,URUAPAN SUR,CC_PRD_PT_PH,0,73949,89,3434,77472,157879,22875,Sí
2015,16,MICHOACAN,20,URUAPAN SUR,CC_PRD_PT_ES,842,73949,89,3434,77472,157879,22155,Sí
2015,16,MICHOACAN,20,URUAPAN SUR,CC_PT_PH_ES,0,73949,89,3434,77472,157879,4885,Sí
2015,16,MICHOACAN,20,URUAPAN SUR,CC_PRD_PT,0,73949,89,3434,77472,157879,20515,Sí
2015,16,MICHOACAN,20,URUAPAN SUR,CC_PRD_ES,0,73949,89,3434,77472,157879,19586,Sí
2015,16,MICHOACAN,20,URUAPAN SUR,CC_PRD_NUAL,0,73949,89,3434,77472,157879,20629,Sí
2015,16,MICHOACAN,20,URUAPAN SUR,CC_PT_ES,0,73949,89,3434,77472,157879,2525,Sí
2015,16,MICHOACAN,20,URUAPAN SUR,CC_PAN_PT,0,73949,89,3434,77472,157879,21503,Sí
2015,16,MICHOACAN,21,COALCOMÁN DE VÁZQUEZ PALLARES,PAN,8148,56180,26,1857,58063,103152,8148,No
2015,16,MICHOACAN,21,COALCOMÁN DE VÁZQUEZ PALLARES,PRI,14348,56180,26,1857,58063,103152,14348,No
2015,16,MICHOACAN,21,COALCOMÁN DE VÁZQUEZ PALLARES,PRD,20975,56180,26,1857,58063,103152,20975,No
2015,16,MICHOACAN,21,COALCOMÁN DE VÁZQUEZ PALLARES,PT,1583,56180,26,1857,58063,103152,1583,No
2015,16,MICHOACAN,21,COALCOMÁN DE VÁZQUEZ PALLARES,PVEM,4346,56180,26,1857,58063,103152,4346,No
2015,16,MICHOACAN,21,COALCOMÁN DE VÁZQUEZ PALLARES,MC,0,56180,26,1857,58063,103152,0,No
2015,16,MICHOACAN,21,COALCOMÁN DE VÁZQUEZ PALLARES,NUAL,1814,56180,26,1857,58063,103152,1814,No
2015,16,MICHOACAN,21,COALCOMÁN DE VÁZQUEZ PALLARES,MORENA,2096,56180,26,1857,58063,103152,2096,No
2015,16,MICHOACAN,21,COALCOMÁN DE VÁZQUEZ PALLARES,PH,1855,56180,26,1857,58063,103152,1855,No
2015,16,MICHOACAN,21,COALCOMÁN DE VÁZQUEZ PALLARES,ES,135,56180,26,1857,58063,103152,135,No
2015,16,MICHOACAN,21,COALCOMÁN DE VÁZQUEZ PALLARES,Candidatura Independiente,0,56180,26,1857,58063,103152,0,No
2015,16,MICHOACAN,21,COALCOMÁN DE VÁZQUEZ PALLARES,PRI_PVEM,351,56180,26,1857,58063,103152,19045,Sí
2015,16,MICHOACAN,21,COALCOMÁN DE VÁZQUEZ PALLARES,CC_PRD_PT_PH_ES,529,56180,26,1857,58063,103152,25077,Sí
2015,16,MICHOACAN,21,COALCOMÁN DE VÁZQUEZ PALLARES,CC_PRD_PT_PH,0,56180,26,1857,58063,103152,24413,Sí
2015,16,MICHOACAN,21,COALCOMÁN DE VÁZQUEZ PALLARES,CC_PRD_PT_ES,0,56180,26,1857,58063,103152,22693,Sí
2015,16,MICHOACAN,21,COALCOMÁN DE VÁZQUEZ PALLARES,CC_PT_PH_ES,0,56180,26,1857,58063,103152,3573,Sí
2015,16,MICHOACAN,21,COALCOMÁN DE VÁZQUEZ PALLARES,CC_PRD_PT,0,56180,26,1857,58063,103152,22558,Sí
2015,16,MICHOACAN,21,COALCOMÁN DE VÁZQUEZ PALLARES,CC_PRD_ES,0,56180,26,1857,58063,103152,21110,Sí
2015,16,MICHOACAN,21,COALCOMÁN DE VÁZQUEZ PALLARES,CC_PRD_NUAL,0,56180,26,1857,58063,103152,22789,Sí
2015,16,MICHOACAN,21,COALCOMÁN DE VÁZQUEZ PALLARES,CC_PT_ES,0,56180,26,1857,58063,103152,1718,Sí
2015,16,MICHOACAN,21,COALCOMÁN DE VÁZQUEZ PALLARES,CC_PAN_PT,0,56180,26,1857,58063,103152,9731,Sí
2015,16,MICHOACAN,22,MÚGICA,PAN,2797,68022,25,2101,70148,109325,2797,No
2015,16,MICHOACAN,22,MÚGICA,PRI,30197,68022,25,2101,70148,109325,30197,No
2015,16,MICHOACAN,22,MÚGICA,PRD,28902,68022,25,2101,70148,109325,28902,No
2015,16,MICHOACAN,22,MÚGICA,PT,710,68022,25,2101,70148,109325,710,No
2015,16,MICHOACAN,22,MÚGICA,PVEM,596,68022,25,2101,70148,109325,596,No
2015,16,MICHOACAN,22,MÚGICA,MC,1503,68022,25,2101,70148,109325,1503,No
2015,16,MICHOACAN,22,MÚGICA,NUAL,843,68022,25,2101,70148,109325,843,No
2015,16,MICHOACAN,22,MÚGICA,MORENA,1871,68022,25,2101,70148,109325,1871,No
2015,16,MICHOACAN,22,MÚGICA,PH,0,68022,25,2101,70148,109325,0,No
2015,16,MICHOACAN,22,MÚGICA,ES,146,68022,25,2101,70148,109325,146,No
2015,16,MICHOACAN,22,MÚGICA,Candidatura Independiente,0,68022,25,2101,70148,109325,0,No
2015,16,MICHOACAN,22,MÚGICA,PRI_PVEM,382,68022,25,2101,70148,109325,31175,Sí
2015,16,MICHOACAN,22,MÚGICA,CC_PRD_PT_PH_ES,0,68022,25,2101,70148,109325,29758,Sí
2015,16,MICHOACAN,22,MÚGICA,CC_PRD_PT_PH,0,68022,25,2101,70148,109325,29612,Sí
2015,16,MICHOACAN,22,MÚGICA,CC_PRD_PT_ES,0,68022,25,2101,70148,109325,29758,Sí
2015,16,MICHOACAN,22,MÚGICA,CC_PT_PH_ES,0,68022,25,2101,70148,109325,856,Sí
2015,16,MICHOACAN,22,MÚGICA,CC_PRD_PT,0,68022,25,2101,70148,109325,29612,Sí
2015,16,MICHOACAN,22,MÚGICA,CC_PRD_ES,8,68022,25,2101,70148,109325,29056,Sí
2015,16,MICHOACAN,22,MÚGICA,CC_PRD_NUAL,0,68022,25,2101,70148,109325,29745,Sí
2015,16,MICHOACAN,22,MÚGICA,CC_PT_ES,0,68022,25,2101,70148,109325,856,Sí
2015,16,MICHOACAN,22,MÚGICA,CC_PAN_PT,67,68022,25,2101,70148,109325,3574,Sí
2015,16,MICHOACAN,23,APATZINGÁN,PAN,10284,52255,46,2298,54599,105278,10284,No
2015,16,MICHOACAN,23,APATZINGÁN,PRI,13760,52255,46,2298,54599,105278,13760,No
2015,16,MICHOACAN,23,APATZINGÁN,PRD,11552,52255,46,2298,54599,105278,11552,No
2015,16,MICHOACAN,23,APATZINGÁN,PT,3658,52255,46,2298,54599,105278,3658,No
2015,16,MICHOACAN,23,APATZINGÁN,PVEM,1354,52255,46,2298,54599,105278,1354,No
2015,16,MICHOACAN,23,APATZINGÁN,MC,1850,52255,46,2298,54599,105278,1850,No
2015,16,MICHOACAN,23,APATZINGÁN,NUAL,754,52255,46,2298,54599,105278,754,No
2015,16,MICHOACAN,23,APATZINGÁN,MORENA,5849,52255,46,2298,54599,105278,5849,No
2015,16,MICHOACAN,23,APATZINGÁN,PH,0,52255,46,2298,54599,105278,0,No
2015,16,MICHOACAN,23,APATZINGÁN,ES,2937,52255,46,2298,54599,105278,2937,No
2015,16,MICHOACAN,23,APATZINGÁN,Candidatura Independiente,0,52255,46,2298,54599,105278,0,No
2015,16,MICHOACAN,23,APATZINGÁN,PRI_PVEM,257,52255,46,2298,54599,105278,15371,Sí
2015,16,MICHOACAN,23,APATZINGÁN,CC_PRD_PT_PH_ES,0,52255,46,2298,54599,105278,18147,Sí
2015,16,MICHOACAN,23,APATZINGÁN,CC_PRD_PT_PH,0,52255,46,2298,54599,105278,15210,Sí
2015,16,MICHOACAN,23,APATZINGÁN,CC_PRD_PT_ES,0,52255,46,2298,54599,105278,18147,Sí
2015,16,MICHOACAN,23,APATZINGÁN,CC_PT_PH_ES,0,52255,46,2298,54599,105278,6595,Sí
2015,16,MICHOACAN,23,APATZINGÁN,CC_PRD_PT,0,52255,46,2298,54599,105278,15210,Sí
2015,16,MICHOACAN,23,APATZINGÁN,CC_PRD_ES,0,52255,46,2298,54599,105278,14489,Sí
2015,16,MICHOACAN,23,APATZINGÁN,CC_PRD_NUAL,0,52255,46,2298,54599,105278,12306,Sí
2015,16,MICHOACAN,23,APATZINGÁN,CC_PT_ES,0,52255,46,2298,54599,105278,6595,Sí
2015,16,MICHOACAN,23,APATZINGÁN,CC_PAN_PT,0,52255,46,2298,54599,105278,13942,Sí
2015,16,MICHOACAN,24,LÁZARO CÁRDENAS,PAN,6848,52243,68,2125,54436,130581,6848,No
2015,16,MICHOACAN,24,LÁZARO CÁRDENAS,PRI,17624,52243,68,2125,54436,130581,17624,No
2015,16,MICHOACAN,24,LÁZARO CÁRDENAS,PRD,15463,52243,68,2125,54436,130581,15463,No
2015,16,MICHOACAN,24,LÁZARO CÁRDENAS,PT,903,52243,68,2125,54436,130581,903,No
2015,16,MICHOACAN,24,LÁZARO CÁRDENAS,PVEM,1293,52243,68,2125,54436,130581,1293,No
2015,16,MICHOACAN,24,LÁZARO CÁRDENAS,MC,0,52243,68,2125,54436,130581,0,No
2015,16,MICHOACAN,24,LÁZARO CÁRDENAS,NUAL,1472,52243,68,2125,54436,130581,1472,No
2015,16,MICHOACAN,24,LÁZARO CÁRDENAS,MORENA,4362,52243,68,2125,54436,130581,4362,No
2015,16,MICHOACAN,24,LÁZARO CÁRDENAS,PH,733,52243,68,2125,54436,130581,733,No
2015,16,MICHOACAN,24,LÁZARO CÁRDENAS,ES,1129,52243,68,2125,54436,130581,1129,No
2015,16,MICHOACAN,24,LÁZARO CÁRDENAS,Candidatura Independiente,2076,52243,68,2125,54436,130581,2076,No
2015,16,MICHOACAN,24,LÁZARO CÁRDENAS,PRI_PVEM,183,52243,68,2125,54436,130581,19100,Sí
2015,16,MICHOACAN,24,LÁZARO CÁRDENAS,CC_PRD_PT_PH_ES,0,52243,68,2125,54436,130581,18228,Sí
2015,16,MICHOACAN,24,LÁZARO CÁRDENAS,CC_PRD_PT_PH,0,52243,68,2125,54436,130581,17099,Sí
2015,16,MICHOACAN,24,LÁZARO CÁRDENAS,CC_PRD_PT_ES,0,52243,68,2125,54436,130581,17495,Sí
2015,16,MICHOACAN,24,LÁZARO CÁRDENAS,CC_PT_PH_ES,0,52243,68,2125,54436,130581,2765,Sí
2015,16,MICHOACAN,24,LÁZARO CÁRDENAS,CC_PRD_PT,157,52243,68,2125,54436,130581,16523,Sí
2015,16,MICHOACAN,24,LÁZARO CÁRDENAS,CC_PRD_ES,0,52243,68,2125,54436,130581,16592,Sí
2015,16,MICHOACAN,24,LÁZARO CÁRDENAS,CC_PRD_NUAL,0,52243,68,2125,54436,130581,16935,Sí
2015,16,MICHOACAN,24,LÁZARO CÁRDENAS,CC_PT_ES,0,52243,68,2125,54436,130581,2032,Sí
2015,16,MICHOACAN,24,LÁZARO CÁRDENAS,CC_PAN_PT,0,52243,68,2125,54436,130581,7751,Sí
2015,17,MORELOS,1,CUERNAVACA NORTE,PAN,8191,44731,162,3786,48679,91757,8191,No
2015,17,MORELOS,1,CUERNAVACA NORTE,PRI,6838,44731,162,3786,48679,91757,6838,No
2015,17,MORELOS,1,CUERNAVACA NORTE,PVEM,3626,44731,162,3786,48679,91757,3626,No
2015,17,MORELOS,1,CUERNAVACA NORTE,NUAL,2229,44731,162,3786,48679,91757,2229,No
2015,17,MORELOS,1,CUERNAVACA NORTE,PRI_PVEM,0,44731,162,3786,48679,91757,10464,Sí
2015,17,MORELOS,1,CUERNAVACA NORTE,PRI_NUAL,0,44731,162,3786,48679,91757,9067,Sí
2015,17,MORELOS,1,CUERNAVACA NORTE,PVEM_NUAL,0,44731,162,3786,48679,91757,5855,Sí
2015,17,MORELOS,1,CUERNAVACA NORTE,PRI_PVEM_NUAL,0,44731,162,3786,48679,91757,12693,Sí
2015,17,MORELOS,1,CUERNAVACA NORTE,PRD,6274,44731,162,3786,48679,91757,6274,No
2015,17,MORELOS,1,CUERNAVACA NORTE,PT,1210,44731,162,3786,48679,91757,1210,No
2015,17,MORELOS,1,CUERNAVACA NORTE,MC,2019,44731,162,3786,48679,91757,2019,No
2015,17,MORELOS,1,CUERNAVACA NORTE,PSD,5162,44731,162,3786,48679,91757,5162,No
2015,17,MORELOS,1,CUERNAVACA NORTE,MORENA,5215,44731,162,3786,48679,91757,5215,No
2015,17,MORELOS,1,CUERNAVACA NORTE,ES,2243,44731,162,3786,48679,91757,2243,No
2015,17,MORELOS,1,CUERNAVACA NORTE,PH,1724,44731,162,3786,48679,91757,1724,No
2015,17,MORELOS,2,CUERNAVACA ORIENTE,PAN,7075,39707,158,3277,43142,87764,7075,No
2015,17,MORELOS,2,CUERNAVACA ORIENTE,PRI,7350,39707,158,3277,43142,87764,7350,No
2015,17,MORELOS,2,CUERNAVACA ORIENTE,PVEM,2345,39707,158,3277,43142,87764,2345,No
2015,17,MORELOS,2,CUERNAVACA ORIENTE,NUAL,835,39707,158,3277,43142,87764,835,No
2015,17,MORELOS,2,CUERNAVACA ORIENTE,PRI_PVEM,0,39707,158,3277,43142,87764,9695,Sí
2015,17,MORELOS,2,CUERNAVACA ORIENTE,PRI_NUAL,0,39707,158,3277,43142,87764,8185,Sí
2015,17,MORELOS,2,CUERNAVACA ORIENTE,PVEM_NUAL,0,39707,158,3277,43142,87764,3180,Sí
2015,17,MORELOS,2,CUERNAVACA ORIENTE,PRI_PVEM_NUAL,0,39707,158,3277,43142,87764,10530,Sí
2015,17,MORELOS,2,CUERNAVACA ORIENTE,PRD,5397,39707,158,3277,43142,87764,5397,No
2015,17,MORELOS,2,CUERNAVACA ORIENTE,PT,592,39707,158,3277,43142,87764,592,No
2015,17,MORELOS,2,CUERNAVACA ORIENTE,MC,1797,39707,158,3277,43142,87764,1797,No
2015,17,MORELOS,2,CUERNAVACA ORIENTE,PSD,4771,39707,158,3277,43142,87764,4771,No
2015,17,MORELOS,2,CUERNAVACA ORIENTE,MORENA,5494,39707,158,3277,43142,87764,5494,No
2015,17,MORELOS,2,CUERNAVACA ORIENTE,ES,1907,39707,158,3277,43142,87764,1907,No
2015,17,MORELOS,2,CUERNAVACA ORIENTE,PH,2144,39707,158,3277,43142,87764,2144,No
2015,17,MORELOS,3,CUERNAVACA PONIENTE,PAN,4718,24422,108,2096,26626,51763,4718,No
2015,17,MORELOS,3,CUERNAVACA PONIENTE,PRI,3863,24422,108,2096,26626,51763,3863,No
2015,17,MORELOS,3,CUERNAVACA PONIENTE,PVEM,1434,24422,108,2096,26626,51763,1434,No
2015,17,MORELOS,3,CUERNAVACA PONIENTE,NUAL,1194,24422,108,2096,26626,51763,1194,No
2015,17,MORELOS,3,CUERNAVACA PONIENTE,PRI_PVEM,52,24422,108,2096,26626,51763,5349,Sí
2015,17,MORELOS,3,CUERNAVACA PONIENTE,PRI_NUAL,19,24422,108,2096,26626,51763,5076,Sí
2015,17,MORELOS,3,CUERNAVACA PONIENTE,PVEM_NUAL,12,24422,108,2096,26626,51763,2640,Sí
2015,17,MORELOS,3,CUERNAVACA PONIENTE,PRI_PVEM_NUAL,124,24422,108,2096,26626,51763,6615,Sí
2015,17,MORELOS,3,CUERNAVACA PONIENTE,PRD,3352,24422,108,2096,26626,51763,3352,No
2015,17,MORELOS,3,CUERNAVACA PONIENTE,PT,215,24422,108,2096,26626,51763,215,No
2015,17,MORELOS,3,CUERNAVACA PONIENTE,MC,1153,24422,108,2096,26626,51763,1153,No
2015,17,MORELOS,3,CUERNAVACA PONIENTE,PSD,3178,24422,108,2096,26626,51763,3178,No
2015,17,MORELOS,3,CUERNAVACA PONIENTE,MORENA,2570,24422,108,2096,26626,51763,2570,No
2015,17,MORELOS,3,CUERNAVACA PONIENTE,ES,1541,24422,108,2096,26626,51763,1541,No
2015,17,MORELOS,3,CUERNAVACA PONIENTE,PH,997,24422,108,2096,26626,51763,997,No
2015,17,MORELOS,4,CUERNAVACA SUR,PAN,8620,39832,126,3103,43061,84242,8620,No
2015,17,MORELOS,4,CUERNAVACA SUR,PRI,5236,39832,126,3103,43061,84242,5236,No
2015,17,MORELOS,4,CUERNAVACA SUR,PVEM,2276,39832,126,3103,43061,84242,2276,No
2015,17,MORELOS,4,CUERNAVACA SUR,NUAL,892,39832,126,3103,43061,84242,892,No
2015,17,MORELOS,4,CUERNAVACA SUR,PRI_PVEM,118,39832,126,3103,43061,84242,7630,Sí
2015,17,MORELOS,4,CUERNAVACA SUR,PRI_NUAL,21,39832,126,3103,43061,84242,6149,Sí
2015,17,MORELOS,4,CUERNAVACA SUR,PVEM_NUAL,12,39832,126,3103,43061,84242,3180,Sí
2015,17,MORELOS,4,CUERNAVACA SUR,PRI_PVEM_NUAL,49,39832,126,3103,43061,84242,8453,Sí
2015,17,MORELOS,4,CUERNAVACA SUR,PRD,3697,39832,126,3103,43061,84242,3697,No
2015,17,MORELOS,4,CUERNAVACA SUR,PT,1176,39832,126,3103,43061,84242,1176,No
2015,17,MORELOS,4,CUERNAVACA SUR,MC,2899,39832,126,3103,43061,84242,2899,No
2015,17,MORELOS,4,CUERNAVACA SUR,PSD,7045,39832,126,3103,43061,84242,7045,No
2015,17,MORELOS,4,CUERNAVACA SUR,MORENA,3821,39832,126,3103,43061,84242,3821,No
2015,17,MORELOS,4,CUERNAVACA SUR,ES,2295,39832,126,3103,43061,84242,2295,No
2015,17,MORELOS,4,CUERNAVACA SUR,PH,1675,39832,126,3103,43061,84242,1675,No
2015,17,MORELOS,5,TEMIXCO,PAN,6356,68549,72,3829,72450,138257,6356,No
2015,17,MORELOS,5,TEMIXCO,PRI,8432,68549,72,3829,72450,138257,8432,No
2015,17,MORELOS,5,TEMIXCO,PVEM,16006,68549,72,3829,72450,138257,16006,No
2015,17,MORELOS,5,TEMIXCO,NUAL,3764,68549,72,3829,72450,138257,3764,No
2015,17,MORELOS,5,TEMIXCO,PRI_PVEM,0,68549,72,3829,72450,138257,24438,Sí
2015,17,MORELOS,5,TEMIXCO,PRI_NUAL,0,68549,72,3829,72450,138257,12196,Sí
2015,17,MORELOS,5,TEMIXCO,PVEM_NUAL,0,68549,72,3829,72450,138257,19770,Sí
2015,17,MORELOS,5,TEMIXCO,PRI_PVEM_NUAL,0,68549,72,3829,72450,138257,28202,Sí
2015,17,MORELOS,5,TEMIXCO,PRD,14153,68549,72,3829,72450,138257,14153,No
2015,17,MORELOS,5,TEMIXCO,PT,4564,68549,72,3829,72450,138257,4564,No
2015,17,MORELOS,5,TEMIXCO,MC,2648,68549,72,3829,72450,138257,2648,No
2015,17,MORELOS,5,TEMIXCO,PSD,1618,68549,72,3829,72450,138257,1618,No
2015,17,MORELOS,5,TEMIXCO,MORENA,5591,68549,72,3829,72450,138257,5591,No
2015,17,MORELOS,5,TEMIXCO,ES,2253,68549,72,3829,72450,138257,2253,No
2015,17,MORELOS,5,TEMIXCO,PH,3164,68549,72,3829,72450,138257,3164,No
2015,17,MORELOS,6,JIUTEPEC NORTE,PAN,2530,27826,33,1866,29725,70226,2530,No
2015,17,MORELOS,6,JIUTEPEC NORTE,PRI,4526,27826,33,1866,29725,70226,4526,No
2015,17,MORELOS,6,JIUTEPEC NORTE,PVEM,2634,27826,33,1866,29725,70226,2634,No
2015,17,MORELOS,6,JIUTEPEC NORTE,NUAL,1079,27826,33,1866,29725,70226,1079,No
2015,17,MORELOS,6,JIUTEPEC NORTE,PRI_PVEM,0,27826,33,1866,29725,70226,7160,Sí
2015,17,MORELOS,6,JIUTEPEC NORTE,PRI_NUAL,0,27826,33,1866,29725,70226,5605,Sí
2015,17,MORELOS,6,JIUTEPEC NORTE,PVEM_NUAL,0,27826,33,1866,29725,70226,3713,Sí
2015,17,MORELOS,6,JIUTEPEC NORTE,PRI_PVEM_NUAL,0,27826,33,1866,29725,70226,8239,Sí
2015,17,MORELOS,6,JIUTEPEC NORTE,PRD,4115,27826,33,1866,29725,70226,4115,No
2015,17,MORELOS,6,JIUTEPEC NORTE,PT,388,27826,33,1866,29725,70226,388,No
2015,17,MORELOS,6,JIUTEPEC NORTE,MC,3157,27826,33,1866,29725,70226,3157,No
2015,17,MORELOS,6,JIUTEPEC NORTE,PSD,915,27826,33,1866,29725,70226,915,No
2015,17,MORELOS,6,JIUTEPEC NORTE,MORENA,3920,27826,33,1866,29725,70226,3920,No
2015,17,MORELOS,6,JIUTEPEC NORTE,ES,1994,27826,33,1866,29725,70226,1994,No
2015,17,MORELOS,6,JIUTEPEC NORTE,PH,2568,27826,33,1866,29725,70226,2568,No
2015,17,MORELOS,7,JIUTEPEC SUR,PAN,3353,37728,89,2612,40429,85640,3353,No
2015,17,MORELOS,7,JIUTEPEC SUR,PRI,5227,37728,89,2612,40429,85640,5227,No
2015,17,MORELOS,7,JIUTEPEC SUR,PVEM,2821,37728,89,2612,40429,85640,2821,No
2015,17,MORELOS,7,JIUTEPEC SUR,NUAL,961,37728,89,2612,40429,85640,961,No
2015,17,MORELOS,7,JIUTEPEC SUR,PRI_PVEM,0,37728,89,2612,40429,85640,8048,Sí
2015,17,MORELOS,7,JIUTEPEC SUR,PRI_NUAL,0,37728,89,2612,40429,85640,6188,Sí
2015,17,MORELOS,7,JIUTEPEC SUR,PVEM_NUAL,0,37728,89,2612,40429,85640,3782,Sí
2015,17,MORELOS,7,JIUTEPEC SUR,PRI_PVEM_NUAL,0,37728,89,2612,40429,85640,9009,Sí
2015,17,MORELOS,7,JIUTEPEC SUR,PRD,10049,37728,89,2612,40429,85640,10049,No
2015,17,MORELOS,7,JIUTEPEC SUR,PT,452,37728,89,2612,40429,85640,452,No
2015,17,MORELOS,7,JIUTEPEC SUR,MC,2682,37728,89,2612,40429,85640,2682,No
2015,17,MORELOS,7,JIUTEPEC SUR,PSD,1170,37728,89,2612,40429,85640,1170,No
2015,17,MORELOS,7,JIUTEPEC SUR,MORENA,4774,37728,89,2612,40429,85640,4774,No
2015,17,MORELOS,7,JIUTEPEC SUR,ES,2387,37728,89,2612,40429,85640,2387,No
2015,17,MORELOS,7,JIUTEPEC SUR,PH,3852,37728,89,2612,40429,85640,3852,No
2015,17,MORELOS,8,TETECALA,PAN,2645,53462,29,2402,55893,86931,2645,No
2015,17,MORELOS,8,TETECALA,PRI,19191,53462,29,2402,55893,86931,19191,No
2015,17,MORELOS,8,TETECALA,PVEM,2751,53462,29,2402,55893,86931,2751,No
2015,17,MORELOS,8,TETECALA,NUAL,1392,53462,29,2402,55893,86931,1392,No
2015,17,MORELOS,8,TETECALA,PRI_PVEM,0,53462,29,2402,55893,86931,21942,Sí
2015,17,MORELOS,8,TETECALA,PRI_NUAL,0,53462,29,2402,55893,86931,20583,Sí
2015,17,MORELOS,8,TETECALA,PVEM_NUAL,0,53462,29,2402,55893,86931,4143,Sí
2015,17,MORELOS,8,TETECALA,PRI_PVEM_NUAL,0,53462,29,2402,55893,86931,23334,Sí
2015,17,MORELOS,8,TETECALA,PRD,15158,53462,29,2402,55893,86931,15158,No
2015,17,MORELOS,8,TETECALA,PT,3656,53462,29,2402,55893,86931,3656,No
2015,17,MORELOS,8,TETECALA,MC,4322,53462,29,2402,55893,86931,4322,No
2015,17,MORELOS,8,TETECALA,PSD,453,53462,29,2402,55893,86931,453,No
2015,17,MORELOS,8,TETECALA,MORENA,1299,53462,29,2402,55893,86931,1299,No
2015,17,MORELOS,8,TETECALA,ES,1191,53462,29,2402,55893,86931,1191,No
2015,17,MORELOS,8,TETECALA,PH,1404,53462,29,2402,55893,86931,1404,No
2015,17,MORELOS,9,PUENTE DE IXTLA,PAN,1189,32943,38,1757,34738,59680,1189,No
2015,17,MORELOS,9,PUENTE DE IXTLA,PRI,6588,32943,38,1757,34738,59680,6588,No
2015,17,MORELOS,9,PUENTE DE IXTLA,PVEM,1299,32943,38,1757,34738,59680,1299,No
2015,17,MORELOS,9,PUENTE DE IXTLA,NUAL,8087,32943,38,1757,34738,59680,8087,No
2015,17,MORELOS,9,PUENTE DE IXTLA,PRI_PVEM,0,32943,38,1757,34738,59680,7887,Sí
2015,17,MORELOS,9,PUENTE DE IXTLA,PRI_NUAL,0,32943,38,1757,34738,59680,14675,Sí
2015,17,MORELOS,9,PUENTE DE IXTLA,PVEM_NUAL,0,32943,38,1757,34738,59680,9386,Sí
2015,17,MORELOS,9,PUENTE DE IXTLA,PRI_PVEM_NUAL,0,32943,38,1757,34738,59680,15974,Sí
2015,17,MORELOS,9,PUENTE DE IXTLA,PRD,2689,32943,38,1757,34738,59680,2689,No
2015,17,MORELOS,9,PUENTE DE IXTLA,PT,3310,32943,38,1757,34738,59680,3310,No
2015,17,MORELOS,9,PUENTE DE IXTLA,MC,2519,32943,38,1757,34738,59680,2519,No
2015,17,MORELOS,9,PUENTE DE IXTLA,PSD,2177,32943,38,1757,34738,59680,2177,No
2015,17,MORELOS,9,PUENTE DE IXTLA,MORENA,3203,32943,38,1757,34738,59680,3203,No
2015,17,MORELOS,9,PUENTE DE IXTLA,ES,947,32943,38,1757,34738,59680,947,No
2015,17,MORELOS,9,PUENTE DE IXTLA,PH,935,32943,38,1757,34738,59680,935,No
2015,17,MORELOS,10,ZACATEPEC,PAN,2843,36194,15,1834,38043,64923,2843,No
2015,17,MORELOS,10,ZACATEPEC,PRI,9363,36194,15,1834,38043,64923,9363,No
2015,17,MORELOS,10,ZACATEPEC,PVEM,1857,36194,15,1834,38043,64923,1857,No
2015,17,MORELOS,10,ZACATEPEC,NUAL,761,36194,15,1834,38043,64923,761,No
2015,17,MORELOS,10,ZACATEPEC,PRI_PVEM,74,36194,15,1834,38043,64923,11294,Sí
2015,17,MORELOS,10,ZACATEPEC,PRI_NUAL,28,36194,15,1834,38043,64923,10152,Sí
2015,17,MORELOS,10,ZACATEPEC,PVEM_NUAL,25,36194,15,1834,38043,64923,2643,Sí
2015,17,MORELOS,10,ZACATEPEC,PRI_PVEM_NUAL,365,36194,15,1834,38043,64923,12346,Sí
2015,17,MORELOS,10,ZACATEPEC,PRD,6119,36194,15,1834,38043,64923,6119,No
2015,17,MORELOS,10,ZACATEPEC,PT,1659,36194,15,1834,38043,64923,1659,No
2015,17,MORELOS,10,ZACATEPEC,MC,1826,36194,15,1834,38043,64923,1826,No
2015,17,MORELOS,10,ZACATEPEC,PSD,3723,36194,15,1834,38043,64923,3723,No
2015,17,MORELOS,10,ZACATEPEC,MORENA,2263,36194,15,1834,38043,64923,2263,No
2015,17,MORELOS,10,ZACATEPEC,ES,3022,36194,15,1834,38043,64923,3022,No
2015,17,MORELOS,10,ZACATEPEC,PH,2266,36194,15,1834,38043,64923,2266,No
2015,17,MORELOS,11,JOJUTLA,PAN,1440,36577,40,1900,38517,69488,1440,No
2015,17,MORELOS,11,JOJUTLA,PRI,5345,36577,40,1900,38517,69488,5345,No
2015,17,MORELOS,11,JOJUTLA,PVEM,1222,36577,40,1900,38517,69488,1222,No
2015,17,MORELOS,11,JOJUTLA,NUAL,1958,36577,40,1900,38517,69488,1958,No
2015,17,MORELOS,11,JOJUTLA,PRI_PVEM,0,36577,40,1900,38517,69488,6567,Sí
2015,17,MORELOS,11,JOJUTLA,PRI_NUAL,0,36577,40,1900,38517,69488,7303,Sí
2015,17,MORELOS,11,JOJUTLA,PVEM_NUAL,0,36577,40,1900,38517,69488,3180,Sí
2015,17,MORELOS,11,JOJUTLA,PRI_PVEM_NUAL,0,36577,40,1900,38517,69488,8525,Sí
2015,17,MORELOS,11,JOJUTLA,PRD,6179,36577,40,1900,38517,69488,6179,No
2015,17,MORELOS,11,JOJUTLA,PT,4748,36577,40,1900,38517,69488,4748,No
2015,17,MORELOS,11,JOJUTLA,MC,1296,36577,40,1900,38517,69488,1296,No
2015,17,MORELOS,11,JOJUTLA,PSD,6051,36577,40,1900,38517,69488,6051,No
2015,17,MORELOS,11,JOJUTLA,MORENA,5219,36577,40,1900,38517,69488,5219,No
2015,17,MORELOS,11,JOJUTLA,ES,1778,36577,40,1900,38517,69488,1778,No
2015,17,MORELOS,11,JOJUTLA,PH,1341,36577,40,1900,38517,69488,1341,No
2015,17,MORELOS,12,YAUTEPEC PONIENTE,PAN,3491,37329,33,2316,39678,75732,3491,No
2015,17,MORELOS,12,YAUTEPEC PONIENTE,PRI,5283,37329,33,2316,39678,75732,5283,No
2015,17,MORELOS,12,YAUTEPEC PONIENTE,PVEM,1693,37329,33,2316,39678,75732,1693,No
2015,17,MORELOS,12,YAUTEPEC PONIENTE,NUAL,1476,37329,33,2316,39678,75732,1476,No
2015,17,MORELOS,12,YAUTEPEC PONIENTE,PRI_PVEM,0,37329,33,2316,39678,75732,6976,Sí
2015,17,MORELOS,12,YAUTEPEC PONIENTE,PRI_NUAL,0,37329,33,2316,39678,75732,6759,Sí
2015,17,MORELOS,12,YAUTEPEC PONIENTE,PVEM_NUAL,0,37329,33,2316,39678,75732,3169,Sí
2015,17,MORELOS,12,YAUTEPEC PONIENTE,PRI_PVEM_NUAL,0,37329,33,2316,39678,75732,8452,Sí
2015,17,MORELOS,12,YAUTEPEC PONIENTE,PRD,8094,37329,33,2316,39678,75732,8094,No
2015,17,MORELOS,12,YAUTEPEC PONIENTE,PT,1536,37329,33,2316,39678,75732,1536,No
2015,17,MORELOS,12,YAUTEPEC PONIENTE,MC,3895,37329,33,2316,39678,75732,3895,No
2015,17,MORELOS,12,YAUTEPEC PONIENTE,PSD,4945,37329,33,2316,39678,75732,4945,No
2015,17,MORELOS,12,YAUTEPEC PONIENTE,MORENA,4283,37329,33,2316,39678,75732,4283,No
2015,17,MORELOS,12,YAUTEPEC PONIENTE,ES,1082,37329,33,2316,39678,75732,1082,No
2015,17,MORELOS,12,YAUTEPEC PONIENTE,PH,1551,37329,33,2316,39678,75732,1551,No
2015,17,MORELOS,13,YAUTEPEC ORIENTE,PAN,4655,37847,20,1914,39781,65717,4655,No
2015,17,MORELOS,13,YAUTEPEC ORIENTE,PRI,4407,37847,20,1914,39781,65717,4407,No
2015,17,MORELOS,13,YAUTEPEC ORIENTE,PVEM,1012,37847,20,1914,39781,65717,1012,No
2015,17,MORELOS,13,YAUTEPEC ORIENTE,NUAL,1915,37847,20,1914,39781,65717,1915,No
2015,17,MORELOS,13,YAUTEPEC ORIENTE,PRI_PVEM,23,37847,20,1914,39781,65717,5442,Sí
2015,17,MORELOS,13,YAUTEPEC ORIENTE,PRI_NUAL,15,37847,20,1914,39781,65717,6337,Sí
2015,17,MORELOS,13,YAUTEPEC ORIENTE,PVEM_NUAL,8,37847,20,1914,39781,65717,2935,Sí
2015,17,MORELOS,13,YAUTEPEC ORIENTE,PRI_PVEM_NUAL,3,37847,20,1914,39781,65717,7337,Sí
2015,17,MORELOS,13,YAUTEPEC ORIENTE,PRD,8091,37847,20,1914,39781,65717,8091,No
2015,17,MORELOS,13,YAUTEPEC ORIENTE,PT,2523,37847,20,1914,39781,65717,2523,No
2015,17,MORELOS,13,YAUTEPEC ORIENTE,MC,4590,37847,20,1914,39781,65717,4590,No
2015,17,MORELOS,13,YAUTEPEC ORIENTE,PSD,1622,37847,20,1914,39781,65717,1622,No
2015,17,MORELOS,13,YAUTEPEC ORIENTE,MORENA,6691,37847,20,1914,39781,65717,6691,No
2015,17,MORELOS,13,YAUTEPEC ORIENTE,ES,593,37847,20,1914,39781,65717,593,No
2015,17,MORELOS,13,YAUTEPEC ORIENTE,PH,1699,37847,20,1914,39781,65717,1699,No
2015,17,MORELOS,14,CUAUTLA NORTE,PAN,3194,34198,54,2215,36467,77854,3194,No
2015,17,MORELOS,14,CUAUTLA NORTE,PRI,5892,34198,54,2215,36467,77854,5892,No
2015,17,MORELOS,14,CUAUTLA NORTE,PVEM,1735,34198,54,2215,36467,77854,1735,No
2015,17,MORELOS,14,CUAUTLA NORTE,NUAL,1802,34198,54,2215,36467,77854,1802,No
2015,17,MORELOS,14,CUAUTLA NORTE,PRI_PVEM,0,34198,54,2215,36467,77854,7627,Sí
2015,17,MORELOS,14,CUAUTLA NORTE,PRI_NUAL,0,34198,54,2215,36467,77854,7694,Sí
2015,17,MORELOS,14,CUAUTLA NORTE,PVEM_NUAL,0,34198,54,2215,36467,77854,3537,Sí
2015,17,MORELOS,14,CUAUTLA NORTE,PRI_PVEM_NUAL,0,34198,54,2215,36467,77854,9429,Sí
2015,17,MORELOS,14,CUAUTLA NORTE,PRD,7321,34198,54,2215,36467,77854,7321,No
2015,17,MORELOS,14,CUAUTLA NORTE,PT,2311,34198,54,2215,36467,77854,2311,No
2015,17,MORELOS,14,CUAUTLA NORTE,MC,4661,34198,54,2215,36467,77854,4661,No
2015,17,MORELOS,14,CUAUTLA NORTE,PSD,989,34198,54,2215,36467,77854,989,No
2015,17,MORELOS,14,CUAUTLA NORTE,MORENA,2930,34198,54,2215,36467,77854,2930,No
2015,17,MORELOS,14,CUAUTLA NORTE,ES,1844,34198,54,2215,36467,77854,1844,No
2015,17,MORELOS,14,CUAUTLA NORTE,PH,1519,34198,54,2215,36467,77854,1519,No
2015,17,MORELOS,15,CUAUTLA SUR,PAN,2148,23831,22,1647,25500,57358,2148,No
2015,17,MORELOS,15,CUAUTLA SUR,PRI,4105,23831,22,1647,25500,57358,4105,No
2015,17,MORELOS,15,CUAUTLA SUR,PVEM,1586,23831,22,1647,25500,57358,1586,No
2015,17,MORELOS,15,CUAUTLA SUR,NUAL,1302,23831,22,1647,25500,57358,1302,No
2015,17,MORELOS,15,CUAUTLA SUR,PRI_PVEM,0,23831,22,1647,25500,57358,5691,Sí
2015,17,MORELOS,15,CUAUTLA SUR,PRI_NUAL,0,23831,22,1647,25500,57358,5407,Sí
2015,17,MORELOS,15,CUAUTLA SUR,PVEM_NUAL,0,23831,22,1647,25500,57358,2888,Sí
2015,17,MORELOS,15,CUAUTLA SUR,PRI_PVEM_NUAL,0,23831,22,1647,25500,57358,6993,Sí
2015,17,MORELOS,15,CUAUTLA SUR,PRD,4338,23831,22,1647,25500,57358,4338,No
2015,17,MORELOS,15,CUAUTLA SUR,PT,1621,23831,22,1647,25500,57358,1621,No
2015,17,MORELOS,15,CUAUTLA SUR,MC,4120,23831,22,1647,25500,57358,4120,No
2015,17,MORELOS,15,CUAUTLA SUR,PSD,401,23831,22,1647,25500,57358,401,No
2015,17,MORELOS,15,CUAUTLA SUR,MORENA,1461,23831,22,1647,25500,57358,1461,No
2015,17,MORELOS,15,CUAUTLA SUR,ES,1257,23831,22,1647,25500,57358,1257,No
2015,17,MORELOS,15,CUAUTLA SUR,PH,1492,23831,22,1647,25500,57358,1492,No
2015,17,MORELOS,16,AYALA,PAN,6748,28907,59,1819,30785,58593,6748,No
2015,17,MORELOS,16,AYALA,PRI,5625,28907,59,1819,30785,58593,5625,No
2015,17,MORELOS,16,AYALA,PVEM,6222,28907,59,1819,30785,58593,6222,No
2015,17,MORELOS,16,AYALA,NUAL,3610,28907,59,1819,30785,58593,3610,No
2015,17,MORELOS,16,AYALA,PRI_PVEM,0,28907,59,1819,30785,58593,11847,Sí
2015,17,MORELOS,16,AYALA,PRI_NUAL,0,28907,59,1819,30785,58593,9235,Sí
2015,17,MORELOS,16,AYALA,PVEM_NUAL,0,28907,59,1819,30785,58593,9832,Sí
2015,17,MORELOS,16,AYALA,PRI_PVEM_NUAL,0,28907,59,1819,30785,58593,15457,Sí
2015,17,MORELOS,16,AYALA,PRD,3018,28907,59,1819,30785,58593,3018,No
2015,17,MORELOS,16,AYALA,PT,338,28907,59,1819,30785,58593,338,No
2015,17,MORELOS,16,AYALA,MC,230,28907,59,1819,30785,58593,230,No
2015,17,MORELOS,16,AYALA,PSD,769,28907,59,1819,30785,58593,769,No
2015,17,MORELOS,16,AYALA,MORENA,1114,28907,59,1819,30785,58593,1114,No
2015,17,MORELOS,16,AYALA,ES,968,28907,59,1819,30785,58593,968,No
2015,17,MORELOS,16,AYALA,PH,265,28907,59,1819,30785,58593,265,No
2015,17,MORELOS,17,YECAPIXTLA,PAN,5307,42822,13,2097,44932,65552,5307,No
2015,17,MORELOS,17,YECAPIXTLA,PRI,4784,42822,13,2097,44932,65552,4784,No
2015,17,MORELOS,17,YECAPIXTLA,PVEM,826,42822,13,2097,44932,65552,826,No
2015,17,MORELOS,17,YECAPIXTLA,NUAL,3409,42822,13,2097,44932,65552,3409,No
2015,17,MORELOS,17,YECAPIXTLA,PRI_PVEM,0,42822,13,2097,44932,65552,5610,Sí
2015,17,MORELOS,17,YECAPIXTLA,PRI_NUAL,0,42822,13,2097,44932,65552,8193,Sí
2015,17,MORELOS,17,YECAPIXTLA,PVEM_NUAL,0,42822,13,2097,44932,65552,4235,Sí
2015,17,MORELOS,17,YECAPIXTLA,PRI_PVEM_NUAL,0,42822,13,2097,44932,65552,9019,Sí
2015,17,MORELOS,17,YECAPIXTLA,PRD,12044,42822,13,2097,44932,65552,12044,No
2015,17,MORELOS,17,YECAPIXTLA,PT,8216,42822,13,2097,44932,65552,8216,No
2015,17,MORELOS,17,YECAPIXTLA,MC,1578,42822,13,2097,44932,65552,1578,No
2015,17,MORELOS,17,YECAPIXTLA,PSD,1376,42822,13,2097,44932,65552,1376,No
2015,17,MORELOS,17,YECAPIXTLA,MORENA,2921,42822,13,2097,44932,65552,2921,No
2015,17,MORELOS,17,YECAPIXTLA,ES,1244,42822,13,2097,44932,65552,1244,No
2015,17,MORELOS,17,YECAPIXTLA,PH,1117,42822,13,2097,44932,65552,1117,No
2015,17,MORELOS,18,JONACATEPEC,PAN,2332,50792,76,3029,53897,77159,2332,No
2015,17,MORELOS,18,JONACATEPEC,PRI,3158,50792,76,3029,53897,77159,3158,No
2015,17,MORELOS,18,JONACATEPEC,PVEM,3585,50792,76,3029,53897,77159,3585,No
2015,17,MORELOS,18,JONACATEPEC,NUAL,1910,50792,76,3029,53897,77159,1910,No
2015,17,MORELOS,18,JONACATEPEC,PRI_PVEM,41,50792,76,3029,53897,77159,6784,Sí
2015,17,MORELOS,18,JONACATEPEC,PRI_NUAL,19,50792,76,3029,53897,77159,5087,Sí
2015,17,MORELOS,18,JONACATEPEC,PVEM_NUAL,27,50792,76,3029,53897,77159,5522,Sí
2015,17,MORELOS,18,JONACATEPEC,PRI_PVEM_NUAL,7,50792,76,3029,53897,77159,8660,Sí
2015,17,MORELOS,18,JONACATEPEC,PRD,10351,50792,76,3029,53897,77159,10351,No
2015,17,MORELOS,18,JONACATEPEC,PT,2218,50792,76,3029,53897,77159,2218,No
2015,17,MORELOS,18,JONACATEPEC,MC,10022,50792,76,3029,53897,77159,10022,No
2015,17,MORELOS,18,JONACATEPEC,PSD,3870,50792,76,3029,53897,77159,3870,No
2015,17,MORELOS,18,JONACATEPEC,MORENA,2360,50792,76,3029,53897,77159,2360,No
2015,17,MORELOS,18,JONACATEPEC,ES,2448,50792,76,3029,53897,77159,2448,No
2015,17,MORELOS,18,JONACATEPEC,PH,8444,50792,76,3029,53897,77159,8444,No
2015,19,NUEVO LEON,1,MONTERREY,PAN,34087,121606,NA,3874,125480,223034,34087,No
2015,19,NUEVO LEON,1,MONTERREY,PRI,36359,121606,NA,3874,125480,223034,36359,No
2015,19,NUEVO LEON,1,MONTERREY,PRD,2028,121606,NA,3874,125480,223034,2028,No
2015,19,NUEVO LEON,1,MONTERREY,PT,8226,121606,NA,3874,125480,223034,8226,No
2015,19,NUEVO LEON,1,MONTERREY,PVEM,5289,121606,NA,3874,125480,223034,5289,No
2015,19,NUEVO LEON,1,MONTERREY,MC,16412,121606,NA,3874,125480,223034,16412,No
2015,19,NUEVO LEON,1,MONTERREY,NUAL,4221,121606,NA,3874,125480,223034,4221,No
2015,19,NUEVO LEON,1,MONTERREY,PD,449,121606,NA,3874,125480,223034,449,No
2015,19,NUEVO LEON,1,MONTERREY,CC,936,121606,NA,3874,125480,223034,936,No
2015,19,NUEVO LEON,1,MONTERREY,MORENA,2820,121606,NA,3874,125480,223034,2820,No
2015,19,NUEVO LEON,1,MONTERREY,PH,3500,121606,NA,3874,125480,223034,3500,No
2015,19,NUEVO LEON,1,MONTERREY,ES,7279,121606,NA,3874,125480,223034,7279,No
2015,19,NUEVO LEON,2,MONTERREY,PAN,10753,58061,NA,2393,60454,112463,10753,No
2015,19,NUEVO LEON,2,MONTERREY,PRI,22270,58061,NA,2393,60454,112463,22270,No
2015,19,NUEVO LEON,2,MONTERREY,PRD,802,58061,NA,2393,60454,112463,802,No
2015,19,NUEVO LEON,2,MONTERREY,PT,9001,58061,NA,2393,60454,112463,9001,No
2015,19,NUEVO LEON,2,MONTERREY,PVEM,2350,58061,NA,2393,60454,112463,2350,No
2015,19,NUEVO LEON,2,MONTERREY,MC,3954,58061,NA,2393,60454,112463,3954,No
2015,19,NUEVO LEON,2,MONTERREY,NUAL,1531,58061,NA,2393,60454,112463,1531,No
2015,19,NUEVO LEON,2,MONTERREY,PD,204,58061,NA,2393,60454,112463,204,No
2015,19,NUEVO LEON,2,MONTERREY,CC,333,58061,NA,2393,60454,112463,333,No
2015,19,NUEVO LEON,2,MONTERREY,MORENA,1079,58061,NA,2393,60454,112463,1079,No
2015,19,NUEVO LEON,2,MONTERREY,PH,1364,58061,NA,2393,60454,112463,1364,No
2015,19,NUEVO LEON,2,MONTERREY,ES,4420,58061,NA,2393,60454,112463,4420,No
2015,19,NUEVO LEON,3,MONTERREY,PAN,18889,62784,NA,2258,65042,102488,18889,No
2015,19,NUEVO LEON,3,MONTERREY,PRI,17092,62784,NA,2258,65042,102488,17092,No
2015,19,NUEVO LEON,3,MONTERREY,PRD,1248,62784,NA,2258,65042,102488,1248,No
2015,19,NUEVO LEON,3,MONTERREY,PT,4464,62784,NA,2258,65042,102488,4464,No
2015,19,NUEVO LEON,3,MONTERREY,PVEM,2533,62784,NA,2258,65042,102488,2533,No
2015,19,NUEVO LEON,3,MONTERREY,MC,8621,62784,NA,2258,65042,102488,8621,No
2015,19,NUEVO LEON,3,MONTERREY,NUAL,2973,62784,NA,2258,65042,102488,2973,No
2015,19,NUEVO LEON,3,MONTERREY,PD,232,62784,NA,2258,65042,102488,232,No
2015,19,NUEVO LEON,3,MONTERREY,MORENA,1634,62784,NA,2258,65042,102488,1634,No
2015,19,NUEVO LEON,3,MONTERREY,PH,1743,62784,NA,2258,65042,102488,1743,No
2015,19,NUEVO LEON,3,MONTERREY,ES,3355,62784,NA,2258,65042,102488,3355,No
2015,19,NUEVO LEON,4,MONTERREY,PAN,25614,66167,NA,1753,67920,101890,25614,No
2015,19,NUEVO LEON,4,MONTERREY,PRI,14146,66167,NA,1753,67920,101890,14146,No
2015,19,NUEVO LEON,4,MONTERREY,PRD,815,66167,NA,1753,67920,101890,815,No
2015,19,NUEVO LEON,4,MONTERREY,PT,1592,66167,NA,1753,67920,101890,1592,No
2015,19,NUEVO LEON,4,MONTERREY,PVEM,1857,66167,NA,1753,67920,101890,1857,No
2015,19,NUEVO LEON,4,MONTERREY,MC,14931,66167,NA,1753,67920,101890,14931,No
2015,19,NUEVO LEON,4,MONTERREY,NUAL,1590,66167,NA,1753,67920,101890,1590,No
2015,19,NUEVO LEON,4,MONTERREY,PD,271,66167,NA,1753,67920,101890,271,No
2015,19,NUEVO LEON,4,MONTERREY,CC,687,66167,NA,1753,67920,101890,687,No
2015,19,NUEVO LEON,4,MONTERREY,MORENA,1652,66167,NA,1753,67920,101890,1652,No
2015,19,NUEVO LEON,4,MONTERREY,PH,1568,66167,NA,1753,67920,101890,1568,No
2015,19,NUEVO LEON,4,MONTERREY,ES,1444,66167,NA,1753,67920,101890,1444,No
2015,19,NUEVO LEON,5,MONTERREY,PAN,14748,45208,NA,1365,46573,77065,14748,No
2015,19,NUEVO LEON,5,MONTERREY,PRI,13725,45208,NA,1365,46573,77065,13725,No
2015,19,NUEVO LEON,5,MONTERREY,PRD,669,45208,NA,1365,46573,77065,669,No
2015,19,NUEVO LEON,5,MONTERREY,PT,1592,45208,NA,1365,46573,77065,1592,No
2015,19,NUEVO LEON,5,MONTERREY,PVEM,2275,45208,NA,1365,46573,77065,2275,No
2015,19,NUEVO LEON,5,MONTERREY,MC,5913,45208,NA,1365,46573,77065,5913,No
2015,19,NUEVO LEON,5,MONTERREY,NUAL,1171,45208,NA,1365,46573,77065,1171,No
2015,19,NUEVO LEON,5,MONTERREY,PD,170,45208,NA,1365,46573,77065,170,No
2015,19,NUEVO LEON,5,MONTERREY,CC,340,45208,NA,1365,46573,77065,340,No
2015,19,NUEVO LEON,5,MONTERREY,MORENA,1250,45208,NA,1365,46573,77065,1250,No
2015,19,NUEVO LEON,5,MONTERREY,PH,1282,45208,NA,1365,46573,77065,1282,No
2015,19,NUEVO LEON,5,MONTERREY,ES,2073,45208,NA,1365,46573,77065,2073,No
2015,19,NUEVO LEON,6,MONTERREY,PAN,14555,43858,NA,1270,45128,75810,14555,No
2015,19,NUEVO LEON,6,MONTERREY,PRI,11592,43858,NA,1270,45128,75810,11592,No
2015,19,NUEVO LEON,6,MONTERREY,PRD,1824,43858,NA,1270,45128,75810,1824,No
2015,19,NUEVO LEON,6,MONTERREY,PT,1695,43858,NA,1270,45128,75810,1695,No
2015,19,NUEVO LEON,6,MONTERREY,PVEM,1559,43858,NA,1270,45128,75810,1559,No
2015,19,NUEVO LEON,6,MONTERREY,MC,4517,43858,NA,1270,45128,75810,4517,No
2015,19,NUEVO LEON,6,MONTERREY,NUAL,1453,43858,NA,1270,45128,75810,1453,No
2015,19,NUEVO LEON,6,MONTERREY,PD,291,43858,NA,1270,45128,75810,291,No
2015,19,NUEVO LEON,6,MONTERREY,CC,494,43858,NA,1270,45128,75810,494,No
2015,19,NUEVO LEON,6,MONTERREY,MORENA,1148,43858,NA,1270,45128,75810,1148,No
2015,19,NUEVO LEON,6,MONTERREY,PH,3402,43858,NA,1270,45128,75810,3402,No
2015,19,NUEVO LEON,6,MONTERREY,ES,1328,43858,NA,1270,45128,75810,1328,No
2015,19,NUEVO LEON,7,MONTERREY,PAN,19390,51166,NA,1421,52587,82165,19390,No
2015,19,NUEVO LEON,7,MONTERREY,PRI,10349,51166,NA,1421,52587,82165,10349,No
2015,19,NUEVO LEON,7,MONTERREY,PRD,834,51166,NA,1421,52587,82165,834,No
2015,19,NUEVO LEON,7,MONTERREY,PT,1671,51166,NA,1421,52587,82165,1671,No
2015,19,NUEVO LEON,7,MONTERREY,PVEM,1918,51166,NA,1421,52587,82165,1918,No
2015,19,NUEVO LEON,7,MONTERREY,MC,9198,51166,NA,1421,52587,82165,9198,No
2015,19,NUEVO LEON,7,MONTERREY,NUAL,1757,51166,NA,1421,52587,82165,1757,No
2015,19,NUEVO LEON,7,MONTERREY,PD,237,51166,NA,1421,52587,82165,237,No
2015,19,NUEVO LEON,7,MONTERREY,CC,454,51166,NA,1421,52587,82165,454,No
2015,19,NUEVO LEON,7,MONTERREY,MORENA,1677,51166,NA,1421,52587,82165,1677,No
2015,19,NUEVO LEON,7,MONTERREY,PH,1244,51166,NA,1421,52587,82165,1244,No
2015,19,NUEVO LEON,7,MONTERREY,ES,2437,51166,NA,1421,52587,82165,2437,No
2015,19,NUEVO LEON,8,MONTERREY,PAN,25755,75898,NA,2493,78391,129805,25755,No
2015,19,NUEVO LEON,8,MONTERREY,PRI,17278,75898,NA,2493,78391,129805,17278,No
2015,19,NUEVO LEON,8,MONTERREY,PRD,840,75898,NA,2493,78391,129805,840,No
2015,19,NUEVO LEON,8,MONTERREY,PT,2377,75898,NA,2493,78391,129805,2377,No
2015,19,NUEVO LEON,8,MONTERREY,PVEM,4260,75898,NA,2493,78391,129805,4260,No
2015,19,NUEVO LEON,8,MONTERREY,MC,12969,75898,NA,2493,78391,129805,12969,No
2015,19,NUEVO LEON,8,MONTERREY,NUAL,1752,75898,NA,2493,78391,129805,1752,No
2015,19,NUEVO LEON,8,MONTERREY,PD,179,75898,NA,2493,78391,129805,179,No
2015,19,NUEVO LEON,8,MONTERREY,CC,600,75898,NA,2493,78391,129805,600,No
2015,19,NUEVO LEON,8,MONTERREY,MORENA,1660,75898,NA,2493,78391,129805,1660,No
2015,19,NUEVO LEON,8,MONTERREY,PH,1436,75898,NA,2493,78391,129805,1436,No
2015,19,NUEVO LEON,8,MONTERREY,Candidatura Independiente,6792,75898,NA,2493,78391,129805,6792,No
2015,19,NUEVO LEON,9,SAN NICOLAS DE LOS GARZA,PAN,33836,69326,NA,1539,70865,113840,33836,No
2015,19,NUEVO LEON,9,SAN NICOLAS DE LOS GARZA,PRI,10197,69326,NA,1539,70865,113840,10197,No
2015,19,NUEVO LEON,9,SAN NICOLAS DE LOS GARZA,PRD,1366,69326,NA,1539,70865,113840,1366,No
2015,19,NUEVO LEON,9,SAN NICOLAS DE LOS GARZA,PT,1246,69326,NA,1539,70865,113840,1246,No
2015,19,NUEVO LEON,9,SAN NICOLAS DE LOS GARZA,PVEM,2856,69326,NA,1539,70865,113840,2856,No
2015,19,NUEVO LEON,9,SAN NICOLAS DE LOS GARZA,MC,7884,69326,NA,1539,70865,113840,7884,No
2015,19,NUEVO LEON,9,SAN NICOLAS DE LOS GARZA,NUAL,2000,69326,NA,1539,70865,113840,2000,No
2015,19,NUEVO LEON,9,SAN NICOLAS DE LOS GARZA,PD,176,69326,NA,1539,70865,113840,176,No
2015,19,NUEVO LEON,9,SAN NICOLAS DE LOS GARZA,MORENA,1435,69326,NA,1539,70865,113840,1435,No
2015,19,NUEVO LEON,9,SAN NICOLAS DE LOS GARZA,PH,1628,69326,NA,1539,70865,113840,1628,No
2015,19,NUEVO LEON,9,SAN NICOLAS DE LOS GARZA,Candidatura Independiente,6702,69326,NA,1539,70865,113840,6702,No
2015,19,NUEVO LEON,10,SAN NICOLAS DE LOS GARZA,PAN,31640,67779,NA,1878,69657,115134,31640,No
2015,19,NUEVO LEON,10,SAN NICOLAS DE LOS GARZA,PRI,11952,67779,NA,1878,69657,115134,11952,No
2015,19,NUEVO LEON,10,SAN NICOLAS DE LOS GARZA,PRD,916,67779,NA,1878,69657,115134,916,No
2015,19,NUEVO LEON,10,SAN NICOLAS DE LOS GARZA,PT,1239,67779,NA,1878,69657,115134,1239,No
2015,19,NUEVO LEON,10,SAN NICOLAS DE LOS GARZA,PVEM,4060,67779,NA,1878,69657,115134,4060,No
2015,19,NUEVO LEON,10,SAN NICOLAS DE LOS GARZA,MC,9545,67779,NA,1878,69657,115134,9545,No
2015,19,NUEVO LEON,10,SAN NICOLAS DE LOS GARZA,NUAL,2287,67779,NA,1878,69657,115134,2287,No
2015,19,NUEVO LEON,10,SAN NICOLAS DE LOS GARZA,PD,229,67779,NA,1878,69657,115134,229,No
2015,19,NUEVO LEON,10,SAN NICOLAS DE LOS GARZA,MORENA,1865,67779,NA,1878,69657,115134,1865,No
2015,19,NUEVO LEON,10,SAN NICOLAS DE LOS GARZA,PH,1500,67779,NA,1878,69657,115134,1500,No
2015,19,NUEVO LEON,10,SAN NICOLAS DE LOS GARZA,ES,2546,67779,NA,1878,69657,115134,2546,No
2015,19,NUEVO LEON,11,SAN NICOLAS DE LOS GARZA,PAN,31480,68924,NA,1564,70488,110592,31480,No
2015,19,NUEVO LEON,11,SAN NICOLAS DE LOS GARZA,PRI,10584,68924,NA,1564,70488,110592,10584,No
2015,19,NUEVO LEON,11,SAN NICOLAS DE LOS GARZA,PRD,1601,68924,NA,1564,70488,110592,1601,No
2015,19,NUEVO LEON,11,SAN NICOLAS DE LOS GARZA,PT,1871,68924,NA,1564,70488,110592,1871,No
2015,19,NUEVO LEON,11,SAN NICOLAS DE LOS GARZA,PVEM,3343,68924,NA,1564,70488,110592,3343,No
2015,19,NUEVO LEON,11,SAN NICOLAS DE LOS GARZA,MC,9901,68924,NA,1564,70488,110592,9901,No
2015,19,NUEVO LEON,11,SAN NICOLAS DE LOS GARZA,NUAL,2485,68924,NA,1564,70488,110592,2485,No
2015,19,NUEVO LEON,11,SAN NICOLAS DE LOS GARZA,PD,265,68924,NA,1564,70488,110592,265,No
2015,19,NUEVO LEON,11,SAN NICOLAS DE LOS GARZA,CC,638,68924,NA,1564,70488,110592,638,No
2015,19,NUEVO LEON,11,SAN NICOLAS DE LOS GARZA,MORENA,1832,68924,NA,1564,70488,110592,1832,No
2015,19,NUEVO LEON,11,SAN NICOLAS DE LOS GARZA,PH,1560,68924,NA,1564,70488,110592,1560,No
2015,19,NUEVO LEON,11,SAN NICOLAS DE LOS GARZA,ES,3364,68924,NA,1564,70488,110592,3364,No
2015,19,NUEVO LEON,12,GUADALUPE,PAN,26055,73460,NA,2074,75534,126952,26055,No
2015,19,NUEVO LEON,12,GUADALUPE,PRI,19748,73460,NA,2074,75534,126952,19748,No
2015,19,NUEVO LEON,12,GUADALUPE,PRD,1086,73460,NA,2074,75534,126952,1086,No
2015,19,NUEVO LEON,12,GUADALUPE,PT,1559,73460,NA,2074,75534,126952,1559,No
2015,19,NUEVO LEON,12,GUADALUPE,PVEM,3532,73460,NA,2074,75534,126952,3532,No
2015,19,NUEVO LEON,12,GUADALUPE,MC,10915,73460,NA,2074,75534,126952,10915,No
2015,19,NUEVO LEON,12,GUADALUPE,NUAL,3577,73460,NA,2074,75534,126952,3577,No
2015,19,NUEVO LEON,12,GUADALUPE,PD,257,73460,NA,2074,75534,126952,257,No
2015,19,NUEVO LEON,12,GUADALUPE,CC,514,73460,NA,2074,75534,126952,514,No
2015,19,NUEVO LEON,12,GUADALUPE,MORENA,2248,73460,NA,2074,75534,126952,2248,No
2015,19,NUEVO LEON,12,GUADALUPE,PH,1818,73460,NA,2074,75534,126952,1818,No
2015,19,NUEVO LEON,12,GUADALUPE,ES,2151,73460,NA,2074,75534,126952,2151,No
2015,19,NUEVO LEON,13,GUADALUPE,PAN,22941,76582,NA,2039,78621,144419,22941,No
2015,19,NUEVO LEON,13,GUADALUPE,PRI,25364,76582,NA,2039,78621,144419,25364,No
2015,19,NUEVO LEON,13,GUADALUPE,PRD,1093,76582,NA,2039,78621,144419,1093,No
2015,19,NUEVO LEON,13,GUADALUPE,PT,1448,76582,NA,2039,78621,144419,1448,No
2015,19,NUEVO LEON,13,GUADALUPE,PVEM,3298,76582,NA,2039,78621,144419,3298,No
2015,19,NUEVO LEON,13,GUADALUPE,MC,7888,76582,NA,2039,78621,144419,7888,No
2015,19,NUEVO LEON,13,GUADALUPE,NUAL,3191,76582,NA,2039,78621,144419,3191,No
2015,19,NUEVO LEON,13,GUADALUPE,PD,423,76582,NA,2039,78621,144419,423,No
2015,19,NUEVO LEON,13,GUADALUPE,CC,507,76582,NA,2039,78621,144419,507,No
2015,19,NUEVO LEON,13,GUADALUPE,MORENA,2037,76582,NA,2039,78621,144419,2037,No
2015,19,NUEVO LEON,13,GUADALUPE,PH,1578,76582,NA,2039,78621,144419,1578,No
2015,19,NUEVO LEON,13,GUADALUPE,Candidatura Independiente,6814,76582,NA,2039,78621,144419,6814,No
2015,19,NUEVO LEON,14,GUADALUPE,PAN,33901,95475,NA,2228,97703,165412,33901,No
2015,19,NUEVO LEON,14,GUADALUPE,PRI,25319,95475,NA,2228,97703,165412,25319,No
2015,19,NUEVO LEON,14,GUADALUPE,PRD,1953,95475,NA,2228,97703,165412,1953,No
2015,19,NUEVO LEON,14,GUADALUPE,PT,2144,95475,NA,2228,97703,165412,2144,No
2015,19,NUEVO LEON,14,GUADALUPE,PVEM,6174,95475,NA,2228,97703,165412,6174,No
2015,19,NUEVO LEON,14,GUADALUPE,MC,9929,95475,NA,2228,97703,165412,9929,No
2015,19,NUEVO LEON,14,GUADALUPE,NUAL,3201,95475,NA,2228,97703,165412,3201,No
2015,19,NUEVO LEON,14,GUADALUPE,PD,284,95475,NA,2228,97703,165412,284,No
2015,19,NUEVO LEON,14,GUADALUPE,CC,615,95475,NA,2228,97703,165412,615,No
2015,19,NUEVO LEON,14,GUADALUPE,MORENA,2086,95475,NA,2228,97703,165412,2086,No
2015,19,NUEVO LEON,14,GUADALUPE,PH,2084,95475,NA,2228,97703,165412,2084,No
2015,19,NUEVO LEON,14,GUADALUPE,Candidatura Independiente,7785,95475,NA,2228,97703,165412,7785,No
2015,19,NUEVO LEON,15,GUADALUPE,PAN,19127,54605,NA,1230,55835,87103,19127,No
2015,19,NUEVO LEON,15,GUADALUPE,PRI,14440,54605,NA,1230,55835,87103,14440,No
2015,19,NUEVO LEON,15,GUADALUPE,PRD,786,54605,NA,1230,55835,87103,786,No
2015,19,NUEVO LEON,15,GUADALUPE,PT,789,54605,NA,1230,55835,87103,789,No
2015,19,NUEVO LEON,15,GUADALUPE,PVEM,4661,54605,NA,1230,55835,87103,4661,No
2015,19,NUEVO LEON,15,GUADALUPE,MC,6002,54605,NA,1230,55835,87103,6002,No
2015,19,NUEVO LEON,15,GUADALUPE,NUAL,1816,54605,NA,1230,55835,87103,1816,No
2015,19,NUEVO LEON,15,GUADALUPE,PD,238,54605,NA,1230,55835,87103,238,No
2015,19,NUEVO LEON,15,GUADALUPE,CC,394,54605,NA,1230,55835,87103,394,No
2015,19,NUEVO LEON,15,GUADALUPE,MORENA,1391,54605,NA,1230,55835,87103,1391,No
2015,19,NUEVO LEON,15,GUADALUPE,PH,1075,54605,NA,1230,55835,87103,1075,No
2015,19,NUEVO LEON,15,GUADALUPE,Candidatura Independiente,3886,54605,NA,1230,55835,87103,3886,No
2015,19,NUEVO LEON,16,APODACA,PAN,55131,189858,NA,4554,194412,360935,55131,No
2015,19,NUEVO LEON,16,APODACA,PRI,58726,189858,NA,4554,194412,360935,58726,No
2015,19,NUEVO LEON,16,APODACA,PRD,4069,189858,NA,4554,194412,360935,4069,No
2015,19,NUEVO LEON,16,APODACA,PT,3779,189858,NA,4554,194412,360935,3779,No
2015,19,NUEVO LEON,16,APODACA,PVEM,11982,189858,NA,4554,194412,360935,11982,No
2015,19,NUEVO LEON,16,APODACA,MC,22174,189858,NA,4554,194412,360935,22174,No
2015,19,NUEVO LEON,16,APODACA,NUAL,6794,189858,NA,4554,194412,360935,6794,No
2015,19,NUEVO LEON,16,APODACA,PD,488,189858,NA,4554,194412,360935,488,No
2015,19,NUEVO LEON,16,APODACA,CC,1026,189858,NA,4554,194412,360935,1026,No
2015,19,NUEVO LEON,16,APODACA,MORENA,4101,189858,NA,4554,194412,360935,4101,No
2015,19,NUEVO LEON,16,APODACA,PH,3449,189858,NA,4554,194412,360935,3449,No
2015,19,NUEVO LEON,16,APODACA,ES,3545,189858,NA,4554,194412,360935,3545,No
2015,19,NUEVO LEON,16,APODACA,Candidatura Independiente,14594,189858,NA,4554,194412,360935,14594,No
2015,19,NUEVO LEON,17,GENERAL ESCOBEDO,PAN,36068,137865,NA,3760,141625,272504,36068,No
2015,19,NUEVO LEON,17,GENERAL ESCOBEDO,PRI,43740,137865,NA,3760,141625,272504,43740,No
2015,19,NUEVO LEON,17,GENERAL ESCOBEDO,PRD,3723,137865,NA,3760,141625,272504,3723,No
2015,19,NUEVO LEON,17,GENERAL ESCOBEDO,PT,4265,137865,NA,3760,141625,272504,4265,No
2015,19,NUEVO LEON,17,GENERAL ESCOBEDO,PVEM,7032,137865,NA,3760,141625,272504,7032,No
2015,19,NUEVO LEON,17,GENERAL ESCOBEDO,MC,16706,137865,NA,3760,141625,272504,16706,No
2015,19,NUEVO LEON,17,GENERAL ESCOBEDO,NUAL,5340,137865,NA,3760,141625,272504,5340,No
2015,19,NUEVO LEON,17,GENERAL ESCOBEDO,PD,421,137865,NA,3760,141625,272504,421,No
2015,19,NUEVO LEON,17,GENERAL ESCOBEDO,CC,929,137865,NA,3760,141625,272504,929,No
2015,19,NUEVO LEON,17,GENERAL ESCOBEDO,MORENA,3138,137865,NA,3760,141625,272504,3138,No
2015,19,NUEVO LEON,17,GENERAL ESCOBEDO,PH,3848,137865,NA,3760,141625,272504,3848,No
2015,19,NUEVO LEON,17,GENERAL ESCOBEDO,Candidatura Independiente,12655,137865,NA,3760,141625,272504,12655,No
2015,19,NUEVO LEON,18,SAN PEDRO GARZA GARCIA,PAN,29055,77462,NA,1783,79245,128742,29055,No
2015,19,NUEVO LEON,18,SAN PEDRO GARZA GARCIA,PRI,12020,77462,NA,1783,79245,128742,12020,No
2015,19,NUEVO LEON,18,SAN PEDRO GARZA GARCIA,PRD,922,77462,NA,1783,79245,128742,922,No
2015,19,NUEVO LEON,18,SAN PEDRO GARZA GARCIA,PT,710,77462,NA,1783,79245,128742,710,No
2015,19,NUEVO LEON,18,SAN PEDRO GARZA GARCIA,PVEM,2229,77462,NA,1783,79245,128742,2229,No
2015,19,NUEVO LEON,18,SAN PEDRO GARZA GARCIA,MC,15996,77462,NA,1783,79245,128742,15996,No
2015,19,NUEVO LEON,18,SAN PEDRO GARZA GARCIA,NUAL,1703,77462,NA,1783,79245,128742,1703,No
2015,19,NUEVO LEON,18,SAN PEDRO GARZA GARCIA,PD,723,77462,NA,1783,79245,128742,723,No
2015,19,NUEVO LEON,18,SAN PEDRO GARZA GARCIA,CC,404,77462,NA,1783,79245,128742,404,No
2015,19,NUEVO LEON,18,SAN PEDRO GARZA GARCIA,MORENA,925,77462,NA,1783,79245,128742,925,No
2015,19,NUEVO LEON,18,SAN PEDRO GARZA GARCIA,PH,2402,77462,NA,1783,79245,128742,2402,No
2015,19,NUEVO LEON,18,SAN PEDRO GARZA GARCIA,ES,885,77462,NA,1783,79245,128742,885,No
2015,19,NUEVO LEON,18,SAN PEDRO GARZA GARCIA,Candidatura Independiente,9488,77462,NA,1783,79245,128742,9488,No
2015,19,NUEVO LEON,19,SANTA CATARINA,PAN,42100,92651,NA,2225,94876,166499,42100,No
2015,19,NUEVO LEON,19,SANTA CATARINA,PRI,16336,92651,NA,2225,94876,166499,16336,No
2015,19,NUEVO LEON,19,SANTA CATARINA,PRD,1198,92651,NA,2225,94876,166499,1198,No
2015,19,NUEVO LEON,19,SANTA CATARINA,PT,1688,92651,NA,2225,94876,166499,1688,No
2015,19,NUEVO LEON,19,SANTA CATARINA,PVEM,4529,92651,NA,2225,94876,166499,4529,No
2015,19,NUEVO LEON,19,SANTA CATARINA,MC,9039,92651,NA,2225,94876,166499,9039,No
2015,19,NUEVO LEON,19,SANTA CATARINA,NUAL,2812,92651,NA,2225,94876,166499,2812,No
2015,19,NUEVO LEON,19,SANTA CATARINA,PD,554,92651,NA,2225,94876,166499,554,No
2015,19,NUEVO LEON,19,SANTA CATARINA,CC,382,92651,NA,2225,94876,166499,382,No
2015,19,NUEVO LEON,19,SANTA CATARINA,MORENA,2393,92651,NA,2225,94876,166499,2393,No
2015,19,NUEVO LEON,19,SANTA CATARINA,PH,1898,92651,NA,2225,94876,166499,1898,No
2015,19,NUEVO LEON,19,SANTA CATARINA,ES,1070,92651,NA,2225,94876,166499,1070,No
2015,19,NUEVO LEON,19,SANTA CATARINA,Candidatura Independiente,8652,92651,NA,2225,94876,166499,8652,No
2015,19,NUEVO LEON,20,HIDALGO,PAN,28268,123290,NA,3977,127267,225622,28268,No
2015,19,NUEVO LEON,20,HIDALGO,PRI,39599,123290,NA,3977,127267,225622,39599,No
2015,19,NUEVO LEON,20,HIDALGO,PRD,11394,123290,NA,3977,127267,225622,11394,No
2015,19,NUEVO LEON,20,HIDALGO,PT,3988,123290,NA,3977,127267,225622,3988,No
2015,19,NUEVO LEON,20,HIDALGO,PVEM,6869,123290,NA,3977,127267,225622,6869,No
2015,19,NUEVO LEON,20,HIDALGO,MC,8593,123290,NA,3977,127267,225622,8593,No
2015,19,NUEVO LEON,20,HIDALGO,NUAL,4290,123290,NA,3977,127267,225622,4290,No
2015,19,NUEVO LEON,20,HIDALGO,PD,1714,123290,NA,3977,127267,225622,1714,No
2015,19,NUEVO LEON,20,HIDALGO,MORENA,2119,123290,NA,3977,127267,225622,2119,No
2015,19,NUEVO LEON,20,HIDALGO,PH,2808,123290,NA,3977,127267,225622,2808,No
2015,19,NUEVO LEON,20,HIDALGO,Candidatura Independiente,13648,123290,NA,3977,127267,225622,13648,No
2015,19,NUEVO LEON,21,SABINAS HIDALGO,PAN,18257,37105,NA,760,37865,54220,18257,No
2015,19,NUEVO LEON,21,SABINAS HIDALGO,PRI,10507,37105,NA,760,37865,54220,10507,No
2015,19,NUEVO LEON,21,SABINAS HIDALGO,PRD,2034,37105,NA,760,37865,54220,2034,No
2015,19,NUEVO LEON,21,SABINAS HIDALGO,PT,718,37105,NA,760,37865,54220,718,No
2015,19,NUEVO LEON,21,SABINAS HIDALGO,PVEM,751,37105,NA,760,37865,54220,751,No
2015,19,NUEVO LEON,21,SABINAS HIDALGO,NUAL,1641,37105,NA,760,37865,54220,1641,No
2015,19,NUEVO LEON,21,SABINAS HIDALGO,PD,26,37105,NA,760,37865,54220,26,No
2015,19,NUEVO LEON,21,SABINAS HIDALGO,CC,93,37105,NA,760,37865,54220,93,No
2015,19,NUEVO LEON,21,SABINAS HIDALGO,MORENA,378,37105,NA,760,37865,54220,378,No
2015,19,NUEVO LEON,21,SABINAS HIDALGO,PH,1831,37105,NA,760,37865,54220,1831,No
2015,19,NUEVO LEON,21,SABINAS HIDALGO,Candidatura Independiente,869,37105,NA,760,37865,54220,869,No
2015,19,NUEVO LEON,22,CHINA,PAN,34250,131668,NA,4046,135714,246209,34250,No
2015,19,NUEVO LEON,22,CHINA,PRI,45343,131668,NA,4046,135714,246209,45343,No
2015,19,NUEVO LEON,22,CHINA,PRD,1304,131668,NA,4046,135714,246209,1304,No
2015,19,NUEVO LEON,22,CHINA,PT,1822,131668,NA,4046,135714,246209,1822,No
2015,19,NUEVO LEON,22,CHINA,PVEM,13509,131668,NA,4046,135714,246209,13509,No
2015,19,NUEVO LEON,22,CHINA,MC,6031,131668,NA,4046,135714,246209,6031,No
2015,19,NUEVO LEON,22,CHINA,NUAL,3762,131668,NA,4046,135714,246209,3762,No
2015,19,NUEVO LEON,22,CHINA,PD,320,131668,NA,4046,135714,246209,320,No
2015,19,NUEVO LEON,22,CHINA,CC,1020,131668,NA,4046,135714,246209,1020,No
2015,19,NUEVO LEON,22,CHINA,MORENA,1695,131668,NA,4046,135714,246209,1695,No
2015,19,NUEVO LEON,22,CHINA,PH,2238,131668,NA,4046,135714,246209,2238,No
2015,19,NUEVO LEON,22,CHINA,ES,20374,131668,NA,4046,135714,246209,20374,No
2015,19,NUEVO LEON,23,CADEREYTA JIMENEZ,PAN,13928,54734,NA,1594,56328,100819,13928,No
2015,19,NUEVO LEON,23,CADEREYTA JIMENEZ,PRI,15871,54734,NA,1594,56328,100819,15871,No
2015,19,NUEVO LEON,23,CADEREYTA JIMENEZ,PRD,402,54734,NA,1594,56328,100819,402,No
2015,19,NUEVO LEON,23,CADEREYTA JIMENEZ,PT,4733,54734,NA,1594,56328,100819,4733,No
2015,19,NUEVO LEON,23,CADEREYTA JIMENEZ,PVEM,11542,54734,NA,1594,56328,100819,11542,No
2015,19,NUEVO LEON,23,CADEREYTA JIMENEZ,MC,2194,54734,NA,1594,56328,100819,2194,No
2015,19,NUEVO LEON,23,CADEREYTA JIMENEZ,NUAL,1128,54734,NA,1594,56328,100819,1128,No
2015,19,NUEVO LEON,23,CADEREYTA JIMENEZ,PD,270,54734,NA,1594,56328,100819,270,No
2015,19,NUEVO LEON,23,CADEREYTA JIMENEZ,CC,714,54734,NA,1594,56328,100819,714,No
2015,19,NUEVO LEON,23,CADEREYTA JIMENEZ,MORENA,995,54734,NA,1594,56328,100819,995,No
2015,19,NUEVO LEON,23,CADEREYTA JIMENEZ,PH,2031,54734,NA,1594,56328,100819,2031,No
2015,19,NUEVO LEON,23,CADEREYTA JIMENEZ,ES,926,54734,NA,1594,56328,100819,926,No
2015,19,NUEVO LEON,24,MONTEMORELOS,PAN,16502,48395,NA,1767,50162,85605,16502,No
2015,19,NUEVO LEON,24,MONTEMORELOS,PRI,20948,48395,NA,1767,50162,85605,20948,No
2015,19,NUEVO LEON,24,MONTEMORELOS,PRD,287,48395,NA,1767,50162,85605,287,No
2015,19,NUEVO LEON,24,MONTEMORELOS,PT,1442,48395,NA,1767,50162,85605,1442,No
2015,19,NUEVO LEON,24,MONTEMORELOS,PVEM,1166,48395,NA,1767,50162,85605,1166,No
2015,19,NUEVO LEON,24,MONTEMORELOS,MC,1895,48395,NA,1767,50162,85605,1895,No
2015,19,NUEVO LEON,24,MONTEMORELOS,NUAL,2497,48395,NA,1767,50162,85605,2497,No
2015,19,NUEVO LEON,24,MONTEMORELOS,PD,70,48395,NA,1767,50162,85605,70,No
2015,19,NUEVO LEON,24,MONTEMORELOS,CC,806,48395,NA,1767,50162,85605,806,No
2015,19,NUEVO LEON,24,MONTEMORELOS,MORENA,942,48395,NA,1767,50162,85605,942,No
2015,19,NUEVO LEON,24,MONTEMORELOS,PH,1208,48395,NA,1767,50162,85605,1208,No
2015,19,NUEVO LEON,24,MONTEMORELOS,ES,632,48395,NA,1767,50162,85605,632,No
2015,19,NUEVO LEON,25,LINARES,PAN,15206,40040,NA,2100,42140,69420,15206,No
2015,19,NUEVO LEON,25,LINARES,PRI,10149,40040,NA,2100,42140,69420,10149,No
2015,19,NUEVO LEON,25,LINARES,PRD,910,40040,NA,2100,42140,69420,910,No
2015,19,NUEVO LEON,25,LINARES,PT,204,40040,NA,2100,42140,69420,204,No
2015,19,NUEVO LEON,25,LINARES,PVEM,3015,40040,NA,2100,42140,69420,3015,No
2015,19,NUEVO LEON,25,LINARES,MC,508,40040,NA,2100,42140,69420,508,No
2015,19,NUEVO LEON,25,LINARES,NUAL,7799,40040,NA,2100,42140,69420,7799,No
2015,19,NUEVO LEON,25,LINARES,PD,55,40040,NA,2100,42140,69420,55,No
2015,19,NUEVO LEON,25,LINARES,CC,746,40040,NA,2100,42140,69420,746,No
2015,19,NUEVO LEON,25,LINARES,MORENA,179,40040,NA,2100,42140,69420,179,No
2015,19,NUEVO LEON,25,LINARES,PH,224,40040,NA,2100,42140,69420,224,No
2015,19,NUEVO LEON,25,LINARES,ES,1045,40040,NA,2100,42140,69420,1045,No
2015,19,NUEVO LEON,26,GALEANA,PAN,16807,59134,NA,2599,61733,81710,16807,No
2015,19,NUEVO LEON,26,GALEANA,PRI,31698,59134,NA,2599,61733,81710,31698,No
2015,19,NUEVO LEON,26,GALEANA,PRD,320,59134,NA,2599,61733,81710,320,No
2015,19,NUEVO LEON,26,GALEANA,PT,2663,59134,NA,2599,61733,81710,2663,No
2015,19,NUEVO LEON,26,GALEANA,PVEM,633,59134,NA,2599,61733,81710,633,No
2015,19,NUEVO LEON,26,GALEANA,MC,506,59134,NA,2599,61733,81710,506,No
2015,19,NUEVO LEON,26,GALEANA,NUAL,4424,59134,NA,2599,61733,81710,4424,No
2015,19,NUEVO LEON,26,GALEANA,PD,40,59134,NA,2599,61733,81710,40,No
2015,19,NUEVO LEON,26,GALEANA,CC,102,59134,NA,2599,61733,81710,102,No
2015,19,NUEVO LEON,26,GALEANA,MORENA,202,59134,NA,2599,61733,81710,202,No
2015,19,NUEVO LEON,26,GALEANA,PH,316,59134,NA,2599,61733,81710,316,No
2015,19,NUEVO LEON,26,GALEANA,ES,1423,59134,NA,2599,61733,81710,1423,No
2015,22,QUERETARO,1,QUERETARO,PAN,13200,28353,61,1855,30267,50732,13200,No
2015,22,QUERETARO,1,QUERETARO,PRI,6861,28353,61,1855,30267,50732,6861,No
2015,22,QUERETARO,1,QUERETARO,PRD,542,28353,61,1855,30267,50732,542,No
2015,22,QUERETARO,1,QUERETARO,MC,1172,28353,61,1855,30267,50732,1172,No
2015,22,QUERETARO,1,QUERETARO,NUAL,666,28353,61,1855,30267,50732,666,No
2015,22,QUERETARO,1,QUERETARO,PVEM,1589,28353,61,1855,30267,50732,1589,No
2015,22,QUERETARO,1,QUERETARO,ES,769,28353,61,1855,30267,50732,769,No
2015,22,QUERETARO,1,QUERETARO,MORENA,2090,28353,61,1855,30267,50732,2090,No
2015,22,QUERETARO,1,QUERETARO,PH,1208,28353,61,1855,30267,50732,1208,No
2015,22,QUERETARO,1,QUERETARO,PT,254,28353,61,1855,30267,50732,254,No
2015,22,QUERETARO,2,QUERETARO,PAN,26306,71049,90,3388,74527,152918,26306,No
2015,22,QUERETARO,2,QUERETARO,PRI,22397,71049,90,3388,74527,152918,22397,No
2015,22,QUERETARO,2,QUERETARO,PRD,1475,71049,90,3388,74527,152918,1475,No
2015,22,QUERETARO,2,QUERETARO,MC,5145,71049,90,3388,74527,152918,5145,No
2015,22,QUERETARO,2,QUERETARO,NUAL,2586,71049,90,3388,74527,152918,2586,No
2015,22,QUERETARO,2,QUERETARO,PVEM,3019,71049,90,3388,74527,152918,3019,No
2015,22,QUERETARO,2,QUERETARO,ES,2031,71049,90,3388,74527,152918,2031,No
2015,22,QUERETARO,2,QUERETARO,MORENA,4274,71049,90,3388,74527,152918,4274,No
2015,22,QUERETARO,2,QUERETARO,PH,1942,71049,90,3388,74527,152918,1942,No
2015,22,QUERETARO,2,QUERETARO,PT,820,71049,90,3388,74527,152918,820,No
2015,22,QUERETARO,2,QUERETARO,PRI_NUAL_PVEM,602,71049,90,3388,74527,152918,28604,Sí
2015,22,QUERETARO,2,QUERETARO,PRI_NUAL,92,71049,90,3388,74527,152918,25075,Sí
2015,22,QUERETARO,2,QUERETARO,PRI_PVEM,322,71049,90,3388,74527,152918,25738,Sí
2015,22,QUERETARO,2,QUERETARO,NUAL_PVEM,38,71049,90,3388,74527,152918,5643,Sí
2015,22,QUERETARO,3,QUERETARO,PAN,27190,63772,106,3483,67361,135276,27190,No
2015,22,QUERETARO,3,QUERETARO,PRI,19935,63772,106,3483,67361,135276,19935,No
2015,22,QUERETARO,3,QUERETARO,PRD,1945,63772,106,3483,67361,135276,1945,No
2015,22,QUERETARO,3,QUERETARO,MC,1709,63772,106,3483,67361,135276,1709,No
2015,22,QUERETARO,3,QUERETARO,NUAL,1829,63772,106,3483,67361,135276,1829,No
2015,22,QUERETARO,3,QUERETARO,PVEM,2205,63772,106,3483,67361,135276,2205,No
2015,22,QUERETARO,3,QUERETARO,ES,2627,63772,106,3483,67361,135276,2627,No
2015,22,QUERETARO,3,QUERETARO,MORENA,4062,63772,106,3483,67361,135276,4062,No
2015,22,QUERETARO,3,QUERETARO,PH,1122,63772,106,3483,67361,135276,1122,No
2015,22,QUERETARO,3,QUERETARO,PT,1148,63772,106,3483,67361,135276,1148,No
2015,22,QUERETARO,4,QUERETARO,PAN,25178,63415,102,3359,66876,139019,25178,No
2015,22,QUERETARO,4,QUERETARO,PRI,21729,63415,102,3359,66876,139019,21729,No
2015,22,QUERETARO,4,QUERETARO,PRD,2730,63415,102,3359,66876,139019,2730,No
2015,22,QUERETARO,4,QUERETARO,MC,1672,63415,102,3359,66876,139019,1672,No
2015,22,QUERETARO,4,QUERETARO,NUAL,958,63415,102,3359,66876,139019,958,No
2015,22,QUERETARO,4,QUERETARO,PVEM,1546,63415,102,3359,66876,139019,1546,No
2015,22,QUERETARO,4,QUERETARO,ES,1786,63415,102,3359,66876,139019,1786,No
2015,22,QUERETARO,4,QUERETARO,MORENA,5348,63415,102,3359,66876,139019,5348,No
2015,22,QUERETARO,4,QUERETARO,PH,1520,63415,102,3359,66876,139019,1520,No
2015,22,QUERETARO,4,QUERETARO,PT,948,63415,102,3359,66876,139019,948,No
2015,22,QUERETARO,5,QUERETARO,PAN,21582,47617,93,2849,50559,83261,21582,No
2015,22,QUERETARO,5,QUERETARO,PRI,12015,47617,93,2849,50559,83261,12015,No
2015,22,QUERETARO,5,QUERETARO,PRD,1901,47617,93,2849,50559,83261,1901,No
2015,22,QUERETARO,5,QUERETARO,MC,1124,47617,93,2849,50559,83261,1124,No
2015,22,QUERETARO,5,QUERETARO,NUAL,1173,47617,93,2849,50559,83261,1173,No
2015,22,QUERETARO,5,QUERETARO,PVEM,2071,47617,93,2849,50559,83261,2071,No
2015,22,QUERETARO,5,QUERETARO,ES,1354,47617,93,2849,50559,83261,1354,No
2015,22,QUERETARO,5,QUERETARO,MORENA,3650,47617,93,2849,50559,83261,3650,No
2015,22,QUERETARO,5,QUERETARO,PH,1650,47617,93,2849,50559,83261,1650,No
2015,22,QUERETARO,5,QUERETARO,PT,620,47617,93,2849,50559,83261,620,No
2015,22,QUERETARO,5,QUERETARO,PRI_NUAL_PVEM,249,47617,93,2849,50559,83261,15508,Sí
2015,22,QUERETARO,5,QUERETARO,PRI_NUAL,26,47617,93,2849,50559,83261,13214,Sí
2015,22,QUERETARO,5,QUERETARO,PRI_PVEM,170,47617,93,2849,50559,83261,14256,Sí
2015,22,QUERETARO,5,QUERETARO,NUAL_PVEM,32,47617,93,2849,50559,83261,3276,Sí
2015,22,QUERETARO,6,QUERETARO,PAN,19102,44964,96,2506,47566,89621,19102,No
2015,22,QUERETARO,6,QUERETARO,PRI,12353,44964,96,2506,47566,89621,12353,No
2015,22,QUERETARO,6,QUERETARO,PRD,2937,44964,96,2506,47566,89621,2937,No
2015,22,QUERETARO,6,QUERETARO,MC,950,44964,96,2506,47566,89621,950,No
2015,22,QUERETARO,6,QUERETARO,NUAL,908,44964,96,2506,47566,89621,908,No
2015,22,QUERETARO,6,QUERETARO,PVEM,1343,44964,96,2506,47566,89621,1343,No
2015,22,QUERETARO,6,QUERETARO,ES,1422,44964,96,2506,47566,89621,1422,No
2015,22,QUERETARO,6,QUERETARO,MORENA,3465,44964,96,2506,47566,89621,3465,No
2015,22,QUERETARO,6,QUERETARO,PH,1668,44964,96,2506,47566,89621,1668,No
2015,22,QUERETARO,6,QUERETARO,PT,396,44964,96,2506,47566,89621,396,No
2015,22,QUERETARO,6,QUERETARO,PRI_PVEM_PT,170,44964,96,2506,47566,89621,14262,Sí
2015,22,QUERETARO,6,QUERETARO,PRI_PVEM,232,44964,96,2506,47566,89621,13928,Sí
2015,22,QUERETARO,6,QUERETARO,PRI_PT,16,44964,96,2506,47566,89621,12765,Sí
2015,22,QUERETARO,6,QUERETARO,PVEM_PT,2,44964,96,2506,47566,89621,1741,Sí
2015,22,QUERETARO,7,CORREGIDORA,PAN,27552,58929,151,3530,62610,113775,27552,No
2015,22,QUERETARO,7,CORREGIDORA,PRI,13502,58929,151,3530,62610,113775,13502,No
2015,22,QUERETARO,7,CORREGIDORA,PRD,2734,58929,151,3530,62610,113775,2734,No
2015,22,QUERETARO,7,CORREGIDORA,MC,582,58929,151,3530,62610,113775,582,No
2015,22,QUERETARO,7,CORREGIDORA,NUAL,1569,58929,151,3530,62610,113775,1569,No
2015,22,QUERETARO,7,CORREGIDORA,PVEM,1995,58929,151,3530,62610,113775,1995,No
2015,22,QUERETARO,7,CORREGIDORA,ES,2080,58929,151,3530,62610,113775,2080,No
2015,22,QUERETARO,7,CORREGIDORA,MORENA,3689,58929,151,3530,62610,113775,3689,No
2015,22,QUERETARO,7,CORREGIDORA,PH,2335,58929,151,3530,62610,113775,2335,No
2015,22,QUERETARO,7,CORREGIDORA,PT,2158,58929,151,3530,62610,113775,2158,No
2015,22,QUERETARO,7,CORREGIDORA,PRI_NUAL_PVEM,381,58929,151,3530,62610,113775,17447,Sí
2015,22,QUERETARO,7,CORREGIDORA,PRI_NUAL,69,58929,151,3530,62610,113775,15140,Sí
2015,22,QUERETARO,7,CORREGIDORA,PRI_PVEM,254,58929,151,3530,62610,113775,15751,Sí
2015,22,QUERETARO,7,CORREGIDORA,NUAL_PVEM,29,58929,151,3530,62610,113775,3593,Sí
2015,22,QUERETARO,8,AMEALCO DE BONFIL,PAN,16698,41794,10,2438,44242,67532,16698,No
2015,22,QUERETARO,8,AMEALCO DE BONFIL,PRI,16112,41794,10,2438,44242,67532,16112,No
2015,22,QUERETARO,8,AMEALCO DE BONFIL,PRD,1571,41794,10,2438,44242,67532,1571,No
2015,22,QUERETARO,8,AMEALCO DE BONFIL,MC,1376,41794,10,2438,44242,67532,1376,No
2015,22,QUERETARO,8,AMEALCO DE BONFIL,NUAL,3135,41794,10,2438,44242,67532,3135,No
2015,22,QUERETARO,8,AMEALCO DE BONFIL,PVEM,1235,41794,10,2438,44242,67532,1235,No
2015,22,QUERETARO,8,AMEALCO DE BONFIL,ES,407,41794,10,2438,44242,67532,407,No
2015,22,QUERETARO,8,AMEALCO DE BONFIL,MORENA,435,41794,10,2438,44242,67532,435,No
2015,22,QUERETARO,8,AMEALCO DE BONFIL,PH,309,41794,10,2438,44242,67532,309,No
2015,22,QUERETARO,8,AMEALCO DE BONFIL,PT,354,41794,10,2438,44242,67532,354,No
2015,22,QUERETARO,8,AMEALCO DE BONFIL,PRI_PT,162,41794,10,2438,44242,67532,16628,Sí
2015,22,QUERETARO,9,SAN JUAN DEL RIO,PAN,20784,50611,69,2498,53178,101542,20784,No
2015,22,QUERETARO,9,SAN JUAN DEL RIO,PRI,17566,50611,69,2498,53178,101542,17566,No
2015,22,QUERETARO,9,SAN JUAN DEL RIO,PRD,943,50611,69,2498,53178,101542,943,No
2015,22,QUERETARO,9,SAN JUAN DEL RIO,MC,713,50611,69,2498,53178,101542,713,No
2015,22,QUERETARO,9,SAN JUAN DEL RIO,NUAL,1819,50611,69,2498,53178,101542,1819,No
2015,22,QUERETARO,9,SAN JUAN DEL RIO,PVEM,1679,50611,69,2498,53178,101542,1679,No
2015,22,QUERETARO,9,SAN JUAN DEL RIO,ES,1287,50611,69,2498,53178,101542,1287,No
2015,22,QUERETARO,9,SAN JUAN DEL RIO,MORENA,1953,50611,69,2498,53178,101542,1953,No
2015,22,QUERETARO,9,SAN JUAN DEL RIO,PH,3068,50611,69,2498,53178,101542,3068,No
2015,22,QUERETARO,9,SAN JUAN DEL RIO,PT,799,50611,69,2498,53178,101542,799,No
2015,22,QUERETARO,10,SAN JUAN DEL RIO,PAN,19477,42856,41,1991,44888,81531,19477,No
2015,22,QUERETARO,10,SAN JUAN DEL RIO,PRI,10674,42856,41,1991,44888,81531,10674,No
2015,22,QUERETARO,10,SAN JUAN DEL RIO,PRD,837,42856,41,1991,44888,81531,837,No
2015,22,QUERETARO,10,SAN JUAN DEL RIO,MC,969,42856,41,1991,44888,81531,969,No
2015,22,QUERETARO,10,SAN JUAN DEL RIO,NUAL,1557,42856,41,1991,44888,81531,1557,No
2015,22,QUERETARO,10,SAN JUAN DEL RIO,PVEM,1530,42856,41,1991,44888,81531,1530,No
2015,22,QUERETARO,10,SAN JUAN DEL RIO,ES,885,42856,41,1991,44888,81531,885,No
2015,22,QUERETARO,10,SAN JUAN DEL RIO,MORENA,1302,42856,41,1991,44888,81531,1302,No
2015,22,QUERETARO,10,SAN JUAN DEL RIO,PH,3430,42856,41,1991,44888,81531,3430,No
2015,22,QUERETARO,10,SAN JUAN DEL RIO,PT,1476,42856,41,1991,44888,81531,1476,No
2015,22,QUERETARO,10,SAN JUAN DEL RIO,PRI_NUAL_PVEM,341,42856,41,1991,44888,81531,14102,Sí
2015,22,QUERETARO,10,SAN JUAN DEL RIO,PRI_NUAL,62,42856,41,1991,44888,81531,12293,Sí
2015,22,QUERETARO,10,SAN JUAN DEL RIO,PRI_PVEM,285,42856,41,1991,44888,81531,12489,Sí
2015,22,QUERETARO,10,SAN JUAN DEL RIO,NUAL_PVEM,31,42856,41,1991,44888,81531,3118,Sí
2015,22,QUERETARO,11,PEDRO ESCOBEDO,PAN,17119,58817,43,2958,61818,94391,17119,No
2015,22,QUERETARO,11,PEDRO ESCOBEDO,PRI,19577,58817,43,2958,61818,94391,19577,No
2015,22,QUERETARO,11,PEDRO ESCOBEDO,PRD,6332,58817,43,2958,61818,94391,6332,No
2015,22,QUERETARO,11,PEDRO ESCOBEDO,MC,2317,58817,43,2958,61818,94391,2317,No
2015,22,QUERETARO,11,PEDRO ESCOBEDO,NUAL,981,58817,43,2958,61818,94391,981,No
2015,22,QUERETARO,11,PEDRO ESCOBEDO,PVEM,8477,58817,43,2958,61818,94391,8477,No
2015,22,QUERETARO,11,PEDRO ESCOBEDO,ES,812,58817,43,2958,61818,94391,812,No
2015,22,QUERETARO,11,PEDRO ESCOBEDO,MORENA,2269,58817,43,2958,61818,94391,2269,No
2015,22,QUERETARO,11,PEDRO ESCOBEDO,PT,933,58817,43,2958,61818,94391,933,No
2015,22,QUERETARO,11,PEDRO ESCOBEDO,PRI_PT,0,58817,43,2958,61818,94391,20510,Sí
2015,22,QUERETARO,12,EL MARQUES,PAN,23511,54277,43,2400,56720,88846,23511,No
2015,22,QUERETARO,12,EL MARQUES,PRI,19987,54277,43,2400,56720,88846,19987,No
2015,22,QUERETARO,12,EL MARQUES,PRD,1799,54277,43,2400,56720,88846,1799,No
2015,22,QUERETARO,12,EL MARQUES,MC,977,54277,43,2400,56720,88846,977,No
2015,22,QUERETARO,12,EL MARQUES,NUAL,1275,54277,43,2400,56720,88846,1275,No
2015,22,QUERETARO,12,EL MARQUES,PVEM,1999,54277,43,2400,56720,88846,1999,No
2015,22,QUERETARO,12,EL MARQUES,ES,725,54277,43,2400,56720,88846,725,No
2015,22,QUERETARO,12,EL MARQUES,MORENA,1904,54277,43,2400,56720,88846,1904,No
2015,22,QUERETARO,12,EL MARQUES,PH,677,54277,43,2400,56720,88846,677,No
2015,22,QUERETARO,12,EL MARQUES,PT,1423,54277,43,2400,56720,88846,1423,No
2015,22,QUERETARO,13,TOLIMAN,PAN,15636,47525,17,2774,50316,71189,15636,No
2015,22,QUERETARO,13,TOLIMAN,PRI,19452,47525,17,2774,50316,71189,19452,No
2015,22,QUERETARO,13,TOLIMAN,PRD,1577,47525,17,2774,50316,71189,1577,No
2015,22,QUERETARO,13,TOLIMAN,MC,2785,47525,17,2774,50316,71189,2785,No
2015,22,QUERETARO,13,TOLIMAN,NUAL,1923,47525,17,2774,50316,71189,1923,No
2015,22,QUERETARO,13,TOLIMAN,PVEM,2606,47525,17,2774,50316,71189,2606,No
2015,22,QUERETARO,13,TOLIMAN,ES,529,47525,17,2774,50316,71189,529,No
2015,22,QUERETARO,13,TOLIMAN,MORENA,929,47525,17,2774,50316,71189,929,No
2015,22,QUERETARO,13,TOLIMAN,PH,862,47525,17,2774,50316,71189,862,No
2015,22,QUERETARO,13,TOLIMAN,PT,1226,47525,17,2774,50316,71189,1226,No
2015,22,QUERETARO,14,CADEREYTA DE MONTES,PAN,17102,45614,55,2335,48004,74644,17102,No
2015,22,QUERETARO,14,CADEREYTA DE MONTES,PRI,12687,45614,55,2335,48004,74644,12687,No
2015,22,QUERETARO,14,CADEREYTA DE MONTES,PRD,1281,45614,55,2335,48004,74644,1281,No
2015,22,QUERETARO,14,CADEREYTA DE MONTES,MC,1103,45614,55,2335,48004,74644,1103,No
2015,22,QUERETARO,14,CADEREYTA DE MONTES,NUAL,1269,45614,55,2335,48004,74644,1269,No
2015,22,QUERETARO,14,CADEREYTA DE MONTES,PVEM,6311,45614,55,2335,48004,74644,6311,No
2015,22,QUERETARO,14,CADEREYTA DE MONTES,ES,698,45614,55,2335,48004,74644,698,No
2015,22,QUERETARO,14,CADEREYTA DE MONTES,MORENA,3439,45614,55,2335,48004,74644,3439,No
2015,22,QUERETARO,14,CADEREYTA DE MONTES,PH,1091,45614,55,2335,48004,74644,1091,No
2015,22,QUERETARO,14,CADEREYTA DE MONTES,PT,471,45614,55,2335,48004,74644,471,No
2015,22,QUERETARO,14,CADEREYTA DE MONTES,PRI_PT,162,45614,55,2335,48004,74644,13320,Sí
2015,22,QUERETARO,15,JALPAN DE SERRA,PAN,23952,45952,10,1868,47830,69510,23952,No
2015,22,QUERETARO,15,JALPAN DE SERRA,PRI,18189,45952,10,1868,47830,69510,18189,No
2015,22,QUERETARO,15,JALPAN DE SERRA,PRD,826,45952,10,1868,47830,69510,826,No
2015,22,QUERETARO,15,JALPAN DE SERRA,MC,206,45952,10,1868,47830,69510,206,No
2015,22,QUERETARO,15,JALPAN DE SERRA,NUAL,409,45952,10,1868,47830,69510,409,No
2015,22,QUERETARO,15,JALPAN DE SERRA,PVEM,628,45952,10,1868,47830,69510,628,No
2015,22,QUERETARO,15,JALPAN DE SERRA,ES,190,45952,10,1868,47830,69510,190,No
2015,22,QUERETARO,15,JALPAN DE SERRA,MORENA,904,45952,10,1868,47830,69510,904,No
2015,22,QUERETARO,15,JALPAN DE SERRA,PH,332,45952,10,1868,47830,69510,332,No
2015,22,QUERETARO,15,JALPAN DE SERRA,PT,165,45952,10,1868,47830,69510,165,No
2015,22,QUERETARO,15,JALPAN DE SERRA,PRI_PT,151,45952,10,1868,47830,69510,18505,Sí
2015,24,SAN LUIS POTOSI,1,MATEHUALA,PAN,19471,61021,64,3178,64199,119752,19471,No
2015,24,SAN LUIS POTOSI,1,MATEHUALA,PRI,25181,61021,64,3178,64199,119752,25181,No
2015,24,SAN LUIS POTOSI,1,MATEHUALA,PT,2280,61021,64,3178,64199,119752,2280,No
2015,24,SAN LUIS POTOSI,1,MATEHUALA,PVEM,2344,61021,64,3178,64199,119752,2344,No
2015,24,SAN LUIS POTOSI,1,MATEHUALA,PCP,1274,61021,64,3178,64199,119752,1274,No
2015,24,SAN LUIS POTOSI,1,MATEHUALA,MC,1289,61021,64,3178,64199,119752,1289,No
2015,24,SAN LUIS POTOSI,1,MATEHUALA,NUAL,2586,61021,64,3178,64199,119752,2586,No
2015,24,SAN LUIS POTOSI,1,MATEHUALA,MORENA,3631,61021,64,3178,64199,119752,3631,No
2015,24,SAN LUIS POTOSI,1,MATEHUALA,ES,836,61021,64,3178,64199,119752,836,No
2015,24,SAN LUIS POTOSI,1,MATEHUALA,PRI_PVEM,2065,61021,64,3178,64199,119752,29590,Sí
2015,24,SAN LUIS POTOSI,2,CERRITOS,PAN,15626,54626,20,3746,58372,84989,15626,No
2015,24,SAN LUIS POTOSI,2,CERRITOS,PRI,18413,54626,20,3746,58372,84989,18413,No
2015,24,SAN LUIS POTOSI,2,CERRITOS,PRD,3048,54626,20,3746,58372,84989,3048,No
2015,24,SAN LUIS POTOSI,2,CERRITOS,PT,1929,54626,20,3746,58372,84989,1929,No
2015,24,SAN LUIS POTOSI,2,CERRITOS,PVEM,7622,54626,20,3746,58372,84989,7622,No
2015,24,SAN LUIS POTOSI,2,CERRITOS,PCP,1943,54626,20,3746,58372,84989,1943,No
2015,24,SAN LUIS POTOSI,2,CERRITOS,MC,1967,54626,20,3746,58372,84989,1967,No
2015,24,SAN LUIS POTOSI,2,CERRITOS,NUAL,916,54626,20,3746,58372,84989,916,No
2015,24,SAN LUIS POTOSI,2,CERRITOS,MORENA,1440,54626,20,3746,58372,84989,1440,No
2015,24,SAN LUIS POTOSI,2,CERRITOS,ES,412,54626,20,3746,58372,84989,412,No
2015,24,SAN LUIS POTOSI,2,CERRITOS,PRI_PVEM_NUAL,1105,54626,20,3746,58372,84989,28056,Sí
2015,24,SAN LUIS POTOSI,2,CERRITOS,PRD_PT,185,54626,20,3746,58372,84989,5162,Sí
2015,24,SAN LUIS POTOSI,3,SANTA MARIA DEL RIO,PAN,14278,64181,55,4069,68250,101272,14278,No
2015,24,SAN LUIS POTOSI,3,SANTA MARIA DEL RIO,PRI,21857,64181,55,4069,68250,101272,21857,No
2015,24,SAN LUIS POTOSI,3,SANTA MARIA DEL RIO,PRD,5530,64181,55,4069,68250,101272,5530,No
2015,24,SAN LUIS POTOSI,3,SANTA MARIA DEL RIO,PT,2523,64181,55,4069,68250,101272,2523,No
2015,24,SAN LUIS POTOSI,3,SANTA MARIA DEL RIO,PVEM,3894,64181,55,4069,68250,101272,3894,No
2015,24,SAN LUIS POTOSI,3,SANTA MARIA DEL RIO,PCP,6395,64181,55,4069,68250,101272,6395,No
2015,24,SAN LUIS POTOSI,3,SANTA MARIA DEL RIO,MC,3086,64181,55,4069,68250,101272,3086,No
2015,24,SAN LUIS POTOSI,3,SANTA MARIA DEL RIO,NUAL,3219,64181,55,4069,68250,101272,3219,No
2015,24,SAN LUIS POTOSI,3,SANTA MARIA DEL RIO,MORENA,1046,64181,55,4069,68250,101272,1046,No
2015,24,SAN LUIS POTOSI,3,SANTA MARIA DEL RIO,PH,1034,64181,55,4069,68250,101272,1034,No
2015,24,SAN LUIS POTOSI,3,SANTA MARIA DEL RIO,ES,405,64181,55,4069,68250,101272,405,No
2015,24,SAN LUIS POTOSI,3,SANTA MARIA DEL RIO,PRI_PVEM,859,64181,55,4069,68250,101272,26610,Sí
2015,24,SAN LUIS POTOSI,4,SALINAS,PAN,17896,75730,60,5963,81693,122493,17896,No
2015,24,SAN LUIS POTOSI,4,SALINAS,PRI,20298,75730,60,5963,81693,122493,20298,No
2015,24,SAN LUIS POTOSI,4,SALINAS,PRD,7919,75730,60,5963,81693,122493,7919,No
2015,24,SAN LUIS POTOSI,4,SALINAS,PT,5793,75730,60,5963,81693,122493,5793,No
2015,24,SAN LUIS POTOSI,4,SALINAS,PVEM,4723,75730,60,5963,81693,122493,4723,No
2015,24,SAN LUIS POTOSI,4,SALINAS,PCP,4796,75730,60,5963,81693,122493,4796,No
2015,24,SAN LUIS POTOSI,4,SALINAS,MC,4731,75730,60,5963,81693,122493,4731,No
2015,24,SAN LUIS POTOSI,4,SALINAS,NUAL,4127,75730,60,5963,81693,122493,4127,No
2015,24,SAN LUIS POTOSI,4,SALINAS,MORENA,1340,75730,60,5963,81693,122493,1340,No
2015,24,SAN LUIS POTOSI,4,SALINAS,ES,1820,75730,60,5963,81693,122493,1820,No
2015,24,SAN LUIS POTOSI,4,SALINAS,PRI_PVEM,999,75730,60,5963,81693,122493,26020,Sí
2015,24,SAN LUIS POTOSI,4,SALINAS,PRD_PT,1228,75730,60,5963,81693,122493,14940,Sí
2015,24,SAN LUIS POTOSI,5,SAN LUIS POTOSI,PAN,15048,59380,364,3947,63327,135456,15048,No
2015,24,SAN LUIS POTOSI,5,SAN LUIS POTOSI,PRI,9938,59380,364,3947,63327,135456,9938,No
2015,24,SAN LUIS POTOSI,5,SAN LUIS POTOSI,PRD,15919,59380,364,3947,63327,135456,15919,No
2015,24,SAN LUIS POTOSI,5,SAN LUIS POTOSI,PT,989,59380,364,3947,63327,135456,989,No
2015,24,SAN LUIS POTOSI,5,SAN LUIS POTOSI,PVEM,3319,59380,364,3947,63327,135456,3319,No
2015,24,SAN LUIS POTOSI,5,SAN LUIS POTOSI,PCP,3471,59380,364,3947,63327,135456,3471,No
2015,24,SAN LUIS POTOSI,5,SAN LUIS POTOSI,MC,1292,59380,364,3947,63327,135456,1292,No
2015,24,SAN LUIS POTOSI,5,SAN LUIS POTOSI,NUAL,1962,59380,364,3947,63327,135456,1962,No
2015,24,SAN LUIS POTOSI,5,SAN LUIS POTOSI,MORENA,2583,59380,364,3947,63327,135456,2583,No
2015,24,SAN LUIS POTOSI,5,SAN LUIS POTOSI,PH,1479,59380,364,3947,63327,135456,1479,No
2015,24,SAN LUIS POTOSI,5,SAN LUIS POTOSI,ES,2021,59380,364,3947,63327,135456,2021,No
2015,24,SAN LUIS POTOSI,5,SAN LUIS POTOSI,PRI_PVEM_NUAL,995,59380,364,3947,63327,135456,16214,Sí
2015,24,SAN LUIS POTOSI,6,SAN LUIS POTOSI,PAN,16050,66146,513,4678,70824,150423,16050,No
2015,24,SAN LUIS POTOSI,6,SAN LUIS POTOSI,PRI,7117,66146,513,4678,70824,150423,7117,No
2015,24,SAN LUIS POTOSI,6,SAN LUIS POTOSI,PRD,19179,66146,513,4678,70824,150423,19179,No
2015,24,SAN LUIS POTOSI,6,SAN LUIS POTOSI,PT,1475,66146,513,4678,70824,150423,1475,No
2015,24,SAN LUIS POTOSI,6,SAN LUIS POTOSI,PVEM,5317,66146,513,4678,70824,150423,5317,No
2015,24,SAN LUIS POTOSI,6,SAN LUIS POTOSI,PCP,3027,66146,513,4678,70824,150423,3027,No
2015,24,SAN LUIS POTOSI,6,SAN LUIS POTOSI,MC,2881,66146,513,4678,70824,150423,2881,No
2015,24,SAN LUIS POTOSI,6,SAN LUIS POTOSI,NUAL,2068,66146,513,4678,70824,150423,2068,No
2015,24,SAN LUIS POTOSI,6,SAN LUIS POTOSI,MORENA,3220,66146,513,4678,70824,150423,3220,No
2015,24,SAN LUIS POTOSI,6,SAN LUIS POTOSI,PH,2347,66146,513,4678,70824,150423,2347,No
2015,24,SAN LUIS POTOSI,6,SAN LUIS POTOSI,ES,2187,66146,513,4678,70824,150423,2187,No
2015,24,SAN LUIS POTOSI,6,SAN LUIS POTOSI,PRI_PVEM_NUAL,765,66146,513,4678,70824,150423,15267,Sí
2015,24,SAN LUIS POTOSI,7,SAN LUIS POTOSI,PAN,29018,79162,1395,5879,85041,152030,29018,No
2015,24,SAN LUIS POTOSI,7,SAN LUIS POTOSI,PRI,8929,79162,1395,5879,85041,152030,8929,No
2015,24,SAN LUIS POTOSI,7,SAN LUIS POTOSI,PRD,12837,79162,1395,5879,85041,152030,12837,No
2015,24,SAN LUIS POTOSI,7,SAN LUIS POTOSI,PT,1267,79162,1395,5879,85041,152030,1267,No
2015,24,SAN LUIS POTOSI,7,SAN LUIS POTOSI,PVEM,7344,79162,1395,5879,85041,152030,7344,No
2015,24,SAN LUIS POTOSI,7,SAN LUIS POTOSI,PCP,1308,79162,1395,5879,85041,152030,1308,No
2015,24,SAN LUIS POTOSI,7,SAN LUIS POTOSI,MC,1694,79162,1395,5879,85041,152030,1694,No
2015,24,SAN LUIS POTOSI,7,SAN LUIS POTOSI,NUAL,4750,79162,1395,5879,85041,152030,4750,No
2015,24,SAN LUIS POTOSI,7,SAN LUIS POTOSI,MORENA,7059,79162,1395,5879,85041,152030,7059,No
2015,24,SAN LUIS POTOSI,7,SAN LUIS POTOSI,PH,1407,79162,1395,5879,85041,152030,1407,No
2015,24,SAN LUIS POTOSI,7,SAN LUIS POTOSI,ES,2154,79162,1395,5879,85041,152030,2154,No
2015,24,SAN LUIS POTOSI,8,SAN LUIS POTOSI,PAN,15615,60204,712,3704,63908,134909,15615,No
2015,24,SAN LUIS POTOSI,8,SAN LUIS POTOSI,PRI,7151,60204,712,3704,63908,134909,7151,No
2015,24,SAN LUIS POTOSI,8,SAN LUIS POTOSI,PRD,18713,60204,712,3704,63908,134909,18713,No
2015,24,SAN LUIS POTOSI,8,SAN LUIS POTOSI,PT,1057,60204,712,3704,63908,134909,1057,No
2015,24,SAN LUIS POTOSI,8,SAN LUIS POTOSI,PVEM,4033,60204,712,3704,63908,134909,4033,No
2015,24,SAN LUIS POTOSI,8,SAN LUIS POTOSI,PCP,3578,60204,712,3704,63908,134909,3578,No
2015,24,SAN LUIS POTOSI,8,SAN LUIS POTOSI,MC,1964,60204,712,3704,63908,134909,1964,No
2015,24,SAN LUIS POTOSI,8,SAN LUIS POTOSI,NUAL,1388,60204,712,3704,63908,134909,1388,No
2015,24,SAN LUIS POTOSI,8,SAN LUIS POTOSI,MORENA,2708,60204,712,3704,63908,134909,2708,No
2015,24,SAN LUIS POTOSI,8,SAN LUIS POTOSI,PH,1242,60204,712,3704,63908,134909,1242,No
2015,24,SAN LUIS POTOSI,8,SAN LUIS POTOSI,ES,1452,60204,712,3704,63908,134909,1452,No
2015,24,SAN LUIS POTOSI,8,SAN LUIS POTOSI,PRI_PVEM,591,60204,712,3704,63908,134909,11775,Sí
2015,24,SAN LUIS POTOSI,9,SOLEDAD DE GRACIANO SANCHEZ,PAN,8942,81708,377,4910,86618,191977,8942,No
2015,24,SAN LUIS POTOSI,9,SOLEDAD DE GRACIANO SANCHEZ,PRI,10036,81708,377,4910,86618,191977,10036,No
2015,24,SAN LUIS POTOSI,9,SOLEDAD DE GRACIANO SANCHEZ,PRD,31949,81708,377,4910,86618,191977,31949,No
2015,24,SAN LUIS POTOSI,9,SOLEDAD DE GRACIANO SANCHEZ,PT,2566,81708,377,4910,86618,191977,2566,No
2015,24,SAN LUIS POTOSI,9,SOLEDAD DE GRACIANO SANCHEZ,PVEM,4892,81708,377,4910,86618,191977,4892,No
2015,24,SAN LUIS POTOSI,9,SOLEDAD DE GRACIANO SANCHEZ,PCP,9136,81708,377,4910,86618,191977,9136,No
2015,24,SAN LUIS POTOSI,9,SOLEDAD DE GRACIANO SANCHEZ,MC,1486,81708,377,4910,86618,191977,1486,No
2015,24,SAN LUIS POTOSI,9,SOLEDAD DE GRACIANO SANCHEZ,NUAL,3235,81708,377,4910,86618,191977,3235,No
2015,24,SAN LUIS POTOSI,9,SOLEDAD DE GRACIANO SANCHEZ,MORENA,4317,81708,377,4910,86618,191977,4317,No
2015,24,SAN LUIS POTOSI,9,SOLEDAD DE GRACIANO SANCHEZ,PH,2605,81708,377,4910,86618,191977,2605,No
2015,24,SAN LUIS POTOSI,9,SOLEDAD DE GRACIANO SANCHEZ,ES,1551,81708,377,4910,86618,191977,1551,No
2015,24,SAN LUIS POTOSI,9,SOLEDAD DE GRACIANO SANCHEZ,PRI_PVEM_NUAL,616,81708,377,4910,86618,191977,18779,Sí
2015,24,SAN LUIS POTOSI,10,RIOVERDE,PAN,23040,63511,74,2708,66219,119459,23040,No
2015,24,SAN LUIS POTOSI,10,RIOVERDE,PRI,23572,63511,74,2708,66219,119459,23572,No
2015,24,SAN LUIS POTOSI,10,RIOVERDE,PRD,1758,63511,74,2708,66219,119459,1758,No
2015,24,SAN LUIS POTOSI,10,RIOVERDE,PT,2176,63511,74,2708,66219,119459,2176,No
2015,24,SAN LUIS POTOSI,10,RIOVERDE,PVEM,3492,63511,74,2708,66219,119459,3492,No
2015,24,SAN LUIS POTOSI,10,RIOVERDE,PCP,1935,63511,74,2708,66219,119459,1935,No
2015,24,SAN LUIS POTOSI,10,RIOVERDE,MC,1523,63511,74,2708,66219,119459,1523,No
2015,24,SAN LUIS POTOSI,10,RIOVERDE,NUAL,1478,63511,74,2708,66219,119459,1478,No
2015,24,SAN LUIS POTOSI,10,RIOVERDE,MORENA,1354,63511,74,2708,66219,119459,1354,No
2015,24,SAN LUIS POTOSI,10,RIOVERDE,PH,506,63511,74,2708,66219,119459,506,No
2015,24,SAN LUIS POTOSI,10,RIOVERDE,ES,1018,63511,74,2708,66219,119459,1018,No
2015,24,SAN LUIS POTOSI,10,RIOVERDE,PRI_PVEM_NUAL,1585,63511,74,2708,66219,119459,30127,Sí
2015,24,SAN LUIS POTOSI,11,CARDENAS,PAN,25797,60152,25,4175,64327,98272,25797,No
2015,24,SAN LUIS POTOSI,11,CARDENAS,PRI,19697,60152,25,4175,64327,98272,19697,No
2015,24,SAN LUIS POTOSI,11,CARDENAS,PT,4127,60152,25,4175,64327,98272,4127,No
2015,24,SAN LUIS POTOSI,11,CARDENAS,PVEM,1387,60152,25,4175,64327,98272,1387,No
2015,24,SAN LUIS POTOSI,11,CARDENAS,PCP,1017,60152,25,4175,64327,98272,1017,No
2015,24,SAN LUIS POTOSI,11,CARDENAS,MC,1010,60152,25,4175,64327,98272,1010,No
2015,24,SAN LUIS POTOSI,11,CARDENAS,NUAL,3505,60152,25,4175,64327,98272,3505,No
2015,24,SAN LUIS POTOSI,11,CARDENAS,MORENA,799,60152,25,4175,64327,98272,799,No
2015,24,SAN LUIS POTOSI,11,CARDENAS,ES,633,60152,25,4175,64327,98272,633,No
2015,24,SAN LUIS POTOSI,11,CARDENAS,PAN_PT,891,60152,25,4175,64327,98272,30815,Sí
2015,24,SAN LUIS POTOSI,11,CARDENAS,PRI_PVEM,1264,60152,25,4175,64327,98272,22348,Sí
2015,24,SAN LUIS POTOSI,12,CIUDAD VALLES,PAN,17378,55310,31,2493,57803,123376,17378,No
2015,24,SAN LUIS POTOSI,12,CIUDAD VALLES,PRI,11550,55310,31,2493,57803,123376,11550,No
2015,24,SAN LUIS POTOSI,12,CIUDAD VALLES,PRD,5353,55310,31,2493,57803,123376,5353,No
2015,24,SAN LUIS POTOSI,12,CIUDAD VALLES,PT,696,55310,31,2493,57803,123376,696,No
2015,24,SAN LUIS POTOSI,12,CIUDAD VALLES,PVEM,1865,55310,31,2493,57803,123376,1865,No
2015,24,SAN LUIS POTOSI,12,CIUDAD VALLES,PCP,3232,55310,31,2493,57803,123376,3232,No
2015,24,SAN LUIS POTOSI,12,CIUDAD VALLES,MC,7663,55310,31,2493,57803,123376,7663,No
2015,24,SAN LUIS POTOSI,12,CIUDAD VALLES,NUAL,1227,55310,31,2493,57803,123376,1227,No
2015,24,SAN LUIS POTOSI,12,CIUDAD VALLES,MORENA,1624,55310,31,2493,57803,123376,1624,No
2015,24,SAN LUIS POTOSI,12,CIUDAD VALLES,PH,2343,55310,31,2493,57803,123376,2343,No
2015,24,SAN LUIS POTOSI,12,CIUDAD VALLES,ES,1277,55310,31,2493,57803,123376,1277,No
2015,24,SAN LUIS POTOSI,12,CIUDAD VALLES,PRI_PVEM_NUAL,1071,55310,31,2493,57803,123376,15713,Sí
2015,24,SAN LUIS POTOSI,13,TAMUIN,PAN,24218,73827,63,5130,78957,115126,24218,No
2015,24,SAN LUIS POTOSI,13,TAMUIN,PRI,21818,73827,63,5130,78957,115126,21818,No
2015,24,SAN LUIS POTOSI,13,TAMUIN,PRD,4092,73827,63,5130,78957,115126,4092,No
2015,24,SAN LUIS POTOSI,13,TAMUIN,PT,1992,73827,63,5130,78957,115126,1992,No
2015,24,SAN LUIS POTOSI,13,TAMUIN,PVEM,1756,73827,63,5130,78957,115126,1756,No
2015,24,SAN LUIS POTOSI,13,TAMUIN,PCP,1276,73827,63,5130,78957,115126,1276,No
2015,24,SAN LUIS POTOSI,13,TAMUIN,MC,3323,73827,63,5130,78957,115126,3323,No
2015,24,SAN LUIS POTOSI,13,TAMUIN,NUAL,7006,73827,63,5130,78957,115126,7006,No
2015,24,SAN LUIS POTOSI,13,TAMUIN,MORENA,4494,73827,63,5130,78957,115126,4494,No
2015,24,SAN LUIS POTOSI,13,TAMUIN,PH,1321,73827,63,5130,78957,115126,1321,No
2015,24,SAN LUIS POTOSI,13,TAMUIN,ES,748,73827,63,5130,78957,115126,748,No
2015,24,SAN LUIS POTOSI,13,TAMUIN,PAN_PT,592,73827,63,5130,78957,115126,26802,Sí
2015,24,SAN LUIS POTOSI,13,TAMUIN,PRI_PVEM,1128,73827,63,5130,78957,115126,24702,Sí
2015,24,SAN LUIS POTOSI,14,TANCANHUITZ,PAN,28017,73922,49,5120,79042,111502,28017,No
2015,24,SAN LUIS POTOSI,14,TANCANHUITZ,PRI,29713,73922,49,5120,79042,111502,29713,No
2015,24,SAN LUIS POTOSI,14,TANCANHUITZ,PT,1987,73922,49,5120,79042,111502,1987,No
2015,24,SAN LUIS POTOSI,14,TANCANHUITZ,PVEM,3592,73922,49,5120,79042,111502,3592,No
2015,24,SAN LUIS POTOSI,14,TANCANHUITZ,PCP,871,73922,49,5120,79042,111502,871,No
2015,24,SAN LUIS POTOSI,14,TANCANHUITZ,MC,2998,73922,49,5120,79042,111502,2998,No
2015,24,SAN LUIS POTOSI,14,TANCANHUITZ,NUAL,1751,73922,49,5120,79042,111502,1751,No
2015,24,SAN LUIS POTOSI,14,TANCANHUITZ,MORENA,1132,73922,49,5120,79042,111502,1132,No
2015,24,SAN LUIS POTOSI,14,TANCANHUITZ,PH,1274,73922,49,5120,79042,111502,1274,No
2015,24,SAN LUIS POTOSI,14,TANCANHUITZ,ES,216,73922,49,5120,79042,111502,216,No
2015,24,SAN LUIS POTOSI,14,TANCANHUITZ,PRI_PVEM_NUAL,2322,73922,49,5120,79042,111502,37378,Sí
2015,24,SAN LUIS POTOSI,15,TAMAZUNCHALE,PAN,24730,69179,14,5129,74308,113598,24730,No
2015,24,SAN LUIS POTOSI,15,TAMAZUNCHALE,PRI,14081,69179,14,5129,74308,113598,14081,No
2015,24,SAN LUIS POTOSI,15,TAMAZUNCHALE,PRD,9968,69179,14,5129,74308,113598,9968,No
2015,24,SAN LUIS POTOSI,15,TAMAZUNCHALE,PT,2021,69179,14,5129,74308,113598,2021,No
2015,24,SAN LUIS POTOSI,15,TAMAZUNCHALE,PVEM,4182,69179,14,5129,74308,113598,4182,No
2015,24,SAN LUIS POTOSI,15,TAMAZUNCHALE,PCP,499,69179,14,5129,74308,113598,499,No
2015,24,SAN LUIS POTOSI,15,TAMAZUNCHALE,MC,1129,69179,14,5129,74308,113598,1129,No
2015,24,SAN LUIS POTOSI,15,TAMAZUNCHALE,NUAL,6102,69179,14,5129,74308,113598,6102,No
2015,24,SAN LUIS POTOSI,15,TAMAZUNCHALE,MORENA,3023,69179,14,5129,74308,113598,3023,No
2015,24,SAN LUIS POTOSI,15,TAMAZUNCHALE,PH,794,69179,14,5129,74308,113598,794,No
2015,24,SAN LUIS POTOSI,15,TAMAZUNCHALE,ES,1111,69179,14,5129,74308,113598,1111,No
2015,24,SAN LUIS POTOSI,15,TAMAZUNCHALE,PRI_PVEM_NUAL,920,69179,14,5129,74308,113598,25285,Sí
2015,24,SAN LUIS POTOSI,15,TAMAZUNCHALE,PRD_PT_PCP,605,69179,14,5129,74308,113598,13093,Sí
2015,26,SONORA,1,SAN LUIS RIO COLORADO,PAN,14302,32025,25,1438,33488,76350,14302,No
2015,26,SONORA,1,SAN LUIS RIO COLORADO,PRI,11343,32025,25,1438,33488,76350,11343,No
2015,26,SONORA,1,SAN LUIS RIO COLORADO,PRD,520,32025,25,1438,33488,76350,520,No
2015,26,SONORA,1,SAN LUIS RIO COLORADO,PVEM,1084,32025,25,1438,33488,76350,1084,No
2015,26,SONORA,1,SAN LUIS RIO COLORADO,PT,271,32025,25,1438,33488,76350,271,No
2015,26,SONORA,1,SAN LUIS RIO COLORADO,MC,318,32025,25,1438,33488,76350,318,No
2015,26,SONORA,1,SAN LUIS RIO COLORADO,NUAL,618,32025,25,1438,33488,76350,618,No
2015,26,SONORA,1,SAN LUIS RIO COLORADO,MORENA,1921,32025,25,1438,33488,76350,1921,No
2015,26,SONORA,1,SAN LUIS RIO COLORADO,PH,0,32025,25,1438,33488,76350,0,No
2015,26,SONORA,1,SAN LUIS RIO COLORADO,ES,1398,32025,25,1438,33488,76350,1398,No
2015,26,SONORA,1,SAN LUIS RIO COLORADO,PRI_PVEM_NUAL,39,32025,25,1438,33488,76350,13084,Sí
2015,26,SONORA,1,SAN LUIS RIO COLORADO,PRI_PVEM,180,32025,25,1438,33488,76350,12607,Sí
2015,26,SONORA,1,SAN LUIS RIO COLORADO,PRI_NUAL,13,32025,25,1438,33488,76350,11974,Sí
2015,26,SONORA,1,SAN LUIS RIO COLORADO,PVEM_NUAL,18,32025,25,1438,33488,76350,1720,Sí
2015,26,SONORA,1,SAN LUIS RIO COLORADO,Candidatura Independiente,0,32025,25,1438,33488,76350,0,No
2015,26,SONORA,1,SAN LUIS RIO COLORADO,Candidatura Independiente,0,32025,25,1438,33488,76350,0,No
2015,26,SONORA,2,PUERTO PEÑASCO,PAN,23499,49504,42,1199,50745,115092,23499,No
2015,26,SONORA,2,PUERTO PEÑASCO,PRI,15741,49504,42,1199,50745,115092,15741,No
2015,26,SONORA,2,PUERTO PEÑASCO,PRD,2076,49504,42,1199,50745,115092,2076,No
2015,26,SONORA,2,PUERTO PEÑASCO,PVEM,1256,49504,42,1199,50745,115092,1256,No
2015,26,SONORA,2,PUERTO PEÑASCO,PT,419,49504,42,1199,50745,115092,419,No
2015,26,SONORA,2,PUERTO PEÑASCO,MC,1681,49504,42,1199,50745,115092,1681,No
2015,26,SONORA,2,PUERTO PEÑASCO,NUAL,940,49504,42,1199,50745,115092,940,No
2015,26,SONORA,2,PUERTO PEÑASCO,MORENA,2009,49504,42,1199,50745,115092,2009,No
2015,26,SONORA,2,PUERTO PEÑASCO,PH,0,49504,42,1199,50745,115092,0,No
2015,26,SONORA,2,PUERTO PEÑASCO,ES,1541,49504,42,1199,50745,115092,1541,No
2015,26,SONORA,2,PUERTO PEÑASCO,PRI_PVEM_NUAL,76,49504,42,1199,50745,115092,18013,Sí
2015,26,SONORA,2,PUERTO PEÑASCO,PRI_PVEM,235,49504,42,1199,50745,115092,17232,Sí
2015,26,SONORA,2,PUERTO PEÑASCO,PRI_NUAL,31,49504,42,1199,50745,115092,16712,Sí
2015,26,SONORA,2,PUERTO PEÑASCO,PVEM_NUAL,0,49504,42,1199,50745,115092,2196,Sí
2015,26,SONORA,2,PUERTO PEÑASCO,Candidatura Independiente,0,49504,42,1199,50745,115092,0,No
2015,26,SONORA,2,PUERTO PEÑASCO,Candidatura Independiente,0,49504,42,1199,50745,115092,0,No
2015,26,SONORA,3,CABORCA,PAN,15445,49362,11,1104,50477,92111,15445,No
2015,26,SONORA,3,CABORCA,PRI,24502,49362,11,1104,50477,92111,24502,No
2015,26,SONORA,3,CABORCA,PRD,1605,49362,11,1104,50477,92111,1605,No
2015,26,SONORA,3,CABORCA,PVEM,835,49362,11,1104,50477,92111,835,No
2015,26,SONORA,3,CABORCA,PT,1269,49362,11,1104,50477,92111,1269,No
2015,26,SONORA,3,CABORCA,MC,1197,49362,11,1104,50477,92111,1197,No
2015,26,SONORA,3,CABORCA,NUAL,1025,49362,11,1104,50477,92111,1025,No
2015,26,SONORA,3,CABORCA,MORENA,2523,49362,11,1104,50477,92111,2523,No
2015,26,SONORA,3,CABORCA,PH,0,49362,11,1104,50477,92111,0,No
2015,26,SONORA,3,CABORCA,ES,561,49362,11,1104,50477,92111,561,No
2015,26,SONORA,3,CABORCA,PRI_PVEM_NUAL,136,49362,11,1104,50477,92111,26498,Sí
2015,26,SONORA,3,CABORCA,PRI_PVEM,183,49362,11,1104,50477,92111,25520,Sí
2015,26,SONORA,3,CABORCA,PRI_NUAL,56,49362,11,1104,50477,92111,25583,Sí
2015,26,SONORA,3,CABORCA,PVEM_NUAL,25,49362,11,1104,50477,92111,1885,Sí
2015,26,SONORA,3,CABORCA,Candidatura Independiente,0,49362,11,1104,50477,92111,0,No
2015,26,SONORA,3,CABORCA,Candidatura Independiente,0,49362,11,1104,50477,92111,0,No
2015,26,SONORA,4,NOGALES NORTE,PAN,10599,26920,23,770,27713,65158,10599,No
2015,26,SONORA,4,NOGALES NORTE,PRI,9311,26920,23,770,27713,65158,9311,No
2015,26,SONORA,4,NOGALES NORTE,PRD,512,26920,23,770,27713,65158,512,No
2015,26,SONORA,4,NOGALES NORTE,PVEM,527,26920,23,770,27713,65158,527,No
2015,26,SONORA,4,NOGALES NORTE,PT,334,26920,23,770,27713,65158,334,No
2015,26,SONORA,4,NOGALES NORTE,MC,2797,26920,23,770,27713,65158,2797,No
2015,26,SONORA,4,NOGALES NORTE,NUAL,520,26920,23,770,27713,65158,520,No
2015,26,SONORA,4,NOGALES NORTE,MORENA,1428,26920,23,770,27713,65158,1428,No
2015,26,SONORA,4,NOGALES NORTE,PH,302,26920,23,770,27713,65158,302,No
2015,26,SONORA,4,NOGALES NORTE,ES,351,26920,23,770,27713,65158,351,No
2015,26,SONORA,4,NOGALES NORTE,PRI_PVEM_NUAL,61,26920,23,770,27713,65158,10419,Sí
2015,26,SONORA,4,NOGALES NORTE,PRI_PVEM,151,26920,23,770,27713,65158,9989,Sí
2015,26,SONORA,4,NOGALES NORTE,PRI_NUAL,23,26920,23,770,27713,65158,9854,Sí
2015,26,SONORA,4,NOGALES NORTE,PVEM_NUAL,4,26920,23,770,27713,65158,1051,Sí
2015,26,SONORA,4,NOGALES NORTE,Candidatura Independiente,0,26920,23,770,27713,65158,0,No
2015,26,SONORA,4,NOGALES NORTE,Candidatura Independiente,0,26920,23,770,27713,65158,0,No
2015,26,SONORA,5,NOGALES SUR,PAN,20798,51644,55,1598,53297,120732,20798,No
2015,26,SONORA,5,NOGALES SUR,PRI,17177,51644,55,1598,53297,120732,17177,No
2015,26,SONORA,5,NOGALES SUR,PRD,1091,51644,55,1598,53297,120732,1091,No
2015,26,SONORA,5,NOGALES SUR,PVEM,1148,51644,55,1598,53297,120732,1148,No
2015,26,SONORA,5,NOGALES SUR,PT,880,51644,55,1598,53297,120732,880,No
2015,26,SONORA,5,NOGALES SUR,MC,6944,51644,55,1598,53297,120732,6944,No
2015,26,SONORA,5,NOGALES SUR,NUAL,0,51644,55,1598,53297,120732,0,No
2015,26,SONORA,5,NOGALES SUR,MORENA,1465,51644,55,1598,53297,120732,1465,No
2015,26,SONORA,5,NOGALES SUR,PH,1166,51644,55,1598,53297,120732,1166,No
2015,26,SONORA,5,NOGALES SUR,ES,975,51644,55,1598,53297,120732,975,No
2015,26,SONORA,5,NOGALES SUR,PRI_PVEM_NUAL,0,51644,55,1598,53297,120732,18325,Sí
2015,26,SONORA,5,NOGALES SUR,PRI_PVEM,0,51644,55,1598,53297,120732,18325,Sí
2015,26,SONORA,5,NOGALES SUR,PRI_NUAL,0,51644,55,1598,53297,120732,17177,Sí
2015,26,SONORA,5,NOGALES SUR,PVEM_NUAL,0,51644,55,1598,53297,120732,1148,Sí
2015,26,SONORA,5,NOGALES SUR,Candidatura Independiente,0,51644,55,1598,53297,120732,0,No
2015,26,SONORA,5,NOGALES SUR,Candidatura Independiente,0,51644,55,1598,53297,120732,0,No
2015,26,SONORA,6,CANANEA,PAN,24323,51877,32,3106,55015,88954,24323,No
2015,26,SONORA,6,CANANEA,PRI,0,51877,32,3106,55015,88954,0,No
2015,26,SONORA,6,CANANEA,PRD,3909,51877,32,3106,55015,88954,3909,No
2015,26,SONORA,6,CANANEA,PVEM,0,51877,32,3106,55015,88954,0,No
2015,26,SONORA,6,CANANEA,PT,1276,51877,32,3106,55015,88954,1276,No
2015,26,SONORA,6,CANANEA,MC,2390,51877,32,3106,55015,88954,2390,No
2015,26,SONORA,6,CANANEA,NUAL,17690,51877,32,3106,55015,88954,17690,No
2015,26,SONORA,6,CANANEA,MORENA,1301,51877,32,3106,55015,88954,1301,No
2015,26,SONORA,6,CANANEA,PH,0,51877,32,3106,55015,88954,0,No
2015,26,SONORA,6,CANANEA,ES,988,51877,32,3106,55015,88954,988,No
2015,26,SONORA,6,CANANEA,PRI_PVEM_NUAL,0,51877,32,3106,55015,88954,17690,Sí
2015,26,SONORA,6,CANANEA,PRI_PVEM,0,51877,32,3106,55015,88954,0,Sí
2015,26,SONORA,6,CANANEA,PRI_NUAL,0,51877,32,3106,55015,88954,17690,Sí
2015,26,SONORA,6,CANANEA,PVEM_NUAL,0,51877,32,3106,55015,88954,17690,Sí
2015,26,SONORA,6,CANANEA,Candidatura Independiente,0,51877,32,3106,55015,88954,0,No
2015,26,SONORA,6,CANANEA,Candidatura Independiente,0,51877,32,3106,55015,88954,0,No
2015,26,SONORA,7,AGUA PRIETA,PAN,26084,49361,38,2091,51490,90616,26084,No
2015,26,SONORA,7,AGUA PRIETA,PRI,0,49361,38,2091,51490,90616,0,No
2015,26,SONORA,7,AGUA PRIETA,PRD,2375,49361,38,2091,51490,90616,2375,No
2015,26,SONORA,7,AGUA PRIETA,PVEM,0,49361,38,2091,51490,90616,0,No
2015,26,SONORA,7,AGUA PRIETA,PT,1918,49361,38,2091,51490,90616,1918,No
2015,26,SONORA,7,AGUA PRIETA,MC,659,49361,38,2091,51490,90616,659,No
2015,26,SONORA,7,AGUA PRIETA,NUAL,17092,49361,38,2091,51490,90616,17092,No
2015,26,SONORA,7,AGUA PRIETA,MORENA,972,49361,38,2091,51490,90616,972,No
2015,26,SONORA,7,AGUA PRIETA,PH,0,49361,38,2091,51490,90616,0,No
2015,26,SONORA,7,AGUA PRIETA,ES,261,49361,38,2091,51490,90616,261,No
2015,26,SONORA,7,AGUA PRIETA,PRI_PVEM_NUAL,0,49361,38,2091,51490,90616,17092,Sí
2015,26,SONORA,7,AGUA PRIETA,PRI_PVEM,0,49361,38,2091,51490,90616,0,Sí
2015,26,SONORA,7,AGUA PRIETA,PRI_NUAL,0,49361,38,2091,51490,90616,17092,Sí
2015,26,SONORA,7,AGUA PRIETA,PVEM_NUAL,0,49361,38,2091,51490,90616,17092,Sí
2015,26,SONORA,7,AGUA PRIETA,Candidatura Independiente,0,49361,38,2091,51490,90616,0,No
2015,26,SONORA,7,AGUA PRIETA,Candidatura Independiente,0,49361,38,2091,51490,90616,0,No
2015,26,SONORA,8,HERMOSILLO NOROESTE,PAN,23052,55034,29,1689,56752,122540,23052,No
2015,26,SONORA,8,HERMOSILLO NOROESTE,PRI,19170,55034,29,1689,56752,122540,19170,No
2015,26,SONORA,8,HERMOSILLO NOROESTE,PRD,1316,55034,29,1689,56752,122540,1316,No
2015,26,SONORA,8,HERMOSILLO NOROESTE,PVEM,1389,55034,29,1689,56752,122540,1389,No
2015,26,SONORA,8,HERMOSILLO NOROESTE,PT,720,55034,29,1689,56752,122540,720,No
2015,26,SONORA,8,HERMOSILLO NOROESTE,MC,2775,55034,29,1689,56752,122540,2775,No
2015,26,SONORA,8,HERMOSILLO NOROESTE,NUAL,1262,55034,29,1689,56752,122540,1262,No
2015,26,SONORA,8,HERMOSILLO NOROESTE,MORENA,1997,55034,29,1689,56752,122540,1997,No
2015,26,SONORA,8,HERMOSILLO NOROESTE,PH,1305,55034,29,1689,56752,122540,1305,No
2015,26,SONORA,8,HERMOSILLO NOROESTE,ES,1093,55034,29,1689,56752,122540,1093,No
2015,26,SONORA,8,HERMOSILLO NOROESTE,PRI_PVEM_NUAL,221,55034,29,1689,56752,122540,22042,Sí
2015,26,SONORA,8,HERMOSILLO NOROESTE,PRI_PVEM,675,55034,29,1689,56752,122540,21234,Sí
2015,26,SONORA,8,HERMOSILLO NOROESTE,PRI_NUAL,54,55034,29,1689,56752,122540,20486,Sí
2015,26,SONORA,8,HERMOSILLO NOROESTE,PVEM_NUAL,5,55034,29,1689,56752,122540,2656,Sí
2015,26,SONORA,8,HERMOSILLO NOROESTE,Candidatura Independiente,0,55034,29,1689,56752,122540,0,No
2015,26,SONORA,8,HERMOSILLO NOROESTE,Candidatura Independiente,0,55034,29,1689,56752,122540,0,No
2015,26,SONORA,9,HERMOSILLO CENTRO,PAN,21449,57987,86,2147,60220,102651,21449,No
2015,26,SONORA,9,HERMOSILLO CENTRO,PRI,23775,57987,86,2147,60220,102651,23775,No
2015,26,SONORA,9,HERMOSILLO CENTRO,PRD,1567,57987,86,2147,60220,102651,1567,No
2015,26,SONORA,9,HERMOSILLO CENTRO,PVEM,1404,57987,86,2147,60220,102651,1404,No
2015,26,SONORA,9,HERMOSILLO CENTRO,PT,654,57987,86,2147,60220,102651,654,No
2015,26,SONORA,9,HERMOSILLO CENTRO,MC,2947,57987,86,2147,60220,102651,2947,No
2015,26,SONORA,9,HERMOSILLO CENTRO,NUAL,1108,57987,86,2147,60220,102651,1108,No
2015,26,SONORA,9,HERMOSILLO CENTRO,MORENA,2961,57987,86,2147,60220,102651,2961,No
2015,26,SONORA,9,HERMOSILLO CENTRO,PH,0,57987,86,2147,60220,102651,0,No
2015,26,SONORA,9,HERMOSILLO CENTRO,ES,1358,57987,86,2147,60220,102651,1358,No
2015,26,SONORA,9,HERMOSILLO CENTRO,PRI_PVEM_NUAL,216,57987,86,2147,60220,102651,26503,Sí
2015,26,SONORA,9,HERMOSILLO CENTRO,PRI_PVEM,508,57987,86,2147,60220,102651,25687,Sí
2015,26,SONORA,9,HERMOSILLO CENTRO,PRI_NUAL,38,57987,86,2147,60220,102651,24921,Sí
2015,26,SONORA,9,HERMOSILLO CENTRO,PVEM_NUAL,2,57987,86,2147,60220,102651,2514,Sí
2015,26,SONORA,9,HERMOSILLO CENTRO,Candidatura Independiente,0,57987,86,2147,60220,102651,0,No
2015,26,SONORA,9,HERMOSILLO CENTRO,Candidatura Independiente,0,57987,86,2147,60220,102651,0,No
2015,26,SONORA,10,HERMOSILLO NORESTE,PAN,22127,54016,51,1864,55931,101542,22127,No
2015,26,SONORA,10,HERMOSILLO NORESTE,PRI,20934,54016,51,1864,55931,101542,20934,No
2015,26,SONORA,10,HERMOSILLO NORESTE,PRD,1114,54016,51,1864,55931,101542,1114,No
2015,26,SONORA,10,HERMOSILLO NORESTE,PVEM,1283,54016,51,1864,55931,101542,1283,No
2015,26,SONORA,10,HERMOSILLO NORESTE,PT,575,54016,51,1864,55931,101542,575,No
2015,26,SONORA,10,HERMOSILLO NORESTE,MC,1994,54016,51,1864,55931,101542,1994,No
2015,26,SONORA,10,HERMOSILLO NORESTE,NUAL,1101,54016,51,1864,55931,101542,1101,No
2015,26,SONORA,10,HERMOSILLO NORESTE,MORENA,2108,54016,51,1864,55931,101542,2108,No
2015,26,SONORA,10,HERMOSILLO NORESTE,PH,753,54016,51,1864,55931,101542,753,No
2015,26,SONORA,10,HERMOSILLO NORESTE,ES,1050,54016,51,1864,55931,101542,1050,No
2015,26,SONORA,10,HERMOSILLO NORESTE,PRI_PVEM_NUAL,245,54016,51,1864,55931,101542,23563,Sí
2015,26,SONORA,10,HERMOSILLO NORESTE,PRI_PVEM,689,54016,51,1864,55931,101542,22906,Sí
2015,26,SONORA,10,HERMOSILLO NORESTE,PRI_NUAL,38,54016,51,1864,55931,101542,22073,Sí
2015,26,SONORA,10,HERMOSILLO NORESTE,PVEM_NUAL,5,54016,51,1864,55931,101542,2389,Sí
2015,26,SONORA,10,HERMOSILLO NORESTE,Candidatura Independiente,0,54016,51,1864,55931,101542,0,No
2015,26,SONORA,10,HERMOSILLO NORESTE,Candidatura Independiente,0,54016,51,1864,55931,101542,0,No
2015,26,SONORA,11,HERMOSILLO COSTA,PAN,21266,57584,57,1951,59592,122526,21266,No
2015,26,SONORA,11,HERMOSILLO COSTA,PRI,24621,57584,57,1951,59592,122526,24621,No
2015,26,SONORA,11,HERMOSILLO COSTA,PRD,1286,57584,57,1951,59592,122526,1286,No
2015,26,SONORA,11,HERMOSILLO COSTA,PVEM,1485,57584,57,1951,59592,122526,1485,No
2015,26,SONORA,11,HERMOSILLO COSTA,PT,784,57584,57,1951,59592,122526,784,No
2015,26,SONORA,11,HERMOSILLO COSTA,MC,2604,57584,57,1951,59592,122526,2604,No
2015,26,SONORA,11,HERMOSILLO COSTA,NUAL,1351,57584,57,1951,59592,122526,1351,No
2015,26,SONORA,11,HERMOSILLO COSTA,MORENA,1954,57584,57,1951,59592,122526,1954,No
2015,26,SONORA,11,HERMOSILLO COSTA,PH,0,57584,57,1951,59592,122526,0,No
2015,26,SONORA,11,HERMOSILLO COSTA,ES,1170,57584,57,1951,59592,122526,1170,No
2015,26,SONORA,11,HERMOSILLO COSTA,PRI_PVEM_NUAL,327,57584,57,1951,59592,122526,27784,Sí
2015,26,SONORA,11,HERMOSILLO COSTA,PRI_PVEM,686,57584,57,1951,59592,122526,26792,Sí
2015,26,SONORA,11,HERMOSILLO COSTA,PRI_NUAL,40,57584,57,1951,59592,122526,26012,Sí
2015,26,SONORA,11,HERMOSILLO COSTA,PVEM_NUAL,10,57584,57,1951,59592,122526,2846,Sí
2015,26,SONORA,11,HERMOSILLO COSTA,Candidatura Independiente,0,57584,57,1951,59592,122526,0,No
2015,26,SONORA,11,HERMOSILLO COSTA,Candidatura Independiente,0,57584,57,1951,59592,122526,0,No
2015,26,SONORA,12,HERMOSILLO SUR,PAN,18312,47773,91,1452,49316,103412,18312,No
2015,26,SONORA,12,HERMOSILLO SUR,PRI,18673,47773,91,1452,49316,103412,18673,No
2015,26,SONORA,12,HERMOSILLO SUR,PRD,971,47773,91,1452,49316,103412,971,No
2015,26,SONORA,12,HERMOSILLO SUR,PVEM,980,47773,91,1452,49316,103412,980,No
2015,26,SONORA,12,HERMOSILLO SUR,PT,937,47773,91,1452,49316,103412,937,No
2015,26,SONORA,12,HERMOSILLO SUR,MC,1404,47773,91,1452,49316,103412,1404,No
2015,26,SONORA,12,HERMOSILLO SUR,NUAL,995,47773,91,1452,49316,103412,995,No
2015,26,SONORA,12,HERMOSILLO SUR,MORENA,1516,47773,91,1452,49316,103412,1516,No
2015,26,SONORA,12,HERMOSILLO SUR,PH,0,47773,91,1452,49316,103412,0,No
2015,26,SONORA,12,HERMOSILLO SUR,ES,1835,47773,91,1452,49316,103412,1835,No
2015,26,SONORA,12,HERMOSILLO SUR,PRI_PVEM_NUAL,194,47773,91,1452,49316,103412,20842,Sí
2015,26,SONORA,12,HERMOSILLO SUR,PRI_PVEM,535,47773,91,1452,49316,103412,20188,Sí
2015,26,SONORA,12,HERMOSILLO SUR,PRI_NUAL,48,47773,91,1452,49316,103412,19716,Sí
2015,26,SONORA,12,HERMOSILLO SUR,PVEM_NUAL,8,47773,91,1452,49316,103412,1983,Sí
2015,26,SONORA,12,HERMOSILLO SUR,Candidatura Independiente,1365,47773,91,1452,49316,103412,1365,No
2015,26,SONORA,12,HERMOSILLO SUR,Candidatura Independiente,0,47773,91,1452,49316,103412,0,No
2015,26,SONORA,13,GUAYMAS,PAN,17331,45953,19,1222,47194,93901,17331,No
2015,26,SONORA,13,GUAYMAS,PRI,13694,45953,19,1222,47194,93901,13694,No
2015,26,SONORA,13,GUAYMAS,PRD,1065,45953,19,1222,47194,93901,1065,No
2015,26,SONORA,13,GUAYMAS,PVEM,427,45953,19,1222,47194,93901,427,No
2015,26,SONORA,13,GUAYMAS,PT,8609,45953,19,1222,47194,93901,8609,No
2015,26,SONORA,13,GUAYMAS,MC,941,45953,19,1222,47194,93901,941,No
2015,26,SONORA,13,GUAYMAS,NUAL,738,45953,19,1222,47194,93901,738,No
2015,26,SONORA,13,GUAYMAS,MORENA,2271,45953,19,1222,47194,93901,2271,No
2015,26,SONORA,13,GUAYMAS,PH,256,45953,19,1222,47194,93901,256,No
2015,26,SONORA,13,GUAYMAS,ES,359,45953,19,1222,47194,93901,359,No
2015,26,SONORA,13,GUAYMAS,PRI_PVEM_NUAL,65,45953,19,1222,47194,93901,14924,Sí
2015,26,SONORA,13,GUAYMAS,PRI_PVEM,167,45953,19,1222,47194,93901,14288,Sí
2015,26,SONORA,13,GUAYMAS,PRI_NUAL,26,45953,19,1222,47194,93901,14458,Sí
2015,26,SONORA,13,GUAYMAS,PVEM_NUAL,4,45953,19,1222,47194,93901,1169,Sí
2015,26,SONORA,13,GUAYMAS,Candidatura Independiente,0,45953,19,1222,47194,93901,0,No
2015,26,SONORA,13,GUAYMAS,Candidatura Independiente,0,45953,19,1222,47194,93901,0,No
2015,26,SONORA,14,EMPALME,PAN,11789,43440,3,1704,45147,81071,11789,No
2015,26,SONORA,14,EMPALME,PRI,13126,43440,3,1704,45147,81071,13126,No
2015,26,SONORA,14,EMPALME,PRD,6520,43440,3,1704,45147,81071,6520,No
2015,26,SONORA,14,EMPALME,PVEM,5085,43440,3,1704,45147,81071,5085,No
2015,26,SONORA,14,EMPALME,PT,887,43440,3,1704,45147,81071,887,No
2015,26,SONORA,14,EMPALME,MC,574,43440,3,1704,45147,81071,574,No
2015,26,SONORA,14,EMPALME,NUAL,2223,43440,3,1704,45147,81071,2223,No
2015,26,SONORA,14,EMPALME,MORENA,1267,43440,3,1704,45147,81071,1267,No
2015,26,SONORA,14,EMPALME,PH,0,43440,3,1704,45147,81071,0,No
2015,26,SONORA,14,EMPALME,ES,1969,43440,3,1704,45147,81071,1969,No
2015,26,SONORA,14,EMPALME,PRI_PVEM_NUAL,0,43440,3,1704,45147,81071,20434,Sí
2015,26,SONORA,14,EMPALME,PRI_PVEM,0,43440,3,1704,45147,81071,18211,Sí
2015,26,SONORA,14,EMPALME,PRI_NUAL,0,43440,3,1704,45147,81071,15349,Sí
2015,26,SONORA,14,EMPALME,PVEM_NUAL,0,43440,3,1704,45147,81071,7308,Sí
2015,26,SONORA,14,EMPALME,Candidatura Independiente,0,43440,3,1704,45147,81071,0,No
2015,26,SONORA,14,EMPALME,Candidatura Independiente,0,43440,3,1704,45147,81071,0,No
2015,26,SONORA,15,OBREGON SUR,PAN,10292,36001,59,1156,37216,83241,10292,No
2015,26,SONORA,15,OBREGON SUR,PRI,14218,36001,59,1156,37216,83241,14218,No
2015,26,SONORA,15,OBREGON SUR,PRD,798,36001,59,1156,37216,83241,798,No
2015,26,SONORA,15,OBREGON SUR,PVEM,570,36001,59,1156,37216,83241,570,No
2015,26,SONORA,15,OBREGON SUR,PT,345,36001,59,1156,37216,83241,345,No
2015,26,SONORA,15,OBREGON SUR,MC,3045,36001,59,1156,37216,83241,3045,No
2015,26,SONORA,15,OBREGON SUR,NUAL,911,36001,59,1156,37216,83241,911,No
2015,26,SONORA,15,OBREGON SUR,MORENA,1295,36001,59,1156,37216,83241,1295,No
2015,26,SONORA,15,OBREGON SUR,PH,350,36001,59,1156,37216,83241,350,No
2015,26,SONORA,15,OBREGON SUR,ES,525,36001,59,1156,37216,83241,525,No
2015,26,SONORA,15,OBREGON SUR,PRI_PVEM_NUAL,94,36001,59,1156,37216,83241,15793,Sí
2015,26,SONORA,15,OBREGON SUR,PRI_PVEM,284,36001,59,1156,37216,83241,15072,Sí
2015,26,SONORA,15,OBREGON SUR,PRI_NUAL,37,36001,59,1156,37216,83241,15166,Sí
2015,26,SONORA,15,OBREGON SUR,PVEM_NUAL,12,36001,59,1156,37216,83241,1493,Sí
2015,26,SONORA,15,OBREGON SUR,Candidatura Independiente,0,36001,59,1156,37216,83241,0,No
2015,26,SONORA,15,OBREGON SUR,Candidatura Independiente,3225,36001,59,1156,37216,83241,3225,No
2015,26,SONORA,16,OBREGON SURESTE,PAN,10689,37421,19,992,38432,82866,10689,No
2015,26,SONORA,16,OBREGON SURESTE,PRI,18326,37421,19,992,38432,82866,18326,No
2015,26,SONORA,16,OBREGON SURESTE,PRD,1047,37421,19,992,38432,82866,1047,No
2015,26,SONORA,16,OBREGON SURESTE,PVEM,599,37421,19,992,38432,82866,599,No
2015,26,SONORA,16,OBREGON SURESTE,PT,322,37421,19,992,38432,82866,322,No
2015,26,SONORA,16,OBREGON SURESTE,MC,3056,37421,19,992,38432,82866,3056,No
2015,26,SONORA,16,OBREGON SURESTE,NUAL,683,37421,19,992,38432,82866,683,No
2015,26,SONORA,16,OBREGON SURESTE,MORENA,1370,37421,19,992,38432,82866,1370,No
2015,26,SONORA,16,OBREGON SURESTE,PH,347,37421,19,992,38432,82866,347,No
2015,26,SONORA,16,OBREGON SURESTE,ES,501,37421,19,992,38432,82866,501,No
2015,26,SONORA,16,OBREGON SURESTE,PRI_PVEM_NUAL,134,37421,19,992,38432,82866,19742,Sí
2015,26,SONORA,16,OBREGON SURESTE,PRI_PVEM,305,37421,19,992,38432,82866,19230,Sí
2015,26,SONORA,16,OBREGON SURESTE,PRI_NUAL,26,37421,19,992,38432,82866,19035,Sí
2015,26,SONORA,16,OBREGON SURESTE,PVEM_NUAL,16,37421,19,992,38432,82866,1298,Sí
2015,26,SONORA,16,OBREGON SURESTE,Candidatura Independiente,0,37421,19,992,38432,82866,0,No
2015,26,SONORA,16,OBREGON SURESTE,Candidatura Independiente,0,37421,19,992,38432,82866,0,No
2015,26,SONORA,17,OBREGON CENTRO,PAN,11267,43344,44,1173,44561,88341,11267,No
2015,26,SONORA,17,OBREGON CENTRO,PRI,20517,43344,44,1173,44561,88341,20517,No
2015,26,SONORA,17,OBREGON CENTRO,PRD,773,43344,44,1173,44561,88341,773,No
2015,26,SONORA,17,OBREGON CENTRO,PVEM,721,43344,44,1173,44561,88341,721,No
2015,26,SONORA,17,OBREGON CENTRO,PT,433,43344,44,1173,44561,88341,433,No
2015,26,SONORA,17,OBREGON CENTRO,MC,4693,43344,44,1173,44561,88341,4693,No
2015,26,SONORA,17,OBREGON CENTRO,NUAL,1239,43344,44,1173,44561,88341,1239,No
2015,26,SONORA,17,OBREGON CENTRO,MORENA,1930,43344,44,1173,44561,88341,1930,No
2015,26,SONORA,17,OBREGON CENTRO,PH,506,43344,44,1173,44561,88341,506,No
2015,26,SONORA,17,OBREGON CENTRO,ES,705,43344,44,1173,44561,88341,705,No
2015,26,SONORA,17,OBREGON CENTRO,PRI_PVEM_NUAL,168,43344,44,1173,44561,88341,22645,Sí
2015,26,SONORA,17,OBREGON CENTRO,PRI_PVEM,326,43344,44,1173,44561,88341,21564,Sí
2015,26,SONORA,17,OBREGON CENTRO,PRI_NUAL,57,43344,44,1173,44561,88341,21813,Sí
2015,26,SONORA,17,OBREGON CENTRO,PVEM_NUAL,9,43344,44,1173,44561,88341,1969,Sí
2015,26,SONORA,17,OBREGON CENTRO,Candidatura Independiente,0,43344,44,1173,44561,88341,0,No
2015,26,SONORA,17,OBREGON CENTRO,Candidatura Independiente,0,43344,44,1173,44561,88341,0,No
2015,26,SONORA,18,OBREGON NORTE,PAN,16766,46485,4,1132,47621,86875,16766,No
2015,26,SONORA,18,OBREGON NORTE,PRI,22195,46485,4,1132,47621,86875,22195,No
2015,26,SONORA,18,OBREGON NORTE,PRD,1186,46485,4,1132,47621,86875,1186,No
2015,26,SONORA,18,OBREGON NORTE,PVEM,1061,46485,4,1132,47621,86875,1061,No
2015,26,SONORA,18,OBREGON NORTE,PT,231,46485,4,1132,47621,86875,231,No
2015,26,SONORA,18,OBREGON NORTE,MC,1879,46485,4,1132,47621,86875,1879,No
2015,26,SONORA,18,OBREGON NORTE,NUAL,899,46485,4,1132,47621,86875,899,No
2015,26,SONORA,18,OBREGON NORTE,MORENA,847,46485,4,1132,47621,86875,847,No
2015,26,SONORA,18,OBREGON NORTE,PH,276,46485,4,1132,47621,86875,276,No
2015,26,SONORA,18,OBREGON NORTE,ES,556,46485,4,1132,47621,86875,556,No
2015,26,SONORA,18,OBREGON NORTE,PRI_PVEM_NUAL,203,46485,4,1132,47621,86875,24358,Sí
2015,26,SONORA,18,OBREGON NORTE,PRI_PVEM,345,46485,4,1132,47621,86875,23601,Sí
2015,26,SONORA,18,OBREGON NORTE,PRI_NUAL,33,46485,4,1132,47621,86875,23127,Sí
2015,26,SONORA,18,OBREGON NORTE,PVEM_NUAL,8,46485,4,1132,47621,86875,1968,Sí
2015,26,SONORA,18,OBREGON NORTE,Candidatura Independiente,0,46485,4,1132,47621,86875,0,No
2015,26,SONORA,18,OBREGON NORTE,Candidatura Independiente,0,46485,4,1132,47621,86875,0,No
2015,26,SONORA,19,NAVOJOA NORTE,PAN,19048,42752,34,1124,43910,79476,19048,No
2015,26,SONORA,19,NAVOJOA NORTE,PRI,17610,42752,34,1124,43910,79476,17610,No
2015,26,SONORA,19,NAVOJOA NORTE,PRD,1530,42752,34,1124,43910,79476,1530,No
2015,26,SONORA,19,NAVOJOA NORTE,PVEM,737,42752,34,1124,43910,79476,737,No
2015,26,SONORA,19,NAVOJOA NORTE,PT,381,42752,34,1124,43910,79476,381,No
2015,26,SONORA,19,NAVOJOA NORTE,MC,745,42752,34,1124,43910,79476,745,No
2015,26,SONORA,19,NAVOJOA NORTE,NUAL,765,42752,34,1124,43910,79476,765,No
2015,26,SONORA,19,NAVOJOA NORTE,MORENA,1127,42752,34,1124,43910,79476,1127,No
2015,26,SONORA,19,NAVOJOA NORTE,PH,0,42752,34,1124,43910,79476,0,No
2015,26,SONORA,19,NAVOJOA NORTE,ES,425,42752,34,1124,43910,79476,425,No
2015,26,SONORA,19,NAVOJOA NORTE,PRI_PVEM_NUAL,66,42752,34,1124,43910,79476,19178,Sí
2015,26,SONORA,19,NAVOJOA NORTE,PRI_PVEM,285,42752,34,1124,43910,79476,18632,Sí
2015,26,SONORA,19,NAVOJOA NORTE,PRI_NUAL,29,42752,34,1124,43910,79476,18404,Sí
2015,26,SONORA,19,NAVOJOA NORTE,PVEM_NUAL,4,42752,34,1124,43910,79476,1506,Sí
2015,26,SONORA,19,NAVOJOA NORTE,Candidatura Independiente,0,42752,34,1124,43910,79476,0,No
2015,26,SONORA,19,NAVOJOA NORTE,Candidatura Independiente,0,42752,34,1124,43910,79476,0,No
2015,26,SONORA,20,ETCHOJOA,PAN,21049,55639,26,1553,57218,94409,21049,No
2015,26,SONORA,20,ETCHOJOA,PRI,21569,55639,26,1553,57218,94409,21569,No
2015,26,SONORA,20,ETCHOJOA,PRD,7655,55639,26,1553,57218,94409,7655,No
2015,26,SONORA,20,ETCHOJOA,PVEM,707,55639,26,1553,57218,94409,707,No
2015,26,SONORA,20,ETCHOJOA,PT,578,55639,26,1553,57218,94409,578,No
2015,26,SONORA,20,ETCHOJOA,MC,714,55639,26,1553,57218,94409,714,No
2015,26,SONORA,20,ETCHOJOA,NUAL,1302,55639,26,1553,57218,94409,1302,No
2015,26,SONORA,20,ETCHOJOA,MORENA,966,55639,26,1553,57218,94409,966,No
2015,26,SONORA,20,ETCHOJOA,PH,0,55639,26,1553,57218,94409,0,No
2015,26,SONORA,20,ETCHOJOA,ES,400,55639,26,1553,57218,94409,400,No
2015,26,SONORA,20,ETCHOJOA,PRI_PVEM_NUAL,199,55639,26,1553,57218,94409,23777,Sí
2015,26,SONORA,20,ETCHOJOA,PRI_PVEM,421,55639,26,1553,57218,94409,22697,Sí
2015,26,SONORA,20,ETCHOJOA,PRI_NUAL,71,55639,26,1553,57218,94409,22942,Sí
2015,26,SONORA,20,ETCHOJOA,PVEM_NUAL,8,55639,26,1553,57218,94409,2017,Sí
2015,26,SONORA,20,ETCHOJOA,Candidatura Independiente,0,55639,26,1553,57218,94409,0,No
2015,26,SONORA,20,ETCHOJOA,Candidatura Independiente,0,55639,26,1553,57218,94409,0,No
2015,26,SONORA,21,HUATABAMPO,PAN,22659,49198,10,1072,50280,75746,22659,No
2015,26,SONORA,21,HUATABAMPO,PRI,19411,49198,10,1072,50280,75746,19411,No
2015,26,SONORA,21,HUATABAMPO,PRD,3634,49198,10,1072,50280,75746,3634,No
2015,26,SONORA,21,HUATABAMPO,PVEM,405,49198,10,1072,50280,75746,405,No
2015,26,SONORA,21,HUATABAMPO,PT,297,49198,10,1072,50280,75746,297,No
2015,26,SONORA,21,HUATABAMPO,MC,313,49198,10,1072,50280,75746,313,No
2015,26,SONORA,21,HUATABAMPO,NUAL,749,49198,10,1072,50280,75746,749,No
2015,26,SONORA,21,HUATABAMPO,MORENA,496,49198,10,1072,50280,75746,496,No
2015,26,SONORA,21,HUATABAMPO,PH,0,49198,10,1072,50280,75746,0,No
2015,26,SONORA,21,HUATABAMPO,ES,149,49198,10,1072,50280,75746,149,No
2015,26,SONORA,21,HUATABAMPO,PRI_PVEM_NUAL,355,49198,10,1072,50280,75746,20920,Sí
2015,26,SONORA,21,HUATABAMPO,PRI_PVEM,630,49198,10,1072,50280,75746,20446,Sí
2015,26,SONORA,21,HUATABAMPO,PRI_NUAL,83,49198,10,1072,50280,75746,20243,Sí
2015,26,SONORA,21,HUATABAMPO,PVEM_NUAL,17,49198,10,1072,50280,75746,1171,Sí
2015,26,SONORA,21,HUATABAMPO,Candidatura Independiente,0,49198,10,1072,50280,75746,0,No
2015,26,SONORA,21,HUATABAMPO,Candidatura Independiente,0,49198,10,1072,50280,75746,0,No
2015,27,TABASCO,1,TENOSIQUE,PAN,5824,51446,4,1476,52926,79718,5824,No
2015,27,TABASCO,1,TENOSIQUE,PRI,17047,51446,4,1476,52926,79718,17047,No
2015,27,TABASCO,1,TENOSIQUE,PRD,18809,51446,4,1476,52926,79718,18809,No
2015,27,TABASCO,1,TENOSIQUE,PVEM,2366,51446,4,1476,52926,79718,2366,No
2015,27,TABASCO,1,TENOSIQUE,PT,323,51446,4,1476,52926,79718,323,No
2015,27,TABASCO,1,TENOSIQUE,MC,4790,51446,4,1476,52926,79718,4790,No
2015,27,TABASCO,1,TENOSIQUE,NUAL,495,51446,4,1476,52926,79718,495,No
2015,27,TABASCO,1,TENOSIQUE,MORENA,1371,51446,4,1476,52926,79718,1371,No
2015,27,TABASCO,1,TENOSIQUE,PH,103,51446,4,1476,52926,79718,103,No
2015,27,TABASCO,1,TENOSIQUE,ES,135,51446,4,1476,52926,79718,135,No
2015,27,TABASCO,1,TENOSIQUE,PRD_NUAL,183,51446,4,1476,52926,79718,19487,Sí
2015,27,TABASCO,2,CARDENAS,PAN,1449,35116,38,1070,36224,73249,1449,No
2015,27,TABASCO,2,CARDENAS,PRI,10517,35116,38,1070,36224,73249,10517,No
2015,27,TABASCO,2,CARDENAS,PRD,9149,35116,38,1070,36224,73249,9149,No
2015,27,TABASCO,2,CARDENAS,PVEM,2495,35116,38,1070,36224,73249,2495,No
2015,27,TABASCO,2,CARDENAS,PT,4608,35116,38,1070,36224,73249,4608,No
2015,27,TABASCO,2,CARDENAS,MC,1066,35116,38,1070,36224,73249,1066,No
2015,27,TABASCO,2,CARDENAS,NUAL,674,35116,38,1070,36224,73249,674,No
2015,27,TABASCO,2,CARDENAS,MORENA,4061,35116,38,1070,36224,73249,4061,No
2015,27,TABASCO,2,CARDENAS,PH,451,35116,38,1070,36224,73249,451,No
2015,27,TABASCO,2,CARDENAS,ES,624,35116,38,1070,36224,73249,624,No
2015,27,TABASCO,2,CARDENAS,PRD_NUAL,22,35116,38,1070,36224,73249,9845,Sí
2015,27,TABASCO,3,CARDENAS,PAN,1014,38301,9,1335,39645,68455,1014,No
2015,27,TABASCO,3,CARDENAS,PRI,12176,38301,9,1335,39645,68455,12176,No
2015,27,TABASCO,3,CARDENAS,PRD,12520,38301,9,1335,39645,68455,12520,No
2015,27,TABASCO,3,CARDENAS,PVEM,2059,38301,9,1335,39645,68455,2059,No
2015,27,TABASCO,3,CARDENAS,PT,6662,38301,9,1335,39645,68455,6662,No
2015,27,TABASCO,3,CARDENAS,MC,751,38301,9,1335,39645,68455,751,No
2015,27,TABASCO,3,CARDENAS,NUAL,327,38301,9,1335,39645,68455,327,No
2015,27,TABASCO,3,CARDENAS,MORENA,2183,38301,9,1335,39645,68455,2183,No
2015,27,TABASCO,3,CARDENAS,PH,254,38301,9,1335,39645,68455,254,No
2015,27,TABASCO,3,CARDENAS,ES,326,38301,9,1335,39645,68455,326,No
2015,27,TABASCO,3,CARDENAS,PRD_NUAL,29,38301,9,1335,39645,68455,12876,Sí
2015,27,TABASCO,4,HUIMANGUILLO,PAN,330,42626,7,1561,44194,71106,330,No
2015,27,TABASCO,4,HUIMANGUILLO,PRI,12557,42626,7,1561,44194,71106,12557,No
2015,27,TABASCO,4,HUIMANGUILLO,PRD,19424,42626,7,1561,44194,71106,19424,No
2015,27,TABASCO,4,HUIMANGUILLO,PVEM,2882,42626,7,1561,44194,71106,2882,No
2015,27,TABASCO,4,HUIMANGUILLO,PT,3357,42626,7,1561,44194,71106,3357,No
2015,27,TABASCO,4,HUIMANGUILLO,MC,1120,42626,7,1561,44194,71106,1120,No
2015,27,TABASCO,4,HUIMANGUILLO,NUAL,650,42626,7,1561,44194,71106,650,No
2015,27,TABASCO,4,HUIMANGUILLO,MORENA,1480,42626,7,1561,44194,71106,1480,No
2015,27,TABASCO,4,HUIMANGUILLO,PH,396,42626,7,1561,44194,71106,396,No
2015,27,TABASCO,4,HUIMANGUILLO,ES,430,42626,7,1561,44194,71106,430,No
2015,27,TABASCO,5,CENTLA,PAN,1653,43127,15,1780,44922,68974,1653,No
2015,27,TABASCO,5,CENTLA,PRI,10444,43127,15,1780,44922,68974,10444,No
2015,27,TABASCO,5,CENTLA,PRD,12388,43127,15,1780,44922,68974,12388,No
2015,27,TABASCO,5,CENTLA,PVEM,10244,43127,15,1780,44922,68974,10244,No
2015,27,TABASCO,5,CENTLA,PT,1061,43127,15,1780,44922,68974,1061,No
2015,27,TABASCO,5,CENTLA,MC,2423,43127,15,1780,44922,68974,2423,No
2015,27,TABASCO,5,CENTLA,NUAL,391,43127,15,1780,44922,68974,391,No
2015,27,TABASCO,5,CENTLA,MORENA,3313,43127,15,1780,44922,68974,3313,No
2015,27,TABASCO,5,CENTLA,PH,164,43127,15,1780,44922,68974,164,No
2015,27,TABASCO,5,CENTLA,ES,302,43127,15,1780,44922,68974,302,No
2015,27,TABASCO,5,CENTLA,Candidatura Independiente,411,43127,15,1780,44922,68974,411,No
2015,27,TABASCO,5,CENTLA,PRD_NUAL,333,43127,15,1780,44922,68974,13112,Sí
2015,27,TABASCO,6,CENTRO,PAN,1152,39850,62,1794,41706,89893,1152,No
2015,27,TABASCO,6,CENTRO,PRI,11730,39850,62,1794,41706,89893,11730,No
2015,27,TABASCO,6,CENTRO,PRD,6517,39850,62,1794,41706,89893,6517,No
2015,27,TABASCO,6,CENTRO,PVEM,7993,39850,62,1794,41706,89893,7993,No
2015,27,TABASCO,6,CENTRO,PT,928,39850,62,1794,41706,89893,928,No
2015,27,TABASCO,6,CENTRO,MC,1604,39850,62,1794,41706,89893,1604,No
2015,27,TABASCO,6,CENTRO,NUAL,730,39850,62,1794,41706,89893,730,No
2015,27,TABASCO,6,CENTRO,MORENA,6987,39850,62,1794,41706,89893,6987,No
2015,27,TABASCO,6,CENTRO,PH,583,39850,62,1794,41706,89893,583,No
2015,27,TABASCO,6,CENTRO,ES,1273,39850,62,1794,41706,89893,1273,No
2015,27,TABASCO,6,CENTRO,PRD_NUAL,353,39850,62,1794,41706,89893,7600,Sí
2015,27,TABASCO,7,CENTRO,PAN,999,31708,14,1418,33140,80920,999,No
2015,27,TABASCO,7,CENTRO,PRI,8787,31708,14,1418,33140,80920,8787,No
2015,27,TABASCO,7,CENTRO,PRD,7153,31708,14,1418,33140,80920,7153,No
2015,27,TABASCO,7,CENTRO,PVEM,6236,31708,14,1418,33140,80920,6236,No
2015,27,TABASCO,7,CENTRO,PT,607,31708,14,1418,33140,80920,607,No
2015,27,TABASCO,7,CENTRO,MC,2106,31708,14,1418,33140,80920,2106,No
2015,27,TABASCO,7,CENTRO,NUAL,608,31708,14,1418,33140,80920,608,No
2015,27,TABASCO,7,CENTRO,MORENA,4187,31708,14,1418,33140,80920,4187,No
2015,27,TABASCO,7,CENTRO,PH,269,31708,14,1418,33140,80920,269,No
2015,27,TABASCO,7,CENTRO,ES,695,31708,14,1418,33140,80920,695,No
2015,27,TABASCO,7,CENTRO,PRD_NUAL,61,31708,14,1418,33140,80920,7822,Sí
2015,27,TABASCO,8,CENTRO,PAN,1266,34797,46,2225,37068,84582,1266,No
2015,27,TABASCO,8,CENTRO,PRI,7947,34797,46,2225,37068,84582,7947,No
2015,27,TABASCO,8,CENTRO,PRD,5207,34797,46,2225,37068,84582,5207,No
2015,27,TABASCO,8,CENTRO,PVEM,4927,34797,46,2225,37068,84582,4927,No
2015,27,TABASCO,8,CENTRO,PT,1813,34797,46,2225,37068,84582,1813,No
2015,27,TABASCO,8,CENTRO,MC,1128,34797,46,2225,37068,84582,1128,No
2015,27,TABASCO,8,CENTRO,NUAL,1819,34797,46,2225,37068,84582,1819,No
2015,27,TABASCO,8,CENTRO,MORENA,8761,34797,46,2225,37068,84582,8761,No
2015,27,TABASCO,8,CENTRO,PH,545,34797,46,2225,37068,84582,545,No
2015,27,TABASCO,8,CENTRO,ES,1155,34797,46,2225,37068,84582,1155,No
2015,27,TABASCO,8,CENTRO,PRD_NUAL,229,34797,46,2225,37068,84582,7255,Sí
2015,27,TABASCO,9,CENTRO,PAN,1515,37953,48,1827,39828,89232,1515,No
2015,27,TABASCO,9,CENTRO,PRI,11144,37953,48,1827,39828,89232,11144,No
2015,27,TABASCO,9,CENTRO,PRD,8436,37953,48,1827,39828,89232,8436,No
2015,27,TABASCO,9,CENTRO,PVEM,5415,37953,48,1827,39828,89232,5415,No
2015,27,TABASCO,9,CENTRO,PT,516,37953,48,1827,39828,89232,516,No
2015,27,TABASCO,9,CENTRO,MC,1156,37953,48,1827,39828,89232,1156,No
2015,27,TABASCO,9,CENTRO,NUAL,750,37953,48,1827,39828,89232,750,No
2015,27,TABASCO,9,CENTRO,MORENA,6717,37953,48,1827,39828,89232,6717,No
2015,27,TABASCO,9,CENTRO,PH,580,37953,48,1827,39828,89232,580,No
2015,27,TABASCO,9,CENTRO,ES,1189,37953,48,1827,39828,89232,1189,No
2015,27,TABASCO,9,CENTRO,PRD_NUAL,285,37953,48,1827,39828,89232,9471,Sí
2015,27,TABASCO,9,CENTRO,PAN_PVEM,250,37953,48,1827,39828,89232,7180,Sí
2015,27,TABASCO,10,CENTRO,PAN,694,35445,24,1597,37066,81093,694,No
2015,27,TABASCO,10,CENTRO,PRI,5876,35445,24,1597,37066,81093,5876,No
2015,27,TABASCO,10,CENTRO,PRD,7998,35445,24,1597,37066,81093,7998,No
2015,27,TABASCO,10,CENTRO,PVEM,5987,35445,24,1597,37066,81093,5987,No
2015,27,TABASCO,10,CENTRO,PT,2637,35445,24,1597,37066,81093,2637,No
2015,27,TABASCO,10,CENTRO,MC,1668,35445,24,1597,37066,81093,1668,No
2015,27,TABASCO,10,CENTRO,NUAL,710,35445,24,1597,37066,81093,710,No
2015,27,TABASCO,10,CENTRO,MORENA,7590,35445,24,1597,37066,81093,7590,No
2015,27,TABASCO,10,CENTRO,PH,1094,35445,24,1597,37066,81093,1094,No
2015,27,TABASCO,10,CENTRO,ES,1142,35445,24,1597,37066,81093,1142,No
2015,27,TABASCO,10,CENTRO,PRD_NUAL,49,35445,24,1597,37066,81093,8757,Sí
2015,27,TABASCO,11,CENTRO,PAN,1612,40863,32,2086,42981,84958,1612,No
2015,27,TABASCO,11,CENTRO,PRI,12309,40863,32,2086,42981,84958,12309,No
2015,27,TABASCO,11,CENTRO,PRD,12837,40863,32,2086,42981,84958,12837,No
2015,27,TABASCO,11,CENTRO,PVEM,5546,40863,32,2086,42981,84958,5546,No
2015,27,TABASCO,11,CENTRO,PT,570,40863,32,2086,42981,84958,570,No
2015,27,TABASCO,11,CENTRO,MC,1095,40863,32,2086,42981,84958,1095,No
2015,27,TABASCO,11,CENTRO,NUAL,867,40863,32,2086,42981,84958,867,No
2015,27,TABASCO,11,CENTRO,MORENA,4555,40863,32,2086,42981,84958,4555,No
2015,27,TABASCO,11,CENTRO,PH,248,40863,32,2086,42981,84958,248,No
2015,27,TABASCO,11,CENTRO,ES,1125,40863,32,2086,42981,84958,1125,No
2015,27,TABASCO,11,CENTRO,PRD_NUAL,99,40863,32,2086,42981,84958,13803,Sí
2015,27,TABASCO,12,COMALCALCO,PAN,499,48201,14,1255,49470,74486,499,No
2015,27,TABASCO,12,COMALCALCO,PRI,13370,48201,14,1255,49470,74486,13370,No
2015,27,TABASCO,12,COMALCALCO,PRD,13313,48201,14,1255,49470,74486,13313,No
2015,27,TABASCO,12,COMALCALCO,PVEM,1657,48201,14,1255,49470,74486,1657,No
2015,27,TABASCO,12,COMALCALCO,PT,500,48201,14,1255,49470,74486,500,No
2015,27,TABASCO,12,COMALCALCO,MC,620,48201,14,1255,49470,74486,620,No
2015,27,TABASCO,12,COMALCALCO,NUAL,573,48201,14,1255,49470,74486,573,No
2015,27,TABASCO,12,COMALCALCO,MORENA,16667,48201,14,1255,49470,74486,16667,No
2015,27,TABASCO,12,COMALCALCO,PH,471,48201,14,1255,49470,74486,471,No
2015,27,TABASCO,12,COMALCALCO,ES,394,48201,14,1255,49470,74486,394,No
2015,27,TABASCO,12,COMALCALCO,PRD_NUAL,137,48201,14,1255,49470,74486,14023,Sí
2015,27,TABASCO,13,COMALCALCO,PAN,576,47384,3,1314,48701,67992,576,No
2015,27,TABASCO,13,COMALCALCO,PRI,12668,47384,3,1314,48701,67992,12668,No
2015,27,TABASCO,13,COMALCALCO,PRD,15902,47384,3,1314,48701,67992,15902,No
2015,27,TABASCO,13,COMALCALCO,PVEM,1922,47384,3,1314,48701,67992,1922,No
2015,27,TABASCO,13,COMALCALCO,PT,457,47384,3,1314,48701,67992,457,No
2015,27,TABASCO,13,COMALCALCO,MC,816,47384,3,1314,48701,67992,816,No
2015,27,TABASCO,13,COMALCALCO,NUAL,812,47384,3,1314,48701,67992,812,No
2015,27,TABASCO,13,COMALCALCO,MORENA,13795,47384,3,1314,48701,67992,13795,No
2015,27,TABASCO,13,COMALCALCO,PH,225,47384,3,1314,48701,67992,225,No
2015,27,TABASCO,13,COMALCALCO,ES,178,47384,3,1314,48701,67992,178,No
2015,27,TABASCO,13,COMALCALCO,PRD_NUAL,33,47384,3,1314,48701,67992,16747,Sí
2015,27,TABASCO,14,CUNDUACAN,PAN,367,40174,39,1594,41807,72131,367,No
2015,27,TABASCO,14,CUNDUACAN,PRI,8172,40174,39,1594,41807,72131,8172,No
2015,27,TABASCO,14,CUNDUACAN,PRD,14678,40174,39,1594,41807,72131,14678,No
2015,27,TABASCO,14,CUNDUACAN,PVEM,2514,40174,39,1594,41807,72131,2514,No
2015,27,TABASCO,14,CUNDUACAN,PT,995,40174,39,1594,41807,72131,995,No
2015,27,TABASCO,14,CUNDUACAN,MC,910,40174,39,1594,41807,72131,910,No
2015,27,TABASCO,14,CUNDUACAN,NUAL,6996,40174,39,1594,41807,72131,6996,No
2015,27,TABASCO,14,CUNDUACAN,MORENA,4959,40174,39,1594,41807,72131,4959,No
2015,27,TABASCO,14,CUNDUACAN,PH,453,40174,39,1594,41807,72131,453,No
2015,27,TABASCO,14,CUNDUACAN,ES,130,40174,39,1594,41807,72131,130,No
2015,27,TABASCO,15,EMILIANO ZAPATA,PAN,1766,49594,19,1666,51279,77003,1766,No
2015,27,TABASCO,15,EMILIANO ZAPATA,PRI,11242,49594,19,1666,51279,77003,11242,No
2015,27,TABASCO,15,EMILIANO ZAPATA,PRD,10002,49594,19,1666,51279,77003,10002,No
2015,27,TABASCO,15,EMILIANO ZAPATA,PVEM,12637,49594,19,1666,51279,77003,12637,No
2015,27,TABASCO,15,EMILIANO ZAPATA,PT,2444,49594,19,1666,51279,77003,2444,No
2015,27,TABASCO,15,EMILIANO ZAPATA,MC,1204,49594,19,1666,51279,77003,1204,No
2015,27,TABASCO,15,EMILIANO ZAPATA,NUAL,1692,49594,19,1666,51279,77003,1692,No
2015,27,TABASCO,15,EMILIANO ZAPATA,MORENA,7763,49594,19,1666,51279,77003,7763,No
2015,27,TABASCO,15,EMILIANO ZAPATA,PH,266,49594,19,1666,51279,77003,266,No
2015,27,TABASCO,15,EMILIANO ZAPATA,ES,578,49594,19,1666,51279,77003,578,No
2015,27,TABASCO,16,HUIMANGUILLO,PAN,288,51387,7,1322,52716,79225,288,No
2015,27,TABASCO,16,HUIMANGUILLO,PRI,21398,51387,7,1322,52716,79225,21398,No
2015,27,TABASCO,16,HUIMANGUILLO,PRD,21440,51387,7,1322,52716,79225,21440,No
2015,27,TABASCO,16,HUIMANGUILLO,PVEM,5539,51387,7,1322,52716,79225,5539,No
2015,27,TABASCO,16,HUIMANGUILLO,PT,230,51387,7,1322,52716,79225,230,No
2015,27,TABASCO,16,HUIMANGUILLO,MC,281,51387,7,1322,52716,79225,281,No
2015,27,TABASCO,16,HUIMANGUILLO,NUAL,956,51387,7,1322,52716,79225,956,No
2015,27,TABASCO,16,HUIMANGUILLO,MORENA,756,51387,7,1322,52716,79225,756,No
2015,27,TABASCO,16,HUIMANGUILLO,PH,166,51387,7,1322,52716,79225,166,No
2015,27,TABASCO,16,HUIMANGUILLO,ES,333,51387,7,1322,52716,79225,333,No
2015,27,TABASCO,17,JALPA DE MENDEZ,PAN,1147,43422,401,1492,45315,68214,1147,No
2015,27,TABASCO,17,JALPA DE MENDEZ,PRI,9907,43422,401,1492,45315,68214,9907,No
2015,27,TABASCO,17,JALPA DE MENDEZ,PRD,14753,43422,401,1492,45315,68214,14753,No
2015,27,TABASCO,17,JALPA DE MENDEZ,PVEM,8045,43422,401,1492,45315,68214,8045,No
2015,27,TABASCO,17,JALPA DE MENDEZ,PT,2157,43422,401,1492,45315,68214,2157,No
2015,27,TABASCO,17,JALPA DE MENDEZ,MC,1203,43422,401,1492,45315,68214,1203,No
2015,27,TABASCO,17,JALPA DE MENDEZ,NUAL,1448,43422,401,1492,45315,68214,1448,No
2015,27,TABASCO,17,JALPA DE MENDEZ,MORENA,3827,43422,401,1492,45315,68214,3827,No
2015,27,TABASCO,17,JALPA DE MENDEZ,PH,332,43422,401,1492,45315,68214,332,No
2015,27,TABASCO,17,JALPA DE MENDEZ,ES,359,43422,401,1492,45315,68214,359,No
2015,27,TABASCO,17,JALPA DE MENDEZ,PRD_NUAL,244,43422,401,1492,45315,68214,16445,Sí
2015,27,TABASCO,18,MACUSPANA,PAN,599,39415,51,1819,41285,79204,599,No
2015,27,TABASCO,18,MACUSPANA,PRI,8905,39415,51,1819,41285,79204,8905,No
2015,27,TABASCO,18,MACUSPANA,PRD,7231,39415,51,1819,41285,79204,7231,No
2015,27,TABASCO,18,MACUSPANA,PVEM,11704,39415,51,1819,41285,79204,11704,No
2015,27,TABASCO,18,MACUSPANA,PT,508,39415,51,1819,41285,79204,508,No
2015,27,TABASCO,18,MACUSPANA,MC,1760,39415,51,1819,41285,79204,1760,No
2015,27,TABASCO,18,MACUSPANA,NUAL,1601,39415,51,1819,41285,79204,1601,No
2015,27,TABASCO,18,MACUSPANA,MORENA,6003,39415,51,1819,41285,79204,6003,No
2015,27,TABASCO,18,MACUSPANA,PH,605,39415,51,1819,41285,79204,605,No
2015,27,TABASCO,18,MACUSPANA,ES,499,39415,51,1819,41285,79204,499,No
2015,27,TABASCO,19,NACAJUCA,PAN,12180,45887,18,2144,48049,83595,12180,No
2015,27,TABASCO,19,NACAJUCA,PRI,10121,45887,18,2144,48049,83595,10121,No
2015,27,TABASCO,19,NACAJUCA,PRD,5846,45887,18,2144,48049,83595,5846,No
2015,27,TABASCO,19,NACAJUCA,PVEM,5188,45887,18,2144,48049,83595,5188,No
2015,27,TABASCO,19,NACAJUCA,PT,4198,45887,18,2144,48049,83595,4198,No
2015,27,TABASCO,19,NACAJUCA,MC,853,45887,18,2144,48049,83595,853,No
2015,27,TABASCO,19,NACAJUCA,NUAL,391,45887,18,2144,48049,83595,391,No
2015,27,TABASCO,19,NACAJUCA,MORENA,6234,45887,18,2144,48049,83595,6234,No
2015,27,TABASCO,19,NACAJUCA,PH,273,45887,18,2144,48049,83595,273,No
2015,27,TABASCO,19,NACAJUCA,ES,603,45887,18,2144,48049,83595,603,No
2015,27,TABASCO,20,PARAISO,PAN,8838,43665,10,1178,44853,69573,8838,No
2015,27,TABASCO,20,PARAISO,PRI,11768,43665,10,1178,44853,69573,11768,No
2015,27,TABASCO,20,PARAISO,PRD,13217,43665,10,1178,44853,69573,13217,No
2015,27,TABASCO,20,PARAISO,PVEM,2302,43665,10,1178,44853,69573,2302,No
2015,27,TABASCO,20,PARAISO,PT,294,43665,10,1178,44853,69573,294,No
2015,27,TABASCO,20,PARAISO,MC,2086,43665,10,1178,44853,69573,2086,No
2015,27,TABASCO,20,PARAISO,NUAL,283,43665,10,1178,44853,69573,283,No
2015,27,TABASCO,20,PARAISO,MORENA,2862,43665,10,1178,44853,69573,2862,No
2015,27,TABASCO,20,PARAISO,PH,1071,43665,10,1178,44853,69573,1071,No
2015,27,TABASCO,20,PARAISO,ES,731,43665,10,1178,44853,69573,731,No
2015,27,TABASCO,20,PARAISO,PRD_NUAL,213,43665,10,1178,44853,69573,13713,Sí
2015,27,TABASCO,21,TEAPA,PAN,702,41496,12,1610,43118,69946,702,No
2015,27,TABASCO,21,TEAPA,PRI,13250,41496,12,1610,43118,69946,13250,No
2015,27,TABASCO,21,TEAPA,PRD,10679,41496,12,1610,43118,69946,10679,No
2015,27,TABASCO,21,TEAPA,PVEM,13368,41496,12,1610,43118,69946,13368,No
2015,27,TABASCO,21,TEAPA,PT,897,41496,12,1610,43118,69946,897,No
2015,27,TABASCO,21,TEAPA,MC,379,41496,12,1610,43118,69946,379,No
2015,27,TABASCO,21,TEAPA,NUAL,353,41496,12,1610,43118,69946,353,No
2015,27,TABASCO,21,TEAPA,MORENA,1334,41496,12,1610,43118,69946,1334,No
2015,27,TABASCO,21,TEAPA,PH,218,41496,12,1610,43118,69946,218,No
2015,27,TABASCO,21,TEAPA,ES,271,41496,12,1610,43118,69946,271,No
2015,27,TABASCO,21,TEAPA,PRD_NUAL,45,41496,12,1610,43118,69946,11077,Sí
2015,31,YUCATAN,1,MERIDA,PAN,22783,52353,40,2373,54766,87073,22783,No
2015,31,YUCATAN,1,MERIDA,PRI,22577,52353,40,2373,54766,87073,22577,No
2015,31,YUCATAN,1,MERIDA,PRD,637,52353,40,2373,54766,87073,637,No
2015,31,YUCATAN,1,MERIDA,PVEM,1133,52353,40,2373,54766,87073,1133,No
2015,31,YUCATAN,1,MERIDA,PT,378,52353,40,2373,54766,87073,378,No
2015,31,YUCATAN,1,MERIDA,MC,1550,52353,40,2373,54766,87073,1550,No
2015,31,YUCATAN,1,MERIDA,NUAL,645,52353,40,2373,54766,87073,645,No
2015,31,YUCATAN,1,MERIDA,MORENA,1860,52353,40,2373,54766,87073,1860,No
2015,31,YUCATAN,1,MERIDA,PH,0,52353,40,2373,54766,87073,0,No
2015,31,YUCATAN,1,MERIDA,ES,0,52353,40,2373,54766,87073,0,No
2015,31,YUCATAN,1,MERIDA,PRI_PVEM_NUAL,790,52353,40,2373,54766,87073,25145,Sí
2015,31,YUCATAN,2,MERIDA,PAN,23626,57491,38,2954,60483,94785,23626,No
2015,31,YUCATAN,2,MERIDA,PRI,24839,57491,38,2954,60483,94785,24839,No
2015,31,YUCATAN,2,MERIDA,PRD,1018,57491,38,2954,60483,94785,1018,No
2015,31,YUCATAN,2,MERIDA,PVEM,1224,57491,38,2954,60483,94785,1224,No
2015,31,YUCATAN,2,MERIDA,PT,375,57491,38,2954,60483,94785,375,No
2015,31,YUCATAN,2,MERIDA,MC,2326,57491,38,2954,60483,94785,2326,No
2015,31,YUCATAN,2,MERIDA,NUAL,896,57491,38,2954,60483,94785,896,No
2015,31,YUCATAN,2,MERIDA,MORENA,2422,57491,38,2954,60483,94785,2422,No
2015,31,YUCATAN,2,MERIDA,PH,5,57491,38,2954,60483,94785,5,No
2015,31,YUCATAN,2,MERIDA,ES,8,57491,38,2954,60483,94785,8,No
2015,31,YUCATAN,2,MERIDA,PRI_PVEM_NUAL,752,57491,38,2954,60483,94785,27711,Sí
2015,31,YUCATAN,3,MERIDA,PAN,25147,60750,71,3643,64464,109054,25147,No
2015,31,YUCATAN,3,MERIDA,PRI,25589,60750,71,3643,64464,109054,25589,No
2015,31,YUCATAN,3,MERIDA,PRD,950,60750,71,3643,64464,109054,950,No
2015,31,YUCATAN,3,MERIDA,PVEM,1306,60750,71,3643,64464,109054,1306,No
2015,31,YUCATAN,3,MERIDA,PT,460,60750,71,3643,64464,109054,460,No
2015,31,YUCATAN,3,MERIDA,MC,2420,60750,71,3643,64464,109054,2420,No
2015,31,YUCATAN,3,MERIDA,NUAL,988,60750,71,3643,64464,109054,988,No
2015,31,YUCATAN,3,MERIDA,MORENA,3239,60750,71,3643,64464,109054,3239,No
2015,31,YUCATAN,3,MERIDA,PH,0,60750,71,3643,64464,109054,0,No
2015,31,YUCATAN,3,MERIDA,ES,0,60750,71,3643,64464,109054,0,No
2015,31,YUCATAN,3,MERIDA,PRI_PVEM_NUAL,629,60750,71,3643,64464,109054,28512,Sí
2015,31,YUCATAN,3,MERIDA,PRD_PT,22,60750,71,3643,64464,109054,1432,Sí
2015,31,YUCATAN,4,MERIDA,PAN,27231,58165,73,3254,61492,95126,27231,No
2015,31,YUCATAN,4,MERIDA,PRI,21639,58165,73,3254,61492,95126,21639,No
2015,31,YUCATAN,4,MERIDA,PRD,1152,58165,73,3254,61492,95126,1152,No
2015,31,YUCATAN,4,MERIDA,PVEM,1179,58165,73,3254,61492,95126,1179,No
2015,31,YUCATAN,4,MERIDA,PT,353,58165,73,3254,61492,95126,353,No
2015,31,YUCATAN,4,MERIDA,MC,2860,58165,73,3254,61492,95126,2860,No
2015,31,YUCATAN,4,MERIDA,NUAL,736,58165,73,3254,61492,95126,736,No
2015,31,YUCATAN,4,MERIDA,MORENA,2401,58165,73,3254,61492,95126,2401,No
2015,31,YUCATAN,4,MERIDA,PH,45,58165,73,3254,61492,95126,45,No
2015,31,YUCATAN,4,MERIDA,ES,0,58165,73,3254,61492,95126,0,No
2015,31,YUCATAN,4,MERIDA,PRI_PVEM_NUAL,569,58165,73,3254,61492,95126,24123,Sí
2015,31,YUCATAN,5,MERIDA,PAN,28450,53635,77,3092,56804,88569,28450,No
2015,31,YUCATAN,5,MERIDA,PRI,16589,53635,77,3092,56804,88569,16589,No
2015,31,YUCATAN,5,MERIDA,PRD,710,53635,77,3092,56804,88569,710,No
2015,31,YUCATAN,5,MERIDA,PVEM,1159,53635,77,3092,56804,88569,1159,No
2015,31,YUCATAN,5,MERIDA,PT,334,53635,77,3092,56804,88569,334,No
2015,31,YUCATAN,5,MERIDA,MC,2824,53635,77,3092,56804,88569,2824,No
2015,31,YUCATAN,5,MERIDA,NUAL,688,53635,77,3092,56804,88569,688,No
2015,31,YUCATAN,5,MERIDA,MORENA,2397,53635,77,3092,56804,88569,2397,No
2015,31,YUCATAN,5,MERIDA,PH,0,53635,77,3092,56804,88569,0,No
2015,31,YUCATAN,5,MERIDA,ES,0,53635,77,3092,56804,88569,0,No
2015,31,YUCATAN,5,MERIDA,PRI_PVEM_NUAL,480,53635,77,3092,56804,88569,18916,Sí
2015,31,YUCATAN,5,MERIDA,PRD_PT,4,53635,77,3092,56804,88569,1048,Sí
2015,31,YUCATAN,6,KANASIN,PAN,21712,59579,34,1980,61593,107818,21712,No
2015,31,YUCATAN,6,KANASIN,PRI,28884,59579,34,1980,61593,107818,28884,No
2015,31,YUCATAN,6,KANASIN,PRD,1599,59579,34,1980,61593,107818,1599,No
2015,31,YUCATAN,6,KANASIN,PVEM,1516,59579,34,1980,61593,107818,1516,No
2015,31,YUCATAN,6,KANASIN,PT,380,59579,34,1980,61593,107818,380,No
2015,31,YUCATAN,6,KANASIN,MC,1507,59579,34,1980,61593,107818,1507,No
2015,31,YUCATAN,6,KANASIN,NUAL,732,59579,34,1980,61593,107818,732,No
2015,31,YUCATAN,6,KANASIN,MORENA,1980,59579,34,1980,61593,107818,1980,No
2015,31,YUCATAN,6,KANASIN,PH,228,59579,34,1980,61593,107818,228,No
2015,31,YUCATAN,6,KANASIN,ES,405,59579,34,1980,61593,107818,405,No
2015,31,YUCATAN,6,KANASIN,PRI_PVEM_NUAL,616,59579,34,1980,61593,107818,31748,Sí
2015,31,YUCATAN,6,KANASIN,PRD_PT,20,59579,34,1980,61593,107818,1999,Sí
2015,31,YUCATAN,7,MERIDA,PAN,17539,50696,17,2640,53353,102308,17539,No
2015,31,YUCATAN,7,MERIDA,PRI,25475,50696,17,2640,53353,102308,25475,No
2015,31,YUCATAN,7,MERIDA,PRD,753,50696,17,2640,53353,102308,753,No
2015,31,YUCATAN,7,MERIDA,PVEM,1524,50696,17,2640,53353,102308,1524,No
2015,31,YUCATAN,7,MERIDA,PT,355,50696,17,2640,53353,102308,355,No
2015,31,YUCATAN,7,MERIDA,MC,1563,50696,17,2640,53353,102308,1563,No
2015,31,YUCATAN,7,MERIDA,NUAL,705,50696,17,2640,53353,102308,705,No
2015,31,YUCATAN,7,MERIDA,MORENA,1752,50696,17,2640,53353,102308,1752,No
2015,31,YUCATAN,7,MERIDA,PH,6,50696,17,2640,53353,102308,6,No
2015,31,YUCATAN,7,MERIDA,ES,4,50696,17,2640,53353,102308,4,No
2015,31,YUCATAN,7,MERIDA,PRI_PVEM_NUAL,1004,50696,17,2640,53353,102308,28708,Sí
2015,31,YUCATAN,7,MERIDA,PRD_PT,16,50696,17,2640,53353,102308,1124,Sí
2015,31,YUCATAN,8,UMAN,PAN,21512,63066,11,2137,65214,85719,21512,No
2015,31,YUCATAN,8,UMAN,PRI,24809,63066,11,2137,65214,85719,24809,No
2015,31,YUCATAN,8,UMAN,PRD,8990,63066,11,2137,65214,85719,8990,No
2015,31,YUCATAN,8,UMAN,PVEM,3534,63066,11,2137,65214,85719,3534,No
2015,31,YUCATAN,8,UMAN,PT,557,63066,11,2137,65214,85719,557,No
2015,31,YUCATAN,8,UMAN,MC,303,63066,11,2137,65214,85719,303,No
2015,31,YUCATAN,8,UMAN,NUAL,1807,63066,11,2137,65214,85719,1807,No
2015,31,YUCATAN,8,UMAN,MORENA,1187,63066,11,2137,65214,85719,1187,No
2015,31,YUCATAN,8,UMAN,PH,241,63066,11,2137,65214,85719,241,No
2015,31,YUCATAN,8,UMAN,ES,0,63066,11,2137,65214,85719,0,No
2015,31,YUCATAN,8,UMAN,PRI_PVEM,92,63066,11,2137,65214,85719,28435,Sí
2015,31,YUCATAN,8,UMAN,PRD_PT,34,63066,11,2137,65214,85719,9581,Sí
2015,31,YUCATAN,9,PROGRESO,PAN,20706,72199,0,2111,74310,104863,20706,No
2015,31,YUCATAN,9,PROGRESO,PRI,33755,72199,0,2111,74310,104863,33755,No
2015,31,YUCATAN,9,PROGRESO,PRD,1576,72199,0,2111,74310,104863,1576,No
2015,31,YUCATAN,9,PROGRESO,PVEM,463,72199,0,2111,74310,104863,463,No
2015,31,YUCATAN,9,PROGRESO,PT,2399,72199,0,2111,74310,104863,2399,No
2015,31,YUCATAN,9,PROGRESO,MC,1039,72199,0,2111,74310,104863,1039,No
2015,31,YUCATAN,9,PROGRESO,NUAL,9698,72199,0,2111,74310,104863,9698,No
2015,31,YUCATAN,9,PROGRESO,MORENA,183,72199,0,2111,74310,104863,183,No
2015,31,YUCATAN,9,PROGRESO,PH,263,72199,0,2111,74310,104863,263,No
2015,31,YUCATAN,9,PROGRESO,ES,1651,72199,0,2111,74310,104863,1651,No
2015,31,YUCATAN,9,PROGRESO,PRD_PT,463,72199,0,2111,74310,104863,4438,Sí
2015,31,YUCATAN,10,TIZIMIN,PAN,33139,76127,36,1492,77655,97827,33139,No
2015,31,YUCATAN,10,TIZIMIN,PRI,36994,76127,36,1492,77655,97827,36994,No
2015,31,YUCATAN,10,TIZIMIN,PRD,745,76127,36,1492,77655,97827,745,No
2015,31,YUCATAN,10,TIZIMIN,PVEM,200,76127,36,1492,77655,97827,200,No
2015,31,YUCATAN,10,TIZIMIN,PT,455,76127,36,1492,77655,97827,455,No
2015,31,YUCATAN,10,TIZIMIN,MC,1375,76127,36,1492,77655,97827,1375,No
2015,31,YUCATAN,10,TIZIMIN,NUAL,1137,76127,36,1492,77655,97827,1137,No
2015,31,YUCATAN,10,TIZIMIN,MORENA,1644,76127,36,1492,77655,97827,1644,No
2015,31,YUCATAN,10,TIZIMIN,PH,90,76127,36,1492,77655,97827,90,No
2015,31,YUCATAN,10,TIZIMIN,ES,40,76127,36,1492,77655,97827,40,No
2015,31,YUCATAN,10,TIZIMIN,PRI_PVEM,308,76127,36,1492,77655,97827,37502,Sí
2015,31,YUCATAN,11,VALLADOLID,PAN,20214,65452,5,1232,66689,88150,20214,No
2015,31,YUCATAN,11,VALLADOLID,PRI,27890,65452,5,1232,66689,88150,27890,No
2015,31,YUCATAN,11,VALLADOLID,PRD,4691,65452,5,1232,66689,88150,4691,No
2015,31,YUCATAN,11,VALLADOLID,PVEM,325,65452,5,1232,66689,88150,325,No
2015,31,YUCATAN,11,VALLADOLID,PT,326,65452,5,1232,66689,88150,326,No
2015,31,YUCATAN,11,VALLADOLID,MC,360,65452,5,1232,66689,88150,360,No
2015,31,YUCATAN,11,VALLADOLID,NUAL,1999,65452,5,1232,66689,88150,1999,No
2015,31,YUCATAN,11,VALLADOLID,MORENA,8989,65452,5,1232,66689,88150,8989,No
2015,31,YUCATAN,11,VALLADOLID,PH,150,65452,5,1232,66689,88150,150,No
2015,31,YUCATAN,11,VALLADOLID,ES,161,65452,5,1232,66689,88150,161,No
2015,31,YUCATAN,11,VALLADOLID,PRI_PVEM,347,65452,5,1232,66689,88150,28562,Sí
2015,31,YUCATAN,12,TEKAX,PAN,16688,72984,3,2047,75034,93432,16688,No
2015,31,YUCATAN,12,TEKAX,PRI,33333,72984,3,2047,75034,93432,33333,No
2015,31,YUCATAN,12,TEKAX,PRD,18522,72984,3,2047,75034,93432,18522,No
2015,31,YUCATAN,12,TEKAX,PVEM,299,72984,3,2047,75034,93432,299,No
2015,31,YUCATAN,12,TEKAX,PT,1382,72984,3,2047,75034,93432,1382,No
2015,31,YUCATAN,12,TEKAX,MC,174,72984,3,2047,75034,93432,174,No
2015,31,YUCATAN,12,TEKAX,NUAL,1145,72984,3,2047,75034,93432,1145,No
2015,31,YUCATAN,12,TEKAX,MORENA,845,72984,3,2047,75034,93432,845,No
2015,31,YUCATAN,12,TEKAX,PH,271,72984,3,2047,75034,93432,271,No
2015,31,YUCATAN,12,TEKAX,ES,57,72984,3,2047,75034,93432,57,No
2015,31,YUCATAN,12,TEKAX,PRI_PVEM,268,72984,3,2047,75034,93432,33900,Sí
2015,31,YUCATAN,13,TICUL,PAN,26679,71744,11,1234,72989,89121,26679,No
2015,31,YUCATAN,13,TICUL,PRI,33849,71744,11,1234,72989,89121,33849,No
2015,31,YUCATAN,13,TICUL,PRD,1190,71744,11,1234,72989,89121,1190,No
2015,31,YUCATAN,13,TICUL,PVEM,6321,71744,11,1234,72989,89121,6321,No
2015,31,YUCATAN,13,TICUL,PT,183,71744,11,1234,72989,89121,183,No
2015,31,YUCATAN,13,TICUL,MC,310,71744,11,1234,72989,89121,310,No
2015,31,YUCATAN,13,TICUL,NUAL,655,71744,11,1234,72989,89121,655,No
2015,31,YUCATAN,13,TICUL,MORENA,1880,71744,11,1234,72989,89121,1880,No
2015,31,YUCATAN,13,TICUL,PH,165,71744,11,1234,72989,89121,165,No
2015,31,YUCATAN,13,TICUL,ES,400,71744,11,1234,72989,89121,400,No
2015,31,YUCATAN,13,TICUL,PRI_PVEM,112,71744,11,1234,72989,89121,40282,Sí
2015,31,YUCATAN,14,TIXKOKOB,PAN,26026,80467,3,1445,81915,94702,26026,No
2015,31,YUCATAN,14,TIXKOKOB,PRI,36311,80467,3,1445,81915,94702,36311,No
2015,31,YUCATAN,14,TIXKOKOB,PRD,9503,80467,3,1445,81915,94702,9503,No
2015,31,YUCATAN,14,TIXKOKOB,PVEM,2454,80467,3,1445,81915,94702,2454,No
2015,31,YUCATAN,14,TIXKOKOB,PT,282,80467,3,1445,81915,94702,282,No
2015,31,YUCATAN,14,TIXKOKOB,MC,285,80467,3,1445,81915,94702,285,No
2015,31,YUCATAN,14,TIXKOKOB,NUAL,3509,80467,3,1445,81915,94702,3509,No
2015,31,YUCATAN,14,TIXKOKOB,MORENA,1492,80467,3,1445,81915,94702,1492,No
2015,31,YUCATAN,14,TIXKOKOB,PH,457,80467,3,1445,81915,94702,457,No
2015,31,YUCATAN,14,TIXKOKOB,ES,4,80467,3,1445,81915,94702,4,No
2015,31,YUCATAN,14,TIXKOKOB,PRI_PVEM_NUAL,144,80467,3,1445,81915,94702,42418,Sí
2015,31,YUCATAN,15,IZAMAL,PAN,34386,83694,4,1033,84731,98061,34386,No
2015,31,YUCATAN,15,IZAMAL,PRI,42428,83694,4,1033,84731,98061,42428,No
2015,31,YUCATAN,15,IZAMAL,PRD,4111,83694,4,1033,84731,98061,4111,No
2015,31,YUCATAN,15,IZAMAL,PVEM,867,83694,4,1033,84731,98061,867,No
2015,31,YUCATAN,15,IZAMAL,PT,101,83694,4,1033,84731,98061,101,No
2015,31,YUCATAN,15,IZAMAL,MC,484,83694,4,1033,84731,98061,484,No
2015,31,YUCATAN,15,IZAMAL,NUAL,155,83694,4,1033,84731,98061,155,No
2015,31,YUCATAN,15,IZAMAL,MORENA,824,83694,4,1033,84731,98061,824,No
2015,31,YUCATAN,15,IZAMAL,PH,57,83694,4,1033,84731,98061,57,No
2015,31,YUCATAN,15,IZAMAL,ES,132,83694,4,1033,84731,98061,132,No
2015,31,YUCATAN,15,IZAMAL,PRI_PVEM,136,83694,4,1033,84731,98061,43431,Sí
2015,31,YUCATAN,15,IZAMAL,PRD_PT,13,83694,4,1033,84731,98061,4225,Sí
