Año,ID_ESTADO,NOMBRE_ESTADO,ID_DISTRITO_LOCAL,CABECERA_DISTRITAL_LOCAL,Partido,Votos,NUM_VOTOS_VALIDOS,NUM_VOTOS_CAN_NREG,NUM_VOTOS_NULOS,TOTAL_VOTOS,LISTA_NOMINAL,votos_coalicion,Coalición
2018,1,AGUASCALIENTES,1,RINCON DE ROMOS,PAN,6836,25604,15,1196,26815,48443,6836,No
2018,1,AGUASCALIENTES,1,RINCON DE ROMOS,PRI,5815,25604,15,1196,26815,48443,5815,No
2018,1,AGUASCALIENTES,1,RINCON DE ROMOS,PRD,372,25604,15,1196,26815,48443,372,No
2018,1,AGUASCALIENTES,1,RINCON DE ROMOS,PT,1853,25604,15,1196,26815,48443,1853,No
2018,1,AGUASCALIENTES,1,RINCON DE ROMOS,PVEM,1505,25604,15,1196,26815,48443,1505,No
2018,1,AGUASCALIENTES,1,RINCON DE ROMOS,MC,823,25604,15,1196,26815,48443,823,No
2018,1,AGUASCALIENTES,1,RINCON DE ROMOS,NUAL,2996,25604,15,1196,26815,48443,2996,No
2018,1,AGUASCALIENTES,1,RINCON DE ROMOS,MORENA,4580,25604,15,1196,26815,48443,4580,No
2018,1,AGUASCALIENTES,1,RINCON DE ROMOS,ES,374,25604,15,1196,26815,48443,374,No
2018,1,AGUASCALIENTES,1,RINCON DE ROMOS,PAN_PRD_MC,111,25604,15,1196,26815,48443,8142,Sí
2018,1,AGUASCALIENTES,1,RINCON DE ROMOS,PAN_PRD,32,25604,15,1196,26815,48443,7240,Sí
2018,1,AGUASCALIENTES,1,RINCON DE ROMOS,PAN_MC,39,25604,15,1196,26815,48443,7698,Sí
2018,1,AGUASCALIENTES,1,RINCON DE ROMOS,PRD_MC,15,25604,15,1196,26815,48443,1210,Sí
2018,1,AGUASCALIENTES,1,RINCON DE ROMOS,PT_MORENA_ES,118,25604,15,1196,26815,48443,6925,Sí
2018,1,AGUASCALIENTES,1,RINCON DE ROMOS,PT_MORENA,88,25604,15,1196,26815,48443,6521,Sí
2018,1,AGUASCALIENTES,1,RINCON DE ROMOS,PT_ES,14,25604,15,1196,26815,48443,2241,Sí
2018,1,AGUASCALIENTES,1,RINCON DE ROMOS,MORENA_ES,33,25604,15,1196,26815,48443,4987,Sí
2018,1,AGUASCALIENTES,10,AGUASCALIENTES,PAN,13864,33285,56,1417,34758,56227,13864,No
2018,1,AGUASCALIENTES,10,AGUASCALIENTES,PRI,6325,33285,56,1417,34758,56227,6325,No
2018,1,AGUASCALIENTES,10,AGUASCALIENTES,PRD,500,33285,56,1417,34758,56227,500,No
2018,1,AGUASCALIENTES,10,AGUASCALIENTES,PT,769,33285,56,1417,34758,56227,769,No
2018,1,AGUASCALIENTES,10,AGUASCALIENTES,PVEM,1389,33285,56,1417,34758,56227,1389,No
2018,1,AGUASCALIENTES,10,AGUASCALIENTES,MC,720,33285,56,1417,34758,56227,720,No
2018,1,AGUASCALIENTES,10,AGUASCALIENTES,NUAL,889,33285,56,1417,34758,56227,889,No
2018,1,AGUASCALIENTES,10,AGUASCALIENTES,MORENA,7654,33285,56,1417,34758,56227,7654,No
2018,1,AGUASCALIENTES,10,AGUASCALIENTES,ES,721,33285,56,1417,34758,56227,721,No
2018,1,AGUASCALIENTES,10,AGUASCALIENTES,PAN_PRD_MC,144,33285,56,1417,34758,56227,15228,Sí
2018,1,AGUASCALIENTES,10,AGUASCALIENTES,PAN_PRD,42,33285,56,1417,34758,56227,14406,Sí
2018,1,AGUASCALIENTES,10,AGUASCALIENTES,PAN_MC,27,33285,56,1417,34758,56227,14611,Sí
2018,1,AGUASCALIENTES,10,AGUASCALIENTES,PRD_MC,12,33285,56,1417,34758,56227,1232,Sí
2018,1,AGUASCALIENTES,10,AGUASCALIENTES,PT_MORENA_ES,128,33285,56,1417,34758,56227,9272,Sí
2018,1,AGUASCALIENTES,10,AGUASCALIENTES,PT_MORENA,49,33285,56,1417,34758,56227,8472,Sí
2018,1,AGUASCALIENTES,10,AGUASCALIENTES,PT_ES,6,33285,56,1417,34758,56227,1496,Sí
2018,1,AGUASCALIENTES,10,AGUASCALIENTES,MORENA_ES,46,33285,56,1417,34758,56227,8421,Sí
2018,1,AGUASCALIENTES,11,AGUASCALIENTES,PAN,13344,34758,78,1481,36317,56488,13344,No
2018,1,AGUASCALIENTES,11,AGUASCALIENTES,PRI,6827,34758,78,1481,36317,56488,6827,No
2018,1,AGUASCALIENTES,11,AGUASCALIENTES,PRD,426,34758,78,1481,36317,56488,426,No
2018,1,AGUASCALIENTES,11,AGUASCALIENTES,PT,811,34758,78,1481,36317,56488,811,No
2018,1,AGUASCALIENTES,11,AGUASCALIENTES,PVEM,1602,34758,78,1481,36317,56488,1602,No
2018,1,AGUASCALIENTES,11,AGUASCALIENTES,MC,698,34758,78,1481,36317,56488,698,No
2018,1,AGUASCALIENTES,11,AGUASCALIENTES,NUAL,1035,34758,78,1481,36317,56488,1035,No
2018,1,AGUASCALIENTES,11,AGUASCALIENTES,MORENA,8736,34758,78,1481,36317,56488,8736,No
2018,1,AGUASCALIENTES,11,AGUASCALIENTES,ES,775,34758,78,1481,36317,56488,775,No
2018,1,AGUASCALIENTES,11,AGUASCALIENTES,PAN_PRD_MC,109,34758,78,1481,36317,56488,14577,Sí
2018,1,AGUASCALIENTES,11,AGUASCALIENTES,PAN_PRD,46,34758,78,1481,36317,56488,13816,Sí
2018,1,AGUASCALIENTES,11,AGUASCALIENTES,PAN_MC,34,34758,78,1481,36317,56488,14076,Sí
2018,1,AGUASCALIENTES,11,AGUASCALIENTES,PRD_MC,4,34758,78,1481,36317,56488,1128,Sí
2018,1,AGUASCALIENTES,11,AGUASCALIENTES,PT_MORENA_ES,172,34758,78,1481,36317,56488,10494,Sí
2018,1,AGUASCALIENTES,11,AGUASCALIENTES,PT_MORENA,60,34758,78,1481,36317,56488,9607,Sí
2018,1,AGUASCALIENTES,11,AGUASCALIENTES,PT_ES,26,34758,78,1481,36317,56488,1612,Sí
2018,1,AGUASCALIENTES,11,AGUASCALIENTES,MORENA_ES,53,34758,78,1481,36317,56488,9564,Sí
2018,1,AGUASCALIENTES,12,AGUASCALIENTES,PAN,5138,23080,31,898,24009,51263,5138,No
2018,1,AGUASCALIENTES,12,AGUASCALIENTES,PRI,6357,23080,31,898,24009,51263,6357,No
2018,1,AGUASCALIENTES,12,AGUASCALIENTES,PRD,378,23080,31,898,24009,51263,378,No
2018,1,AGUASCALIENTES,12,AGUASCALIENTES,PT,716,23080,31,898,24009,51263,716,No
2018,1,AGUASCALIENTES,12,AGUASCALIENTES,PVEM,1066,23080,31,898,24009,51263,1066,No
2018,1,AGUASCALIENTES,12,AGUASCALIENTES,MC,759,23080,31,898,24009,51263,759,No
2018,1,AGUASCALIENTES,12,AGUASCALIENTES,NUAL,681,23080,31,898,24009,51263,681,No
2018,1,AGUASCALIENTES,12,AGUASCALIENTES,MORENA,7027,23080,31,898,24009,51263,7027,No
2018,1,AGUASCALIENTES,12,AGUASCALIENTES,ES,630,23080,31,898,24009,51263,630,No
2018,1,AGUASCALIENTES,12,AGUASCALIENTES,PAN_PRD_MC,56,23080,31,898,24009,51263,6331,Sí
2018,1,AGUASCALIENTES,12,AGUASCALIENTES,PAN_PRD,10,23080,31,898,24009,51263,5526,Sí
2018,1,AGUASCALIENTES,12,AGUASCALIENTES,PAN_MC,18,23080,31,898,24009,51263,5915,Sí
2018,1,AGUASCALIENTES,12,AGUASCALIENTES,PRD_MC,3,23080,31,898,24009,51263,1140,Sí
2018,1,AGUASCALIENTES,12,AGUASCALIENTES,PT_MORENA_ES,145,23080,31,898,24009,51263,8518,Sí
2018,1,AGUASCALIENTES,12,AGUASCALIENTES,PT_MORENA,43,23080,31,898,24009,51263,7786,Sí
2018,1,AGUASCALIENTES,12,AGUASCALIENTES,PT_ES,3,23080,31,898,24009,51263,1349,Sí
2018,1,AGUASCALIENTES,12,AGUASCALIENTES,MORENA_ES,50,23080,31,898,24009,51263,7707,Sí
2018,1,AGUASCALIENTES,13,AGUASCALIENTES,PAN,9003,28067,48,1043,29158,49711,9003,No
2018,1,AGUASCALIENTES,13,AGUASCALIENTES,PRI,5748,28067,48,1043,29158,49711,5748,No
2018,1,AGUASCALIENTES,13,AGUASCALIENTES,PRD,389,28067,48,1043,29158,49711,389,No
2018,1,AGUASCALIENTES,13,AGUASCALIENTES,PT,707,28067,48,1043,29158,49711,707,No
2018,1,AGUASCALIENTES,13,AGUASCALIENTES,PVEM,1081,28067,48,1043,29158,49711,1081,No
2018,1,AGUASCALIENTES,13,AGUASCALIENTES,MC,680,28067,48,1043,29158,49711,680,No
2018,1,AGUASCALIENTES,13,AGUASCALIENTES,NUAL,1297,28067,48,1043,29158,49711,1297,No
2018,1,AGUASCALIENTES,13,AGUASCALIENTES,MORENA,8049,28067,48,1043,29158,49711,8049,No
2018,1,AGUASCALIENTES,13,AGUASCALIENTES,ES,735,28067,48,1043,29158,49711,735,No
2018,1,AGUASCALIENTES,13,AGUASCALIENTES,PAN_PRD_MC,83,28067,48,1043,29158,49711,10155,Sí
2018,1,AGUASCALIENTES,13,AGUASCALIENTES,PAN_PRD,21,28067,48,1043,29158,49711,9413,Sí
2018,1,AGUASCALIENTES,13,AGUASCALIENTES,PAN_MC,19,28067,48,1043,29158,49711,9702,Sí
2018,1,AGUASCALIENTES,13,AGUASCALIENTES,PRD_MC,3,28067,48,1043,29158,49711,1072,Sí
2018,1,AGUASCALIENTES,13,AGUASCALIENTES,PT_MORENA_ES,141,28067,48,1043,29158,49711,9632,Sí
2018,1,AGUASCALIENTES,13,AGUASCALIENTES,PT_MORENA,67,28067,48,1043,29158,49711,8823,Sí
2018,1,AGUASCALIENTES,13,AGUASCALIENTES,PT_ES,1,28067,48,1043,29158,49711,1443,Sí
2018,1,AGUASCALIENTES,13,AGUASCALIENTES,MORENA_ES,43,28067,48,1043,29158,49711,8827,Sí
2018,1,AGUASCALIENTES,14,AGUASCALIENTES,PAN,10170,32446,35,1174,33655,53227,10170,No
2018,1,AGUASCALIENTES,14,AGUASCALIENTES,PRI,7169,32446,35,1174,33655,53227,7169,No
2018,1,AGUASCALIENTES,14,AGUASCALIENTES,PRD,453,32446,35,1174,33655,53227,453,No
2018,1,AGUASCALIENTES,14,AGUASCALIENTES,PT,765,32446,35,1174,33655,53227,765,No
2018,1,AGUASCALIENTES,14,AGUASCALIENTES,PVEM,1182,32446,35,1174,33655,53227,1182,No
2018,1,AGUASCALIENTES,14,AGUASCALIENTES,MC,662,32446,35,1174,33655,53227,662,No
2018,1,AGUASCALIENTES,14,AGUASCALIENTES,NUAL,1668,32446,35,1174,33655,53227,1668,No
2018,1,AGUASCALIENTES,14,AGUASCALIENTES,MORENA,8947,32446,35,1174,33655,53227,8947,No
2018,1,AGUASCALIENTES,14,AGUASCALIENTES,ES,1034,32446,35,1174,33655,53227,1034,No
2018,1,AGUASCALIENTES,14,AGUASCALIENTES,PAN_PRD_MC,78,32446,35,1174,33655,53227,11363,Sí
2018,1,AGUASCALIENTES,14,AGUASCALIENTES,PAN_PRD,24,32446,35,1174,33655,53227,10647,Sí
2018,1,AGUASCALIENTES,14,AGUASCALIENTES,PAN_MC,13,32446,35,1174,33655,53227,10845,Sí
2018,1,AGUASCALIENTES,14,AGUASCALIENTES,PRD_MC,4,32446,35,1174,33655,53227,1119,Sí
2018,1,AGUASCALIENTES,14,AGUASCALIENTES,PT_MORENA_ES,158,32446,35,1174,33655,53227,10904,Sí
2018,1,AGUASCALIENTES,14,AGUASCALIENTES,PT_MORENA,55,32446,35,1174,33655,53227,9767,Sí
2018,1,AGUASCALIENTES,14,AGUASCALIENTES,PT_ES,4,32446,35,1174,33655,53227,1803,Sí
2018,1,AGUASCALIENTES,14,AGUASCALIENTES,MORENA_ES,60,32446,35,1174,33655,53227,10041,Sí
2018,1,AGUASCALIENTES,15,AGUASCALIENTES,PAN,6623,28256,36,1181,29473,50928,6623,No
2018,1,AGUASCALIENTES,15,AGUASCALIENTES,PRI,5638,28256,36,1181,29473,50928,5638,No
2018,1,AGUASCALIENTES,15,AGUASCALIENTES,PRD,1769,28256,36,1181,29473,50928,1769,No
2018,1,AGUASCALIENTES,15,AGUASCALIENTES,PT,832,28256,36,1181,29473,50928,832,No
2018,1,AGUASCALIENTES,15,AGUASCALIENTES,PVEM,1459,28256,36,1181,29473,50928,1459,No
2018,1,AGUASCALIENTES,15,AGUASCALIENTES,MC,760,28256,36,1181,29473,50928,760,No
2018,1,AGUASCALIENTES,15,AGUASCALIENTES,NUAL,1011,28256,36,1181,29473,50928,1011,No
2018,1,AGUASCALIENTES,15,AGUASCALIENTES,MORENA,8728,28256,36,1181,29473,50928,8728,No
2018,1,AGUASCALIENTES,15,AGUASCALIENTES,ES,893,28256,36,1181,29473,50928,893,No
2018,1,AGUASCALIENTES,15,AGUASCALIENTES,PAN_PRD_MC,100,28256,36,1181,29473,50928,9252,Sí
2018,1,AGUASCALIENTES,15,AGUASCALIENTES,PAN_PRD,86,28256,36,1181,29473,50928,8478,Sí
2018,1,AGUASCALIENTES,15,AGUASCALIENTES,PAN_MC,13,28256,36,1181,29473,50928,7396,Sí
2018,1,AGUASCALIENTES,15,AGUASCALIENTES,PRD_MC,25,28256,36,1181,29473,50928,2554,Sí
2018,1,AGUASCALIENTES,15,AGUASCALIENTES,PT_MORENA_ES,184,28256,36,1181,29473,50928,10637,Sí
2018,1,AGUASCALIENTES,15,AGUASCALIENTES,PT_MORENA,75,28256,36,1181,29473,50928,9635,Sí
2018,1,AGUASCALIENTES,15,AGUASCALIENTES,PT_ES,18,28256,36,1181,29473,50928,1743,Sí
2018,1,AGUASCALIENTES,15,AGUASCALIENTES,MORENA_ES,42,28256,36,1181,29473,50928,9663,Sí
2018,1,AGUASCALIENTES,16,AGUASCALIENTES,PAN,6446,24946,43,993,25982,47539,6446,No
2018,1,AGUASCALIENTES,16,AGUASCALIENTES,PRI,5422,24946,43,993,25982,47539,5422,No
2018,1,AGUASCALIENTES,16,AGUASCALIENTES,PRD,408,24946,43,993,25982,47539,408,No
2018,1,AGUASCALIENTES,16,AGUASCALIENTES,PT,827,24946,43,993,25982,47539,827,No
2018,1,AGUASCALIENTES,16,AGUASCALIENTES,PVEM,1156,24946,43,993,25982,47539,1156,No
2018,1,AGUASCALIENTES,16,AGUASCALIENTES,MC,788,24946,43,993,25982,47539,788,No
2018,1,AGUASCALIENTES,16,AGUASCALIENTES,NUAL,787,24946,43,993,25982,47539,787,No
2018,1,AGUASCALIENTES,16,AGUASCALIENTES,MORENA,7658,24946,43,993,25982,47539,7658,No
2018,1,AGUASCALIENTES,16,AGUASCALIENTES,ES,1061,24946,43,993,25982,47539,1061,No
2018,1,AGUASCALIENTES,16,AGUASCALIENTES,PAN_PRD_MC,84,24946,43,993,25982,47539,7726,Sí
2018,1,AGUASCALIENTES,16,AGUASCALIENTES,PAN_PRD,18,24946,43,993,25982,47539,6872,Sí
2018,1,AGUASCALIENTES,16,AGUASCALIENTES,PAN_MC,14,24946,43,993,25982,47539,7248,Sí
2018,1,AGUASCALIENTES,16,AGUASCALIENTES,PRD_MC,7,24946,43,993,25982,47539,1203,Sí
2018,1,AGUASCALIENTES,16,AGUASCALIENTES,PT_MORENA_ES,161,24946,43,993,25982,47539,9707,Sí
2018,1,AGUASCALIENTES,16,AGUASCALIENTES,PT_MORENA,46,24946,43,993,25982,47539,8531,Sí
2018,1,AGUASCALIENTES,16,AGUASCALIENTES,PT_ES,4,24946,43,993,25982,47539,1892,Sí
2018,1,AGUASCALIENTES,16,AGUASCALIENTES,MORENA_ES,59,24946,43,993,25982,47539,8778,Sí
2018,1,AGUASCALIENTES,17,AGUASCALIENTES,PAN,14024,34042,72,1445,35559,55676,14024,No
2018,1,AGUASCALIENTES,17,AGUASCALIENTES,PRI,6372,34042,72,1445,35559,55676,6372,No
2018,1,AGUASCALIENTES,17,AGUASCALIENTES,PRD,483,34042,72,1445,35559,55676,483,No
2018,1,AGUASCALIENTES,17,AGUASCALIENTES,PT,757,34042,72,1445,35559,55676,757,No
2018,1,AGUASCALIENTES,17,AGUASCALIENTES,PVEM,1415,34042,72,1445,35559,55676,1415,No
2018,1,AGUASCALIENTES,17,AGUASCALIENTES,MC,713,34042,72,1445,35559,55676,713,No
2018,1,AGUASCALIENTES,17,AGUASCALIENTES,NUAL,1073,34042,72,1445,35559,55676,1073,No
2018,1,AGUASCALIENTES,17,AGUASCALIENTES,MORENA,7806,34042,72,1445,35559,55676,7806,No
2018,1,AGUASCALIENTES,17,AGUASCALIENTES,ES,896,34042,72,1445,35559,55676,896,No
2018,1,AGUASCALIENTES,17,AGUASCALIENTES,PAN_PRD_MC,136,34042,72,1445,35559,55676,15356,Sí
2018,1,AGUASCALIENTES,17,AGUASCALIENTES,PAN_PRD,42,34042,72,1445,35559,55676,14549,Sí
2018,1,AGUASCALIENTES,17,AGUASCALIENTES,PAN_MC,36,34042,72,1445,35559,55676,14773,Sí
2018,1,AGUASCALIENTES,17,AGUASCALIENTES,PRD_MC,7,34042,72,1445,35559,55676,1203,Sí
2018,1,AGUASCALIENTES,17,AGUASCALIENTES,PT_MORENA_ES,165,34042,72,1445,35559,55676,9624,Sí
2018,1,AGUASCALIENTES,17,AGUASCALIENTES,PT_MORENA,58,34042,72,1445,35559,55676,8621,Sí
2018,1,AGUASCALIENTES,17,AGUASCALIENTES,PT_ES,13,34042,72,1445,35559,55676,1666,Sí
2018,1,AGUASCALIENTES,17,AGUASCALIENTES,MORENA_ES,46,34042,72,1445,35559,55676,8748,Sí
2018,1,AGUASCALIENTES,18,AGUASCALIENTES,PAN,8825,28319,33,1089,29441,53560,8825,No
2018,1,AGUASCALIENTES,18,AGUASCALIENTES,PRI,5705,28319,33,1089,29441,53560,5705,No
2018,1,AGUASCALIENTES,18,AGUASCALIENTES,PRD,496,28319,33,1089,29441,53560,496,No
2018,1,AGUASCALIENTES,18,AGUASCALIENTES,PT,837,28319,33,1089,29441,53560,837,No
2018,1,AGUASCALIENTES,18,AGUASCALIENTES,PVEM,1260,28319,33,1089,29441,53560,1260,No
2018,1,AGUASCALIENTES,18,AGUASCALIENTES,MC,670,28319,33,1089,29441,53560,670,No
2018,1,AGUASCALIENTES,18,AGUASCALIENTES,NUAL,1203,28319,33,1089,29441,53560,1203,No
2018,1,AGUASCALIENTES,18,AGUASCALIENTES,MORENA,7986,28319,33,1089,29441,53560,7986,No
2018,1,AGUASCALIENTES,18,AGUASCALIENTES,ES,897,28319,33,1089,29441,53560,897,No
2018,1,AGUASCALIENTES,18,AGUASCALIENTES,PAN_PRD_MC,87,28319,33,1089,29441,53560,10078,Sí
2018,1,AGUASCALIENTES,18,AGUASCALIENTES,PAN_PRD,30,28319,33,1089,29441,53560,9351,Sí
2018,1,AGUASCALIENTES,18,AGUASCALIENTES,PAN_MC,20,28319,33,1089,29441,53560,9515,Sí
2018,1,AGUASCALIENTES,18,AGUASCALIENTES,PRD_MC,5,28319,33,1089,29441,53560,1171,Sí
2018,1,AGUASCALIENTES,18,AGUASCALIENTES,PT_MORENA_ES,169,28319,33,1089,29441,53560,9889,Sí
2018,1,AGUASCALIENTES,18,AGUASCALIENTES,PT_MORENA,64,28319,33,1089,29441,53560,8887,Sí
2018,1,AGUASCALIENTES,18,AGUASCALIENTES,PT_ES,15,28319,33,1089,29441,53560,1749,Sí
2018,1,AGUASCALIENTES,18,AGUASCALIENTES,MORENA_ES,50,28319,33,1089,29441,53560,8933,Sí
2018,1,AGUASCALIENTES,2,EL LLANO,PAN,6227,29467,19,1140,30626,48536,6227,No
2018,1,AGUASCALIENTES,2,EL LLANO,PRI,5435,29467,19,1140,30626,48536,5435,No
2018,1,AGUASCALIENTES,2,EL LLANO,PRD,1216,29467,19,1140,30626,48536,1216,No
2018,1,AGUASCALIENTES,2,EL LLANO,PT,1235,29467,19,1140,30626,48536,1235,No
2018,1,AGUASCALIENTES,2,EL LLANO,PVEM,605,29467,19,1140,30626,48536,605,No
2018,1,AGUASCALIENTES,2,EL LLANO,MC,545,29467,19,1140,30626,48536,545,No
2018,1,AGUASCALIENTES,2,EL LLANO,NUAL,1573,29467,19,1140,30626,48536,1573,No
2018,1,AGUASCALIENTES,2,EL LLANO,MORENA,11548,29467,19,1140,30626,48536,11548,No
2018,1,AGUASCALIENTES,2,EL LLANO,ES,453,29467,19,1140,30626,48536,453,No
2018,1,AGUASCALIENTES,2,EL LLANO,PAN_PRD_MC,104,29467,19,1140,30626,48536,8092,Sí
2018,1,AGUASCALIENTES,2,EL LLANO,PAN_PRD,87,29467,19,1140,30626,48536,7530,Sí
2018,1,AGUASCALIENTES,2,EL LLANO,PAN_MC,26,29467,19,1140,30626,48536,6798,Sí
2018,1,AGUASCALIENTES,2,EL LLANO,PRD_MC,12,29467,19,1140,30626,48536,1773,Sí
2018,1,AGUASCALIENTES,2,EL LLANO,PT_MORENA_ES,178,29467,19,1140,30626,48536,13414,Sí
2018,1,AGUASCALIENTES,2,EL LLANO,PT_MORENA,111,29467,19,1140,30626,48536,12894,Sí
2018,1,AGUASCALIENTES,2,EL LLANO,PT_ES,15,29467,19,1140,30626,48536,1703,Sí
2018,1,AGUASCALIENTES,2,EL LLANO,MORENA_ES,97,29467,19,1140,30626,48536,12098,Sí
2018,1,AGUASCALIENTES,3,PABELLON DE ARTEAGA,PAN,4500,27954,17,1093,29064,45804,4500,No
2018,1,AGUASCALIENTES,3,PABELLON DE ARTEAGA,PRI,5463,27954,17,1093,29064,45804,5463,No
2018,1,AGUASCALIENTES,3,PABELLON DE ARTEAGA,PRD,4868,27954,17,1093,29064,45804,4868,No
2018,1,AGUASCALIENTES,3,PABELLON DE ARTEAGA,PT,713,27954,17,1093,29064,45804,713,No
2018,1,AGUASCALIENTES,3,PABELLON DE ARTEAGA,PVEM,2984,27954,17,1093,29064,45804,2984,No
2018,1,AGUASCALIENTES,3,PABELLON DE ARTEAGA,MC,418,27954,17,1093,29064,45804,418,No
2018,1,AGUASCALIENTES,3,PABELLON DE ARTEAGA,NUAL,1683,27954,17,1093,29064,45804,1683,No
2018,1,AGUASCALIENTES,3,PABELLON DE ARTEAGA,MORENA,6456,27954,17,1093,29064,45804,6456,No
2018,1,AGUASCALIENTES,3,PABELLON DE ARTEAGA,ES,328,27954,17,1093,29064,45804,328,No
2018,1,AGUASCALIENTES,3,PABELLON DE ARTEAGA,PAN_PRD_MC,144,27954,17,1093,29064,45804,9930,Sí
2018,1,AGUASCALIENTES,3,PABELLON DE ARTEAGA,PAN_PRD,162,27954,17,1093,29064,45804,9530,Sí
2018,1,AGUASCALIENTES,3,PABELLON DE ARTEAGA,PAN_MC,19,27954,17,1093,29064,45804,4937,Sí
2018,1,AGUASCALIENTES,3,PABELLON DE ARTEAGA,PRD_MC,14,27954,17,1093,29064,45804,5300,Sí
2018,1,AGUASCALIENTES,3,PABELLON DE ARTEAGA,PT_MORENA_ES,108,27954,17,1093,29064,45804,7605,Sí
2018,1,AGUASCALIENTES,3,PABELLON DE ARTEAGA,PT_MORENA,46,27954,17,1093,29064,45804,7215,Sí
2018,1,AGUASCALIENTES,3,PABELLON DE ARTEAGA,PT_ES,4,27954,17,1093,29064,45804,1045,Sí
2018,1,AGUASCALIENTES,3,PABELLON DE ARTEAGA,MORENA_ES,44,27954,17,1093,29064,45804,6828,Sí
2018,1,AGUASCALIENTES,4,SAN FRANCISCO DE LOS ROMO,PAN,9971,32577,35,1093,33705,58289,9971,No
2018,1,AGUASCALIENTES,4,SAN FRANCISCO DE LOS ROMO,PRI,8980,32577,35,1093,33705,58289,8980,No
2018,1,AGUASCALIENTES,4,SAN FRANCISCO DE LOS ROMO,PRD,513,32577,35,1093,33705,58289,513,No
2018,1,AGUASCALIENTES,4,SAN FRANCISCO DE LOS ROMO,PT,646,32577,35,1093,33705,58289,646,No
2018,1,AGUASCALIENTES,4,SAN FRANCISCO DE LOS ROMO,PVEM,2068,32577,35,1093,33705,58289,2068,No
2018,1,AGUASCALIENTES,4,SAN FRANCISCO DE LOS ROMO,MC,487,32577,35,1093,33705,58289,487,No
2018,1,AGUASCALIENTES,4,SAN FRANCISCO DE LOS ROMO,NUAL,1019,32577,35,1093,33705,58289,1019,No
2018,1,AGUASCALIENTES,4,SAN FRANCISCO DE LOS ROMO,MORENA,7783,32577,35,1093,33705,58289,7783,No
2018,1,AGUASCALIENTES,4,SAN FRANCISCO DE LOS ROMO,ES,726,32577,35,1093,33705,58289,726,No
2018,1,AGUASCALIENTES,4,SAN FRANCISCO DE LOS ROMO,PAN_PRD_MC,90,32577,35,1093,33705,58289,11061,Sí
2018,1,AGUASCALIENTES,4,SAN FRANCISCO DE LOS ROMO,PAN_PRD,32,32577,35,1093,33705,58289,10516,Sí
2018,1,AGUASCALIENTES,4,SAN FRANCISCO DE LOS ROMO,PAN_MC,13,32577,35,1093,33705,58289,10471,Sí
2018,1,AGUASCALIENTES,4,SAN FRANCISCO DE LOS ROMO,PRD_MC,4,32577,35,1093,33705,58289,1004,Sí
2018,1,AGUASCALIENTES,4,SAN FRANCISCO DE LOS ROMO,PT_MORENA_ES,149,32577,35,1093,33705,58289,9304,Sí
2018,1,AGUASCALIENTES,4,SAN FRANCISCO DE LOS ROMO,PT_MORENA,38,32577,35,1093,33705,58289,8467,Sí
2018,1,AGUASCALIENTES,4,SAN FRANCISCO DE LOS ROMO,PT_ES,9,32577,35,1093,33705,58289,1381,Sí
2018,1,AGUASCALIENTES,4,SAN FRANCISCO DE LOS ROMO,MORENA_ES,49,32577,35,1093,33705,58289,8558,Sí
2018,1,AGUASCALIENTES,5,AGUASCALIENTES,PAN,9514,27526,29,976,28531,50579,9514,No
2018,1,AGUASCALIENTES,5,AGUASCALIENTES,PRI,4266,27526,29,976,28531,50579,4266,No
2018,1,AGUASCALIENTES,5,AGUASCALIENTES,PRD,411,27526,29,976,28531,50579,411,No
2018,1,AGUASCALIENTES,5,AGUASCALIENTES,PT,737,27526,29,976,28531,50579,737,No
2018,1,AGUASCALIENTES,5,AGUASCALIENTES,PVEM,1367,27526,29,976,28531,50579,1367,No
2018,1,AGUASCALIENTES,5,AGUASCALIENTES,MC,683,27526,29,976,28531,50579,683,No
2018,1,AGUASCALIENTES,5,AGUASCALIENTES,NUAL,849,27526,29,976,28531,50579,849,No
2018,1,AGUASCALIENTES,5,AGUASCALIENTES,MORENA,8518,27526,29,976,28531,50579,8518,No
2018,1,AGUASCALIENTES,5,AGUASCALIENTES,ES,814,27526,29,976,28531,50579,814,No
2018,1,AGUASCALIENTES,5,AGUASCALIENTES,PAN_PRD_MC,91,27526,29,976,28531,50579,10699,Sí
2018,1,AGUASCALIENTES,5,AGUASCALIENTES,PAN_PRD,21,27526,29,976,28531,50579,9946,Sí
2018,1,AGUASCALIENTES,5,AGUASCALIENTES,PAN_MC,11,27526,29,976,28531,50579,10208,Sí
2018,1,AGUASCALIENTES,5,AGUASCALIENTES,PRD_MC,1,27526,29,976,28531,50579,1095,Sí
2018,1,AGUASCALIENTES,5,AGUASCALIENTES,PT_MORENA_ES,140,27526,29,976,28531,50579,10209,Sí
2018,1,AGUASCALIENTES,5,AGUASCALIENTES,PT_MORENA,45,27526,29,976,28531,50579,9300,Sí
2018,1,AGUASCALIENTES,5,AGUASCALIENTES,PT_ES,5,27526,29,976,28531,50579,1556,Sí
2018,1,AGUASCALIENTES,5,AGUASCALIENTES,MORENA_ES,53,27526,29,976,28531,50579,9385,Sí
2018,1,AGUASCALIENTES,6,AGUASCALIENTES,PAN,17697,37442,30,1270,38742,56440,17697,No
2018,1,AGUASCALIENTES,6,AGUASCALIENTES,PRI,6737,37442,30,1270,38742,56440,6737,No
2018,1,AGUASCALIENTES,6,AGUASCALIENTES,PRD,304,37442,30,1270,38742,56440,304,No
2018,1,AGUASCALIENTES,6,AGUASCALIENTES,PT,554,37442,30,1270,38742,56440,554,No
2018,1,AGUASCALIENTES,6,AGUASCALIENTES,PVEM,965,37442,30,1270,38742,56440,965,No
2018,1,AGUASCALIENTES,6,AGUASCALIENTES,MC,599,37442,30,1270,38742,56440,599,No
2018,1,AGUASCALIENTES,6,AGUASCALIENTES,NUAL,757,37442,30,1270,38742,56440,757,No
2018,1,AGUASCALIENTES,6,AGUASCALIENTES,MORENA,6485,37442,30,1270,38742,56440,6485,No
2018,1,AGUASCALIENTES,6,AGUASCALIENTES,ES,467,37442,30,1270,38742,56440,467,No
2018,1,AGUASCALIENTES,6,AGUASCALIENTES,PAN_PRD_MC,138,37442,30,1270,38742,56440,18738,Sí
2018,1,AGUASCALIENTES,6,AGUASCALIENTES,PAN_PRD,87,37442,30,1270,38742,56440,18088,Sí
2018,1,AGUASCALIENTES,6,AGUASCALIENTES,PAN_MC,12,37442,30,1270,38742,56440,18308,Sí
2018,1,AGUASCALIENTES,6,AGUASCALIENTES,PRD_MC,1,37442,30,1270,38742,56440,904,Sí
2018,1,AGUASCALIENTES,6,AGUASCALIENTES,PT_MORENA_ES,0,37442,30,1270,38742,56440,7506,Sí
2018,1,AGUASCALIENTES,6,AGUASCALIENTES,PT_MORENA,0,37442,30,1270,38742,56440,7039,Sí
2018,1,AGUASCALIENTES,6,AGUASCALIENTES,PT_ES,0,37442,30,1270,38742,56440,1021,Sí
2018,1,AGUASCALIENTES,6,AGUASCALIENTES,MORENA_ES,0,37442,30,1270,38742,56440,6952,Sí
2018,1,AGUASCALIENTES,6,AGUASCALIENTES,Candidatura Independiente,2639,37442,30,1270,38742,56440,2639,No
2018,1,AGUASCALIENTES,7,JESUS MARIA,PAN,11276,28056,22,975,29053,52966,11276,No
2018,1,AGUASCALIENTES,7,JESUS MARIA,PRI,6235,28056,22,975,29053,52966,6235,No
2018,1,AGUASCALIENTES,7,JESUS MARIA,PRD,326,28056,22,975,29053,52966,326,No
2018,1,AGUASCALIENTES,7,JESUS MARIA,PT,598,28056,22,975,29053,52966,598,No
2018,1,AGUASCALIENTES,7,JESUS MARIA,PVEM,1093,28056,22,975,29053,52966,1093,No
2018,1,AGUASCALIENTES,7,JESUS MARIA,MC,285,28056,22,975,29053,52966,285,No
2018,1,AGUASCALIENTES,7,JESUS MARIA,NUAL,609,28056,22,975,29053,52966,609,No
2018,1,AGUASCALIENTES,7,JESUS MARIA,MORENA,4179,28056,22,975,29053,52966,4179,No
2018,1,AGUASCALIENTES,7,JESUS MARIA,ES,331,28056,22,975,29053,52966,331,No
2018,1,AGUASCALIENTES,7,JESUS MARIA,PAN_PRD_MC,92,28056,22,975,29053,52966,11979,Sí
2018,1,AGUASCALIENTES,7,JESUS MARIA,PAN_PRD,33,28056,22,975,29053,52966,11635,Sí
2018,1,AGUASCALIENTES,7,JESUS MARIA,PAN_MC,17,28056,22,975,29053,52966,11578,Sí
2018,1,AGUASCALIENTES,7,JESUS MARIA,PRD_MC,2,28056,22,975,29053,52966,613,Sí
2018,1,AGUASCALIENTES,7,JESUS MARIA,PT_MORENA_ES,84,28056,22,975,29053,52966,5192,Sí
2018,1,AGUASCALIENTES,7,JESUS MARIA,PT_MORENA,39,28056,22,975,29053,52966,4816,Sí
2018,1,AGUASCALIENTES,7,JESUS MARIA,PT_ES,9,28056,22,975,29053,52966,938,Sí
2018,1,AGUASCALIENTES,7,JESUS MARIA,MORENA_ES,31,28056,22,975,29053,52966,4541,Sí
2018,1,AGUASCALIENTES,7,JESUS MARIA,Candidatura Independiente,2096,28056,22,975,29053,52966,2096,No
2018,1,AGUASCALIENTES,7,JESUS MARIA,Candidatura Independiente,721,28056,22,975,29053,52966,721,No
2018,1,AGUASCALIENTES,8,CALVILLO,PAN,10765,27063,21,1279,28363,52450,10765,No
2018,1,AGUASCALIENTES,8,CALVILLO,PRI,5534,27063,21,1279,28363,52450,5534,No
2018,1,AGUASCALIENTES,8,CALVILLO,PRD,636,27063,21,1279,28363,52450,636,No
2018,1,AGUASCALIENTES,8,CALVILLO,PT,1542,27063,21,1279,28363,52450,1542,No
2018,1,AGUASCALIENTES,8,CALVILLO,PVEM,849,27063,21,1279,28363,52450,849,No
2018,1,AGUASCALIENTES,8,CALVILLO,MC,382,27063,21,1279,28363,52450,382,No
2018,1,AGUASCALIENTES,8,CALVILLO,NUAL,2016,27063,21,1279,28363,52450,2016,No
2018,1,AGUASCALIENTES,8,CALVILLO,MORENA,4775,27063,21,1279,28363,52450,4775,No
2018,1,AGUASCALIENTES,8,CALVILLO,ES,381,27063,21,1279,28363,52450,381,No
2018,1,AGUASCALIENTES,8,CALVILLO,PAN_PRD_MC,107,27063,21,1279,28363,52450,11890,Sí
2018,1,AGUASCALIENTES,8,CALVILLO,PAN_PRD,48,27063,21,1279,28363,52450,11449,Sí
2018,1,AGUASCALIENTES,8,CALVILLO,PAN_MC,24,27063,21,1279,28363,52450,11171,Sí
2018,1,AGUASCALIENTES,8,CALVILLO,PRD_MC,4,27063,21,1279,28363,52450,1022,Sí
2018,1,AGUASCALIENTES,8,CALVILLO,PT_MORENA_ES,0,27063,21,1279,28363,52450,6698,Sí
2018,1,AGUASCALIENTES,8,CALVILLO,PT_MORENA,0,27063,21,1279,28363,52450,6317,Sí
2018,1,AGUASCALIENTES,8,CALVILLO,PT_ES,0,27063,21,1279,28363,52450,1923,Sí
2018,1,AGUASCALIENTES,8,CALVILLO,MORENA_ES,0,27063,21,1279,28363,52450,5156,Sí
2018,1,AGUASCALIENTES,9,AGUASCALIENTES,PAN,10387,30200,50,1297,31547,55322,10387,No
2018,1,AGUASCALIENTES,9,AGUASCALIENTES,PRI,6678,30200,50,1297,31547,55322,6678,No
2018,1,AGUASCALIENTES,9,AGUASCALIENTES,PRD,476,30200,50,1297,31547,55322,476,No
2018,1,AGUASCALIENTES,9,AGUASCALIENTES,PT,933,30200,50,1297,31547,55322,933,No
2018,1,AGUASCALIENTES,9,AGUASCALIENTES,PVEM,1716,30200,50,1297,31547,55322,1716,No
2018,1,AGUASCALIENTES,9,AGUASCALIENTES,MC,649,30200,50,1297,31547,55322,649,No
2018,1,AGUASCALIENTES,9,AGUASCALIENTES,NUAL,857,30200,50,1297,31547,55322,857,No
2018,1,AGUASCALIENTES,9,AGUASCALIENTES,MORENA,7265,30200,50,1297,31547,55322,7265,No
2018,1,AGUASCALIENTES,9,AGUASCALIENTES,ES,800,30200,50,1297,31547,55322,800,No
2018,1,AGUASCALIENTES,9,AGUASCALIENTES,PAN_PRD_MC,104,30200,50,1297,31547,55322,11616,Sí
2018,1,AGUASCALIENTES,9,AGUASCALIENTES,PAN_PRD,40,30200,50,1297,31547,55322,10903,Sí
2018,1,AGUASCALIENTES,9,AGUASCALIENTES,PAN_MC,19,30200,50,1297,31547,55322,11055,Sí
2018,1,AGUASCALIENTES,9,AGUASCALIENTES,PRD_MC,1,30200,50,1297,31547,55322,1126,Sí
2018,1,AGUASCALIENTES,9,AGUASCALIENTES,PT_MORENA_ES,153,30200,50,1297,31547,55322,9151,Sí
2018,1,AGUASCALIENTES,9,AGUASCALIENTES,PT_MORENA,67,30200,50,1297,31547,55322,8265,Sí
2018,1,AGUASCALIENTES,9,AGUASCALIENTES,PT_ES,6,30200,50,1297,31547,55322,1739,Sí
2018,1,AGUASCALIENTES,9,AGUASCALIENTES,MORENA_ES,49,30200,50,1297,31547,55322,8114,Sí
2018,10,DURANGO,1,DURANGO,C_COMUN_PAN_PRD_PD,14779,49049,49,2304,51402,95637,14779,Sí
2018,10,DURANGO,1,DURANGO,PRI,8309,49049,49,2304,51402,95637,8309,No
2018,10,DURANGO,1,DURANGO,PVEM,2179,49049,49,2304,51402,95637,2179,No
2018,10,DURANGO,1,DURANGO,PT,5252,49049,49,2304,51402,95637,5252,No
2018,10,DURANGO,1,DURANGO,MC,4074,49049,49,2304,51402,95637,4074,No
2018,10,DURANGO,1,DURANGO,NUAL,1330,49049,49,2304,51402,95637,1330,No
2018,10,DURANGO,1,DURANGO,MORENA,11463,49049,49,2304,51402,95637,11463,No
2018,10,DURANGO,1,DURANGO,ES,1141,49049,49,2304,51402,95637,1141,No
2018,10,DURANGO,1,DURANGO,PT_MORENA,522,49049,49,2304,51402,95637,17237,Sí
2018,10,DURANGO,10,GOMEZ PALACIO,C_COMUN_PAN_PRD_PD,8588,41461,16,1925,43402,82336,8588,Sí
2018,10,DURANGO,10,GOMEZ PALACIO,PRI,7963,41461,16,1925,43402,82336,7963,No
2018,10,DURANGO,10,GOMEZ PALACIO,PVEM,898,41461,16,1925,43402,82336,898,No
2018,10,DURANGO,10,GOMEZ PALACIO,PT,1941,41461,16,1925,43402,82336,1941,No
2018,10,DURANGO,10,GOMEZ PALACIO,MC,2200,41461,16,1925,43402,82336,2200,No
2018,10,DURANGO,10,GOMEZ PALACIO,NUAL,1034,41461,16,1925,43402,82336,1034,No
2018,10,DURANGO,10,GOMEZ PALACIO,MORENA,16804,41461,16,1925,43402,82336,16804,No
2018,10,DURANGO,10,GOMEZ PALACIO,ES,1820,41461,16,1925,43402,82336,1820,No
2018,10,DURANGO,10,GOMEZ PALACIO,PT_MORENA,213,41461,16,1925,43402,82336,18958,Sí
2018,10,DURANGO,11,GOMEZ PALACIO,C_COMUN_PAN_PRD_PD,11101,50296,41,2195,52532,91358,11101,Sí
2018,10,DURANGO,11,GOMEZ PALACIO,PRI,11249,50296,41,2195,52532,91358,11249,No
2018,10,DURANGO,11,GOMEZ PALACIO,PVEM,1781,50296,41,2195,52532,91358,1781,No
2018,10,DURANGO,11,GOMEZ PALACIO,PT,1988,50296,41,2195,52532,91358,1988,No
2018,10,DURANGO,11,GOMEZ PALACIO,MC,1135,50296,41,2195,52532,91358,1135,No
2018,10,DURANGO,11,GOMEZ PALACIO,NUAL,1194,50296,41,2195,52532,91358,1194,No
2018,10,DURANGO,11,GOMEZ PALACIO,MORENA,20181,50296,41,2195,52532,91358,20181,No
2018,10,DURANGO,11,GOMEZ PALACIO,ES,1416,50296,41,2195,52532,91358,1416,No
2018,10,DURANGO,11,GOMEZ PALACIO,PT_MORENA,251,50296,41,2195,52532,91358,22420,Sí
2018,10,DURANGO,12,GOMEZ PALACIO,C_COMUN_PAN_PRD_PD,10346,45695,28,1852,47575,82966,10346,Sí
2018,10,DURANGO,12,GOMEZ PALACIO,PRI,9809,45695,28,1852,47575,82966,9809,No
2018,10,DURANGO,12,GOMEZ PALACIO,PVEM,1557,45695,28,1852,47575,82966,1557,No
2018,10,DURANGO,12,GOMEZ PALACIO,PT,1938,45695,28,1852,47575,82966,1938,No
2018,10,DURANGO,12,GOMEZ PALACIO,MC,1124,45695,28,1852,47575,82966,1124,No
2018,10,DURANGO,12,GOMEZ PALACIO,NUAL,986,45695,28,1852,47575,82966,986,No
2018,10,DURANGO,12,GOMEZ PALACIO,MORENA,18526,45695,28,1852,47575,82966,18526,No
2018,10,DURANGO,12,GOMEZ PALACIO,ES,1199,45695,28,1852,47575,82966,1199,No
2018,10,DURANGO,12,GOMEZ PALACIO,PT_MORENA,210,45695,28,1852,47575,82966,20674,Sí
2018,10,DURANGO,13,LERDO,C_COMUN_PAN_PRD_PD,10569,45835,29,1652,47516,81931,10569,Sí
2018,10,DURANGO,13,LERDO,PRI,9769,45835,29,1652,47516,81931,9769,No
2018,10,DURANGO,13,LERDO,PVEM,1028,45835,29,1652,47516,81931,1028,No
2018,10,DURANGO,13,LERDO,PT,1797,45835,29,1652,47516,81931,1797,No
2018,10,DURANGO,13,LERDO,MC,629,45835,29,1652,47516,81931,629,No
2018,10,DURANGO,13,LERDO,NUAL,682,45835,29,1652,47516,81931,682,No
2018,10,DURANGO,13,LERDO,MORENA,14046,45835,29,1652,47516,81931,14046,No
2018,10,DURANGO,13,LERDO,ES,583,45835,29,1652,47516,81931,583,No
2018,10,DURANGO,13,LERDO,PT_MORENA,220,45835,29,1652,47516,81931,16063,Sí
2018,10,DURANGO,13,LERDO,Candidatura Independiente,6512,45835,29,1652,47516,81931,6512,No
2018,10,DURANGO,14,CUENCAME,C_COMUN_PAN_PRD_PD,11384,43984,10,2851,46845,81812,11384,Sí
2018,10,DURANGO,14,CUENCAME,PRI,10532,43984,10,2851,46845,81812,10532,No
2018,10,DURANGO,14,CUENCAME,PVEM,5115,43984,10,2851,46845,81812,5115,No
2018,10,DURANGO,14,CUENCAME,PT,2873,43984,10,2851,46845,81812,2873,No
2018,10,DURANGO,14,CUENCAME,MC,1409,43984,10,2851,46845,81812,1409,No
2018,10,DURANGO,14,CUENCAME,NUAL,954,43984,10,2851,46845,81812,954,No
2018,10,DURANGO,14,CUENCAME,MORENA,7760,43984,10,2851,46845,81812,7760,No
2018,10,DURANGO,14,CUENCAME,ES,3625,43984,10,2851,46845,81812,3625,No
2018,10,DURANGO,14,CUENCAME,PT_MORENA,332,43984,10,2851,46845,81812,10965,Sí
2018,10,DURANGO,15,NOMBRE DE DIOS,C_COMUN_PAN_PRD_PD,6313,48564,11,2609,51184,84053,6313,Sí
2018,10,DURANGO,15,NOMBRE DE DIOS,PRI,20749,48564,11,2609,51184,84053,20749,No
2018,10,DURANGO,15,NOMBRE DE DIOS,PVEM,6680,48564,11,2609,51184,84053,6680,No
2018,10,DURANGO,15,NOMBRE DE DIOS,PT,4363,48564,11,2609,51184,84053,4363,No
2018,10,DURANGO,15,NOMBRE DE DIOS,MC,1234,48564,11,2609,51184,84053,1234,No
2018,10,DURANGO,15,NOMBRE DE DIOS,NUAL,663,48564,11,2609,51184,84053,663,No
2018,10,DURANGO,15,NOMBRE DE DIOS,MORENA,7471,48564,11,2609,51184,84053,7471,No
2018,10,DURANGO,15,NOMBRE DE DIOS,ES,808,48564,11,2609,51184,84053,808,No
2018,10,DURANGO,15,NOMBRE DE DIOS,PT_MORENA,283,48564,11,2609,51184,84053,12117,Sí
2018,10,DURANGO,2,DURANGO,C_COMUN_PAN_PRD_PD,13467,48783,59,2083,50925,94281,13467,Sí
2018,10,DURANGO,2,DURANGO,PRI,9058,48783,59,2083,50925,94281,9058,No
2018,10,DURANGO,2,DURANGO,PVEM,1874,48783,59,2083,50925,94281,1874,No
2018,10,DURANGO,2,DURANGO,PT,5120,48783,59,2083,50925,94281,5120,No
2018,10,DURANGO,2,DURANGO,MC,3075,48783,59,2083,50925,94281,3075,No
2018,10,DURANGO,2,DURANGO,NUAL,1288,48783,59,2083,50925,94281,1288,No
2018,10,DURANGO,2,DURANGO,MORENA,11287,48783,59,2083,50925,94281,11287,No
2018,10,DURANGO,2,DURANGO,ES,771,48783,59,2083,50925,94281,771,No
2018,10,DURANGO,2,DURANGO,PT_MORENA,472,48783,59,2083,50925,94281,16879,Sí
2018,10,DURANGO,2,DURANGO,Candidatura Independiente,2371,48783,59,2083,50925,94281,2371,No
2018,10,DURANGO,3,DURANGO,C_COMUN_PAN_PRD_PD,14390,48667,30,2147,50844,94875,14390,Sí
2018,10,DURANGO,3,DURANGO,PRI,11378,48667,30,2147,50844,94875,11378,No
2018,10,DURANGO,3,DURANGO,PVEM,1730,48667,30,2147,50844,94875,1730,No
2018,10,DURANGO,3,DURANGO,PT,4833,48667,30,2147,50844,94875,4833,No
2018,10,DURANGO,3,DURANGO,MC,2938,48667,30,2147,50844,94875,2938,No
2018,10,DURANGO,3,DURANGO,NUAL,1647,48667,30,2147,50844,94875,1647,No
2018,10,DURANGO,3,DURANGO,MORENA,10287,48667,30,2147,50844,94875,10287,No
2018,10,DURANGO,3,DURANGO,ES,989,48667,30,2147,50844,94875,989,No
2018,10,DURANGO,3,DURANGO,PT_MORENA,475,48667,30,2147,50844,94875,15595,Sí
2018,10,DURANGO,4,DURANGO,C_COMUN_PAN_PRD_PD,14324,49231,75,2420,51726,95844,14324,Sí
2018,10,DURANGO,4,DURANGO,PRI,7980,49231,75,2420,51726,95844,7980,No
2018,10,DURANGO,4,DURANGO,PVEM,1509,49231,75,2420,51726,95844,1509,No
2018,10,DURANGO,4,DURANGO,PT,5466,49231,75,2420,51726,95844,5466,No
2018,10,DURANGO,4,DURANGO,MC,3143,49231,75,2420,51726,95844,3143,No
2018,10,DURANGO,4,DURANGO,NUAL,995,49231,75,2420,51726,95844,995,No
2018,10,DURANGO,4,DURANGO,MORENA,9689,49231,75,2420,51726,95844,9689,No
2018,10,DURANGO,4,DURANGO,ES,675,49231,75,2420,51726,95844,675,No
2018,10,DURANGO,4,DURANGO,PT_MORENA,663,49231,75,2420,51726,95844,15818,Sí
2018,10,DURANGO,4,DURANGO,Candidatura Independiente,4787,49231,75,2420,51726,95844,4787,No
2018,10,DURANGO,5,DURANGO,C_COMUN_PAN_PRD_PD,19400,58938,57,2580,61575,100043,19400,Sí
2018,10,DURANGO,5,DURANGO,PRI,10933,58938,57,2580,61575,100043,10933,No
2018,10,DURANGO,5,DURANGO,PVEM,3262,58938,57,2580,61575,100043,3262,No
2018,10,DURANGO,5,DURANGO,PT,4982,58938,57,2580,61575,100043,4982,No
2018,10,DURANGO,5,DURANGO,MC,4159,58938,57,2580,61575,100043,4159,No
2018,10,DURANGO,5,DURANGO,NUAL,1811,58938,57,2580,61575,100043,1811,No
2018,10,DURANGO,5,DURANGO,MORENA,12589,58938,57,2580,61575,100043,12589,No
2018,10,DURANGO,5,DURANGO,ES,1178,58938,57,2580,61575,100043,1178,No
2018,10,DURANGO,5,DURANGO,PT_MORENA,624,58938,57,2580,61575,100043,18195,Sí
2018,10,DURANGO,6,PUEBLO NUEVO,C_COMUN_PAN_PRD_PD,10282,35916,27,1981,37924,71660,10282,Sí
2018,10,DURANGO,6,PUEBLO NUEVO,PRI,8439,35916,27,1981,37924,71660,8439,No
2018,10,DURANGO,6,PUEBLO NUEVO,PVEM,1867,35916,27,1981,37924,71660,1867,No
2018,10,DURANGO,6,PUEBLO NUEVO,PT,3020,35916,27,1981,37924,71660,3020,No
2018,10,DURANGO,6,PUEBLO NUEVO,MC,649,35916,27,1981,37924,71660,649,No
2018,10,DURANGO,6,PUEBLO NUEVO,NUAL,848,35916,27,1981,37924,71660,848,No
2018,10,DURANGO,6,PUEBLO NUEVO,MORENA,8328,35916,27,1981,37924,71660,8328,No
2018,10,DURANGO,6,PUEBLO NUEVO,ES,2223,35916,27,1981,37924,71660,2223,No
2018,10,DURANGO,6,PUEBLO NUEVO,PT_MORENA,260,35916,27,1981,37924,71660,11608,Sí
2018,10,DURANGO,7,SANTIAGO PAPASQUIARO,C_COMUN_PAN_PRD_PD,11103,36817,14,1957,38788,75368,11103,Sí
2018,10,DURANGO,7,SANTIAGO PAPASQUIARO,PRI,10264,36817,14,1957,38788,75368,10264,No
2018,10,DURANGO,7,SANTIAGO PAPASQUIARO,PVEM,1149,36817,14,1957,38788,75368,1149,No
2018,10,DURANGO,7,SANTIAGO PAPASQUIARO,PT,1973,36817,14,1957,38788,75368,1973,No
2018,10,DURANGO,7,SANTIAGO PAPASQUIARO,MC,540,36817,14,1957,38788,75368,540,No
2018,10,DURANGO,7,SANTIAGO PAPASQUIARO,NUAL,949,36817,14,1957,38788,75368,949,No
2018,10,DURANGO,7,SANTIAGO PAPASQUIARO,MORENA,10107,36817,14,1957,38788,75368,10107,No
2018,10,DURANGO,7,SANTIAGO PAPASQUIARO,ES,522,36817,14,1957,38788,75368,522,No
2018,10,DURANGO,7,SANTIAGO PAPASQUIARO,PT_MORENA,210,36817,14,1957,38788,75368,12290,Sí
2018,10,DURANGO,8,EL ORO,C_COMUN_PAN_PRD_PD,14571,42959,4,2342,45305,86926,14571,Sí
2018,10,DURANGO,8,EL ORO,PRI,12121,42959,4,2342,45305,86926,12121,No
2018,10,DURANGO,8,EL ORO,PVEM,1252,42959,4,2342,45305,86926,1252,No
2018,10,DURANGO,8,EL ORO,PT,2379,42959,4,2342,45305,86926,2379,No
2018,10,DURANGO,8,EL ORO,MC,485,42959,4,2342,45305,86926,485,No
2018,10,DURANGO,8,EL ORO,NUAL,1006,42959,4,2342,45305,86926,1006,No
2018,10,DURANGO,8,EL ORO,MORENA,10282,42959,4,2342,45305,86926,10282,No
2018,10,DURANGO,8,EL ORO,ES,545,42959,4,2342,45305,86926,545,No
2018,10,DURANGO,8,EL ORO,PT_MORENA,318,42959,4,2342,45305,86926,12979,Sí
2018,10,DURANGO,9,MAPIMI,C_COMUN_PAN_PRD_PD,11112,42409,22,2159,44590,76330,11112,Sí
2018,10,DURANGO,9,MAPIMI,PRI,11219,42409,22,2159,44590,76330,11219,No
2018,10,DURANGO,9,MAPIMI,PVEM,819,42409,22,2159,44590,76330,819,No
2018,10,DURANGO,9,MAPIMI,PT,2655,42409,22,2159,44590,76330,2655,No
2018,10,DURANGO,9,MAPIMI,MC,784,42409,22,2159,44590,76330,784,No
2018,10,DURANGO,9,MAPIMI,NUAL,1191,42409,22,2159,44590,76330,1191,No
2018,10,DURANGO,9,MAPIMI,MORENA,13532,42409,22,2159,44590,76330,13532,No
2018,10,DURANGO,9,MAPIMI,ES,836,42409,22,2159,44590,76330,836,No
2018,10,DURANGO,9,MAPIMI,PT_MORENA,261,42409,22,2159,44590,76330,16448,Sí
2018,11,GUANAJUATO,1,DOLORES HIDALGO CIN,PAN,28812,90358,137,5295,95790,184197,28812,No
2018,11,GUANAJUATO,1,DOLORES HIDALGO CIN,PRI,20837,90358,137,5295,95790,184197,20837,No
2018,11,GUANAJUATO,1,DOLORES HIDALGO CIN,PRD,2926,90358,137,5295,95790,184197,2926,No
2018,11,GUANAJUATO,1,DOLORES HIDALGO CIN,PVEM,13825,90358,137,5295,95790,184197,13825,No
2018,11,GUANAJUATO,1,DOLORES HIDALGO CIN,PT,1679,90358,137,5295,95790,184197,1679,No
2018,11,GUANAJUATO,1,DOLORES HIDALGO CIN,MC,5353,90358,137,5295,95790,184197,5353,No
2018,11,GUANAJUATO,1,DOLORES HIDALGO CIN,NUAL,5666,90358,137,5295,95790,184197,5666,No
2018,11,GUANAJUATO,1,DOLORES HIDALGO CIN,MORENA,9222,90358,137,5295,95790,184197,9222,No
2018,11,GUANAJUATO,1,DOLORES HIDALGO CIN,ES,1333,90358,137,5295,95790,184197,1333,No
2018,11,GUANAJUATO,1,DOLORES HIDALGO CIN,MORENA_PT_ES,195,90358,137,5295,95790,184197,12429,Sí
2018,11,GUANAJUATO,1,DOLORES HIDALGO CIN,MORENA_PT,107,90358,137,5295,95790,184197,11008,Sí
2018,11,GUANAJUATO,1,DOLORES HIDALGO CIN,MORENA_ES,58,90358,137,5295,95790,184197,10613,Sí
2018,11,GUANAJUATO,1,DOLORES HIDALGO CIN,PT_ES,26,90358,137,5295,95790,184197,3038,Sí
2018,11,GUANAJUATO,1,DOLORES HIDALGO CIN,PAN_PRD,319,90358,137,5295,95790,184197,32057,Sí
2018,11,GUANAJUATO,10,SAN FRANCISCO DEL RINCON,PAN,49922,102166,49,4023,102162,198991,49922,No
2018,11,GUANAJUATO,10,SAN FRANCISCO DEL RINCON,PRI,25708,102166,49,4023,102162,198991,25708,No
2018,11,GUANAJUATO,10,SAN FRANCISCO DEL RINCON,PRD,1146,102166,49,4023,102162,198991,1146,No
2018,11,GUANAJUATO,10,SAN FRANCISCO DEL RINCON,PVEM,10147,102166,49,4023,102162,198991,10147,No
2018,11,GUANAJUATO,10,SAN FRANCISCO DEL RINCON,PT,1180,102166,49,4023,102162,198991,1180,No
2018,11,GUANAJUATO,10,SAN FRANCISCO DEL RINCON,MC,2310,102166,49,4023,102162,198991,2310,No
2018,11,GUANAJUATO,10,SAN FRANCISCO DEL RINCON,NUAL,1843,102166,49,4023,102162,198991,1843,No
2018,11,GUANAJUATO,10,SAN FRANCISCO DEL RINCON,MORENA,8785,102166,49,4023,102162,198991,8785,No
2018,11,GUANAJUATO,10,SAN FRANCISCO DEL RINCON,ES,631,102166,49,4023,102162,198991,631,No
2018,11,GUANAJUATO,10,SAN FRANCISCO DEL RINCON,MORENA_PT_ES,138,102166,49,4023,102162,198991,10734,Sí
2018,11,GUANAJUATO,10,SAN FRANCISCO DEL RINCON,MORENA_PT,82,102166,49,4023,102162,198991,10047,Sí
2018,11,GUANAJUATO,10,SAN FRANCISCO DEL RINCON,MORENA_ES,46,102166,49,4023,102162,198991,9462,Sí
2018,11,GUANAJUATO,10,SAN FRANCISCO DEL RINCON,PT_ES,10,102166,49,4023,102162,198991,1821,Sí
2018,11,GUANAJUATO,10,SAN FRANCISCO DEL RINCON,PAN_PRD,218,102166,49,4023,102162,198991,51286,Sí
2018,11,GUANAJUATO,11,IRAPUATO,PAN,46210,103022,102,4421,103124,211800,46210,No
2018,11,GUANAJUATO,11,IRAPUATO,PRI,18415,103022,102,4421,103124,211800,18415,No
2018,11,GUANAJUATO,11,IRAPUATO,PRD,1641,103022,102,4421,103124,211800,1641,No
2018,11,GUANAJUATO,11,IRAPUATO,PVEM,5272,103022,102,4421,103124,211800,5272,No
2018,11,GUANAJUATO,11,IRAPUATO,PT,2478,103022,102,4421,103124,211800,2478,No
2018,11,GUANAJUATO,11,IRAPUATO,MC,1993,103022,102,4421,103124,211800,1993,No
2018,11,GUANAJUATO,11,IRAPUATO,NUAL,2623,103022,102,4421,103124,211800,2623,No
2018,11,GUANAJUATO,11,IRAPUATO,MORENA,21071,103022,102,4421,103124,211800,21071,No
2018,11,GUANAJUATO,11,IRAPUATO,ES,2117,103022,102,4421,103124,211800,2117,No
2018,11,GUANAJUATO,11,IRAPUATO,MORENA_PT_ES,570,103022,102,4421,103124,211800,26236,Sí
2018,11,GUANAJUATO,11,IRAPUATO,MORENA_PT,228,103022,102,4421,103124,211800,23777,Sí
2018,11,GUANAJUATO,11,IRAPUATO,MORENA_ES,108,103022,102,4421,103124,211800,23296,Sí
2018,11,GUANAJUATO,11,IRAPUATO,PT_ES,19,103022,102,4421,103124,211800,4614,Sí
2018,11,GUANAJUATO,11,IRAPUATO,PAN_PRD,277,103022,102,4421,103124,211800,48128,Sí
2018,11,GUANAJUATO,12,IRAPUATO,PAN,36423,94656,113,4175,98944,203287,36423,No
2018,11,GUANAJUATO,12,IRAPUATO,PRI,15513,94656,113,4175,98944,203287,15513,No
2018,11,GUANAJUATO,12,IRAPUATO,PRD,1391,94656,113,4175,98944,203287,1391,No
2018,11,GUANAJUATO,12,IRAPUATO,PVEM,5247,94656,113,4175,98944,203287,5247,No
2018,11,GUANAJUATO,12,IRAPUATO,PT,2506,94656,113,4175,98944,203287,2506,No
2018,11,GUANAJUATO,12,IRAPUATO,MC,2124,94656,113,4175,98944,203287,2124,No
2018,11,GUANAJUATO,12,IRAPUATO,NUAL,2763,94656,113,4175,98944,203287,2763,No
2018,11,GUANAJUATO,12,IRAPUATO,MORENA,25046,94656,113,4175,98944,203287,25046,No
2018,11,GUANAJUATO,12,IRAPUATO,ES,2252,94656,113,4175,98944,203287,2252,No
2018,11,GUANAJUATO,12,IRAPUATO,MORENA_PT_ES,659,94656,113,4175,98944,203287,30463,Sí
2018,11,GUANAJUATO,12,IRAPUATO,MORENA_PT,293,94656,113,4175,98944,203287,27845,Sí
2018,11,GUANAJUATO,12,IRAPUATO,MORENA_ES,119,94656,113,4175,98944,203287,27417,Sí
2018,11,GUANAJUATO,12,IRAPUATO,PT_ES,36,94656,113,4175,98944,203287,4794,Sí
2018,11,GUANAJUATO,12,IRAPUATO,PAN_PRD,284,94656,113,4175,98944,203287,38098,Sí
2018,11,GUANAJUATO,13,SILAO DE LA VICTORIA,PAN,26833,74623,141,3212,77976,179803,26833,No
2018,11,GUANAJUATO,13,SILAO DE LA VICTORIA,PRI,18233,74623,141,3212,77976,179803,18233,No
2018,11,GUANAJUATO,13,SILAO DE LA VICTORIA,PRD,1425,74623,141,3212,77976,179803,1425,No
2018,11,GUANAJUATO,13,SILAO DE LA VICTORIA,PVEM,8637,74623,141,3212,77976,179803,8637,No
2018,11,GUANAJUATO,13,SILAO DE LA VICTORIA,PT,1837,74623,141,3212,77976,179803,1837,No
2018,11,GUANAJUATO,13,SILAO DE LA VICTORIA,MC,1737,74623,141,3212,77976,179803,1737,No
2018,11,GUANAJUATO,13,SILAO DE LA VICTORIA,NUAL,3918,74623,141,3212,77976,179803,3918,No
2018,11,GUANAJUATO,13,SILAO DE LA VICTORIA,MORENA,9439,74623,141,3212,77976,179803,9439,No
2018,11,GUANAJUATO,13,SILAO DE LA VICTORIA,ES,980,74623,141,3212,77976,179803,980,No
2018,11,GUANAJUATO,13,SILAO DE LA VICTORIA,MORENA_PT_ES,606,74623,141,3212,77976,179803,12862,Sí
2018,11,GUANAJUATO,13,SILAO DE LA VICTORIA,MORENA_PT,278,74623,141,3212,77976,179803,11554,Sí
2018,11,GUANAJUATO,13,SILAO DE LA VICTORIA,MORENA_ES,190,74623,141,3212,77976,179803,10609,Sí
2018,11,GUANAJUATO,13,SILAO DE LA VICTORIA,PT_ES,45,74623,141,3212,77976,179803,2862,Sí
2018,11,GUANAJUATO,13,SILAO DE LA VICTORIA,PAN_PRD,465,74623,141,3212,77976,179803,28723,Sí
2018,11,GUANAJUATO,14,SALAMANCA,PAN,37922,112408,118,4508,117034,212516,37922,No
2018,11,GUANAJUATO,14,SALAMANCA,PRI,11939,112408,118,4508,117034,212516,11939,No
2018,11,GUANAJUATO,14,SALAMANCA,PRD,2448,112408,118,4508,117034,212516,2448,No
2018,11,GUANAJUATO,14,SALAMANCA,PVEM,8291,112408,118,4508,117034,212516,8291,No
2018,11,GUANAJUATO,14,SALAMANCA,PT,3794,112408,118,4508,117034,212516,3794,No
2018,11,GUANAJUATO,14,SALAMANCA,MC,3073,112408,118,4508,117034,212516,3073,No
2018,11,GUANAJUATO,14,SALAMANCA,NUAL,3050,112408,118,4508,117034,212516,3050,No
2018,11,GUANAJUATO,14,SALAMANCA,MORENA,37665,112408,118,4508,117034,212516,37665,No
2018,11,GUANAJUATO,14,SALAMANCA,ES,2657,112408,118,4508,117034,212516,2657,No
2018,11,GUANAJUATO,14,SALAMANCA,MORENA_PT_ES,739,112408,118,4508,117034,212516,44855,Sí
2018,11,GUANAJUATO,14,SALAMANCA,MORENA_PT,333,112408,118,4508,117034,212516,41792,Sí
2018,11,GUANAJUATO,14,SALAMANCA,MORENA_ES,130,112408,118,4508,117034,212516,40452,Sí
2018,11,GUANAJUATO,14,SALAMANCA,PT_ES,26,112408,118,4508,117034,212516,6477,Sí
2018,11,GUANAJUATO,14,SALAMANCA,PAN_PRD,341,112408,118,4508,117034,212516,40711,Sí
2018,11,GUANAJUATO,15,CELAYA,PAN,42359,105835,303,4991,106138,205305,42359,No
2018,11,GUANAJUATO,15,CELAYA,PRI,12923,105835,303,4991,106138,205305,12923,No
2018,11,GUANAJUATO,15,CELAYA,PRD,1509,105835,303,4991,106138,205305,1509,No
2018,11,GUANAJUATO,15,CELAYA,PVEM,8965,105835,303,4991,106138,205305,8965,No
2018,11,GUANAJUATO,15,CELAYA,PT,2726,105835,303,4991,106138,205305,2726,No
2018,11,GUANAJUATO,15,CELAYA,MC,3918,105835,303,4991,106138,205305,3918,No
2018,11,GUANAJUATO,15,CELAYA,NUAL,3523,105835,303,4991,106138,205305,3523,No
2018,11,GUANAJUATO,15,CELAYA,MORENA,25293,105835,303,4991,106138,205305,25293,No
2018,11,GUANAJUATO,15,CELAYA,ES,3432,105835,303,4991,106138,205305,3432,No
2018,11,GUANAJUATO,15,CELAYA,MORENA_PT_ES,507,105835,303,4991,106138,205305,31958,Sí
2018,11,GUANAJUATO,15,CELAYA,MORENA_PT,246,105835,303,4991,106138,205305,28265,Sí
2018,11,GUANAJUATO,15,CELAYA,MORENA_ES,100,105835,303,4991,106138,205305,28825,Sí
2018,11,GUANAJUATO,15,CELAYA,PT_ES,26,105835,303,4991,106138,205305,6184,Sí
2018,11,GUANAJUATO,15,CELAYA,PAN_PRD,308,105835,303,4991,106138,205305,44176,Sí
2018,11,GUANAJUATO,16,CELAYA,PAN,31990,95946,198,3852,96144,199049,31990,No
2018,11,GUANAJUATO,16,CELAYA,PRI,11046,95946,198,3852,96144,199049,11046,No
2018,11,GUANAJUATO,16,CELAYA,PRD,1339,95946,198,3852,96144,199049,1339,No
2018,11,GUANAJUATO,16,CELAYA,PVEM,6204,95946,198,3852,96144,199049,6204,No
2018,11,GUANAJUATO,16,CELAYA,PT,2261,95946,198,3852,96144,199049,2261,No
2018,11,GUANAJUATO,16,CELAYA,MC,2728,95946,198,3852,96144,199049,2728,No
2018,11,GUANAJUATO,16,CELAYA,NUAL,2769,95946,198,3852,96144,199049,2769,No
2018,11,GUANAJUATO,16,CELAYA,MORENA,22628,95946,198,3852,96144,199049,22628,No
2018,11,GUANAJUATO,16,CELAYA,ES,1815,95946,198,3852,96144,199049,1815,No
2018,11,GUANAJUATO,16,CELAYA,MORENA_PT_ES,499,95946,198,3852,96144,199049,27203,Sí
2018,11,GUANAJUATO,16,CELAYA,MORENA_PT,250,95946,198,3852,96144,199049,25139,Sí
2018,11,GUANAJUATO,16,CELAYA,MORENA_ES,154,95946,198,3852,96144,199049,24597,Sí
2018,11,GUANAJUATO,16,CELAYA,PT_ES,32,95946,198,3852,96144,199049,4108,Sí
2018,11,GUANAJUATO,16,CELAYA,PAN_PRD,292,95946,198,3852,96144,199049,33621,Sí
2018,11,GUANAJUATO,16,CELAYA,Candidatura Independiente,11939,95946,198,3852,96144,199049,11939,No
2018,11,GUANAJUATO,17,SANTA CRUZ DE JUVENTINO ROSAS,PAN,26347,84068,580,4216,88864,165941,26347,No
2018,11,GUANAJUATO,17,SANTA CRUZ DE JUVENTINO ROSAS,PRI,6551,84068,580,4216,88864,165941,6551,No
2018,11,GUANAJUATO,17,SANTA CRUZ DE JUVENTINO ROSAS,PRD,7920,84068,580,4216,88864,165941,7920,No
2018,11,GUANAJUATO,17,SANTA CRUZ DE JUVENTINO ROSAS,PVEM,8308,84068,580,4216,88864,165941,8308,No
2018,11,GUANAJUATO,17,SANTA CRUZ DE JUVENTINO ROSAS,PT,1244,84068,580,4216,88864,165941,1244,No
2018,11,GUANAJUATO,17,SANTA CRUZ DE JUVENTINO ROSAS,MC,2348,84068,580,4216,88864,165941,2348,No
2018,11,GUANAJUATO,17,SANTA CRUZ DE JUVENTINO ROSAS,NUAL,8852,84068,580,4216,88864,165941,8852,No
2018,11,GUANAJUATO,17,SANTA CRUZ DE JUVENTINO ROSAS,MORENA,17512,84068,580,4216,88864,165941,17512,No
2018,11,GUANAJUATO,17,SANTA CRUZ DE JUVENTINO ROSAS,ES,1103,84068,580,4216,88864,165941,1103,No
2018,11,GUANAJUATO,17,SANTA CRUZ DE JUVENTINO ROSAS,PAN_PRD,463,84068,580,4216,88864,165941,34730,Sí
2018,11,GUANAJUATO,17,SANTA CRUZ DE JUVENTINO ROSAS,Candidatura Independiente,3420,84068,580,4216,88864,165941,3420,No
2018,11,GUANAJUATO,18,PENJAMO,PAN,35628,104514,62,4958,109534,219081,35628,No
2018,11,GUANAJUATO,18,PENJAMO,PRI,22804,104514,62,4958,109534,219081,22804,No
2018,11,GUANAJUATO,18,PENJAMO,PRD,2439,104514,62,4958,109534,219081,2439,No
2018,11,GUANAJUATO,18,PENJAMO,PVEM,9545,104514,62,4958,109534,219081,9545,No
2018,11,GUANAJUATO,18,PENJAMO,PT,2403,104514,62,4958,109534,219081,2403,No
2018,11,GUANAJUATO,18,PENJAMO,MC,2791,104514,62,4958,109534,219081,2791,No
2018,11,GUANAJUATO,18,PENJAMO,NUAL,3539,104514,62,4958,109534,219081,3539,No
2018,11,GUANAJUATO,18,PENJAMO,MORENA,22761,104514,62,4958,109534,219081,22761,No
2018,11,GUANAJUATO,18,PENJAMO,ES,1131,104514,62,4958,109534,219081,1131,No
2018,11,GUANAJUATO,18,PENJAMO,MORENA_PT_ES,589,104514,62,4958,109534,219081,26884,Sí
2018,11,GUANAJUATO,18,PENJAMO,MORENA_PT,265,104514,62,4958,109534,219081,25429,Sí
2018,11,GUANAJUATO,18,PENJAMO,MORENA_ES,130,104514,62,4958,109534,219081,24022,Sí
2018,11,GUANAJUATO,18,PENJAMO,PT_ES,34,104514,62,4958,109534,219081,3568,Sí
2018,11,GUANAJUATO,18,PENJAMO,PAN_PRD,455,104514,62,4958,109534,219081,38522,Sí
2018,11,GUANAJUATO,19,VALLE DE SANTIAGO,PAN,35476,109705,97,5239,109802,217572,35476,No
2018,11,GUANAJUATO,19,VALLE DE SANTIAGO,PRI,14875,109705,97,5239,109802,217572,14875,No
2018,11,GUANAJUATO,19,VALLE DE SANTIAGO,PRD,17495,109705,97,5239,109802,217572,17495,No
2018,11,GUANAJUATO,19,VALLE DE SANTIAGO,PVEM,8521,109705,97,5239,109802,217572,8521,No
2018,11,GUANAJUATO,19,VALLE DE SANTIAGO,PT,2461,109705,97,5239,109802,217572,2461,No
2018,11,GUANAJUATO,19,VALLE DE SANTIAGO,MC,3809,109705,97,5239,109802,217572,3809,No
2018,11,GUANAJUATO,19,VALLE DE SANTIAGO,NUAL,6705,109705,97,5239,109802,217572,6705,No
2018,11,GUANAJUATO,19,VALLE DE SANTIAGO,MORENA,17954,109705,97,5239,109802,217572,17954,No
2018,11,GUANAJUATO,19,VALLE DE SANTIAGO,ES,1517,109705,97,5239,109802,217572,1517,No
2018,11,GUANAJUATO,19,VALLE DE SANTIAGO,MORENA_PT_ES,336,109705,97,5239,109802,217572,22268,Sí
2018,11,GUANAJUATO,19,VALLE DE SANTIAGO,MORENA_PT,139,109705,97,5239,109802,217572,20554,Sí
2018,11,GUANAJUATO,19,VALLE DE SANTIAGO,MORENA_ES,77,109705,97,5239,109802,217572,19548,Sí
2018,11,GUANAJUATO,19,VALLE DE SANTIAGO,PT_ES,45,109705,97,5239,109802,217572,4023,Sí
2018,11,GUANAJUATO,19,VALLE DE SANTIAGO,PAN_PRD,295,109705,97,5239,109802,217572,53266,Sí
2018,11,GUANAJUATO,2,SAN LUIS DE LA PAZ,PAN,41660,113594,56,6678,113650,209948,41660,No
2018,11,GUANAJUATO,2,SAN LUIS DE LA PAZ,PRI,18533,113594,56,6678,113650,209948,18533,No
2018,11,GUANAJUATO,2,SAN LUIS DE LA PAZ,PRD,4381,113594,56,6678,113650,209948,4381,No
2018,11,GUANAJUATO,2,SAN LUIS DE LA PAZ,PVEM,8484,113594,56,6678,113650,209948,8484,No
2018,11,GUANAJUATO,2,SAN LUIS DE LA PAZ,PT,2368,113594,56,6678,113650,209948,2368,No
2018,11,GUANAJUATO,2,SAN LUIS DE LA PAZ,MC,7123,113594,56,6678,113650,209948,7123,No
2018,11,GUANAJUATO,2,SAN LUIS DE LA PAZ,NUAL,5053,113594,56,6678,113650,209948,5053,No
2018,11,GUANAJUATO,2,SAN LUIS DE LA PAZ,MORENA,23309,113594,56,6678,113650,209948,23309,No
2018,11,GUANAJUATO,2,SAN LUIS DE LA PAZ,ES,1655,113594,56,6678,113650,209948,1655,No
2018,11,GUANAJUATO,2,SAN LUIS DE LA PAZ,MORENA_PT_ES,444,113594,56,6678,113650,209948,27776,Sí
2018,11,GUANAJUATO,2,SAN LUIS DE LA PAZ,MORENA_PT,165,113594,56,6678,113650,209948,25842,Sí
2018,11,GUANAJUATO,2,SAN LUIS DE LA PAZ,MORENA_ES,121,113594,56,6678,113650,209948,25085,Sí
2018,11,GUANAJUATO,2,SAN LUIS DE LA PAZ,PT_ES,27,113594,56,6678,113650,209948,4050,Sí
2018,11,GUANAJUATO,2,SAN LUIS DE LA PAZ,PAN_PRD,271,113594,56,6678,113650,209948,46312,Sí
2018,11,GUANAJUATO,20,YURIRIA,PAN,41576,123679,64,6029,129772,247283,41576,No
2018,11,GUANAJUATO,20,YURIRIA,PRI,25205,123679,64,6029,129772,247283,25205,No
2018,11,GUANAJUATO,20,YURIRIA,PRD,6064,123679,64,6029,129772,247283,6064,No
2018,11,GUANAJUATO,20,YURIRIA,PVEM,16414,123679,64,6029,129772,247283,16414,No
2018,11,GUANAJUATO,20,YURIRIA,PT,2631,123679,64,6029,129772,247283,2631,No
2018,11,GUANAJUATO,20,YURIRIA,MC,3837,123679,64,6029,129772,247283,3837,No
2018,11,GUANAJUATO,20,YURIRIA,NUAL,2536,123679,64,6029,129772,247283,2536,No
2018,11,GUANAJUATO,20,YURIRIA,MORENA,22856,123679,64,6029,129772,247283,22856,No
2018,11,GUANAJUATO,20,YURIRIA,ES,1332,123679,64,6029,129772,247283,1332,No
2018,11,GUANAJUATO,20,YURIRIA,MORENA_PT_ES,483,123679,64,6029,129772,247283,27302,Sí
2018,11,GUANAJUATO,20,YURIRIA,MORENA_PT,235,123679,64,6029,129772,247283,25722,Sí
2018,11,GUANAJUATO,20,YURIRIA,MORENA_ES,94,123679,64,6029,129772,247283,24282,Sí
2018,11,GUANAJUATO,20,YURIRIA,PT_ES,37,123679,64,6029,129772,247283,4000,Sí
2018,11,GUANAJUATO,20,YURIRIA,PAN_PRD,379,123679,64,6029,129772,247283,48019,Sí
2018,11,GUANAJUATO,21,LEON,PAN,49456,95847,108,3587,99542,178486,49456,No
2018,11,GUANAJUATO,21,LEON,PRI,9348,95847,108,3587,99542,178486,9348,No
2018,11,GUANAJUATO,21,LEON,PRD,902,95847,108,3587,99542,178486,902,No
2018,11,GUANAJUATO,21,LEON,PVEM,9641,95847,108,3587,99542,178486,9641,No
2018,11,GUANAJUATO,21,LEON,PT,1675,95847,108,3587,99542,178486,1675,No
2018,11,GUANAJUATO,21,LEON,MC,2371,95847,108,3587,99542,178486,2371,No
2018,11,GUANAJUATO,21,LEON,NUAL,3030,95847,108,3587,99542,178486,3030,No
2018,11,GUANAJUATO,21,LEON,MORENA,16410,95847,108,3587,99542,178486,16410,No
2018,11,GUANAJUATO,21,LEON,ES,1759,95847,108,3587,99542,178486,1759,No
2018,11,GUANAJUATO,21,LEON,MORENA_PT_ES,516,95847,108,3587,99542,178486,20360,Sí
2018,11,GUANAJUATO,21,LEON,MORENA_PT,162,95847,108,3587,99542,178486,18247,Sí
2018,11,GUANAJUATO,21,LEON,MORENA_ES,99,95847,108,3587,99542,178486,18268,Sí
2018,11,GUANAJUATO,21,LEON,PT_ES,25,95847,108,3587,99542,178486,3459,Sí
2018,11,GUANAJUATO,21,LEON,PAN_PRD,453,95847,108,3587,99542,178486,50811,Sí
2018,11,GUANAJUATO,22,ACAMBARO,PAN,25565,97948,392,6210,98340,206340,25565,No
2018,11,GUANAJUATO,22,ACAMBARO,PRI,16771,97948,392,6210,98340,206340,16771,No
2018,11,GUANAJUATO,22,ACAMBARO,PRD,7230,97948,392,6210,98340,206340,7230,No
2018,11,GUANAJUATO,22,ACAMBARO,PVEM,8508,97948,392,6210,98340,206340,8508,No
2018,11,GUANAJUATO,22,ACAMBARO,PT,2186,97948,392,6210,98340,206340,2186,No
2018,11,GUANAJUATO,22,ACAMBARO,MC,7976,97948,392,6210,98340,206340,7976,No
2018,11,GUANAJUATO,22,ACAMBARO,NUAL,2972,97948,392,6210,98340,206340,2972,No
2018,11,GUANAJUATO,22,ACAMBARO,MORENA,23880,97948,392,6210,98340,206340,23880,No
2018,11,GUANAJUATO,22,ACAMBARO,ES,1422,97948,392,6210,98340,206340,1422,No
2018,11,GUANAJUATO,22,ACAMBARO,MORENA_PT_ES,753,97948,392,6210,98340,206340,28241,Sí
2018,11,GUANAJUATO,22,ACAMBARO,MORENA_PT,214,97948,392,6210,98340,206340,26280,Sí
2018,11,GUANAJUATO,22,ACAMBARO,MORENA_ES,113,97948,392,6210,98340,206340,25415,Sí
2018,11,GUANAJUATO,22,ACAMBARO,PT_ES,28,97948,392,6210,98340,206340,3636,Sí
2018,11,GUANAJUATO,22,ACAMBARO,PAN_PRD,330,97948,392,6210,98340,206340,33125,Sí
2018,11,GUANAJUATO,3,LEON,PAN,65158,107305,100,3778,107405,186470,65158,No
2018,11,GUANAJUATO,3,LEON,PRI,9741,107305,100,3778,107405,186470,9741,No
2018,11,GUANAJUATO,3,LEON,PRD,1072,107305,100,3778,107405,186470,1072,No
2018,11,GUANAJUATO,3,LEON,PVEM,9197,107305,100,3778,107405,186470,9197,No
2018,11,GUANAJUATO,3,LEON,PT,1627,107305,100,3778,107405,186470,1627,No
2018,11,GUANAJUATO,3,LEON,MC,2388,107305,100,3778,107405,186470,2388,No
2018,11,GUANAJUATO,3,LEON,NUAL,2284,107305,100,3778,107405,186470,2284,No
2018,11,GUANAJUATO,3,LEON,MORENA,13701,107305,100,3778,107405,186470,13701,No
2018,11,GUANAJUATO,3,LEON,ES,1614,107305,100,3778,107405,186470,1614,No
2018,11,GUANAJUATO,3,LEON,MORENA_PT_ES,298,107305,100,3778,107405,186470,17240,Sí
2018,11,GUANAJUATO,3,LEON,MORENA_PT,110,107305,100,3778,107405,186470,15438,Sí
2018,11,GUANAJUATO,3,LEON,MORENA_ES,91,107305,100,3778,107405,186470,15406,Sí
2018,11,GUANAJUATO,3,LEON,PT_ES,24,107305,100,3778,107405,186470,3265,Sí
2018,11,GUANAJUATO,4,LEON,PAN,44663,87341,134,4889,87475,185354,44663,No
2018,11,GUANAJUATO,4,LEON,PRI,11180,87341,134,4889,87475,185354,11180,No
2018,11,GUANAJUATO,4,LEON,PRD,1257,87341,134,4889,87475,185354,1257,No
2018,11,GUANAJUATO,4,LEON,PVEM,7988,87341,134,4889,87475,185354,7988,No
2018,11,GUANAJUATO,4,LEON,PT,1725,87341,134,4889,87475,185354,1725,No
2018,11,GUANAJUATO,4,LEON,MC,2022,87341,134,4889,87475,185354,2022,No
2018,11,GUANAJUATO,4,LEON,NUAL,2168,87341,134,4889,87475,185354,2168,No
2018,11,GUANAJUATO,4,LEON,MORENA,14161,87341,134,4889,87475,185354,14161,No
2018,11,GUANAJUATO,4,LEON,ES,1367,87341,134,4889,87475,185354,1367,No
2018,11,GUANAJUATO,4,LEON,MORENA_PT_ES,355,87341,134,4889,87475,185354,17608,Sí
2018,11,GUANAJUATO,4,LEON,MORENA_PT,157,87341,134,4889,87475,185354,16043,Sí
2018,11,GUANAJUATO,4,LEON,MORENA_ES,83,87341,134,4889,87475,185354,15611,Sí
2018,11,GUANAJUATO,4,LEON,PT_ES,14,87341,134,4889,87475,185354,3106,Sí
2018,11,GUANAJUATO,4,LEON,PAN_PRD,201,87341,134,4889,87475,185354,46121,Sí
2018,11,GUANAJUATO,6,LEON,PAN,46831,88669,66,4196,92931,182252,46831,No
2018,11,GUANAJUATO,6,LEON,PRI,12271,88669,66,4196,92931,182252,12271,No
2018,11,GUANAJUATO,6,LEON,PRD,1113,88669,66,4196,92931,182252,1113,No
2018,11,GUANAJUATO,6,LEON,PVEM,8440,88669,66,4196,92931,182252,8440,No
2018,11,GUANAJUATO,6,LEON,PT,1931,88669,66,4196,92931,182252,1931,No
2018,11,GUANAJUATO,6,LEON,MC,1954,88669,66,4196,92931,182252,1954,No
2018,11,GUANAJUATO,6,LEON,NUAL,1893,88669,66,4196,92931,182252,1893,No
2018,11,GUANAJUATO,6,LEON,MORENA,12569,88669,66,4196,92931,182252,12569,No
2018,11,GUANAJUATO,6,LEON,ES,1471,88669,66,4196,92931,182252,1471,No
2018,11,GUANAJUATO,6,LEON,PAN_PRD,196,88669,66,4196,92931,182252,48140,Sí
2018,11,GUANAJUATO,7,LEON,PAN,62759,113504,101,4673,118278,198253,62759,No
2018,11,GUANAJUATO,7,LEON,PRI,12855,113504,101,4673,118278,198253,12855,No
2018,11,GUANAJUATO,7,LEON,PRD,1099,113504,101,4673,118278,198253,1099,No
2018,11,GUANAJUATO,7,LEON,PVEM,10607,113504,101,4673,118278,198253,10607,No
2018,11,GUANAJUATO,7,LEON,PT,1915,113504,101,4673,118278,198253,1915,No
2018,11,GUANAJUATO,7,LEON,MC,2540,113504,101,4673,118278,198253,2540,No
2018,11,GUANAJUATO,7,LEON,NUAL,2604,113504,101,4673,118278,198253,2604,No
2018,11,GUANAJUATO,7,LEON,MORENA,16545,113504,101,4673,118278,198253,16545,No
2018,11,GUANAJUATO,7,LEON,ES,1630,113504,101,4673,118278,198253,1630,No
2018,11,GUANAJUATO,7,LEON,MORENA_PT_ES,387,113504,101,4673,118278,198253,20477,Sí
2018,11,GUANAJUATO,7,LEON,MORENA_PT,181,113504,101,4673,118278,198253,18641,Sí
2018,11,GUANAJUATO,7,LEON,MORENA_ES,83,113504,101,4673,118278,198253,18258,Sí
2018,11,GUANAJUATO,7,LEON,PT_ES,22,113504,101,4673,118278,198253,3567,Sí
2018,11,GUANAJUATO,7,LEON,PAN_PRD,277,113504,101,4673,118278,198253,64135,Sí
2018,11,GUANAJUATO,8,GUANAJUATO,PAN,28801,91664,87,5279,97030,191337,28801,No
2018,11,GUANAJUATO,8,GUANAJUATO,PRI,19015,91664,87,5279,97030,191337,19015,No
2018,11,GUANAJUATO,8,GUANAJUATO,PRD,2779,91664,87,5279,97030,191337,2779,No
2018,11,GUANAJUATO,8,GUANAJUATO,PVEM,10491,91664,87,5279,97030,191337,10491,No
2018,11,GUANAJUATO,8,GUANAJUATO,PT,2465,91664,87,5279,97030,191337,2465,No
2018,11,GUANAJUATO,8,GUANAJUATO,MC,3011,91664,87,5279,97030,191337,3011,No
2018,11,GUANAJUATO,8,GUANAJUATO,NUAL,4632,91664,87,5279,97030,191337,4632,No
2018,11,GUANAJUATO,8,GUANAJUATO,MORENA,17647,91664,87,5279,97030,191337,17647,No
2018,11,GUANAJUATO,8,GUANAJUATO,ES,1931,91664,87,5279,97030,191337,1931,No
2018,11,GUANAJUATO,8,GUANAJUATO,MORENA_PT_ES,429,91664,87,5279,97030,191337,22472,Sí
2018,11,GUANAJUATO,8,GUANAJUATO,MORENA_PT,142,91664,87,5279,97030,191337,20254,Sí
2018,11,GUANAJUATO,8,GUANAJUATO,MORENA_ES,80,91664,87,5279,97030,191337,19658,Sí
2018,11,GUANAJUATO,8,GUANAJUATO,PT_ES,26,91664,87,5279,97030,191337,4422,Sí
2018,11,GUANAJUATO,8,GUANAJUATO,PAN_PRD,215,91664,87,5279,97030,191337,31795,Sí
2018,11,GUANAJUATO,9,SAN MIGUEL DE ALLENDE,PAN,33039,90956,97,5146,91053,192643,33039,No
2018,11,GUANAJUATO,9,SAN MIGUEL DE ALLENDE,PRI,12241,90956,97,5146,91053,192643,12241,No
2018,11,GUANAJUATO,9,SAN MIGUEL DE ALLENDE,PRD,1734,90956,97,5146,91053,192643,1734,No
2018,11,GUANAJUATO,9,SAN MIGUEL DE ALLENDE,PVEM,11906,90956,97,5146,91053,192643,11906,No
2018,11,GUANAJUATO,9,SAN MIGUEL DE ALLENDE,PT,1990,90956,97,5146,91053,192643,1990,No
2018,11,GUANAJUATO,9,SAN MIGUEL DE ALLENDE,MC,2240,90956,97,5146,91053,192643,2240,No
2018,11,GUANAJUATO,9,SAN MIGUEL DE ALLENDE,NUAL,3996,90956,97,5146,91053,192643,3996,No
2018,11,GUANAJUATO,9,SAN MIGUEL DE ALLENDE,MORENA,20378,90956,97,5146,91053,192643,20378,No
2018,11,GUANAJUATO,9,SAN MIGUEL DE ALLENDE,ES,2657,90956,97,5146,91053,192643,2657,No
2018,11,GUANAJUATO,9,SAN MIGUEL DE ALLENDE,MORENA_PT_ES,312,90956,97,5146,91053,192643,25337,Sí
2018,11,GUANAJUATO,9,SAN MIGUEL DE ALLENDE,MORENA_PT,131,90956,97,5146,91053,192643,22499,Sí
2018,11,GUANAJUATO,9,SAN MIGUEL DE ALLENDE,MORENA_ES,142,90956,97,5146,91053,192643,23177,Sí
2018,11,GUANAJUATO,9,SAN MIGUEL DE ALLENDE,PT_ES,12,90956,97,5146,91053,192643,4659,Sí
2018,11,GUANAJUATO,9,SAN MIGUEL DE ALLENDE,PAN_PRD,178,90956,97,5146,91053,192643,34951,Sí
2018,12,GUANAJUATO,5,LEON,PAN,48607,89317,102,3609,93028,183623,48607,No
2018,12,GUANAJUATO,5,LEON,PRI,10009,89317,102,3609,93028,183623,10009,No
2018,12,GUANAJUATO,5,LEON,PRD,1047,89317,102,3609,93028,183623,1047,No
2018,12,GUANAJUATO,5,LEON,PVEM,8011,89317,102,3609,93028,183623,8011,No
2018,12,GUANAJUATO,5,LEON,PT,1693,89317,102,3609,93028,183623,1693,No
2018,12,GUANAJUATO,5,LEON,MC,2301,89317,102,3609,93028,183623,2301,No
2018,12,GUANAJUATO,5,LEON,NUAL,2059,89317,102,3609,93028,183623,2059,No
2018,12,GUANAJUATO,5,LEON,MORENA,13369,89317,102,3609,93028,183623,13369,No
2018,12,GUANAJUATO,5,LEON,ES,1384,89317,102,3609,93028,183623,1384,No
2018,12,GUANAJUATO,5,LEON,MORENA_PT_ES,320,89317,102,3609,93028,183623,16766,Sí
2018,12,GUANAJUATO,5,LEON,MORENA_PT,198,89317,102,3609,93028,183623,15260,Sí
2018,12,GUANAJUATO,5,LEON,MORENA_ES,89,89317,102,3609,93028,183623,14842,Sí
2018,12,GUANAJUATO,5,LEON,PT_ES,22,89317,102,3609,93028,183623,3099,Sí
2018,12,GUANAJUATO,5,LEON,PAN_PRD,208,89317,102,3609,93028,183623,49862,Sí
2018,12,GUERRERO,1,CHILPANCINGO DE LOS BRAVO,PAN,944,53073,30,2770,55873,90744,944,No
2018,12,GUERRERO,1,CHILPANCINGO DE LOS BRAVO,PRI,10924,53073,30,2770,55873,90744,10924,No
2018,12,GUERRERO,1,CHILPANCINGO DE LOS BRAVO,PRD,5419,53073,30,2770,55873,90744,5419,No
2018,12,GUERRERO,1,CHILPANCINGO DE LOS BRAVO,PVEM,1457,53073,30,2770,55873,90744,1457,No
2018,12,GUERRERO,1,CHILPANCINGO DE LOS BRAVO,PT,2801,53073,30,2770,55873,90744,2801,No
2018,12,GUERRERO,1,CHILPANCINGO DE LOS BRAVO,MC,864,53073,30,2770,55873,90744,864,No
2018,12,GUERRERO,1,CHILPANCINGO DE LOS BRAVO,NUAL,505,53073,30,2770,55873,90744,505,No
2018,12,GUERRERO,1,CHILPANCINGO DE LOS BRAVO,MORENA,25980,53073,30,2770,55873,90744,25980,No
2018,12,GUERRERO,1,CHILPANCINGO DE LOS BRAVO,ES,920,53073,30,2770,55873,90744,920,No
2018,12,GUERRERO,1,CHILPANCINGO DE LOS BRAVO,PPG,1096,53073,30,2770,55873,90744,1096,No
2018,12,GUERRERO,1,CHILPANCINGO DE LOS BRAVO,IHG,214,53073,30,2770,55873,90744,214,No
2018,12,GUERRERO,1,CHILPANCINGO DE LOS BRAVO,CG,591,53073,30,2770,55873,90744,591,No
2018,12,GUERRERO,1,CHILPANCINGO DE LOS BRAVO,PSM,206,53073,30,2770,55873,90744,206,No
2018,12,GUERRERO,1,CHILPANCINGO DE LOS BRAVO,PSG,267,53073,30,2770,55873,90744,267,No
2018,12,GUERRERO,1,CHILPANCINGO DE LOS BRAVO,PAN_PRD_MC,121,53073,30,2770,55873,90744,7348,Sí
2018,12,GUERRERO,1,CHILPANCINGO DE LOS BRAVO,PAN_PRD,68,53073,30,2770,55873,90744,6431,Sí
2018,12,GUERRERO,1,CHILPANCINGO DE LOS BRAVO,PAN_MC,18,53073,30,2770,55873,90744,1826,Sí
2018,12,GUERRERO,1,CHILPANCINGO DE LOS BRAVO,PRD_MC,45,53073,30,2770,55873,90744,6328,Sí
2018,12,GUERRERO,1,CHILPANCINGO DE LOS BRAVO,PRI_PVEM,391,53073,30,2770,55873,90744,12772,Sí
2018,12,GUERRERO,1,CHILPANCINGO DE LOS BRAVO,MORENA_ES,242,53073,30,2770,55873,90744,27142,Sí
2018,12,GUERRERO,10,TECPAN DE GALEANA,PAN,688,52453,17,3481,55951,88132,688,No
2018,12,GUERRERO,10,TECPAN DE GALEANA,PRI,7959,52453,17,3481,55951,88132,7959,No
2018,12,GUERRERO,10,TECPAN DE GALEANA,PRD,11248,52453,17,3481,55951,88132,11248,No
2018,12,GUERRERO,10,TECPAN DE GALEANA,PVEM,2305,52453,17,3481,55951,88132,2305,No
2018,12,GUERRERO,10,TECPAN DE GALEANA,PT,739,52453,17,3481,55951,88132,739,No
2018,12,GUERRERO,10,TECPAN DE GALEANA,MC,939,52453,17,3481,55951,88132,939,No
2018,12,GUERRERO,10,TECPAN DE GALEANA,NUAL,7776,52453,17,3481,55951,88132,7776,No
2018,12,GUERRERO,10,TECPAN DE GALEANA,MORENA,15937,52453,17,3481,55951,88132,15937,No
2018,12,GUERRERO,10,TECPAN DE GALEANA,ES,836,52453,17,3481,55951,88132,836,No
2018,12,GUERRERO,10,TECPAN DE GALEANA,PPG,823,52453,17,3481,55951,88132,823,No
2018,12,GUERRERO,10,TECPAN DE GALEANA,IHG,102,52453,17,3481,55951,88132,102,No
2018,12,GUERRERO,10,TECPAN DE GALEANA,CG,249,52453,17,3481,55951,88132,249,No
2018,12,GUERRERO,10,TECPAN DE GALEANA,PSM,125,52453,17,3481,55951,88132,125,No
2018,12,GUERRERO,10,TECPAN DE GALEANA,PSG,197,52453,17,3481,55951,88132,197,No
2018,12,GUERRERO,10,TECPAN DE GALEANA,PAN_PRD_MC,93,52453,17,3481,55951,88132,12968,Sí
2018,12,GUERRERO,10,TECPAN DE GALEANA,PAN_PRD,58,52453,17,3481,55951,88132,11994,Sí
2018,12,GUERRERO,10,TECPAN DE GALEANA,PAN_MC,20,52453,17,3481,55951,88132,1647,Sí
2018,12,GUERRERO,10,TECPAN DE GALEANA,PRD_MC,61,52453,17,3481,55951,88132,12248,Sí
2018,12,GUERRERO,10,TECPAN DE GALEANA,PRI_PVEM,133,52453,17,3481,55951,88132,10397,Sí
2018,12,GUERRERO,10,TECPAN DE GALEANA,MORENA_ES,198,52453,17,3481,55951,88132,16971,Sí
2018,12,GUERRERO,10,TECPAN DE GALEANA,Candidatura Independiente,1967,52453,17,3481,55951,88132,1967,No
2018,12,GUERRERO,11,ZIHUATANEJO DE AZUETA,PAN,1040,49655,4,2614,52273,89543,1040,No
2018,12,GUERRERO,11,ZIHUATANEJO DE AZUETA,PRI,11943,49655,4,2614,52273,89543,11943,No
2018,12,GUERRERO,11,ZIHUATANEJO DE AZUETA,PRD,11281,49655,4,2614,52273,89543,11281,No
2018,12,GUERRERO,11,ZIHUATANEJO DE AZUETA,PVEM,978,49655,4,2614,52273,89543,978,No
2018,12,GUERRERO,11,ZIHUATANEJO DE AZUETA,PT,1071,49655,4,2614,52273,89543,1071,No
2018,12,GUERRERO,11,ZIHUATANEJO DE AZUETA,MC,1217,49655,4,2614,52273,89543,1217,No
2018,12,GUERRERO,11,ZIHUATANEJO DE AZUETA,NUAL,570,49655,4,2614,52273,89543,570,No
2018,12,GUERRERO,11,ZIHUATANEJO DE AZUETA,MORENA,18391,49655,4,2614,52273,89543,18391,No
2018,12,GUERRERO,11,ZIHUATANEJO DE AZUETA,ES,882,49655,4,2614,52273,89543,882,No
2018,12,GUERRERO,11,ZIHUATANEJO DE AZUETA,PPG,133,49655,4,2614,52273,89543,133,No
2018,12,GUERRERO,11,ZIHUATANEJO DE AZUETA,IHG,136,49655,4,2614,52273,89543,136,No
2018,12,GUERRERO,11,ZIHUATANEJO DE AZUETA,CG,773,49655,4,2614,52273,89543,773,No
2018,12,GUERRERO,11,ZIHUATANEJO DE AZUETA,PSM,81,49655,4,2614,52273,89543,81,No
2018,12,GUERRERO,11,ZIHUATANEJO DE AZUETA,PSG,316,49655,4,2614,52273,89543,316,No
2018,12,GUERRERO,11,ZIHUATANEJO DE AZUETA,PAN_PRD_MC,86,49655,4,2614,52273,89543,13624,Sí
2018,12,GUERRERO,11,ZIHUATANEJO DE AZUETA,PAN_PRD,104,49655,4,2614,52273,89543,12425,Sí
2018,12,GUERRERO,11,ZIHUATANEJO DE AZUETA,PAN_MC,8,49655,4,2614,52273,89543,2265,Sí
2018,12,GUERRERO,11,ZIHUATANEJO DE AZUETA,PRD_MC,83,49655,4,2614,52273,89543,12581,Sí
2018,12,GUERRERO,11,ZIHUATANEJO DE AZUETA,PRI_PVEM,358,49655,4,2614,52273,89543,13279,Sí
2018,12,GUERRERO,11,ZIHUATANEJO DE AZUETA,MORENA_ES,204,49655,4,2614,52273,89543,19477,Sí
2018,12,GUERRERO,12,ZIHUATANEJO DE AZUETA,PAN,752,51538,68,2955,54561,85593,752,No
2018,12,GUERRERO,12,ZIHUATANEJO DE AZUETA,PRI,11299,51538,68,2955,54561,85593,11299,No
2018,12,GUERRERO,12,ZIHUATANEJO DE AZUETA,PRD,12764,51538,68,2955,54561,85593,12764,No
2018,12,GUERRERO,12,ZIHUATANEJO DE AZUETA,PVEM,5540,51538,68,2955,54561,85593,5540,No
2018,12,GUERRERO,12,ZIHUATANEJO DE AZUETA,PT,886,51538,68,2955,54561,85593,886,No
2018,12,GUERRERO,12,ZIHUATANEJO DE AZUETA,MC,1180,51538,68,2955,54561,85593,1180,No
2018,12,GUERRERO,12,ZIHUATANEJO DE AZUETA,NUAL,323,51538,68,2955,54561,85593,323,No
2018,12,GUERRERO,12,ZIHUATANEJO DE AZUETA,MORENA,15952,51538,68,2955,54561,85593,15952,No
2018,12,GUERRERO,12,ZIHUATANEJO DE AZUETA,ES,537,51538,68,2955,54561,85593,537,No
2018,12,GUERRERO,12,ZIHUATANEJO DE AZUETA,PPG,229,51538,68,2955,54561,85593,229,No
2018,12,GUERRERO,12,ZIHUATANEJO DE AZUETA,IHG,138,51538,68,2955,54561,85593,138,No
2018,12,GUERRERO,12,ZIHUATANEJO DE AZUETA,CG,483,51538,68,2955,54561,85593,483,No
2018,12,GUERRERO,12,ZIHUATANEJO DE AZUETA,PSM,43,51538,68,2955,54561,85593,43,No
2018,12,GUERRERO,12,ZIHUATANEJO DE AZUETA,PSG,89,51538,68,2955,54561,85593,89,No
2018,12,GUERRERO,12,ZIHUATANEJO DE AZUETA,PAN_PRD_MC,216,51538,68,2955,54561,85593,14912,Sí
2018,12,GUERRERO,12,ZIHUATANEJO DE AZUETA,PAN_PRD,52,51538,68,2955,54561,85593,13568,Sí
2018,12,GUERRERO,12,ZIHUATANEJO DE AZUETA,PAN_MC,17,51538,68,2955,54561,85593,1949,Sí
2018,12,GUERRERO,12,ZIHUATANEJO DE AZUETA,PRD_MC,76,51538,68,2955,54561,85593,14020,Sí
2018,12,GUERRERO,12,ZIHUATANEJO DE AZUETA,PRI_PVEM,717,51538,68,2955,54561,85593,17556,Sí
2018,12,GUERRERO,12,ZIHUATANEJO DE AZUETA,MORENA_ES,245,51538,68,2955,54561,85593,16734,Sí
2018,12,GUERRERO,13,SAN MARCOS,PAN,3349,56519,15,3613,60147,85460,3349,No
2018,12,GUERRERO,13,SAN MARCOS,PRI,4785,56519,15,3613,60147,85460,4785,No
2018,12,GUERRERO,13,SAN MARCOS,PRD,12164,56519,15,3613,60147,85460,12164,No
2018,12,GUERRERO,13,SAN MARCOS,PVEM,14158,56519,15,3613,60147,85460,14158,No
2018,12,GUERRERO,13,SAN MARCOS,PT,859,56519,15,3613,60147,85460,859,No
2018,12,GUERRERO,13,SAN MARCOS,MC,1675,56519,15,3613,60147,85460,1675,No
2018,12,GUERRERO,13,SAN MARCOS,NUAL,510,56519,15,3613,60147,85460,510,No
2018,12,GUERRERO,13,SAN MARCOS,MORENA,15127,56519,15,3613,60147,85460,15127,No
2018,12,GUERRERO,13,SAN MARCOS,ES,1093,56519,15,3613,60147,85460,1093,No
2018,12,GUERRERO,13,SAN MARCOS,PPG,999,56519,15,3613,60147,85460,999,No
2018,12,GUERRERO,13,SAN MARCOS,IHG,42,56519,15,3613,60147,85460,42,No
2018,12,GUERRERO,13,SAN MARCOS,CG,109,56519,15,3613,60147,85460,109,No
2018,12,GUERRERO,13,SAN MARCOS,PSM,194,56519,15,3613,60147,85460,194,No
2018,12,GUERRERO,13,SAN MARCOS,PSG,291,56519,15,3613,60147,85460,291,No
2018,12,GUERRERO,13,SAN MARCOS,PAN_PRD_MC,117,56519,15,3613,60147,85460,17305,Sí
2018,12,GUERRERO,13,SAN MARCOS,PAN_PRD,113,56519,15,3613,60147,85460,15626,Sí
2018,12,GUERRERO,13,SAN MARCOS,PAN_MC,41,56519,15,3613,60147,85460,5065,Sí
2018,12,GUERRERO,13,SAN MARCOS,PRD_MC,136,56519,15,3613,60147,85460,13975,Sí
2018,12,GUERRERO,13,SAN MARCOS,PRI_PVEM,557,56519,15,3613,60147,85460,19500,Sí
2018,12,GUERRERO,13,SAN MARCOS,MORENA_ES,200,56519,15,3613,60147,85460,16420,Sí
2018,12,GUERRERO,14,AYUTLA DE LOS LIBRES,PAN,563,47784,1,3663,51448,79430,563,No
2018,12,GUERRERO,14,AYUTLA DE LOS LIBRES,PRI,4174,47784,1,3663,51448,79430,4174,No
2018,12,GUERRERO,14,AYUTLA DE LOS LIBRES,PRD,8401,47784,1,3663,51448,79430,8401,No
2018,12,GUERRERO,14,AYUTLA DE LOS LIBRES,PVEM,9109,47784,1,3663,51448,79430,9109,No
2018,12,GUERRERO,14,AYUTLA DE LOS LIBRES,PT,1933,47784,1,3663,51448,79430,1933,No
2018,12,GUERRERO,14,AYUTLA DE LOS LIBRES,MC,819,47784,1,3663,51448,79430,819,No
2018,12,GUERRERO,14,AYUTLA DE LOS LIBRES,NUAL,1183,47784,1,3663,51448,79430,1183,No
2018,12,GUERRERO,14,AYUTLA DE LOS LIBRES,MORENA,18849,47784,1,3663,51448,79430,18849,No
2018,12,GUERRERO,14,AYUTLA DE LOS LIBRES,ES,455,47784,1,3663,51448,79430,455,No
2018,12,GUERRERO,14,AYUTLA DE LOS LIBRES,PPG,283,47784,1,3663,51448,79430,283,No
2018,12,GUERRERO,14,AYUTLA DE LOS LIBRES,IHG,347,47784,1,3663,51448,79430,347,No
2018,12,GUERRERO,14,AYUTLA DE LOS LIBRES,CG,542,47784,1,3663,51448,79430,542,No
2018,12,GUERRERO,14,AYUTLA DE LOS LIBRES,PSM,180,47784,1,3663,51448,79430,180,No
2018,12,GUERRERO,14,AYUTLA DE LOS LIBRES,PSG,160,47784,1,3663,51448,79430,160,No
2018,12,GUERRERO,14,AYUTLA DE LOS LIBRES,PAN_PRD_MC,37,47784,1,3663,51448,79430,9820,Sí
2018,12,GUERRERO,14,AYUTLA DE LOS LIBRES,PAN_PRD,67,47784,1,3663,51448,79430,9031,Sí
2018,12,GUERRERO,14,AYUTLA DE LOS LIBRES,PAN_MC,13,47784,1,3663,51448,79430,1395,Sí
2018,12,GUERRERO,14,AYUTLA DE LOS LIBRES,PRD_MC,42,47784,1,3663,51448,79430,9262,Sí
2018,12,GUERRERO,14,AYUTLA DE LOS LIBRES,PRI_PVEM,627,47784,1,3663,51448,79430,13910,Sí
2018,12,GUERRERO,15,SAN LUIS ACATLAN,PAN,2254,51680,1,3354,55035,79695,2254,No
2018,12,GUERRERO,15,SAN LUIS ACATLAN,PRI,10371,51680,1,3354,55035,79695,10371,No
2018,12,GUERRERO,15,SAN LUIS ACATLAN,PRD,3540,51680,1,3354,55035,79695,3540,No
2018,12,GUERRERO,15,SAN LUIS ACATLAN,PVEM,4640,51680,1,3354,55035,79695,4640,No
2018,12,GUERRERO,15,SAN LUIS ACATLAN,PT,2893,51680,1,3354,55035,79695,2893,No
2018,12,GUERRERO,15,SAN LUIS ACATLAN,MC,4084,51680,1,3354,55035,79695,4084,No
2018,12,GUERRERO,15,SAN LUIS ACATLAN,NUAL,506,51680,1,3354,55035,79695,506,No
2018,12,GUERRERO,15,SAN LUIS ACATLAN,MORENA,19402,51680,1,3354,55035,79695,19402,No
2018,12,GUERRERO,15,SAN LUIS ACATLAN,ES,758,51680,1,3354,55035,79695,758,No
2018,12,GUERRERO,15,SAN LUIS ACATLAN,PPG,1789,51680,1,3354,55035,79695,1789,No
2018,12,GUERRERO,15,SAN LUIS ACATLAN,IHG,193,51680,1,3354,55035,79695,193,No
2018,12,GUERRERO,15,SAN LUIS ACATLAN,CG,313,51680,1,3354,55035,79695,313,No
2018,12,GUERRERO,15,SAN LUIS ACATLAN,PSM,350,51680,1,3354,55035,79695,350,No
2018,12,GUERRERO,15,SAN LUIS ACATLAN,PSG,150,51680,1,3354,55035,79695,150,No
2018,12,GUERRERO,15,SAN LUIS ACATLAN,PAN_PRD_MC,60,51680,1,3354,55035,79695,9938,Sí
2018,12,GUERRERO,15,SAN LUIS ACATLAN,PAN_PRD,30,51680,1,3354,55035,79695,5824,Sí
2018,12,GUERRERO,15,SAN LUIS ACATLAN,PAN_MC,15,51680,1,3354,55035,79695,6353,Sí
2018,12,GUERRERO,15,SAN LUIS ACATLAN,PRD_MC,52,51680,1,3354,55035,79695,7676,Sí
2018,12,GUERRERO,15,SAN LUIS ACATLAN,PRI_PVEM,280,51680,1,3354,55035,79695,15291,Sí
2018,12,GUERRERO,16,OMETEPEC,PAN,2246,53459,3,3887,57349,78231,2246,No
2018,12,GUERRERO,16,OMETEPEC,PRI,11451,53459,3,3887,57349,78231,11451,No
2018,12,GUERRERO,16,OMETEPEC,PRD,3912,53459,3,3887,57349,78231,3912,No
2018,12,GUERRERO,16,OMETEPEC,PVEM,1124,53459,3,3887,57349,78231,1124,No
2018,12,GUERRERO,16,OMETEPEC,PT,12441,53459,3,3887,57349,78231,12441,No
2018,12,GUERRERO,16,OMETEPEC,MC,689,53459,3,3887,57349,78231,689,No
2018,12,GUERRERO,16,OMETEPEC,NUAL,733,53459,3,3887,57349,78231,733,No
2018,12,GUERRERO,16,OMETEPEC,MORENA,14116,53459,3,3887,57349,78231,14116,No
2018,12,GUERRERO,16,OMETEPEC,ES,1453,53459,3,3887,57349,78231,1453,No
2018,12,GUERRERO,16,OMETEPEC,PPG,3610,53459,3,3887,57349,78231,3610,No
2018,12,GUERRERO,16,OMETEPEC,IHG,93,53459,3,3887,57349,78231,93,No
2018,12,GUERRERO,16,OMETEPEC,CG,57,53459,3,3887,57349,78231,57,No
2018,12,GUERRERO,16,OMETEPEC,PSM,1142,53459,3,3887,57349,78231,1142,No
2018,12,GUERRERO,16,OMETEPEC,PSG,108,53459,3,3887,57349,78231,108,No
2018,12,GUERRERO,16,OMETEPEC,PAN_PRD_MC,30,53459,3,3887,57349,78231,6877,Sí
2018,12,GUERRERO,16,OMETEPEC,PAN_PRD,37,53459,3,3887,57349,78231,6195,Sí
2018,12,GUERRERO,16,OMETEPEC,PAN_MC,6,53459,3,3887,57349,78231,2941,Sí
2018,12,GUERRERO,16,OMETEPEC,PRD_MC,29,53459,3,3887,57349,78231,4630,Sí
2018,12,GUERRERO,16,OMETEPEC,PRI_PVEM,182,53459,3,3887,57349,78231,12757,Sí
2018,12,GUERRERO,17,COYUCA DE CATALAN,PAN,585,48701,61,2717,51479,86636,585,No
2018,12,GUERRERO,17,COYUCA DE CATALAN,PRI,11308,48701,61,2717,51479,86636,11308,No
2018,12,GUERRERO,17,COYUCA DE CATALAN,PRD,15063,48701,61,2717,51479,86636,15063,No
2018,12,GUERRERO,17,COYUCA DE CATALAN,PVEM,540,48701,61,2717,51479,86636,540,No
2018,12,GUERRERO,17,COYUCA DE CATALAN,PT,570,48701,61,2717,51479,86636,570,No
2018,12,GUERRERO,17,COYUCA DE CATALAN,MC,853,48701,61,2717,51479,86636,853,No
2018,12,GUERRERO,17,COYUCA DE CATALAN,NUAL,239,48701,61,2717,51479,86636,239,No
2018,12,GUERRERO,17,COYUCA DE CATALAN,MORENA,19133,48701,61,2717,51479,86636,19133,No
2018,12,GUERRERO,17,COYUCA DE CATALAN,PPG,71,48701,61,2717,51479,86636,71,No
2018,12,GUERRERO,17,COYUCA DE CATALAN,IHG,9,48701,61,2717,51479,86636,9,No
2018,12,GUERRERO,17,COYUCA DE CATALAN,CG,18,48701,61,2717,51479,86636,18,No
2018,12,GUERRERO,17,COYUCA DE CATALAN,PSM,12,48701,61,2717,51479,86636,12,No
2018,12,GUERRERO,17,COYUCA DE CATALAN,PAN_PRD_MC,108,48701,61,2717,51479,86636,16609,Sí
2018,12,GUERRERO,17,COYUCA DE CATALAN,PAN_PRD,49,48701,61,2717,51479,86636,15697,Sí
2018,12,GUERRERO,17,COYUCA DE CATALAN,PAN_MC,11,48701,61,2717,51479,86636,1449,Sí
2018,12,GUERRERO,17,COYUCA DE CATALAN,PRD_MC,43,48701,61,2717,51479,86636,15959,Sí
2018,12,GUERRERO,17,COYUCA DE CATALAN,PRI_PVEM,89,48701,61,2717,51479,86636,11937,Sí
2018,12,GUERRERO,18,PUNGARABATO,PAN,1336,58043,20,3116,61179,96914,1336,No
2018,12,GUERRERO,18,PUNGARABATO,PRI,11314,58043,20,3116,61179,96914,11314,No
2018,12,GUERRERO,18,PUNGARABATO,PRD,26285,58043,20,3116,61179,96914,26285,No
2018,12,GUERRERO,18,PUNGARABATO,PVEM,669,58043,20,3116,61179,96914,669,No
2018,12,GUERRERO,18,PUNGARABATO,PT,816,58043,20,3116,61179,96914,816,No
2018,12,GUERRERO,18,PUNGARABATO,MC,819,58043,20,3116,61179,96914,819,No
2018,12,GUERRERO,18,PUNGARABATO,NUAL,228,58043,20,3116,61179,96914,228,No
2018,12,GUERRERO,18,PUNGARABATO,MORENA,15260,58043,20,3116,61179,96914,15260,No
2018,12,GUERRERO,18,PUNGARABATO,ES,332,58043,20,3116,61179,96914,332,No
2018,12,GUERRERO,18,PUNGARABATO,PPG,93,58043,20,3116,61179,96914,93,No
2018,12,GUERRERO,18,PUNGARABATO,IHG,48,58043,20,3116,61179,96914,48,No
2018,12,GUERRERO,18,PUNGARABATO,CG,217,58043,20,3116,61179,96914,217,No
2018,12,GUERRERO,18,PUNGARABATO,PSM,27,58043,20,3116,61179,96914,27,No
2018,12,GUERRERO,18,PUNGARABATO,PSG,35,58043,20,3116,61179,96914,35,No
2018,12,GUERRERO,18,PUNGARABATO,PAN_PRD_MC,88,58043,20,3116,61179,96914,28528,Sí
2018,12,GUERRERO,18,PUNGARABATO,PAN_PRD,83,58043,20,3116,61179,96914,27704,Sí
2018,12,GUERRERO,18,PUNGARABATO,PAN_MC,9,58043,20,3116,61179,96914,2164,Sí
2018,12,GUERRERO,18,PUNGARABATO,PRD_MC,57,58043,20,3116,61179,96914,27161,Sí
2018,12,GUERRERO,18,PUNGARABATO,PRI_PVEM,194,58043,20,3116,61179,96914,12177,Sí
2018,12,GUERRERO,18,PUNGARABATO,MORENA_ES,133,58043,20,3116,61179,96914,15725,Sí
2018,12,GUERRERO,19,EDUARDO NERI,PAN,1450,43435,10,2793,46238,76034,1450,No
2018,12,GUERRERO,19,EDUARDO NERI,PRI,16021,43435,10,2793,46238,76034,16021,No
2018,12,GUERRERO,19,EDUARDO NERI,PRD,3853,43435,10,2793,46238,76034,3853,No
2018,12,GUERRERO,19,EDUARDO NERI,PVEM,765,43435,10,2793,46238,76034,765,No
2018,12,GUERRERO,19,EDUARDO NERI,PT,5802,43435,10,2793,46238,76034,5802,No
2018,12,GUERRERO,19,EDUARDO NERI,MC,718,43435,10,2793,46238,76034,718,No
2018,12,GUERRERO,19,EDUARDO NERI,NUAL,1859,43435,10,2793,46238,76034,1859,No
2018,12,GUERRERO,19,EDUARDO NERI,MORENA,10334,43435,10,2793,46238,76034,10334,No
2018,12,GUERRERO,19,EDUARDO NERI,ES,321,43435,10,2793,46238,76034,321,No
2018,12,GUERRERO,19,EDUARDO NERI,PPG,203,43435,10,2793,46238,76034,203,No
2018,12,GUERRERO,19,EDUARDO NERI,CG,1267,43435,10,2793,46238,76034,1267,No
2018,12,GUERRERO,19,EDUARDO NERI,PSM,49,43435,10,2793,46238,76034,49,No
2018,12,GUERRERO,19,EDUARDO NERI,PAN_PRD_MC,76,43435,10,2793,46238,76034,6097,Sí
2018,12,GUERRERO,19,EDUARDO NERI,PAN_PRD,112,43435,10,2793,46238,76034,5415,Sí
2018,12,GUERRERO,19,EDUARDO NERI,PAN_MC,17,43435,10,2793,46238,76034,2185,Sí
2018,12,GUERRERO,19,EDUARDO NERI,PRD_MC,38,43435,10,2793,46238,76034,4609,Sí
2018,12,GUERRERO,19,EDUARDO NERI,PRI_PVEM,550,43435,10,2793,46238,76034,17336,Sí
2018,12,GUERRERO,2,CHILPANCINGO DE LOS BRAVO,PAN,1266,61086,62,2807,63955,101628,1266,No
2018,12,GUERRERO,2,CHILPANCINGO DE LOS BRAVO,PRI,12274,61086,62,2807,63955,101628,12274,No
2018,12,GUERRERO,2,CHILPANCINGO DE LOS BRAVO,PRD,5618,61086,62,2807,63955,101628,5618,No
2018,12,GUERRERO,2,CHILPANCINGO DE LOS BRAVO,PVEM,1564,61086,62,2807,63955,101628,1564,No
2018,12,GUERRERO,2,CHILPANCINGO DE LOS BRAVO,PT,2233,61086,62,2807,63955,101628,2233,No
2018,12,GUERRERO,2,CHILPANCINGO DE LOS BRAVO,MC,1607,61086,62,2807,63955,101628,1607,No
2018,12,GUERRERO,2,CHILPANCINGO DE LOS BRAVO,NUAL,538,61086,62,2807,63955,101628,538,No
2018,12,GUERRERO,2,CHILPANCINGO DE LOS BRAVO,MORENA,29938,61086,62,2807,63955,101628,29938,No
2018,12,GUERRERO,2,CHILPANCINGO DE LOS BRAVO,ES,970,61086,62,2807,63955,101628,970,No
2018,12,GUERRERO,2,CHILPANCINGO DE LOS BRAVO,PPG,1015,61086,62,2807,63955,101628,1015,No
2018,12,GUERRERO,2,CHILPANCINGO DE LOS BRAVO,IHG,209,61086,62,2807,63955,101628,209,No
2018,12,GUERRERO,2,CHILPANCINGO DE LOS BRAVO,CG,1186,61086,62,2807,63955,101628,1186,No
2018,12,GUERRERO,2,CHILPANCINGO DE LOS BRAVO,PSM,162,61086,62,2807,63955,101628,162,No
2018,12,GUERRERO,2,CHILPANCINGO DE LOS BRAVO,PSG,272,61086,62,2807,63955,101628,272,No
2018,12,GUERRERO,2,CHILPANCINGO DE LOS BRAVO,PAN_PRD_MC,180,61086,62,2807,63955,101628,8671,Sí
2018,12,GUERRERO,2,CHILPANCINGO DE LOS BRAVO,PAN_PRD,86,61086,62,2807,63955,101628,6970,Sí
2018,12,GUERRERO,2,CHILPANCINGO DE LOS BRAVO,PAN_MC,28,61086,62,2807,63955,101628,2901,Sí
2018,12,GUERRERO,2,CHILPANCINGO DE LOS BRAVO,PRD_MC,76,61086,62,2807,63955,101628,7301,Sí
2018,12,GUERRERO,2,CHILPANCINGO DE LOS BRAVO,PRI_PVEM,412,61086,62,2807,63955,101628,14250,Sí
2018,12,GUERRERO,2,CHILPANCINGO DE LOS BRAVO,MORENA_ES,397,61086,62,2807,63955,101628,31305,Sí
2018,12,GUERRERO,2,CHILPANCINGO DE LOS BRAVO,Candidatura Independiente,1055,61086,62,2807,63955,101628,1055,No
2018,12,GUERRERO,20,TELOLOAPAN,PAN,718,47305,17,3258,50580,78754,718,No
2018,12,GUERRERO,20,TELOLOAPAN,PRI,11343,47305,17,3258,50580,78754,11343,No
2018,12,GUERRERO,20,TELOLOAPAN,PRD,16016,47305,17,3258,50580,78754,16016,No
2018,12,GUERRERO,20,TELOLOAPAN,PVEM,816,47305,17,3258,50580,78754,816,No
2018,12,GUERRERO,20,TELOLOAPAN,PT,1437,47305,17,3258,50580,78754,1437,No
2018,12,GUERRERO,20,TELOLOAPAN,MC,6939,47305,17,3258,50580,78754,6939,No
2018,12,GUERRERO,20,TELOLOAPAN,NUAL,2011,47305,17,3258,50580,78754,2011,No
2018,12,GUERRERO,20,TELOLOAPAN,MORENA,5870,47305,17,3258,50580,78754,5870,No
2018,12,GUERRERO,20,TELOLOAPAN,ES,342,47305,17,3258,50580,78754,342,No
2018,12,GUERRERO,20,TELOLOAPAN,PPG,411,47305,17,3258,50580,78754,411,No
2018,12,GUERRERO,20,TELOLOAPAN,IHG,128,47305,17,3258,50580,78754,128,No
2018,12,GUERRERO,20,TELOLOAPAN,CG,54,47305,17,3258,50580,78754,54,No
2018,12,GUERRERO,20,TELOLOAPAN,PSM,773,47305,17,3258,50580,78754,773,No
2018,12,GUERRERO,20,TELOLOAPAN,PSG,58,47305,17,3258,50580,78754,58,No
2018,12,GUERRERO,20,TELOLOAPAN,PRI_PVEM,282,47305,17,3258,50580,78754,12441,Sí
2018,12,GUERRERO,20,TELOLOAPAN,C_COMUN_PAN_PRD,107,47305,17,3258,50580,78754,16841,Sí
2018,12,GUERRERO,21,TAXCO DE ALARCON,PAN,11584,61597,15,3107,64719,99902,11584,No
2018,12,GUERRERO,21,TAXCO DE ALARCON,PRI,14748,61597,15,3107,64719,99902,14748,No
2018,12,GUERRERO,21,TAXCO DE ALARCON,PRD,3456,61597,15,3107,64719,99902,3456,No
2018,12,GUERRERO,21,TAXCO DE ALARCON,PVEM,3064,61597,15,3107,64719,99902,3064,No
2018,12,GUERRERO,21,TAXCO DE ALARCON,PT,2463,61597,15,3107,64719,99902,2463,No
2018,12,GUERRERO,21,TAXCO DE ALARCON,MC,1703,61597,15,3107,64719,99902,1703,No
2018,12,GUERRERO,21,TAXCO DE ALARCON,NUAL,3294,61597,15,3107,64719,99902,3294,No
2018,12,GUERRERO,21,TAXCO DE ALARCON,MORENA,14446,61597,15,3107,64719,99902,14446,No
2018,12,GUERRERO,21,TAXCO DE ALARCON,ES,748,61597,15,3107,64719,99902,748,No
2018,12,GUERRERO,21,TAXCO DE ALARCON,PPG,2434,61597,15,3107,64719,99902,2434,No
2018,12,GUERRERO,21,TAXCO DE ALARCON,IHG,1106,61597,15,3107,64719,99902,1106,No
2018,12,GUERRERO,21,TAXCO DE ALARCON,CG,801,61597,15,3107,64719,99902,801,No
2018,12,GUERRERO,21,TAXCO DE ALARCON,PSM,522,61597,15,3107,64719,99902,522,No
2018,12,GUERRERO,21,TAXCO DE ALARCON,PSG,164,61597,15,3107,64719,99902,164,No
2018,12,GUERRERO,21,TAXCO DE ALARCON,PAN_PRD_MC,225,61597,15,3107,64719,99902,16968,Sí
2018,12,GUERRERO,21,TAXCO DE ALARCON,PAN_PRD,159,61597,15,3107,64719,99902,15199,Sí
2018,12,GUERRERO,21,TAXCO DE ALARCON,PAN_MC,85,61597,15,3107,64719,99902,13372,Sí
2018,12,GUERRERO,21,TAXCO DE ALARCON,PRD_MC,32,61597,15,3107,64719,99902,5191,Sí
2018,12,GUERRERO,21,TAXCO DE ALARCON,PRI_PVEM,423,61597,15,3107,64719,99902,18235,Sí
2018,12,GUERRERO,21,TAXCO DE ALARCON,MORENA_ES,140,61597,15,3107,64719,99902,15334,Sí
2018,12,GUERRERO,22,IGUALA DE LA INDEPENDENCIA,PAN,2013,55328,30,2398,57756,96858,2013,No
2018,12,GUERRERO,22,IGUALA DE LA INDEPENDENCIA,PRI,12468,55328,30,2398,57756,96858,12468,No
2018,12,GUERRERO,22,IGUALA DE LA INDEPENDENCIA,PRD,11320,55328,30,2398,57756,96858,11320,No
2018,12,GUERRERO,22,IGUALA DE LA INDEPENDENCIA,PVEM,1486,55328,30,2398,57756,96858,1486,No
2018,12,GUERRERO,22,IGUALA DE LA INDEPENDENCIA,PT,2922,55328,30,2398,57756,96858,2922,No
2018,12,GUERRERO,22,IGUALA DE LA INDEPENDENCIA,MC,1406,55328,30,2398,57756,96858,1406,No
2018,12,GUERRERO,22,IGUALA DE LA INDEPENDENCIA,NUAL,871,55328,30,2398,57756,96858,871,No
2018,12,GUERRERO,22,IGUALA DE LA INDEPENDENCIA,MORENA,18172,55328,30,2398,57756,96858,18172,No
2018,12,GUERRERO,22,IGUALA DE LA INDEPENDENCIA,ES,966,55328,30,2398,57756,96858,966,No
2018,12,GUERRERO,22,IGUALA DE LA INDEPENDENCIA,PPG,247,55328,30,2398,57756,96858,247,No
2018,12,GUERRERO,22,IGUALA DE LA INDEPENDENCIA,IHG,1556,55328,30,2398,57756,96858,1556,No
2018,12,GUERRERO,22,IGUALA DE LA INDEPENDENCIA,CG,300,55328,30,2398,57756,96858,300,No
2018,12,GUERRERO,22,IGUALA DE LA INDEPENDENCIA,PSM,229,55328,30,2398,57756,96858,229,No
2018,12,GUERRERO,22,IGUALA DE LA INDEPENDENCIA,PSG,279,55328,30,2398,57756,96858,279,No
2018,12,GUERRERO,22,IGUALA DE LA INDEPENDENCIA,PAN_PRD_MC,231,55328,30,2398,57756,96858,14970,Sí
2018,12,GUERRERO,22,IGUALA DE LA INDEPENDENCIA,PAN_PRD,90,55328,30,2398,57756,96858,13423,Sí
2018,12,GUERRERO,22,IGUALA DE LA INDEPENDENCIA,PAN_MC,22,55328,30,2398,57756,96858,3441,Sí
2018,12,GUERRERO,22,IGUALA DE LA INDEPENDENCIA,PRD_MC,90,55328,30,2398,57756,96858,12816,Sí
2018,12,GUERRERO,22,IGUALA DE LA INDEPENDENCIA,PRI_PVEM,418,55328,30,2398,57756,96858,14372,Sí
2018,12,GUERRERO,22,IGUALA DE LA INDEPENDENCIA,MORENA_ES,242,55328,30,2398,57756,96858,19380,Sí
2018,12,GUERRERO,23,HUITZUCO DE LOS FIGUEROA,PAN,6001,54750,29,3371,58150,94180,6001,No
2018,12,GUERRERO,23,HUITZUCO DE LOS FIGUEROA,PRI,13776,54750,29,3371,58150,94180,13776,No
2018,12,GUERRERO,23,HUITZUCO DE LOS FIGUEROA,PRD,4828,54750,29,3371,58150,94180,4828,No
2018,12,GUERRERO,23,HUITZUCO DE LOS FIGUEROA,PVEM,3655,54750,29,3371,58150,94180,3655,No
2018,12,GUERRERO,23,HUITZUCO DE LOS FIGUEROA,PT,3479,54750,29,3371,58150,94180,3479,No
2018,12,GUERRERO,23,HUITZUCO DE LOS FIGUEROA,MC,2955,54750,29,3371,58150,94180,2955,No
2018,12,GUERRERO,23,HUITZUCO DE LOS FIGUEROA,NUAL,2307,54750,29,3371,58150,94180,2307,No
2018,12,GUERRERO,23,HUITZUCO DE LOS FIGUEROA,MORENA,13447,54750,29,3371,58150,94180,13447,No
2018,12,GUERRERO,23,HUITZUCO DE LOS FIGUEROA,ES,1121,54750,29,3371,58150,94180,1121,No
2018,12,GUERRERO,23,HUITZUCO DE LOS FIGUEROA,PPG,497,54750,29,3371,58150,94180,497,No
2018,12,GUERRERO,23,HUITZUCO DE LOS FIGUEROA,IHG,764,54750,29,3371,58150,94180,764,No
2018,12,GUERRERO,23,HUITZUCO DE LOS FIGUEROA,CG,947,54750,29,3371,58150,94180,947,No
2018,12,GUERRERO,23,HUITZUCO DE LOS FIGUEROA,PSG,131,54750,29,3371,58150,94180,131,No
2018,12,GUERRERO,23,HUITZUCO DE LOS FIGUEROA,PAN_PRD_MC,85,54750,29,3371,58150,94180,13869,Sí
2018,12,GUERRERO,23,HUITZUCO DE LOS FIGUEROA,PAN_PRD,164,54750,29,3371,58150,94180,10993,Sí
2018,12,GUERRERO,23,HUITZUCO DE LOS FIGUEROA,PAN_MC,38,54750,29,3371,58150,94180,8994,Sí
2018,12,GUERRERO,23,HUITZUCO DE LOS FIGUEROA,PRD_MC,54,54750,29,3371,58150,94180,7837,Sí
2018,12,GUERRERO,23,HUITZUCO DE LOS FIGUEROA,PRI_PVEM,501,54750,29,3371,58150,94180,17932,Sí
2018,12,GUERRERO,24,TIXTLA DE GUERRERO,PAN,1572,55642,12,4329,59983,92637,1572,No
2018,12,GUERRERO,24,TIXTLA DE GUERRERO,PRI,8874,55642,12,4329,59983,92637,8874,No
2018,12,GUERRERO,24,TIXTLA DE GUERRERO,PRD,19678,55642,12,4329,59983,92637,19678,No
2018,12,GUERRERO,24,TIXTLA DE GUERRERO,PVEM,2138,55642,12,4329,59983,92637,2138,No
2018,12,GUERRERO,24,TIXTLA DE GUERRERO,PT,1608,55642,12,4329,59983,92637,1608,No
2018,12,GUERRERO,24,TIXTLA DE GUERRERO,MC,5163,55642,12,4329,59983,92637,5163,No
2018,12,GUERRERO,24,TIXTLA DE GUERRERO,NUAL,783,55642,12,4329,59983,92637,783,No
2018,12,GUERRERO,24,TIXTLA DE GUERRERO,MORENA,12294,55642,12,4329,59983,92637,12294,No
2018,12,GUERRERO,24,TIXTLA DE GUERRERO,ES,1027,55642,12,4329,59983,92637,1027,No
2018,12,GUERRERO,24,TIXTLA DE GUERRERO,PPG,297,55642,12,4329,59983,92637,297,No
2018,12,GUERRERO,24,TIXTLA DE GUERRERO,IHG,158,55642,12,4329,59983,92637,158,No
2018,12,GUERRERO,24,TIXTLA DE GUERRERO,CG,242,55642,12,4329,59983,92637,242,No
2018,12,GUERRERO,24,TIXTLA DE GUERRERO,PSM,254,55642,12,4329,59983,92637,254,No
2018,12,GUERRERO,24,TIXTLA DE GUERRERO,PSG,489,55642,12,4329,59983,92637,489,No
2018,12,GUERRERO,24,TIXTLA DE GUERRERO,PAN_PRD_MC,211,55642,12,4329,59983,92637,26624,Sí
2018,12,GUERRERO,24,TIXTLA DE GUERRERO,PAN_PRD,129,55642,12,4329,59983,92637,21379,Sí
2018,12,GUERRERO,24,TIXTLA DE GUERRERO,PAN_MC,57,55642,12,4329,59983,92637,6792,Sí
2018,12,GUERRERO,24,TIXTLA DE GUERRERO,PRD_MC,176,55642,12,4329,59983,92637,25017,Sí
2018,12,GUERRERO,24,TIXTLA DE GUERRERO,PRI_PVEM,307,55642,12,4329,59983,92637,11319,Sí
2018,12,GUERRERO,24,TIXTLA DE GUERRERO,MORENA_ES,185,55642,12,4329,59983,92637,13506,Sí
2018,12,GUERRERO,25,CHILAPA DE ALVAREZ,PAN,1333,53998,4,4483,58485,97167,1333,No
2018,12,GUERRERO,25,CHILAPA DE ALVAREZ,PRI,16087,53998,4,4483,58485,97167,16087,No
2018,12,GUERRERO,25,CHILAPA DE ALVAREZ,PRD,12966,53998,4,4483,58485,97167,12966,No
2018,12,GUERRERO,25,CHILAPA DE ALVAREZ,PVEM,757,53998,4,4483,58485,97167,757,No
2018,12,GUERRERO,25,CHILAPA DE ALVAREZ,PT,2480,53998,4,4483,58485,97167,2480,No
2018,12,GUERRERO,25,CHILAPA DE ALVAREZ,MC,868,53998,4,4483,58485,97167,868,No
2018,12,GUERRERO,25,CHILAPA DE ALVAREZ,NUAL,599,53998,4,4483,58485,97167,599,No
2018,12,GUERRERO,25,CHILAPA DE ALVAREZ,MORENA,13521,53998,4,4483,58485,97167,13521,No
2018,12,GUERRERO,25,CHILAPA DE ALVAREZ,ES,1611,53998,4,4483,58485,97167,1611,No
2018,12,GUERRERO,25,CHILAPA DE ALVAREZ,PPG,291,53998,4,4483,58485,97167,291,No
2018,12,GUERRERO,25,CHILAPA DE ALVAREZ,IHG,78,53998,4,4483,58485,97167,78,No
2018,12,GUERRERO,25,CHILAPA DE ALVAREZ,CG,187,53998,4,4483,58485,97167,187,No
2018,12,GUERRERO,25,CHILAPA DE ALVAREZ,PSG,2566,53998,4,4483,58485,97167,2566,No
2018,12,GUERRERO,25,CHILAPA DE ALVAREZ,PAN_PRD_MC,82,53998,4,4483,58485,97167,15249,Sí
2018,12,GUERRERO,25,CHILAPA DE ALVAREZ,PAN_PRD,69,53998,4,4483,58485,97167,14368,Sí
2018,12,GUERRERO,25,CHILAPA DE ALVAREZ,PAN_MC,11,53998,4,4483,58485,97167,2212,Sí
2018,12,GUERRERO,25,CHILAPA DE ALVAREZ,PRD_MC,56,53998,4,4483,58485,97167,13890,Sí
2018,12,GUERRERO,25,CHILAPA DE ALVAREZ,PRI_PVEM,192,53998,4,4483,58485,97167,17036,Sí
2018,12,GUERRERO,25,CHILAPA DE ALVAREZ,MORENA_ES,244,53998,4,4483,58485,97167,15376,Sí
2018,12,GUERRERO,26,ATLIXTAC,PAN,7864,57631,17,3999,61647,81518,7864,No
2018,12,GUERRERO,26,ATLIXTAC,PRI,9894,57631,17,3999,61647,81518,9894,No
2018,12,GUERRERO,26,ATLIXTAC,PRD,18735,57631,17,3999,61647,81518,18735,No
2018,12,GUERRERO,26,ATLIXTAC,PVEM,2149,57631,17,3999,61647,81518,2149,No
2018,12,GUERRERO,26,ATLIXTAC,PT,4528,57631,17,3999,61647,81518,4528,No
2018,12,GUERRERO,26,ATLIXTAC,MC,1495,57631,17,3999,61647,81518,1495,No
2018,12,GUERRERO,26,ATLIXTAC,NUAL,1447,57631,17,3999,61647,81518,1447,No
2018,12,GUERRERO,26,ATLIXTAC,MORENA,8946,57631,17,3999,61647,81518,8946,No
2018,12,GUERRERO,26,ATLIXTAC,ES,729,57631,17,3999,61647,81518,729,No
2018,12,GUERRERO,26,ATLIXTAC,PPG,379,57631,17,3999,61647,81518,379,No
2018,12,GUERRERO,26,ATLIXTAC,IHG,250,57631,17,3999,61647,81518,250,No
2018,12,GUERRERO,26,ATLIXTAC,CG,57,57631,17,3999,61647,81518,57,No
2018,12,GUERRERO,26,ATLIXTAC,PSM,169,57631,17,3999,61647,81518,169,No
2018,12,GUERRERO,26,ATLIXTAC,PSG,784,57631,17,3999,61647,81518,784,No
2018,12,GUERRERO,26,ATLIXTAC,PRI_PVEM,75,57631,17,3999,61647,81518,12118,Sí
2018,12,GUERRERO,26,ATLIXTAC,C_COMUN_PAN_PRD,130,57631,17,3999,61647,81518,26729,Sí
2018,12,GUERRERO,27,TLAPA DE COMONFORT,PAN,1075,62559,39,4027,66625,98368,1075,No
2018,12,GUERRERO,27,TLAPA DE COMONFORT,PRI,15771,62559,39,4027,66625,98368,15771,No
2018,12,GUERRERO,27,TLAPA DE COMONFORT,PRD,3871,62559,39,4027,66625,98368,3871,No
2018,12,GUERRERO,27,TLAPA DE COMONFORT,PVEM,1728,62559,39,4027,66625,98368,1728,No
2018,12,GUERRERO,27,TLAPA DE COMONFORT,PT,13934,62559,39,4027,66625,98368,13934,No
2018,12,GUERRERO,27,TLAPA DE COMONFORT,MC,1747,62559,39,4027,66625,98368,1747,No
2018,12,GUERRERO,27,TLAPA DE COMONFORT,NUAL,382,62559,39,4027,66625,98368,382,No
2018,12,GUERRERO,27,TLAPA DE COMONFORT,MORENA,20139,62559,39,4027,66625,98368,20139,No
2018,12,GUERRERO,27,TLAPA DE COMONFORT,ES,355,62559,39,4027,66625,98368,355,No
2018,12,GUERRERO,27,TLAPA DE COMONFORT,PPG,857,62559,39,4027,66625,98368,857,No
2018,12,GUERRERO,27,TLAPA DE COMONFORT,IHG,237,62559,39,4027,66625,98368,237,No
2018,12,GUERRERO,27,TLAPA DE COMONFORT,CG,432,62559,39,4027,66625,98368,432,No
2018,12,GUERRERO,27,TLAPA DE COMONFORT,PSM,255,62559,39,4027,66625,98368,255,No
2018,12,GUERRERO,27,TLAPA DE COMONFORT,PSG,1121,62559,39,4027,66625,98368,1121,No
2018,12,GUERRERO,27,TLAPA DE COMONFORT,PAN_PRD_MC,44,62559,39,4027,66625,98368,6737,Sí
2018,12,GUERRERO,27,TLAPA DE COMONFORT,PAN_PRD,43,62559,39,4027,66625,98368,4989,Sí
2018,12,GUERRERO,27,TLAPA DE COMONFORT,PAN_MC,11,62559,39,4027,66625,98368,2833,Sí
2018,12,GUERRERO,27,TLAPA DE COMONFORT,PRD_MC,74,62559,39,4027,66625,98368,5692,Sí
2018,12,GUERRERO,27,TLAPA DE COMONFORT,PRI_PVEM,370,62559,39,4027,66625,98368,17869,Sí
2018,12,GUERRERO,27,TLAPA DE COMONFORT,MORENA_ES,113,62559,39,4027,66625,98368,20607,Sí
2018,12,GUERRERO,28,TLAPA DE COMONFORT,PAN,459,57195,23,4593,61811,94117,459,No
2018,12,GUERRERO,28,TLAPA DE COMONFORT,PRI,9813,57195,23,4593,61811,94117,9813,No
2018,12,GUERRERO,28,TLAPA DE COMONFORT,PRD,7379,57195,23,4593,61811,94117,7379,No
2018,12,GUERRERO,28,TLAPA DE COMONFORT,PVEM,1612,57195,23,4593,61811,94117,1612,No
2018,12,GUERRERO,28,TLAPA DE COMONFORT,PT,10779,57195,23,4593,61811,94117,10779,No
2018,12,GUERRERO,28,TLAPA DE COMONFORT,MC,4146,57195,23,4593,61811,94117,4146,No
2018,12,GUERRERO,28,TLAPA DE COMONFORT,NUAL,806,57195,23,4593,61811,94117,806,No
2018,12,GUERRERO,28,TLAPA DE COMONFORT,MORENA,16974,57195,23,4593,61811,94117,16974,No
2018,12,GUERRERO,28,TLAPA DE COMONFORT,ES,1013,57195,23,4593,61811,94117,1013,No
2018,12,GUERRERO,28,TLAPA DE COMONFORT,PPG,322,57195,23,4593,61811,94117,322,No
2018,12,GUERRERO,28,TLAPA DE COMONFORT,IHG,2504,57195,23,4593,61811,94117,2504,No
2018,12,GUERRERO,28,TLAPA DE COMONFORT,CG,854,57195,23,4593,61811,94117,854,No
2018,12,GUERRERO,28,TLAPA DE COMONFORT,PSM,99,57195,23,4593,61811,94117,99,No
2018,12,GUERRERO,28,TLAPA DE COMONFORT,PSG,233,57195,23,4593,61811,94117,233,No
2018,12,GUERRERO,28,TLAPA DE COMONFORT,PAN_PRD_MC,32,57195,23,4593,61811,94117,12016,Sí
2018,12,GUERRERO,28,TLAPA DE COMONFORT,PAN_PRD,16,57195,23,4593,61811,94117,7854,Sí
2018,12,GUERRERO,28,TLAPA DE COMONFORT,PAN_MC,6,57195,23,4593,61811,94117,4611,Sí
2018,12,GUERRERO,28,TLAPA DE COMONFORT,PRD_MC,27,57195,23,4593,61811,94117,11552,Sí
2018,12,GUERRERO,28,TLAPA DE COMONFORT,PRI_PVEM,121,57195,23,4593,61811,94117,11546,Sí
2018,12,GUERRERO,3,ACAPULCO DE JUAREZ,PAN,3679,54819,39,2668,57526,96776,3679,No
2018,12,GUERRERO,3,ACAPULCO DE JUAREZ,PRI,7230,54819,39,2668,57526,96776,7230,No
2018,12,GUERRERO,3,ACAPULCO DE JUAREZ,PRD,2256,54819,39,2668,57526,96776,2256,No
2018,12,GUERRERO,3,ACAPULCO DE JUAREZ,PVEM,1718,54819,39,2668,57526,96776,1718,No
2018,12,GUERRERO,3,ACAPULCO DE JUAREZ,PT,3190,54819,39,2668,57526,96776,3190,No
2018,12,GUERRERO,3,ACAPULCO DE JUAREZ,MC,1613,54819,39,2668,57526,96776,1613,No
2018,12,GUERRERO,3,ACAPULCO DE JUAREZ,NUAL,848,54819,39,2668,57526,96776,848,No
2018,12,GUERRERO,3,ACAPULCO DE JUAREZ,MORENA,29299,54819,39,2668,57526,96776,29299,No
2018,12,GUERRERO,3,ACAPULCO DE JUAREZ,ES,1214,54819,39,2668,57526,96776,1214,No
2018,12,GUERRERO,3,ACAPULCO DE JUAREZ,PPG,438,54819,39,2668,57526,96776,438,No
2018,12,GUERRERO,3,ACAPULCO DE JUAREZ,IHG,251,54819,39,2668,57526,96776,251,No
2018,12,GUERRERO,3,ACAPULCO DE JUAREZ,CG,450,54819,39,2668,57526,96776,450,No
2018,12,GUERRERO,3,ACAPULCO DE JUAREZ,PSM,934,54819,39,2668,57526,96776,934,No
2018,12,GUERRERO,3,ACAPULCO DE JUAREZ,PSG,553,54819,39,2668,57526,96776,553,No
2018,12,GUERRERO,3,ACAPULCO DE JUAREZ,PAN_PRD_MC,139,54819,39,2668,57526,96776,7687,Sí
2018,12,GUERRERO,3,ACAPULCO DE JUAREZ,PAN_PRD,54,54819,39,2668,57526,96776,5989,Sí
2018,12,GUERRERO,3,ACAPULCO DE JUAREZ,PAN_MC,22,54819,39,2668,57526,96776,5314,Sí
2018,12,GUERRERO,3,ACAPULCO DE JUAREZ,PRD_MC,23,54819,39,2668,57526,96776,3892,Sí
2018,12,GUERRERO,3,ACAPULCO DE JUAREZ,PRI_PVEM,431,54819,39,2668,57526,96776,9379,Sí
2018,12,GUERRERO,3,ACAPULCO DE JUAREZ,MORENA_ES,477,54819,39,2668,57526,96776,30990,Sí
2018,12,GUERRERO,4,ACAPULCO DE JUAREZ,PAN,2175,54059,34,2634,56727,93257,2175,No
2018,12,GUERRERO,4,ACAPULCO DE JUAREZ,PRI,7922,54059,34,2634,56727,93257,7922,No
2018,12,GUERRERO,4,ACAPULCO DE JUAREZ,PRD,2166,54059,34,2634,56727,93257,2166,No
2018,12,GUERRERO,4,ACAPULCO DE JUAREZ,PVEM,754,54059,34,2634,56727,93257,754,No
2018,12,GUERRERO,4,ACAPULCO DE JUAREZ,PT,3028,54059,34,2634,56727,93257,3028,No
2018,12,GUERRERO,4,ACAPULCO DE JUAREZ,MC,2405,54059,34,2634,56727,93257,2405,No
2018,12,GUERRERO,4,ACAPULCO DE JUAREZ,NUAL,894,54059,34,2634,56727,93257,894,No
2018,12,GUERRERO,4,ACAPULCO DE JUAREZ,MORENA,29916,54059,34,2634,56727,93257,29916,No
2018,12,GUERRERO,4,ACAPULCO DE JUAREZ,ES,1481,54059,34,2634,56727,93257,1481,No
2018,12,GUERRERO,4,ACAPULCO DE JUAREZ,PPG,313,54059,34,2634,56727,93257,313,No
2018,12,GUERRERO,4,ACAPULCO DE JUAREZ,IHG,266,54059,34,2634,56727,93257,266,No
2018,12,GUERRERO,4,ACAPULCO DE JUAREZ,CG,592,54059,34,2634,56727,93257,592,No
2018,12,GUERRERO,4,ACAPULCO DE JUAREZ,PSM,841,54059,34,2634,56727,93257,841,No
2018,12,GUERRERO,4,ACAPULCO DE JUAREZ,PSG,428,54059,34,2634,56727,93257,428,No
2018,12,GUERRERO,4,ACAPULCO DE JUAREZ,PAN_PRD_MC,132,54059,34,2634,56727,93257,6878,Sí
2018,12,GUERRERO,4,ACAPULCO DE JUAREZ,PAN_PRD,31,54059,34,2634,56727,93257,4372,Sí
2018,12,GUERRERO,4,ACAPULCO DE JUAREZ,PAN_MC,24,54059,34,2634,56727,93257,4604,Sí
2018,12,GUERRERO,4,ACAPULCO DE JUAREZ,PRD_MC,29,54059,34,2634,56727,93257,4600,Sí
2018,12,GUERRERO,4,ACAPULCO DE JUAREZ,PRI_PVEM,260,54059,34,2634,56727,93257,8936,Sí
2018,12,GUERRERO,4,ACAPULCO DE JUAREZ,MORENA_ES,402,54059,34,2634,56727,93257,31799,Sí
2018,12,GUERRERO,5,ACAPULCO DE JUAREZ,PAN,1333,49855,59,2972,52886,93690,1333,No
2018,12,GUERRERO,5,ACAPULCO DE JUAREZ,PRI,7056,49855,59,2972,52886,93690,7056,No
2018,12,GUERRERO,5,ACAPULCO DE JUAREZ,PRD,8752,49855,59,2972,52886,93690,8752,No
2018,12,GUERRERO,5,ACAPULCO DE JUAREZ,PVEM,688,49855,59,2972,52886,93690,688,No
2018,12,GUERRERO,5,ACAPULCO DE JUAREZ,PT,2069,49855,59,2972,52886,93690,2069,No
2018,12,GUERRERO,5,ACAPULCO DE JUAREZ,MC,1242,49855,59,2972,52886,93690,1242,No
2018,12,GUERRERO,5,ACAPULCO DE JUAREZ,NUAL,491,49855,59,2972,52886,93690,491,No
2018,12,GUERRERO,5,ACAPULCO DE JUAREZ,MORENA,23248,49855,59,2972,52886,93690,23248,No
2018,12,GUERRERO,5,ACAPULCO DE JUAREZ,ES,1688,49855,59,2972,52886,93690,1688,No
2018,12,GUERRERO,5,ACAPULCO DE JUAREZ,PPG,321,49855,59,2972,52886,93690,321,No
2018,12,GUERRERO,5,ACAPULCO DE JUAREZ,IHG,331,49855,59,2972,52886,93690,331,No
2018,12,GUERRERO,5,ACAPULCO DE JUAREZ,CG,703,49855,59,2972,52886,93690,703,No
2018,12,GUERRERO,5,ACAPULCO DE JUAREZ,PSM,538,49855,59,2972,52886,93690,538,No
2018,12,GUERRERO,5,ACAPULCO DE JUAREZ,PSG,324,49855,59,2972,52886,93690,324,No
2018,12,GUERRERO,5,ACAPULCO DE JUAREZ,PAN_PRD_MC,169,49855,59,2972,52886,93690,11496,Sí
2018,12,GUERRERO,5,ACAPULCO DE JUAREZ,PAN_PRD,75,49855,59,2972,52886,93690,10160,Sí
2018,12,GUERRERO,5,ACAPULCO DE JUAREZ,PAN_MC,19,49855,59,2972,52886,93690,2594,Sí
2018,12,GUERRERO,5,ACAPULCO DE JUAREZ,PRD_MC,78,49855,59,2972,52886,93690,10072,Sí
2018,12,GUERRERO,5,ACAPULCO DE JUAREZ,PRI_PVEM,302,49855,59,2972,52886,93690,8046,Sí
2018,12,GUERRERO,5,ACAPULCO DE JUAREZ,MORENA_ES,428,49855,59,2972,52886,93690,25364,Sí
2018,12,GUERRERO,6,ACAPULCO DE JUAREZ,PAN,1427,46021,44,2577,48642,85092,1427,No
2018,12,GUERRERO,6,ACAPULCO DE JUAREZ,PRI,7126,46021,44,2577,48642,85092,7126,No
2018,12,GUERRERO,6,ACAPULCO DE JUAREZ,PRD,4066,46021,44,2577,48642,85092,4066,No
2018,12,GUERRERO,6,ACAPULCO DE JUAREZ,PVEM,847,46021,44,2577,48642,85092,847,No
2018,12,GUERRERO,6,ACAPULCO DE JUAREZ,PT,2120,46021,44,2577,48642,85092,2120,No
2018,12,GUERRERO,6,ACAPULCO DE JUAREZ,MC,1214,46021,44,2577,48642,85092,1214,No
2018,12,GUERRERO,6,ACAPULCO DE JUAREZ,NUAL,649,46021,44,2577,48642,85092,649,No
2018,12,GUERRERO,6,ACAPULCO DE JUAREZ,MORENA,24304,46021,44,2577,48642,85092,24304,No
2018,12,GUERRERO,6,ACAPULCO DE JUAREZ,ES,1518,46021,44,2577,48642,85092,1518,No
2018,12,GUERRERO,6,ACAPULCO DE JUAREZ,PPG,339,46021,44,2577,48642,85092,339,No
2018,12,GUERRERO,6,ACAPULCO DE JUAREZ,IHG,185,46021,44,2577,48642,85092,185,No
2018,12,GUERRERO,6,ACAPULCO DE JUAREZ,CG,513,46021,44,2577,48642,85092,513,No
2018,12,GUERRERO,6,ACAPULCO DE JUAREZ,PSM,491,46021,44,2577,48642,85092,491,No
2018,12,GUERRERO,6,ACAPULCO DE JUAREZ,PSG,257,46021,44,2577,48642,85092,257,No
2018,12,GUERRERO,6,ACAPULCO DE JUAREZ,PAN_PRD_MC,161,46021,44,2577,48642,85092,6868,Sí
2018,12,GUERRERO,6,ACAPULCO DE JUAREZ,PAN_PRD,50,46021,44,2577,48642,85092,5543,Sí
2018,12,GUERRERO,6,ACAPULCO DE JUAREZ,PAN_MC,7,46021,44,2577,48642,85092,2648,Sí
2018,12,GUERRERO,6,ACAPULCO DE JUAREZ,PRD_MC,40,46021,44,2577,48642,85092,5320,Sí
2018,12,GUERRERO,6,ACAPULCO DE JUAREZ,PRI_PVEM,357,46021,44,2577,48642,85092,8330,Sí
2018,12,GUERRERO,6,ACAPULCO DE JUAREZ,MORENA_ES,350,46021,44,2577,48642,85092,26172,Sí
2018,12,GUERRERO,7,ACAPULCO DE JUAREZ,PAN,2294,51714,12,3232,54958,98751,2294,No
2018,12,GUERRERO,7,ACAPULCO DE JUAREZ,PRI,11709,51714,12,3232,54958,98751,11709,No
2018,12,GUERRERO,7,ACAPULCO DE JUAREZ,PRD,2268,51714,12,3232,54958,98751,2268,No
2018,12,GUERRERO,7,ACAPULCO DE JUAREZ,PVEM,1907,51714,12,3232,54958,98751,1907,No
2018,12,GUERRERO,7,ACAPULCO DE JUAREZ,PT,2089,51714,12,3232,54958,98751,2089,No
2018,12,GUERRERO,7,ACAPULCO DE JUAREZ,MC,1384,51714,12,3232,54958,98751,1384,No
2018,12,GUERRERO,7,ACAPULCO DE JUAREZ,NUAL,1168,51714,12,3232,54958,98751,1168,No
2018,12,GUERRERO,7,ACAPULCO DE JUAREZ,MORENA,23885,51714,12,3232,54958,98751,23885,No
2018,12,GUERRERO,7,ACAPULCO DE JUAREZ,ES,2235,51714,12,3232,54958,98751,2235,No
2018,12,GUERRERO,7,ACAPULCO DE JUAREZ,PPG,411,51714,12,3232,54958,98751,411,No
2018,12,GUERRERO,7,ACAPULCO DE JUAREZ,IHG,238,51714,12,3232,54958,98751,238,No
2018,12,GUERRERO,7,ACAPULCO DE JUAREZ,CG,356,51714,12,3232,54958,98751,356,No
2018,12,GUERRERO,7,ACAPULCO DE JUAREZ,PSM,583,51714,12,3232,54958,98751,583,No
2018,12,GUERRERO,7,ACAPULCO DE JUAREZ,PSG,293,51714,12,3232,54958,98751,293,No
2018,12,GUERRERO,7,ACAPULCO DE JUAREZ,PAN_PRD_MC,132,51714,12,3232,54958,98751,6078,Sí
2018,12,GUERRERO,7,ACAPULCO DE JUAREZ,PAN_PRD,85,51714,12,3232,54958,98751,4647,Sí
2018,12,GUERRERO,7,ACAPULCO DE JUAREZ,PAN_MC,38,51714,12,3232,54958,98751,3716,Sí
2018,12,GUERRERO,7,ACAPULCO DE JUAREZ,PRD_MC,50,51714,12,3232,54958,98751,3702,Sí
2018,12,GUERRERO,7,ACAPULCO DE JUAREZ,PRI_PVEM,589,51714,12,3232,54958,98751,14205,Sí
2018,12,GUERRERO,8,ACAPULCO DE JUAREZ,PAN,1332,49323,17,2649,51989,82443,1332,No
2018,12,GUERRERO,8,ACAPULCO DE JUAREZ,PRI,10424,49323,17,2649,51989,82443,10424,No
2018,12,GUERRERO,8,ACAPULCO DE JUAREZ,PRD,5959,49323,17,2649,51989,82443,5959,No
2018,12,GUERRERO,8,ACAPULCO DE JUAREZ,PVEM,768,49323,17,2649,51989,82443,768,No
2018,12,GUERRERO,8,ACAPULCO DE JUAREZ,PT,1366,49323,17,2649,51989,82443,1366,No
2018,12,GUERRERO,8,ACAPULCO DE JUAREZ,MC,3671,49323,17,2649,51989,82443,3671,No
2018,12,GUERRERO,8,ACAPULCO DE JUAREZ,NUAL,533,49323,17,2649,51989,82443,533,No
2018,12,GUERRERO,8,ACAPULCO DE JUAREZ,MORENA,18435,49323,17,2649,51989,82443,18435,No
2018,12,GUERRERO,8,ACAPULCO DE JUAREZ,ES,2475,49323,17,2649,51989,82443,2475,No
2018,12,GUERRERO,8,ACAPULCO DE JUAREZ,PPG,400,49323,17,2649,51989,82443,400,No
2018,12,GUERRERO,8,ACAPULCO DE JUAREZ,IHG,1223,49323,17,2649,51989,82443,1223,No
2018,12,GUERRERO,8,ACAPULCO DE JUAREZ,CG,839,49323,17,2649,51989,82443,839,No
2018,12,GUERRERO,8,ACAPULCO DE JUAREZ,PSM,506,49323,17,2649,51989,82443,506,No
2018,12,GUERRERO,8,ACAPULCO DE JUAREZ,PSG,78,49323,17,2649,51989,82443,78,No
2018,12,GUERRERO,8,ACAPULCO DE JUAREZ,PAN_PRD_MC,228,49323,17,2649,51989,82443,11190,Sí
2018,12,GUERRERO,8,ACAPULCO DE JUAREZ,PAN_PRD,60,49323,17,2649,51989,82443,7351,Sí
2018,12,GUERRERO,8,ACAPULCO DE JUAREZ,PAN_MC,29,49323,17,2649,51989,82443,5032,Sí
2018,12,GUERRERO,8,ACAPULCO DE JUAREZ,PRD_MC,99,49323,17,2649,51989,82443,9729,Sí
2018,12,GUERRERO,8,ACAPULCO DE JUAREZ,PRI_PVEM,362,49323,17,2649,51989,82443,11554,Sí
2018,12,GUERRERO,8,ACAPULCO DE JUAREZ,MORENA_ES,536,49323,17,2649,51989,82443,21446,Sí
2018,12,GUERRERO,9,ACAPULCO DE JUAREZ,PAN,2527,47645,8,3353,51006,85362,2527,No
2018,12,GUERRERO,9,ACAPULCO DE JUAREZ,PRI,9906,47645,8,3353,51006,85362,9906,No
2018,12,GUERRERO,9,ACAPULCO DE JUAREZ,PRD,7529,47645,8,3353,51006,85362,7529,No
2018,12,GUERRERO,9,ACAPULCO DE JUAREZ,PVEM,1125,47645,8,3353,51006,85362,1125,No
2018,12,GUERRERO,9,ACAPULCO DE JUAREZ,PT,1440,47645,8,3353,51006,85362,1440,No
2018,12,GUERRERO,9,ACAPULCO DE JUAREZ,MC,1448,47645,8,3353,51006,85362,1448,No
2018,12,GUERRERO,9,ACAPULCO DE JUAREZ,NUAL,676,47645,8,3353,51006,85362,676,No
2018,12,GUERRERO,9,ACAPULCO DE JUAREZ,MORENA,16828,47645,8,3353,51006,85362,16828,No
2018,12,GUERRERO,9,ACAPULCO DE JUAREZ,ES,2491,47645,8,3353,51006,85362,2491,No
2018,12,GUERRERO,9,ACAPULCO DE JUAREZ,PPG,214,47645,8,3353,51006,85362,214,No
2018,12,GUERRERO,9,ACAPULCO DE JUAREZ,IHG,214,47645,8,3353,51006,85362,214,No
2018,12,GUERRERO,9,ACAPULCO DE JUAREZ,CG,1251,47645,8,3353,51006,85362,1251,No
2018,12,GUERRERO,9,ACAPULCO DE JUAREZ,PSM,633,47645,8,3353,51006,85362,633,No
2018,12,GUERRERO,9,ACAPULCO DE JUAREZ,PSG,187,47645,8,3353,51006,85362,187,No
2018,12,GUERRERO,9,ACAPULCO DE JUAREZ,PAN_PRD_MC,153,47645,8,3353,51006,85362,11657,Sí
2018,12,GUERRERO,9,ACAPULCO DE JUAREZ,PAN_PRD,141,47645,8,3353,51006,85362,10197,Sí
2018,12,GUERRERO,9,ACAPULCO DE JUAREZ,PAN_MC,13,47645,8,3353,51006,85362,3988,Sí
2018,12,GUERRERO,9,ACAPULCO DE JUAREZ,PRD_MC,61,47645,8,3353,51006,85362,9038,Sí
2018,12,GUERRERO,9,ACAPULCO DE JUAREZ,PRI_PVEM,480,47645,8,3353,51006,85362,11511,Sí
2018,12,GUERRERO,9,ACAPULCO DE JUAREZ,MORENA_ES,328,47645,8,3353,51006,85362,19647,Sí
2018,13,HIDALGO,1,ZIMAPAN,PAN,6740,64560,21,3827,68408,110255,6740,No
2018,13,HIDALGO,1,ZIMAPAN,PRI,15761,64560,21,3827,68408,110255,15761,No
2018,13,HIDALGO,1,ZIMAPAN,PRD,7468,64560,21,3827,68408,110255,7468,No
2018,13,HIDALGO,1,ZIMAPAN,PVEM,1314,64560,21,3827,68408,110255,1314,No
2018,13,HIDALGO,1,ZIMAPAN,PT,7689,64560,21,3827,68408,110255,7689,No
2018,13,HIDALGO,1,ZIMAPAN,MC,711,64560,21,3827,68408,110255,711,No
2018,13,HIDALGO,1,ZIMAPAN,NUAL,1462,64560,21,3827,68408,110255,1462,No
2018,13,HIDALGO,1,ZIMAPAN,MORENA,21773,64560,21,3827,68408,110255,21773,No
2018,13,HIDALGO,1,ZIMAPAN,ES,755,64560,21,3827,68408,110255,755,No
2018,13,HIDALGO,1,ZIMAPAN,PAN_PRD,363,64560,21,3827,68408,110255,14571,Sí
2018,13,HIDALGO,1,ZIMAPAN,PRI_PVEM_NUAL_ES,40,64560,21,3827,68408,110255,19332,Sí
2018,13,HIDALGO,1,ZIMAPAN,PRI_PVEM_NUAL,152,64560,21,3827,68408,110255,18689,Sí
2018,13,HIDALGO,1,ZIMAPAN,PRI_PVEM_ES,17,64560,21,3827,68408,110255,17847,Sí
2018,13,HIDALGO,1,ZIMAPAN,PRI_PVEM,233,64560,21,3827,68408,110255,17308,Sí
2018,13,HIDALGO,1,ZIMAPAN,PRI_NUAL,47,64560,21,3827,68408,110255,17270,Sí
2018,13,HIDALGO,1,ZIMAPAN,PRI_ES,7,64560,21,3827,68408,110255,16523,Sí
2018,13,HIDALGO,1,ZIMAPAN,PRI_NUAL_ES,8,64560,21,3827,68408,110255,17986,Sí
2018,13,HIDALGO,1,ZIMAPAN,PVEM_NUAL_ES,2,64560,21,3827,68408,110255,3533,Sí
2018,13,HIDALGO,1,ZIMAPAN,PVEM_NUAL,11,64560,21,3827,68408,110255,2787,Sí
2018,13,HIDALGO,1,ZIMAPAN,PVEM_ES,1,64560,21,3827,68408,110255,2070,Sí
2018,13,HIDALGO,1,ZIMAPAN,NA_ES,6,64560,21,3827,68408,110255,761,Sí
2018,13,HIDALGO,10,APAN,PAN,7545,71547,56,4035,75638,124865,7545,No
2018,13,HIDALGO,10,APAN,PRI,15805,71547,56,4035,75638,124865,15805,No
2018,13,HIDALGO,10,APAN,PRD,1338,71547,56,4035,75638,124865,1338,No
2018,13,HIDALGO,10,APAN,PVEM,2283,71547,56,4035,75638,124865,2283,No
2018,13,HIDALGO,10,APAN,PT,3755,71547,56,4035,75638,124865,3755,No
2018,13,HIDALGO,10,APAN,MC,1122,71547,56,4035,75638,124865,1122,No
2018,13,HIDALGO,10,APAN,NUAL,5056,71547,56,4035,75638,124865,5056,No
2018,13,HIDALGO,10,APAN,MORENA,32764,71547,56,4035,75638,124865,32764,No
2018,13,HIDALGO,10,APAN,ES,1685,71547,56,4035,75638,124865,1685,No
2018,13,HIDALGO,10,APAN,PAN_PRD,194,71547,56,4035,75638,124865,9077,Sí
2018,13,HIDALGO,11,TULANCINGO DE BRAVO,PAN,7466,68374,61,3212,71647,123569,7466,No
2018,13,HIDALGO,11,TULANCINGO DE BRAVO,PRI,13290,68374,61,3212,71647,123569,13290,No
2018,13,HIDALGO,11,TULANCINGO DE BRAVO,PRD,835,68374,61,3212,71647,123569,835,No
2018,13,HIDALGO,11,TULANCINGO DE BRAVO,PVEM,1821,68374,61,3212,71647,123569,1821,No
2018,13,HIDALGO,11,TULANCINGO DE BRAVO,PT,2458,68374,61,3212,71647,123569,2458,No
2018,13,HIDALGO,11,TULANCINGO DE BRAVO,MC,2663,68374,61,3212,71647,123569,2663,No
2018,13,HIDALGO,11,TULANCINGO DE BRAVO,NUAL,2871,68374,61,3212,71647,123569,2871,No
2018,13,HIDALGO,11,TULANCINGO DE BRAVO,MORENA,35173,68374,61,3212,71647,123569,35173,No
2018,13,HIDALGO,11,TULANCINGO DE BRAVO,ES,1688,68374,61,3212,71647,123569,1688,No
2018,13,HIDALGO,11,TULANCINGO DE BRAVO,PAN_PRD,109,68374,61,3212,71647,123569,8410,Sí
2018,13,HIDALGO,12,PACHUCA DE SOTO,PAN,11025,73166,56,3396,76618,111103,11025,No
2018,13,HIDALGO,12,PACHUCA DE SOTO,PRI,15253,73166,56,3396,76618,111103,15253,No
2018,13,HIDALGO,12,PACHUCA DE SOTO,PRD,941,73166,56,3396,76618,111103,941,No
2018,13,HIDALGO,12,PACHUCA DE SOTO,PVEM,1851,73166,56,3396,76618,111103,1851,No
2018,13,HIDALGO,12,PACHUCA DE SOTO,PT,1897,73166,56,3396,76618,111103,1897,No
2018,13,HIDALGO,12,PACHUCA DE SOTO,MC,2307,73166,56,3396,76618,111103,2307,No
2018,13,HIDALGO,12,PACHUCA DE SOTO,NUAL,2353,73166,56,3396,76618,111103,2353,No
2018,13,HIDALGO,12,PACHUCA DE SOTO,MORENA,35355,73166,56,3396,76618,111103,35355,No
2018,13,HIDALGO,12,PACHUCA DE SOTO,ES,2002,73166,56,3396,76618,111103,2002,No
2018,13,HIDALGO,12,PACHUCA DE SOTO,PAN_PRD,182,73166,56,3396,76618,111103,12148,Sí
2018,13,HIDALGO,13,PACHUCA DE SOTO,PAN,9817,74331,58,2702,77091,115329,9817,No
2018,13,HIDALGO,13,PACHUCA DE SOTO,PRI,13757,74331,58,2702,77091,115329,13757,No
2018,13,HIDALGO,13,PACHUCA DE SOTO,PRD,1145,74331,58,2702,77091,115329,1145,No
2018,13,HIDALGO,13,PACHUCA DE SOTO,PVEM,1541,74331,58,2702,77091,115329,1541,No
2018,13,HIDALGO,13,PACHUCA DE SOTO,PT,1870,74331,58,2702,77091,115329,1870,No
2018,13,HIDALGO,13,PACHUCA DE SOTO,MC,1565,74331,58,2702,77091,115329,1565,No
2018,13,HIDALGO,13,PACHUCA DE SOTO,NUAL,2177,74331,58,2702,77091,115329,2177,No
2018,13,HIDALGO,13,PACHUCA DE SOTO,MORENA,40040,74331,58,2702,77091,115329,40040,No
2018,13,HIDALGO,13,PACHUCA DE SOTO,ES,1684,74331,58,2702,77091,115329,1684,No
2018,13,HIDALGO,13,PACHUCA DE SOTO,PAN_PRD,158,74331,58,2702,77091,115329,11120,Sí
2018,13,HIDALGO,13,PACHUCA DE SOTO,PRI_PVEM_NUAL_ES,75,74331,58,2702,77091,115329,19234,Sí
2018,13,HIDALGO,13,PACHUCA DE SOTO,PRI_PVEM_NUAL,229,74331,58,2702,77091,115329,17704,Sí
2018,13,HIDALGO,13,PACHUCA DE SOTO,PRI_PVEM_ES,21,74331,58,2702,77091,115329,17003,Sí
2018,13,HIDALGO,13,PACHUCA DE SOTO,PRI_PVEM,181,74331,58,2702,77091,115329,15479,Sí
2018,13,HIDALGO,13,PACHUCA DE SOTO,PRI_NUAL,43,74331,58,2702,77091,115329,15977,Sí
2018,13,HIDALGO,13,PACHUCA DE SOTO,PRI_ES,3,74331,58,2702,77091,115329,15444,Sí
2018,13,HIDALGO,13,PACHUCA DE SOTO,PRI_NUAL_ES,5,74331,58,2702,77091,115329,17623,Sí
2018,13,HIDALGO,13,PACHUCA DE SOTO,PVEM_NUAL_ES,2,74331,58,2702,77091,115329,5404,Sí
2018,13,HIDALGO,13,PACHUCA DE SOTO,PVEM_NUAL,14,74331,58,2702,77091,115329,3732,Sí
2018,13,HIDALGO,13,PACHUCA DE SOTO,PVEM_ES,0,74331,58,2702,77091,115329,3225,Sí
2018,13,HIDALGO,13,PACHUCA DE SOTO,NA_ES,4,74331,58,2702,77091,115329,1688,Sí
2018,13,HIDALGO,14,TULA DE ALLENDE,PAN,8804,76079,53,3129,79261,118551,8804,No
2018,13,HIDALGO,14,TULA DE ALLENDE,PRI,13059,76079,53,3129,79261,118551,13059,No
2018,13,HIDALGO,14,TULA DE ALLENDE,PRD,1523,76079,53,3129,79261,118551,1523,No
2018,13,HIDALGO,14,TULA DE ALLENDE,PVEM,1624,76079,53,3129,79261,118551,1624,No
2018,13,HIDALGO,14,TULA DE ALLENDE,PT,1910,76079,53,3129,79261,118551,1910,No
2018,13,HIDALGO,14,TULA DE ALLENDE,MC,1208,76079,53,3129,79261,118551,1208,No
2018,13,HIDALGO,14,TULA DE ALLENDE,NUAL,4366,76079,53,3129,79261,118551,4366,No
2018,13,HIDALGO,14,TULA DE ALLENDE,MORENA,41174,76079,53,3129,79261,118551,41174,No
2018,13,HIDALGO,14,TULA DE ALLENDE,ES,2286,76079,53,3129,79261,118551,2286,No
2018,13,HIDALGO,14,TULA DE ALLENDE,PAN_PRD,125,76079,53,3129,79261,118551,10452,Sí
2018,13,HIDALGO,15,TEPEJI DEL RIO DE OCAMPO,PAN,6510,73383,54,3377,76814,121996,6510,No
2018,13,HIDALGO,15,TEPEJI DEL RIO DE OCAMPO,PRI,10517,73383,54,3377,76814,121996,10517,No
2018,13,HIDALGO,15,TEPEJI DEL RIO DE OCAMPO,PRD,3026,73383,54,3377,76814,121996,3026,No
2018,13,HIDALGO,15,TEPEJI DEL RIO DE OCAMPO,PVEM,2657,73383,54,3377,76814,121996,2657,No
2018,13,HIDALGO,15,TEPEJI DEL RIO DE OCAMPO,PT,3057,73383,54,3377,76814,121996,3057,No
2018,13,HIDALGO,15,TEPEJI DEL RIO DE OCAMPO,MC,1353,73383,54,3377,76814,121996,1353,No
2018,13,HIDALGO,15,TEPEJI DEL RIO DE OCAMPO,NUAL,5307,73383,54,3377,76814,121996,5307,No
2018,13,HIDALGO,15,TEPEJI DEL RIO DE OCAMPO,MORENA,38905,73383,54,3377,76814,121996,38905,No
2018,13,HIDALGO,15,TEPEJI DEL RIO DE OCAMPO,ES,1828,73383,54,3377,76814,121996,1828,No
2018,13,HIDALGO,15,TEPEJI DEL RIO DE OCAMPO,PAN_PRD,223,73383,54,3377,76814,121996,9759,Sí
2018,13,HIDALGO,16,TIZAYUCA,PAN,7882,74630,57,3824,78511,129104,7882,No
2018,13,HIDALGO,16,TIZAYUCA,PRI,14389,74630,57,3824,78511,129104,14389,No
2018,13,HIDALGO,16,TIZAYUCA,PRD,1589,74630,57,3824,78511,129104,1589,No
2018,13,HIDALGO,16,TIZAYUCA,PVEM,2210,74630,57,3824,78511,129104,2210,No
2018,13,HIDALGO,16,TIZAYUCA,PT,2105,74630,57,3824,78511,129104,2105,No
2018,13,HIDALGO,16,TIZAYUCA,MC,1221,74630,57,3824,78511,129104,1221,No
2018,13,HIDALGO,16,TIZAYUCA,NUAL,5216,74630,57,3824,78511,129104,5216,No
2018,13,HIDALGO,16,TIZAYUCA,MORENA,37288,74630,57,3824,78511,129104,37288,No
2018,13,HIDALGO,16,TIZAYUCA,ES,2634,74630,57,3824,78511,129104,2634,No
2018,13,HIDALGO,16,TIZAYUCA,PAN_PRD,96,74630,57,3824,78511,129104,9567,Sí
2018,13,HIDALGO,17,MINERAL DE LA REFORMA,PAN,13396,80924,85,3018,84027,127555,13396,No
2018,13,HIDALGO,17,MINERAL DE LA REFORMA,PRI,12116,80924,85,3018,84027,127555,12116,No
2018,13,HIDALGO,17,MINERAL DE LA REFORMA,PRD,982,80924,85,3018,84027,127555,982,No
2018,13,HIDALGO,17,MINERAL DE LA REFORMA,PVEM,1682,80924,85,3018,84027,127555,1682,No
2018,13,HIDALGO,17,MINERAL DE LA REFORMA,PT,2070,80924,85,3018,84027,127555,2070,No
2018,13,HIDALGO,17,MINERAL DE LA REFORMA,MC,1391,80924,85,3018,84027,127555,1391,No
2018,13,HIDALGO,17,MINERAL DE LA REFORMA,NUAL,3514,80924,85,3018,84027,127555,3514,No
2018,13,HIDALGO,17,MINERAL DE LA REFORMA,MORENA,43325,80924,85,3018,84027,127555,43325,No
2018,13,HIDALGO,17,MINERAL DE LA REFORMA,ES,1702,80924,85,3018,84027,127555,1702,No
2018,13,HIDALGO,17,MINERAL DE LA REFORMA,PAN_PRD,209,80924,85,3018,84027,127555,14587,Sí
2018,13,HIDALGO,17,MINERAL DE LA REFORMA,PRI_PVEM_NUAL_ES,44,80924,85,3018,84027,127555,19058,Sí
2018,13,HIDALGO,17,MINERAL DE LA REFORMA,PRI_PVEM_NUAL,232,80924,85,3018,84027,127555,17544,Sí
2018,13,HIDALGO,17,MINERAL DE LA REFORMA,PRI_PVEM_ES,13,80924,85,3018,84027,127555,15513,Sí
2018,13,HIDALGO,17,MINERAL DE LA REFORMA,PRI_PVEM,141,80924,85,3018,84027,127555,13939,Sí
2018,13,HIDALGO,17,MINERAL DE LA REFORMA,PRI_NUAL,75,80924,85,3018,84027,127555,15705,Sí
2018,13,HIDALGO,17,MINERAL DE LA REFORMA,PRI_ES,7,80924,85,3018,84027,127555,13825,Sí
2018,13,HIDALGO,17,MINERAL DE LA REFORMA,PRI_NUAL_ES,8,80924,85,3018,84027,127555,17340,Sí
2018,13,HIDALGO,17,MINERAL DE LA REFORMA,PVEM_NUAL_ES,5,80924,85,3018,84027,127555,6903,Sí
2018,13,HIDALGO,17,MINERAL DE LA REFORMA,PVEM_NUAL,5,80924,85,3018,84027,127555,5201,Sí
2018,13,HIDALGO,17,MINERAL DE LA REFORMA,PVEM_ES,2,80924,85,3018,84027,127555,3386,Sí
2018,13,HIDALGO,17,MINERAL DE LA REFORMA,NA_ES,5,80924,85,3018,84027,127555,1707,Sí
2018,13,HIDALGO,18,TEPEAPULCO,PAN,5807,77322,28,3785,81135,121640,5807,No
2018,13,HIDALGO,18,TEPEAPULCO,PRI,17609,77322,28,3785,81135,121640,17609,No
2018,13,HIDALGO,18,TEPEAPULCO,PRD,1160,77322,28,3785,81135,121640,1160,No
2018,13,HIDALGO,18,TEPEAPULCO,PVEM,2323,77322,28,3785,81135,121640,2323,No
2018,13,HIDALGO,18,TEPEAPULCO,PT,2122,77322,28,3785,81135,121640,2122,No
2018,13,HIDALGO,18,TEPEAPULCO,MC,1226,77322,28,3785,81135,121640,1226,No
2018,13,HIDALGO,18,TEPEAPULCO,NUAL,5442,77322,28,3785,81135,121640,5442,No
2018,13,HIDALGO,18,TEPEAPULCO,MORENA,38831,77322,28,3785,81135,121640,38831,No
2018,13,HIDALGO,18,TEPEAPULCO,ES,2725,77322,28,3785,81135,121640,2725,No
2018,13,HIDALGO,18,TEPEAPULCO,PAN_PRD,77,77322,28,3785,81135,121640,7044,Sí
2018,13,HIDALGO,2,ZACUALTIPAN DE ANGELES,PAN,2866,71776,45,5924,77745,116634,2866,No
2018,13,HIDALGO,2,ZACUALTIPAN DE ANGELES,PRI,20568,71776,45,5924,77745,116634,20568,No
2018,13,HIDALGO,2,ZACUALTIPAN DE ANGELES,PRD,3788,71776,45,5924,77745,116634,3788,No
2018,13,HIDALGO,2,ZACUALTIPAN DE ANGELES,PVEM,1858,71776,45,5924,77745,116634,1858,No
2018,13,HIDALGO,2,ZACUALTIPAN DE ANGELES,PT,3627,71776,45,5924,77745,116634,3627,No
2018,13,HIDALGO,2,ZACUALTIPAN DE ANGELES,MC,1108,71776,45,5924,77745,116634,1108,No
2018,13,HIDALGO,2,ZACUALTIPAN DE ANGELES,NUAL,8585,71776,45,5924,77745,116634,8585,No
2018,13,HIDALGO,2,ZACUALTIPAN DE ANGELES,MORENA,23747,71776,45,5924,77745,116634,23747,No
2018,13,HIDALGO,2,ZACUALTIPAN DE ANGELES,ES,5524,71776,45,5924,77745,116634,5524,No
2018,13,HIDALGO,2,ZACUALTIPAN DE ANGELES,PAN_PRD,105,71776,45,5924,77745,116634,6759,Sí
2018,13,HIDALGO,3,SAN FELIPE ORIZATLAN,PAN,13509,70239,46,5089,75374,103935,13509,No
2018,13,HIDALGO,3,SAN FELIPE ORIZATLAN,PRI,18135,70239,46,5089,75374,103935,18135,No
2018,13,HIDALGO,3,SAN FELIPE ORIZATLAN,PRD,5225,70239,46,5089,75374,103935,5225,No
2018,13,HIDALGO,3,SAN FELIPE ORIZATLAN,PVEM,663,70239,46,5089,75374,103935,663,No
2018,13,HIDALGO,3,SAN FELIPE ORIZATLAN,PT,1814,70239,46,5089,75374,103935,1814,No
2018,13,HIDALGO,3,SAN FELIPE ORIZATLAN,MC,1016,70239,46,5089,75374,103935,1016,No
2018,13,HIDALGO,3,SAN FELIPE ORIZATLAN,NUAL,2188,70239,46,5089,75374,103935,2188,No
2018,13,HIDALGO,3,SAN FELIPE ORIZATLAN,MORENA,23118,70239,46,5089,75374,103935,23118,No
2018,13,HIDALGO,3,SAN FELIPE ORIZATLAN,ES,3263,70239,46,5089,75374,103935,3263,No
2018,13,HIDALGO,3,SAN FELIPE ORIZATLAN,PAN_PRD,413,70239,46,5089,75374,103935,19147,Sí
2018,13,HIDALGO,3,SAN FELIPE ORIZATLAN,PRI_PVEM_NUAL_ES,228,70239,46,5089,75374,103935,24477,Sí
2018,13,HIDALGO,3,SAN FELIPE ORIZATLAN,PRI_PVEM_NUAL,180,70239,46,5089,75374,103935,21166,Sí
2018,13,HIDALGO,3,SAN FELIPE ORIZATLAN,PRI_PVEM_ES,12,70239,46,5089,75374,103935,22073,Sí
2018,13,HIDALGO,3,SAN FELIPE ORIZATLAN,PRI_PVEM,185,70239,46,5089,75374,103935,18983,Sí
2018,13,HIDALGO,3,SAN FELIPE ORIZATLAN,PRI_NUAL,119,70239,46,5089,75374,103935,20442,Sí
2018,13,HIDALGO,3,SAN FELIPE ORIZATLAN,PRI_ES,53,70239,46,5089,75374,103935,21451,Sí
2018,13,HIDALGO,3,SAN FELIPE ORIZATLAN,PRI_NUAL_ES,21,70239,46,5089,75374,103935,23607,Sí
2018,13,HIDALGO,3,SAN FELIPE ORIZATLAN,PVEM_NUAL_ES,10,70239,46,5089,75374,103935,6124,Sí
2018,13,HIDALGO,3,SAN FELIPE ORIZATLAN,PVEM_NUAL,33,70239,46,5089,75374,103935,2884,Sí
2018,13,HIDALGO,3,SAN FELIPE ORIZATLAN,PVEM_ES,9,70239,46,5089,75374,103935,3935,Sí
2018,13,HIDALGO,3,SAN FELIPE ORIZATLAN,NA_ES,45,70239,46,5089,75374,103935,3308,Sí
2018,13,HIDALGO,4,HUEJUTLA DE REYES,PAN,1730,70427,60,5583,76070,111892,1730,No
2018,13,HIDALGO,4,HUEJUTLA DE REYES,PRI,14333,70427,60,5583,76070,111892,14333,No
2018,13,HIDALGO,4,HUEJUTLA DE REYES,PRD,1157,70427,60,5583,76070,111892,1157,No
2018,13,HIDALGO,4,HUEJUTLA DE REYES,PVEM,647,70427,60,5583,76070,111892,647,No
2018,13,HIDALGO,4,HUEJUTLA DE REYES,PT,1699,70427,60,5583,76070,111892,1699,No
2018,13,HIDALGO,4,HUEJUTLA DE REYES,MC,822,70427,60,5583,76070,111892,822,No
2018,13,HIDALGO,4,HUEJUTLA DE REYES,NUAL,5825,70427,60,5583,76070,111892,5825,No
2018,13,HIDALGO,4,HUEJUTLA DE REYES,MORENA,27536,70427,60,5583,76070,111892,27536,No
2018,13,HIDALGO,4,HUEJUTLA DE REYES,ES,16612,70427,60,5583,76070,111892,16612,No
2018,13,HIDALGO,4,HUEJUTLA DE REYES,PAN_PRD,66,70427,60,5583,76070,111892,2953,Sí
2018,13,HIDALGO,5,IXMIQUILPAN,PAN,4889,74428,54,3163,77645,115732,4889,No
2018,13,HIDALGO,5,IXMIQUILPAN,PRI,13569,74428,54,3163,77645,115732,13569,No
2018,13,HIDALGO,5,IXMIQUILPAN,PRD,1435,74428,54,3163,77645,115732,1435,No
2018,13,HIDALGO,5,IXMIQUILPAN,PVEM,982,74428,54,3163,77645,115732,982,No
2018,13,HIDALGO,5,IXMIQUILPAN,PT,6179,74428,54,3163,77645,115732,6179,No
2018,13,HIDALGO,5,IXMIQUILPAN,MC,1009,74428,54,3163,77645,115732,1009,No
2018,13,HIDALGO,5,IXMIQUILPAN,NUAL,4038,74428,54,3163,77645,115732,4038,No
2018,13,HIDALGO,5,IXMIQUILPAN,MORENA,40798,74428,54,3163,77645,115732,40798,No
2018,13,HIDALGO,5,IXMIQUILPAN,ES,947,74428,54,3163,77645,115732,947,No
2018,13,HIDALGO,5,IXMIQUILPAN,PAN_PRD,119,74428,54,3163,77645,115732,6443,Sí
2018,13,HIDALGO,5,IXMIQUILPAN,PRI_PVEM_NUAL_ES,46,74428,54,3163,77645,115732,19582,Sí
2018,13,HIDALGO,5,IXMIQUILPAN,PRI_PVEM_NUAL,155,74428,54,3163,77645,115732,18744,Sí
2018,13,HIDALGO,5,IXMIQUILPAN,PRI_PVEM_ES,7,74428,54,3163,77645,115732,15505,Sí
2018,13,HIDALGO,5,IXMIQUILPAN,PRI_PVEM,126,74428,54,3163,77645,115732,14677,Sí
2018,13,HIDALGO,5,IXMIQUILPAN,PRI_NUAL,76,74428,54,3163,77645,115732,17683,Sí
2018,13,HIDALGO,5,IXMIQUILPAN,PRI_ES,12,74428,54,3163,77645,115732,14528,Sí
2018,13,HIDALGO,5,IXMIQUILPAN,PRI_NUAL_ES,10,74428,54,3163,77645,115732,18564,Sí
2018,13,HIDALGO,5,IXMIQUILPAN,PVEM_NUAL_ES,5,74428,54,3163,77645,115732,5972,Sí
2018,13,HIDALGO,5,IXMIQUILPAN,PVEM_NUAL,17,74428,54,3163,77645,115732,5037,Sí
2018,13,HIDALGO,5,IXMIQUILPAN,PVEM_ES,3,74428,54,3163,77645,115732,1932,Sí
2018,13,HIDALGO,5,IXMIQUILPAN,NA_ES,6,74428,54,3163,77645,115732,953,Sí
2018,13,HIDALGO,6,HUICHAPAN,PAN,16853,76364,25,3728,80117,126207,16853,No
2018,13,HIDALGO,6,HUICHAPAN,PRI,14536,76364,25,3728,80117,126207,14536,No
2018,13,HIDALGO,6,HUICHAPAN,PRD,1341,76364,25,3728,80117,126207,1341,No
2018,13,HIDALGO,6,HUICHAPAN,PVEM,5502,76364,25,3728,80117,126207,5502,No
2018,13,HIDALGO,6,HUICHAPAN,PT,3197,76364,25,3728,80117,126207,3197,No
2018,13,HIDALGO,6,HUICHAPAN,MC,2084,76364,25,3728,80117,126207,2084,No
2018,13,HIDALGO,6,HUICHAPAN,NUAL,2045,76364,25,3728,80117,126207,2045,No
2018,13,HIDALGO,6,HUICHAPAN,MORENA,28558,76364,25,3728,80117,126207,28558,No
2018,13,HIDALGO,6,HUICHAPAN,ES,1199,76364,25,3728,80117,126207,1199,No
2018,13,HIDALGO,6,HUICHAPAN,PAN_PRD,370,76364,25,3728,80117,126207,18564,Sí
2018,13,HIDALGO,6,HUICHAPAN,PRI_PVEM_NUAL_ES,28,76364,25,3728,80117,126207,23310,Sí
2018,13,HIDALGO,6,HUICHAPAN,PRI_PVEM_NUAL,191,76364,25,3728,80117,126207,22274,Sí
2018,13,HIDALGO,6,HUICHAPAN,PRI_PVEM_ES,20,76364,25,3728,80117,126207,21257,Sí
2018,13,HIDALGO,6,HUICHAPAN,PRI_PVEM,371,76364,25,3728,80117,126207,20409,Sí
2018,13,HIDALGO,6,HUICHAPAN,PRI_NUAL,29,76364,25,3728,80117,126207,16610,Sí
2018,13,HIDALGO,6,HUICHAPAN,PRI_ES,3,76364,25,3728,80117,126207,15738,Sí
2018,13,HIDALGO,6,HUICHAPAN,PRI_NUAL_ES,2,76364,25,3728,80117,126207,17782,Sí
2018,13,HIDALGO,6,HUICHAPAN,PVEM_NUAL_ES,5,76364,25,3728,80117,126207,8751,Sí
2018,13,HIDALGO,6,HUICHAPAN,PVEM_NUAL,24,76364,25,3728,80117,126207,7571,Sí
2018,13,HIDALGO,6,HUICHAPAN,PVEM_ES,4,76364,25,3728,80117,126207,6705,Sí
2018,13,HIDALGO,6,HUICHAPAN,NA_ES,2,76364,25,3728,80117,126207,1201,Sí
2018,13,HIDALGO,7,MIXQUIAHUALA DE JUAREZ,PAN,3001,77174,15,3172,80361,115907,3001,No
2018,13,HIDALGO,7,MIXQUIAHUALA DE JUAREZ,PRI,13227,77174,15,3172,80361,115907,13227,No
2018,13,HIDALGO,7,MIXQUIAHUALA DE JUAREZ,PRD,1732,77174,15,3172,80361,115907,1732,No
2018,13,HIDALGO,7,MIXQUIAHUALA DE JUAREZ,PVEM,4840,77174,15,3172,80361,115907,4840,No
2018,13,HIDALGO,7,MIXQUIAHUALA DE JUAREZ,PT,6435,77174,15,3172,80361,115907,6435,No
2018,13,HIDALGO,7,MIXQUIAHUALA DE JUAREZ,MC,1129,77174,15,3172,80361,115907,1129,No
2018,13,HIDALGO,7,MIXQUIAHUALA DE JUAREZ,NUAL,6609,77174,15,3172,80361,115907,6609,No
2018,13,HIDALGO,7,MIXQUIAHUALA DE JUAREZ,MORENA,39562,77174,15,3172,80361,115907,39562,No
2018,13,HIDALGO,7,MIXQUIAHUALA DE JUAREZ,ES,563,77174,15,3172,80361,115907,563,No
2018,13,HIDALGO,7,MIXQUIAHUALA DE JUAREZ,PAN_PRD,76,77174,15,3172,80361,115907,4809,Sí
2018,13,HIDALGO,8,ACTOPAN,PAN,5549,73480,30,3493,77003,118528,5549,No
2018,13,HIDALGO,8,ACTOPAN,PRI,20851,73480,30,3493,77003,118528,20851,No
2018,13,HIDALGO,8,ACTOPAN,PRD,2133,73480,30,3493,77003,118528,2133,No
2018,13,HIDALGO,8,ACTOPAN,PVEM,1479,73480,30,3493,77003,118528,1479,No
2018,13,HIDALGO,8,ACTOPAN,PT,1493,73480,30,3493,77003,118528,1493,No
2018,13,HIDALGO,8,ACTOPAN,MC,934,73480,30,3493,77003,118528,934,No
2018,13,HIDALGO,8,ACTOPAN,NUAL,2585,73480,30,3493,77003,118528,2585,No
2018,13,HIDALGO,8,ACTOPAN,MORENA,36578,73480,30,3493,77003,118528,36578,No
2018,13,HIDALGO,8,ACTOPAN,ES,1760,73480,30,3493,77003,118528,1760,No
2018,13,HIDALGO,8,ACTOPAN,PAN_PRD,118,73480,30,3493,77003,118528,7800,Sí
2018,13,HIDALGO,9,METEPEC,PAN,5703,63656,81,4155,67892,105679,5703,No
2018,13,HIDALGO,9,METEPEC,PRI,13399,63656,81,4155,67892,105679,13399,No
2018,13,HIDALGO,9,METEPEC,PRD,9432,63656,81,4155,67892,105679,9432,No
2018,13,HIDALGO,9,METEPEC,PVEM,1176,63656,81,4155,67892,105679,1176,No
2018,13,HIDALGO,9,METEPEC,PT,1176,63656,81,4155,67892,105679,1176,No
2018,13,HIDALGO,9,METEPEC,MC,869,63656,81,4155,67892,105679,869,No
2018,13,HIDALGO,9,METEPEC,NUAL,8279,63656,81,4155,67892,105679,8279,No
2018,13,HIDALGO,9,METEPEC,MORENA,22229,63656,81,4155,67892,105679,22229,No
2018,13,HIDALGO,9,METEPEC,ES,892,63656,81,4155,67892,105679,892,No
2018,13,HIDALGO,9,METEPEC,PAN_PRD,501,63656,81,4155,67892,105679,15636,Sí
2018,14,JALISCO,1,TEQUILA,PAN,30601,166333,477,7669,174479,270051,30601,No
2018,14,JALISCO,1,TEQUILA,PRI,35322,166333,477,7669,174479,270051,35322,No
2018,14,JALISCO,1,TEQUILA,PRD,2767,166333,477,7669,174479,270051,2767,No
2018,14,JALISCO,1,TEQUILA,PVEM,6716,166333,477,7669,174479,270051,6716,No
2018,14,JALISCO,1,TEQUILA,PT,6907,166333,477,7669,174479,270051,6907,No
2018,14,JALISCO,1,TEQUILA,MC,41288,166333,477,7669,174479,270051,41288,No
2018,14,JALISCO,1,TEQUILA,NUAL,5832,166333,477,7669,174479,270051,5832,No
2018,14,JALISCO,1,TEQUILA,MORENA,32250,166333,477,7669,174479,270051,32250,No
2018,14,JALISCO,1,TEQUILA,ES,1475,166333,477,7669,174479,270051,1475,No
2018,14,JALISCO,1,TEQUILA,PAN_PRD_MC,1088,166333,477,7669,174479,270051,75744,Sí
2018,14,JALISCO,1,TEQUILA,PAN_PRD,130,166333,477,7669,174479,270051,33498,Sí
2018,14,JALISCO,1,TEQUILA,PAN_MC,502,166333,477,7669,174479,270051,72391,Sí
2018,14,JALISCO,1,TEQUILA,PRD_MC,215,166333,477,7669,174479,270051,44270,Sí
2018,14,JALISCO,1,TEQUILA,PT_MORENA_ES,629,166333,477,7669,174479,270051,41261,Sí
2018,14,JALISCO,1,TEQUILA,PT_MORENA,350,166333,477,7669,174479,270051,39507,Sí
2018,14,JALISCO,1,TEQUILA,PT_ES,43,166333,477,7669,174479,270051,8425,Sí
2018,14,JALISCO,1,TEQUILA,MORENA_ES,218,166333,477,7669,174479,270051,33943,Sí
2018,14,JALISCO,10,ZAPOPAN,PAN,32886,175599,507,4048,180154,295195,32886,No
2018,14,JALISCO,10,ZAPOPAN,PRI,15436,175599,507,4048,180154,295195,15436,No
2018,14,JALISCO,10,ZAPOPAN,PRD,992,175599,507,4048,180154,295195,992,No
2018,14,JALISCO,10,ZAPOPAN,PVEM,4033,175599,507,4048,180154,295195,4033,No
2018,14,JALISCO,10,ZAPOPAN,PT,2328,175599,507,4048,180154,295195,2328,No
2018,14,JALISCO,10,ZAPOPAN,MC,34138,175599,507,4048,180154,295195,34138,No
2018,14,JALISCO,10,ZAPOPAN,NUAL,2393,175599,507,4048,180154,295195,2393,No
2018,14,JALISCO,10,ZAPOPAN,MORENA,25673,175599,507,4048,180154,295195,25673,No
2018,14,JALISCO,10,ZAPOPAN,ES,1853,175599,507,4048,180154,295195,1853,No
2018,14,JALISCO,10,ZAPOPAN,PAN_PRD_MC,396,175599,507,4048,180154,295195,68412,Sí
2018,14,JALISCO,10,ZAPOPAN,PAN_PRD,54,175599,507,4048,180154,295195,33932,Sí
2018,14,JALISCO,10,ZAPOPAN,PAN_MC,295,175599,507,4048,180154,295195,67319,Sí
2018,14,JALISCO,10,ZAPOPAN,PRD_MC,43,175599,507,4048,180154,295195,35173,Sí
2018,14,JALISCO,10,ZAPOPAN,PT_MORENA_ES,729,175599,507,4048,180154,295195,30583,Sí
2018,14,JALISCO,10,ZAPOPAN,PT_MORENA,225,175599,507,4048,180154,295195,28226,Sí
2018,14,JALISCO,10,ZAPOPAN,PT_ES,25,175599,507,4048,180154,295195,4206,Sí
2018,14,JALISCO,10,ZAPOPAN,MORENA_ES,216,175599,507,4048,180154,295195,27742,Sí
2018,14,JALISCO,10,ZAPOPAN,Candidatura Independiente,52686,175599,507,4048,180154,295195,52686,No
2018,14,JALISCO,10,ZAPOPAN,Candidatura Independiente,1198,175599,507,4048,180154,295195,1198,No
2018,14,JALISCO,11,GUADALAJARA,PAN,19929,182698,193,6943,189834,312730,19929,No
2018,14,JALISCO,11,GUADALAJARA,PRI,24488,182698,193,6943,189834,312730,24488,No
2018,14,JALISCO,11,GUADALAJARA,PRD,2457,182698,193,6943,189834,312730,2457,No
2018,14,JALISCO,11,GUADALAJARA,PVEM,6137,182698,193,6943,189834,312730,6137,No
2018,14,JALISCO,11,GUADALAJARA,PT,4022,182698,193,6943,189834,312730,4022,No
2018,14,JALISCO,11,GUADALAJARA,MC,56410,182698,193,6943,189834,312730,56410,No
2018,14,JALISCO,11,GUADALAJARA,NUAL,3660,182698,193,6943,189834,312730,3660,No
2018,14,JALISCO,11,GUADALAJARA,MORENA,48286,182698,193,6943,189834,312730,48286,No
2018,14,JALISCO,11,GUADALAJARA,ES,3410,182698,193,6943,189834,312730,3410,No
2018,14,JALISCO,11,GUADALAJARA,PT_MORENA_ES,1107,182698,193,6943,189834,312730,56825,Sí
2018,14,JALISCO,11,GUADALAJARA,PT_MORENA,446,182698,193,6943,189834,312730,52754,Sí
2018,14,JALISCO,11,GUADALAJARA,PT_ES,44,182698,193,6943,189834,312730,7476,Sí
2018,14,JALISCO,11,GUADALAJARA,MORENA_ES,330,182698,193,6943,189834,312730,52026,Sí
2018,14,JALISCO,11,GUADALAJARA,Candidatura Independiente,11972,182698,193,6943,189834,312730,11972,No
2018,14,JALISCO,12,TLAJOMULCO DE ZUÑIGA,PAN,14995,167021,429,4478,171928,332408,14995,No
2018,14,JALISCO,12,TLAJOMULCO DE ZUÑIGA,PRI,10102,167021,429,4478,171928,332408,10102,No
2018,14,JALISCO,12,TLAJOMULCO DE ZUÑIGA,PRD,2753,167021,429,4478,171928,332408,2753,No
2018,14,JALISCO,12,TLAJOMULCO DE ZUÑIGA,PVEM,4692,167021,429,4478,171928,332408,4692,No
2018,14,JALISCO,12,TLAJOMULCO DE ZUÑIGA,PT,2738,167021,429,4478,171928,332408,2738,No
2018,14,JALISCO,12,TLAJOMULCO DE ZUÑIGA,MC,71587,167021,429,4478,171928,332408,71587,No
2018,14,JALISCO,12,TLAJOMULCO DE ZUÑIGA,NUAL,2452,167021,429,4478,171928,332408,2452,No
2018,14,JALISCO,12,TLAJOMULCO DE ZUÑIGA,MORENA,42928,167021,429,4478,171928,332408,42928,No
2018,14,JALISCO,12,TLAJOMULCO DE ZUÑIGA,ES,2825,167021,429,4478,171928,332408,2825,No
2018,14,JALISCO,12,TLAJOMULCO DE ZUÑIGA,PAN_PRD_MC,759,167021,429,4478,171928,332408,90094,Sí
2018,14,JALISCO,12,TLAJOMULCO DE ZUÑIGA,PAN_PRD,63,167021,429,4478,171928,332408,17811,Sí
2018,14,JALISCO,12,TLAJOMULCO DE ZUÑIGA,PAN_MC,298,167021,429,4478,171928,332408,86880,Sí
2018,14,JALISCO,12,TLAJOMULCO DE ZUÑIGA,PRD_MC,149,167021,429,4478,171928,332408,74489,Sí
2018,14,JALISCO,12,TLAJOMULCO DE ZUÑIGA,PT_MORENA_ES,1277,167021,429,4478,171928,332408,49768,Sí
2018,14,JALISCO,12,TLAJOMULCO DE ZUÑIGA,PT_MORENA,296,167021,429,4478,171928,332408,45962,Sí
2018,14,JALISCO,12,TLAJOMULCO DE ZUÑIGA,PT_ES,50,167021,429,4478,171928,332408,5613,Sí
2018,14,JALISCO,12,TLAJOMULCO DE ZUÑIGA,MORENA_ES,277,167021,429,4478,171928,332408,46030,Sí
2018,14,JALISCO,12,TLAJOMULCO DE ZUÑIGA,Candidatura Independiente,8780,167021,429,4478,171928,332408,8780,No
2018,14,JALISCO,13,SAN PEDRO TLAQUEPAQUE,PAN,22182,163197,400,5065,168662,284968,22182,No
2018,14,JALISCO,13,SAN PEDRO TLAQUEPAQUE,PRI,19160,163197,400,5065,168662,284968,19160,No
2018,14,JALISCO,13,SAN PEDRO TLAQUEPAQUE,PRD,1180,163197,400,5065,168662,284968,1180,No
2018,14,JALISCO,13,SAN PEDRO TLAQUEPAQUE,PVEM,5101,163197,400,5065,168662,284968,5101,No
2018,14,JALISCO,13,SAN PEDRO TLAQUEPAQUE,PT,2556,163197,400,5065,168662,284968,2556,No
2018,14,JALISCO,13,SAN PEDRO TLAQUEPAQUE,MC,35992,163197,400,5065,168662,284968,35992,No
2018,14,JALISCO,13,SAN PEDRO TLAQUEPAQUE,NUAL,2007,163197,400,5065,168662,284968,2007,No
2018,14,JALISCO,13,SAN PEDRO TLAQUEPAQUE,MORENA,33341,163197,400,5065,168662,284968,33341,No
2018,14,JALISCO,13,SAN PEDRO TLAQUEPAQUE,ES,2088,163197,400,5065,168662,284968,2088,No
2018,14,JALISCO,13,SAN PEDRO TLAQUEPAQUE,PAN_PRD_MC,531,163197,400,5065,168662,284968,59885,Sí
2018,14,JALISCO,13,SAN PEDRO TLAQUEPAQUE,PAN_PRD,57,163197,400,5065,168662,284968,23419,Sí
2018,14,JALISCO,13,SAN PEDRO TLAQUEPAQUE,PAN_MC,269,163197,400,5065,168662,284968,58443,Sí
2018,14,JALISCO,13,SAN PEDRO TLAQUEPAQUE,PRD_MC,40,163197,400,5065,168662,284968,37212,Sí
2018,14,JALISCO,13,SAN PEDRO TLAQUEPAQUE,PT_MORENA_ES,1038,163197,400,5065,168662,284968,39023,Sí
2018,14,JALISCO,13,SAN PEDRO TLAQUEPAQUE,PT_MORENA,275,163197,400,5065,168662,284968,36172,Sí
2018,14,JALISCO,13,SAN PEDRO TLAQUEPAQUE,PT_ES,42,163197,400,5065,168662,284968,4686,Sí
2018,14,JALISCO,13,SAN PEDRO TLAQUEPAQUE,MORENA_ES,286,163197,400,5065,168662,284968,35715,Sí
2018,14,JALISCO,13,SAN PEDRO TLAQUEPAQUE,Candidatura Independiente,2837,163197,400,5065,168662,284968,2837,No
2018,14,JALISCO,13,SAN PEDRO TLAQUEPAQUE,Candidatura Independiente,34215,163197,400,5065,168662,284968,34215,No
2018,14,JALISCO,14,GUADALAJARA,PAN,21633,189076,118,7597,196791,315700,21633,No
2018,14,JALISCO,14,GUADALAJARA,PRI,19342,189076,118,7597,196791,315700,19342,No
2018,14,JALISCO,14,GUADALAJARA,PRD,1455,189076,118,7597,196791,315700,1455,No
2018,14,JALISCO,14,GUADALAJARA,PVEM,6078,189076,118,7597,196791,315700,6078,No
2018,14,JALISCO,14,GUADALAJARA,PT,3296,189076,118,7597,196791,315700,3296,No
2018,14,JALISCO,14,GUADALAJARA,MC,54302,189076,118,7597,196791,315700,54302,No
2018,14,JALISCO,14,GUADALAJARA,NUAL,3555,189076,118,7597,196791,315700,3555,No
2018,14,JALISCO,14,GUADALAJARA,MORENA,42804,189076,118,7597,196791,315700,42804,No
2018,14,JALISCO,14,GUADALAJARA,ES,2616,189076,118,7597,196791,315700,2616,No
2018,14,JALISCO,14,GUADALAJARA,PT_MORENA_ES,1092,189076,118,7597,196791,315700,49808,Sí
2018,14,JALISCO,14,GUADALAJARA,PT_MORENA,480,189076,118,7597,196791,315700,46580,Sí
2018,14,JALISCO,14,GUADALAJARA,PT_ES,59,189076,118,7597,196791,315700,5971,Sí
2018,14,JALISCO,14,GUADALAJARA,MORENA_ES,375,189076,118,7597,196791,315700,45795,Sí
2018,14,JALISCO,14,GUADALAJARA,Candidatura Independiente,28837,189076,118,7597,196791,315700,28837,No
2018,14,JALISCO,14,GUADALAJARA,Candidatura Independiente,3152,189076,118,7597,196791,315700,3152,No
2018,14,JALISCO,15,LA BARCA,PAN,23737,171607,64,7351,179022,312487,23737,No
2018,14,JALISCO,15,LA BARCA,PRI,32300,171607,64,7351,179022,312487,32300,No
2018,14,JALISCO,15,LA BARCA,PRD,3413,171607,64,7351,179022,312487,3413,No
2018,14,JALISCO,15,LA BARCA,PVEM,15025,171607,64,7351,179022,312487,15025,No
2018,14,JALISCO,15,LA BARCA,PT,3363,171607,64,7351,179022,312487,3363,No
2018,14,JALISCO,15,LA BARCA,MC,35414,171607,64,7351,179022,312487,35414,No
2018,14,JALISCO,15,LA BARCA,NUAL,9014,171607,64,7351,179022,312487,9014,No
2018,14,JALISCO,15,LA BARCA,MORENA,37841,171607,64,7351,179022,312487,37841,No
2018,14,JALISCO,15,LA BARCA,ES,8690,171607,64,7351,179022,312487,8690,No
2018,14,JALISCO,15,LA BARCA,PAN_PRD_MC,694,171607,64,7351,179022,312487,63258,Sí
2018,14,JALISCO,15,LA BARCA,PAN_PRD,123,171607,64,7351,179022,312487,27273,Sí
2018,14,JALISCO,15,LA BARCA,PAN_MC,412,171607,64,7351,179022,312487,59563,Sí
2018,14,JALISCO,15,LA BARCA,PRD_MC,116,171607,64,7351,179022,312487,38943,Sí
2018,14,JALISCO,15,LA BARCA,PT_MORENA_ES,772,171607,64,7351,179022,312487,50666,Sí
2018,14,JALISCO,15,LA BARCA,PT_MORENA,266,171607,64,7351,179022,312487,41470,Sí
2018,14,JALISCO,15,LA BARCA,PT_ES,82,171607,64,7351,179022,312487,12135,Sí
2018,14,JALISCO,15,LA BARCA,MORENA_ES,345,171607,64,7351,179022,312487,46876,Sí
2018,14,JALISCO,16,SAN PEDRO TLAQUEPAQUE,PAN,18147,153827,156,6629,160612,297661,18147,No
2018,14,JALISCO,16,SAN PEDRO TLAQUEPAQUE,PRI,27660,153827,156,6629,160612,297661,27660,No
2018,14,JALISCO,16,SAN PEDRO TLAQUEPAQUE,PRD,1748,153827,156,6629,160612,297661,1748,No
2018,14,JALISCO,16,SAN PEDRO TLAQUEPAQUE,PVEM,7815,153827,156,6629,160612,297661,7815,No
2018,14,JALISCO,16,SAN PEDRO TLAQUEPAQUE,PT,3645,153827,156,6629,160612,297661,3645,No
2018,14,JALISCO,16,SAN PEDRO TLAQUEPAQUE,MC,40215,153827,156,6629,160612,297661,40215,No
2018,14,JALISCO,16,SAN PEDRO TLAQUEPAQUE,NUAL,3966,153827,156,6629,160612,297661,3966,No
2018,14,JALISCO,16,SAN PEDRO TLAQUEPAQUE,MORENA,44427,153827,156,6629,160612,297661,44427,No
2018,14,JALISCO,16,SAN PEDRO TLAQUEPAQUE,ES,4239,153827,156,6629,160612,297661,4239,No
2018,14,JALISCO,16,SAN PEDRO TLAQUEPAQUE,PT_MORENA_ES,1287,153827,156,6629,160612,297661,53598,Sí
2018,14,JALISCO,16,SAN PEDRO TLAQUEPAQUE,PT_MORENA,360,153827,156,6629,160612,297661,48432,Sí
2018,14,JALISCO,16,SAN PEDRO TLAQUEPAQUE,PT_ES,50,153827,156,6629,160612,297661,7934,Sí
2018,14,JALISCO,16,SAN PEDRO TLAQUEPAQUE,MORENA_ES,268,153827,156,6629,160612,297661,48934,Sí
2018,14,JALISCO,17,JOCOTEPEC,PAN,17993,152709,98,6106,158913,261059,17993,No
2018,14,JALISCO,17,JOCOTEPEC,PRI,32778,152709,98,6106,158913,261059,32778,No
2018,14,JALISCO,17,JOCOTEPEC,PRD,2434,152709,98,6106,158913,261059,2434,No
2018,14,JALISCO,17,JOCOTEPEC,PVEM,15423,152709,98,6106,158913,261059,15423,No
2018,14,JALISCO,17,JOCOTEPEC,PT,2714,152709,98,6106,158913,261059,2714,No
2018,14,JALISCO,17,JOCOTEPEC,MC,38487,152709,98,6106,158913,261059,38487,No
2018,14,JALISCO,17,JOCOTEPEC,NUAL,6295,152709,98,6106,158913,261059,6295,No
2018,14,JALISCO,17,JOCOTEPEC,MORENA,32205,152709,98,6106,158913,261059,32205,No
2018,14,JALISCO,17,JOCOTEPEC,ES,1947,152709,98,6106,158913,261059,1947,No
2018,14,JALISCO,17,JOCOTEPEC,PAN_PRD_MC,1012,152709,98,6106,158913,261059,59926,Sí
2018,14,JALISCO,17,JOCOTEPEC,PAN_PRD,65,152709,98,6106,158913,261059,20492,Sí
2018,14,JALISCO,17,JOCOTEPEC,PAN_MC,341,152709,98,6106,158913,261059,56821,Sí
2018,14,JALISCO,17,JOCOTEPEC,PRD_MC,68,152709,98,6106,158913,261059,40989,Sí
2018,14,JALISCO,17,JOCOTEPEC,PT_MORENA_ES,608,152709,98,6106,158913,261059,37474,Sí
2018,14,JALISCO,17,JOCOTEPEC,PT_MORENA,217,152709,98,6106,158913,261059,35136,Sí
2018,14,JALISCO,17,JOCOTEPEC,PT_ES,20,152709,98,6106,158913,261059,4681,Sí
2018,14,JALISCO,17,JOCOTEPEC,MORENA_ES,102,152709,98,6106,158913,261059,34254,Sí
2018,14,JALISCO,18,AUTLAN DE NAVARRO,PAN,23481,169085,102,8101,177288,286529,23481,No
2018,14,JALISCO,18,AUTLAN DE NAVARRO,PRI,40401,169085,102,8101,177288,286529,40401,No
2018,14,JALISCO,18,AUTLAN DE NAVARRO,PRD,6523,169085,102,8101,177288,286529,6523,No
2018,14,JALISCO,18,AUTLAN DE NAVARRO,PVEM,9530,169085,102,8101,177288,286529,9530,No
2018,14,JALISCO,18,AUTLAN DE NAVARRO,PT,2762,169085,102,8101,177288,286529,2762,No
2018,14,JALISCO,18,AUTLAN DE NAVARRO,MC,41194,169085,102,8101,177288,286529,41194,No
2018,14,JALISCO,18,AUTLAN DE NAVARRO,NUAL,6623,169085,102,8101,177288,286529,6623,No
2018,14,JALISCO,18,AUTLAN DE NAVARRO,MORENA,35319,169085,102,8101,177288,286529,35319,No
2018,14,JALISCO,18,AUTLAN DE NAVARRO,ES,1530,169085,102,8101,177288,286529,1530,No
2018,14,JALISCO,18,AUTLAN DE NAVARRO,PAN_PRD_MC,867,169085,102,8101,177288,286529,72065,Sí
2018,14,JALISCO,18,AUTLAN DE NAVARRO,PAN_PRD,158,169085,102,8101,177288,286529,30162,Sí
2018,14,JALISCO,18,AUTLAN DE NAVARRO,PAN_MC,313,169085,102,8101,177288,286529,64988,Sí
2018,14,JALISCO,18,AUTLAN DE NAVARRO,PRD_MC,384,169085,102,8101,177288,286529,48101,Sí
2018,14,JALISCO,19,ZAPOTLAN EL GRANDE,PAN,14458,179011,313,7215,186539,298471,14458,No
2018,14,JALISCO,19,ZAPOTLAN EL GRANDE,PRI,30494,179011,313,7215,186539,298471,30494,No
2018,14,JALISCO,19,ZAPOTLAN EL GRANDE,PRD,6809,179011,313,7215,186539,298471,6809,No
2018,14,JALISCO,19,ZAPOTLAN EL GRANDE,PVEM,10851,179011,313,7215,186539,298471,10851,No
2018,14,JALISCO,19,ZAPOTLAN EL GRANDE,PT,4588,179011,313,7215,186539,298471,4588,No
2018,14,JALISCO,19,ZAPOTLAN EL GRANDE,MC,41487,179011,313,7215,186539,298471,41487,No
2018,14,JALISCO,19,ZAPOTLAN EL GRANDE,NUAL,5270,179011,313,7215,186539,298471,5270,No
2018,14,JALISCO,19,ZAPOTLAN EL GRANDE,MORENA,41866,179011,313,7215,186539,298471,41866,No
2018,14,JALISCO,19,ZAPOTLAN EL GRANDE,ES,2791,179011,313,7215,186539,298471,2791,No
2018,14,JALISCO,19,ZAPOTLAN EL GRANDE,PAN_PRD_MC,726,179011,313,7215,186539,298471,63480,Sí
2018,14,JALISCO,19,ZAPOTLAN EL GRANDE,PAN_PRD,151,179011,313,7215,186539,298471,21418,Sí
2018,14,JALISCO,19,ZAPOTLAN EL GRANDE,PAN_MC,229,179011,313,7215,186539,298471,56174,Sí
2018,14,JALISCO,19,ZAPOTLAN EL GRANDE,PRD_MC,201,179011,313,7215,186539,298471,48497,Sí
2018,14,JALISCO,19,ZAPOTLAN EL GRANDE,PT_MORENA_ES,616,179011,313,7215,186539,298471,49861,Sí
2018,14,JALISCO,19,ZAPOTLAN EL GRANDE,PT_MORENA,202,179011,313,7215,186539,298471,46656,Sí
2018,14,JALISCO,19,ZAPOTLAN EL GRANDE,PT_ES,39,179011,313,7215,186539,298471,7418,Sí
2018,14,JALISCO,19,ZAPOTLAN EL GRANDE,MORENA_ES,204,179011,313,7215,186539,298471,44861,Sí
2018,14,JALISCO,19,ZAPOTLAN EL GRANDE,Candidatura Independiente,18029,179011,313,7215,186539,298471,18029,No
2018,14,JALISCO,2,LAGOS DE MORENO,PAN,48658,143464,597,6975,151036,259145,48658,No
2018,14,JALISCO,2,LAGOS DE MORENO,PRI,23052,143464,597,6975,151036,259145,23052,No
2018,14,JALISCO,2,LAGOS DE MORENO,PRD,1831,143464,597,6975,151036,259145,1831,No
2018,14,JALISCO,2,LAGOS DE MORENO,PVEM,8669,143464,597,6975,151036,259145,8669,No
2018,14,JALISCO,2,LAGOS DE MORENO,PT,1408,143464,597,6975,151036,259145,1408,No
2018,14,JALISCO,2,LAGOS DE MORENO,MC,37179,143464,597,6975,151036,259145,37179,No
2018,14,JALISCO,2,LAGOS DE MORENO,NUAL,4958,143464,597,6975,151036,259145,4958,No
2018,14,JALISCO,2,LAGOS DE MORENO,MORENA,16157,143464,597,6975,151036,259145,16157,No
2018,14,JALISCO,2,LAGOS DE MORENO,ES,1156,143464,597,6975,151036,259145,1156,No
2018,14,JALISCO,2,LAGOS DE MORENO,PT_MORENA_ES,221,143464,597,6975,151036,259145,18942,Sí
2018,14,JALISCO,2,LAGOS DE MORENO,PT_MORENA,102,143464,597,6975,151036,259145,17667,Sí
2018,14,JALISCO,2,LAGOS DE MORENO,PT_ES,6,143464,597,6975,151036,259145,2570,Sí
2018,14,JALISCO,2,LAGOS DE MORENO,MORENA_ES,67,143464,597,6975,151036,259145,17380,Sí
2018,14,JALISCO,20,TONALA,PAN,15962,141214,192,5727,147133,277118,15962,No
2018,14,JALISCO,20,TONALA,PRI,21764,141214,192,5727,147133,277118,21764,No
2018,14,JALISCO,20,TONALA,PRD,2129,141214,192,5727,147133,277118,2129,No
2018,14,JALISCO,20,TONALA,PVEM,7570,141214,192,5727,147133,277118,7570,No
2018,14,JALISCO,20,TONALA,PT,2953,141214,192,5727,147133,277118,2953,No
2018,14,JALISCO,20,TONALA,MC,49821,141214,192,5727,147133,277118,49821,No
2018,14,JALISCO,20,TONALA,NUAL,2799,141214,192,5727,147133,277118,2799,No
2018,14,JALISCO,20,TONALA,MORENA,33811,141214,192,5727,147133,277118,33811,No
2018,14,JALISCO,20,TONALA,ES,2750,141214,192,5727,147133,277118,2750,No
2018,14,JALISCO,20,TONALA,PT_MORENA_ES,845,141214,192,5727,147133,277118,40359,Sí
2018,14,JALISCO,20,TONALA,PT_MORENA,437,141214,192,5727,147133,277118,37201,Sí
2018,14,JALISCO,20,TONALA,PT_ES,71,141214,192,5727,147133,277118,5774,Sí
2018,14,JALISCO,20,TONALA,MORENA_ES,302,141214,192,5727,147133,277118,36863,Sí
2018,14,JALISCO,3,TEPATITLAN DE MORELOS,PAN,55132,175975,102,10437,186514,329885,55132,No
2018,14,JALISCO,3,TEPATITLAN DE MORELOS,PRI,32066,175975,102,10437,186514,329885,32066,No
2018,14,JALISCO,3,TEPATITLAN DE MORELOS,PRD,1534,175975,102,10437,186514,329885,1534,No
2018,14,JALISCO,3,TEPATITLAN DE MORELOS,PVEM,9809,175975,102,10437,186514,329885,9809,No
2018,14,JALISCO,3,TEPATITLAN DE MORELOS,PT,1939,175975,102,10437,186514,329885,1939,No
2018,14,JALISCO,3,TEPATITLAN DE MORELOS,MC,49238,175975,102,10437,186514,329885,49238,No
2018,14,JALISCO,3,TEPATITLAN DE MORELOS,NUAL,6055,175975,102,10437,186514,329885,6055,No
2018,14,JALISCO,3,TEPATITLAN DE MORELOS,MORENA,17279,175975,102,10437,186514,329885,17279,No
2018,14,JALISCO,3,TEPATITLAN DE MORELOS,ES,2923,175975,102,10437,186514,329885,2923,No
2018,14,JALISCO,4,ZAPOPAN,PAN,17191,155952,176,4666,160794,289174,17191,No
2018,14,JALISCO,4,ZAPOPAN,PRI,22059,155952,176,4666,160794,289174,22059,No
2018,14,JALISCO,4,ZAPOPAN,PRD,1336,155952,176,4666,160794,289174,1336,No
2018,14,JALISCO,4,ZAPOPAN,PVEM,4894,155952,176,4666,160794,289174,4894,No
2018,14,JALISCO,4,ZAPOPAN,PT,2817,155952,176,4666,160794,289174,2817,No
2018,14,JALISCO,4,ZAPOPAN,MC,32967,155952,176,4666,160794,289174,32967,No
2018,14,JALISCO,4,ZAPOPAN,NUAL,2353,155952,176,4666,160794,289174,2353,No
2018,14,JALISCO,4,ZAPOPAN,MORENA,32913,155952,176,4666,160794,289174,32913,No
2018,14,JALISCO,4,ZAPOPAN,ES,1891,155952,176,4666,160794,289174,1891,No
2018,14,JALISCO,4,ZAPOPAN,PAN_PRD_MC,330,155952,176,4666,160794,289174,51824,Sí
2018,14,JALISCO,4,ZAPOPAN,PAN_PRD,36,155952,176,4666,160794,289174,18563,Sí
2018,14,JALISCO,4,ZAPOPAN,PAN_MC,207,155952,176,4666,160794,289174,50365,Sí
2018,14,JALISCO,4,ZAPOPAN,PRD_MC,41,155952,176,4666,160794,289174,34344,Sí
2018,14,JALISCO,4,ZAPOPAN,PT_MORENA_ES,858,155952,176,4666,160794,289174,38479,Sí
2018,14,JALISCO,4,ZAPOPAN,PT_MORENA,341,155952,176,4666,160794,289174,36071,Sí
2018,14,JALISCO,4,ZAPOPAN,PT_ES,40,155952,176,4666,160794,289174,4748,Sí
2018,14,JALISCO,4,ZAPOPAN,MORENA_ES,218,155952,176,4666,160794,289174,35022,Sí
2018,14,JALISCO,4,ZAPOPAN,Candidatura Independiente,7142,155952,176,4666,160794,289174,7142,No
2018,14,JALISCO,4,ZAPOPAN,Candidatura Independiente,1334,155952,176,4666,160794,289174,1334,No
2018,14,JALISCO,4,ZAPOPAN,Candidatura Independiente,26984,155952,176,4666,160794,289174,26984,No
2018,14,JALISCO,5,PUERTO VALLARTA,PAN,8932,150154,30,6267,156451,283360,8932,No
2018,14,JALISCO,5,PUERTO VALLARTA,PRI,22361,150154,30,6267,156451,283360,22361,No
2018,14,JALISCO,5,PUERTO VALLARTA,PRD,2290,150154,30,6267,156451,283360,2290,No
2018,14,JALISCO,5,PUERTO VALLARTA,PVEM,5821,150154,30,6267,156451,283360,5821,No
2018,14,JALISCO,5,PUERTO VALLARTA,PT,2517,150154,30,6267,156451,283360,2517,No
2018,14,JALISCO,5,PUERTO VALLARTA,MC,47898,150154,30,6267,156451,283360,47898,No
2018,14,JALISCO,5,PUERTO VALLARTA,NUAL,1819,150154,30,6267,156451,283360,1819,No
2018,14,JALISCO,5,PUERTO VALLARTA,MORENA,41271,150154,30,6267,156451,283360,41271,No
2018,14,JALISCO,5,PUERTO VALLARTA,ES,1057,150154,30,6267,156451,283360,1057,No
2018,14,JALISCO,5,PUERTO VALLARTA,PT_MORENA_ES,659,150154,30,6267,156451,283360,45504,Sí
2018,14,JALISCO,5,PUERTO VALLARTA,PT_MORENA,321,150154,30,6267,156451,283360,44109,Sí
2018,14,JALISCO,5,PUERTO VALLARTA,PT_ES,23,150154,30,6267,156451,283360,3597,Sí
2018,14,JALISCO,5,PUERTO VALLARTA,MORENA_ES,191,150154,30,6267,156451,283360,42519,Sí
2018,14,JALISCO,5,PUERTO VALLARTA,Candidatura Independiente,13679,150154,30,6267,156451,283360,13679,No
2018,14,JALISCO,5,PUERTO VALLARTA,Candidatura Independiente,1315,150154,30,6267,156451,283360,1315,No
2018,14,JALISCO,6,ZAPOPAN,PAN,24403,174177,86,5631,179894,318321,24403,No
2018,14,JALISCO,6,ZAPOPAN,PRI,18948,174177,86,5631,179894,318321,18948,No
2018,14,JALISCO,6,ZAPOPAN,PRD,1453,174177,86,5631,179894,318321,1453,No
2018,14,JALISCO,6,ZAPOPAN,PVEM,5322,174177,86,5631,179894,318321,5322,No
2018,14,JALISCO,6,ZAPOPAN,PT,2874,174177,86,5631,179894,318321,2874,No
2018,14,JALISCO,6,ZAPOPAN,MC,45227,174177,86,5631,179894,318321,45227,No
2018,14,JALISCO,6,ZAPOPAN,NUAL,2405,174177,86,5631,179894,318321,2405,No
2018,14,JALISCO,6,ZAPOPAN,MORENA,36156,174177,86,5631,179894,318321,36156,No
2018,14,JALISCO,6,ZAPOPAN,ES,2320,174177,86,5631,179894,318321,2320,No
2018,14,JALISCO,6,ZAPOPAN,PT_MORENA_ES,931,174177,86,5631,179894,318321,42281,Sí
2018,14,JALISCO,6,ZAPOPAN,PT_MORENA,323,174177,86,5631,179894,318321,39353,Sí
2018,14,JALISCO,6,ZAPOPAN,PT_ES,35,174177,86,5631,179894,318321,5229,Sí
2018,14,JALISCO,6,ZAPOPAN,MORENA_ES,245,174177,86,5631,179894,318321,38721,Sí
2018,14,JALISCO,6,ZAPOPAN,Candidatura Independiente,4728,174177,86,5631,179894,318321,4728,No
2018,14,JALISCO,6,ZAPOPAN,Candidatura Independiente,28807,174177,86,5631,179894,318321,28807,No
2018,14,JALISCO,7,TONALA,PAN,11181,129232,171,4612,134015,254129,11181,No
2018,14,JALISCO,7,TONALA,PRI,19026,129232,171,4612,134015,254129,19026,No
2018,14,JALISCO,7,TONALA,PRD,992,129232,171,4612,134015,254129,992,No
2018,14,JALISCO,7,TONALA,PVEM,5214,129232,171,4612,134015,254129,5214,No
2018,14,JALISCO,7,TONALA,PT,3444,129232,171,4612,134015,254129,3444,No
2018,14,JALISCO,7,TONALA,MC,34572,129232,171,4612,134015,254129,34572,No
2018,14,JALISCO,7,TONALA,NUAL,3861,129232,171,4612,134015,254129,3861,No
2018,14,JALISCO,7,TONALA,MORENA,32195,129232,171,4612,134015,254129,32195,No
2018,14,JALISCO,7,TONALA,ES,2097,129232,171,4612,134015,254129,2097,No
2018,14,JALISCO,7,TONALA,PT_MORENA_ES,936,129232,171,4612,134015,254129,38672,Sí
2018,14,JALISCO,7,TONALA,PT_MORENA,376,129232,171,4612,134015,254129,36015,Sí
2018,14,JALISCO,7,TONALA,PT_ES,49,129232,171,4612,134015,254129,5590,Sí
2018,14,JALISCO,7,TONALA,MORENA_ES,202,129232,171,4612,134015,254129,34494,Sí
2018,14,JALISCO,7,TONALA,Candidatura Independiente,15087,129232,171,4612,134015,254129,15087,No
2018,14,JALISCO,8,GUADALAJARA,PAN,34771,208521,425,5673,214619,327935,34771,No
2018,14,JALISCO,8,GUADALAJARA,PRI,24229,208521,425,5673,214619,327935,24229,No
2018,14,JALISCO,8,GUADALAJARA,PRD,1376,208521,425,5673,214619,327935,1376,No
2018,14,JALISCO,8,GUADALAJARA,PVEM,5607,208521,425,5673,214619,327935,5607,No
2018,14,JALISCO,8,GUADALAJARA,PT,2441,208521,425,5673,214619,327935,2441,No
2018,14,JALISCO,8,GUADALAJARA,MC,47044,208521,425,5673,214619,327935,47044,No
2018,14,JALISCO,8,GUADALAJARA,NUAL,2767,208521,425,5673,214619,327935,2767,No
2018,14,JALISCO,8,GUADALAJARA,MORENA,37285,208521,425,5673,214619,327935,37285,No
2018,14,JALISCO,8,GUADALAJARA,ES,1791,208521,425,5673,214619,327935,1791,No
2018,14,JALISCO,8,GUADALAJARA,PAN_PRD_MC,392,208521,425,5673,214619,327935,83583,Sí
2018,14,JALISCO,8,GUADALAJARA,PAN_PRD,59,208521,425,5673,214619,327935,36206,Sí
2018,14,JALISCO,8,GUADALAJARA,PAN_MC,278,208521,425,5673,214619,327935,82093,Sí
2018,14,JALISCO,8,GUADALAJARA,PRD_MC,50,208521,425,5673,214619,327935,48470,Sí
2018,14,JALISCO,8,GUADALAJARA,PT_MORENA_ES,728,208521,425,5673,214619,327935,42245,Sí
2018,14,JALISCO,8,GUADALAJARA,PT_MORENA,257,208521,425,5673,214619,327935,39983,Sí
2018,14,JALISCO,8,GUADALAJARA,PT_ES,30,208521,425,5673,214619,327935,4262,Sí
2018,14,JALISCO,8,GUADALAJARA,MORENA_ES,276,208521,425,5673,214619,327935,39352,Sí
2018,14,JALISCO,8,GUADALAJARA,Candidatura Independiente,4817,208521,425,5673,214619,327935,4817,No
2018,14,JALISCO,8,GUADALAJARA,Candidatura Independiente,44323,208521,425,5673,214619,327935,44323,No
2018,14,JALISCO,9,GUADALAJARA,PAN,18397,168142,476,6912,175530,305245,18397,No
2018,14,JALISCO,9,GUADALAJARA,PRI,22357,168142,476,6912,175530,305245,22357,No
2018,14,JALISCO,9,GUADALAJARA,PRD,1905,168142,476,6912,175530,305245,1905,No
2018,14,JALISCO,9,GUADALAJARA,PVEM,7354,168142,476,6912,175530,305245,7354,No
2018,14,JALISCO,9,GUADALAJARA,PT,4275,168142,476,6912,175530,305245,4275,No
2018,14,JALISCO,9,GUADALAJARA,MC,53072,168142,476,6912,175530,305245,53072,No
2018,14,JALISCO,9,GUADALAJARA,NUAL,4372,168142,476,6912,175530,305245,4372,No
2018,14,JALISCO,9,GUADALAJARA,MORENA,49836,168142,476,6912,175530,305245,49836,No
2018,14,JALISCO,9,GUADALAJARA,ES,3932,168142,476,6912,175530,305245,3932,No
2018,14,JALISCO,9,GUADALAJARA,PAN_PRD_MC,435,168142,476,6912,175530,305245,73809,Sí
2018,14,JALISCO,9,GUADALAJARA,PAN_PRD,45,168142,476,6912,175530,305245,20347,Sí
2018,14,JALISCO,9,GUADALAJARA,PAN_MC,328,168142,476,6912,175530,305245,71797,Sí
2018,14,JALISCO,9,GUADALAJARA,PRD_MC,65,168142,476,6912,175530,305245,55042,Sí
2018,14,JALISCO,9,GUADALAJARA,PT_MORENA_ES,1045,168142,476,6912,175530,305245,59088,Sí
2018,14,JALISCO,9,GUADALAJARA,PT_MORENA,448,168142,476,6912,175530,305245,54559,Sí
2018,14,JALISCO,9,GUADALAJARA,PT_ES,43,168142,476,6912,175530,305245,8250,Sí
2018,14,JALISCO,9,GUADALAJARA,MORENA_ES,233,168142,476,6912,175530,305245,54001,Sí
2018,15,MEXICO,1,CHALCO DE DIAZ COVARRUBIAS 1,PAN,11590,160109,175,5280,165564,260453,11590,No
2018,15,MEXICO,1,CHALCO DE DIAZ COVARRUBIAS 1,PRI,28899,160109,175,5280,165564,260453,28899,No
2018,15,MEXICO,1,CHALCO DE DIAZ COVARRUBIAS 1,PRD,8927,160109,175,5280,165564,260453,8927,No
2018,15,MEXICO,1,CHALCO DE DIAZ COVARRUBIAS 1,PT,3855,160109,175,5280,165564,260453,3855,No
2018,15,MEXICO,1,CHALCO DE DIAZ COVARRUBIAS 1,PVEM,4183,160109,175,5280,165564,260453,4183,No
2018,15,MEXICO,1,CHALCO DE DIAZ COVARRUBIAS 1,MC,8393,160109,175,5280,165564,260453,8393,No
2018,15,MEXICO,1,CHALCO DE DIAZ COVARRUBIAS 1,NUAL,4244,160109,175,5280,165564,260453,4244,No
2018,15,MEXICO,1,CHALCO DE DIAZ COVARRUBIAS 1,MORENA,76633,160109,175,5280,165564,260453,76633,No
2018,15,MEXICO,1,CHALCO DE DIAZ COVARRUBIAS 1,ES,5182,160109,175,5280,165564,260453,5182,No
2018,15,MEXICO,1,CHALCO DE DIAZ COVARRUBIAS 1,VR,3420,160109,175,5280,165564,260453,3420,No
2018,15,MEXICO,1,CHALCO DE DIAZ COVARRUBIAS 1,PAN_PRD_MC,588,160109,175,5280,165564,260453,29498,Sí
2018,15,MEXICO,1,CHALCO DE DIAZ COVARRUBIAS 1,PAN_PRD,107,160109,175,5280,165564,260453,20624,Sí
2018,15,MEXICO,1,CHALCO DE DIAZ COVARRUBIAS 1,PAN_MC,110,160109,175,5280,165564,260453,20093,Sí
2018,15,MEXICO,1,CHALCO DE DIAZ COVARRUBIAS 1,PRD_MC,188,160109,175,5280,165564,260453,17508,Sí
2018,15,MEXICO,1,CHALCO DE DIAZ COVARRUBIAS 1,PT_MORENA_ES,2580,160109,175,5280,165564,260453,88250,Sí
2018,15,MEXICO,1,CHALCO DE DIAZ COVARRUBIAS 1,PT_MORENA,440,160109,175,5280,165564,260453,80928,Sí
2018,15,MEXICO,1,CHALCO DE DIAZ COVARRUBIAS 1,PT_ES,165,160109,175,5280,165564,260453,9202,Sí
2018,15,MEXICO,1,CHALCO DE DIAZ COVARRUBIAS 1,MORENA_ES,605,160109,175,5280,165564,260453,82420,Sí
2018,15,MEXICO,10,VALLE DE BRAVO,PAN,17552,181082,74,8123,189279,252414,17552,No
2018,15,MEXICO,10,VALLE DE BRAVO,PRI,59765,181082,74,8123,189279,252414,59765,No
2018,15,MEXICO,10,VALLE DE BRAVO,PRD,22685,181082,74,8123,189279,252414,22685,No
2018,15,MEXICO,10,VALLE DE BRAVO,PT,5144,181082,74,8123,189279,252414,5144,No
2018,15,MEXICO,10,VALLE DE BRAVO,PVEM,9866,181082,74,8123,189279,252414,9866,No
2018,15,MEXICO,10,VALLE DE BRAVO,MC,1790,181082,74,8123,189279,252414,1790,No
2018,15,MEXICO,10,VALLE DE BRAVO,NUAL,4358,181082,74,8123,189279,252414,4358,No
2018,15,MEXICO,10,VALLE DE BRAVO,MORENA,47386,181082,74,8123,189279,252414,47386,No
2018,15,MEXICO,10,VALLE DE BRAVO,ES,1708,181082,74,8123,189279,252414,1708,No
2018,15,MEXICO,10,VALLE DE BRAVO,VR,9323,181082,74,8123,189279,252414,9323,No
2018,15,MEXICO,10,VALLE DE BRAVO,PT_MORENA_ES,910,181082,74,8123,189279,252414,55148,Sí
2018,15,MEXICO,10,VALLE DE BRAVO,PT_MORENA,279,181082,74,8123,189279,252414,52809,Sí
2018,15,MEXICO,10,VALLE DE BRAVO,PT_ES,62,181082,74,8123,189279,252414,6914,Sí
2018,15,MEXICO,10,VALLE DE BRAVO,MORENA_ES,254,181082,74,8123,189279,252414,49348,Sí
2018,15,MEXICO,11,TULTITLAN DE MARIANO ESCOBEDO,PAN,17310,158864,123,4918,163905,247313,17310,No
2018,15,MEXICO,11,TULTITLAN DE MARIANO ESCOBEDO,PRI,23749,158864,123,4918,163905,247313,23749,No
2018,15,MEXICO,11,TULTITLAN DE MARIANO ESCOBEDO,PRD,10607,158864,123,4918,163905,247313,10607,No
2018,15,MEXICO,11,TULTITLAN DE MARIANO ESCOBEDO,PT,3390,158864,123,4918,163905,247313,3390,No
2018,15,MEXICO,11,TULTITLAN DE MARIANO ESCOBEDO,PVEM,4981,158864,123,4918,163905,247313,4981,No
2018,15,MEXICO,11,TULTITLAN DE MARIANO ESCOBEDO,MC,5101,158864,123,4918,163905,247313,5101,No
2018,15,MEXICO,11,TULTITLAN DE MARIANO ESCOBEDO,NUAL,6845,158864,123,4918,163905,247313,6845,No
2018,15,MEXICO,11,TULTITLAN DE MARIANO ESCOBEDO,MORENA,74297,158864,123,4918,163905,247313,74297,No
2018,15,MEXICO,11,TULTITLAN DE MARIANO ESCOBEDO,ES,3608,158864,123,4918,163905,247313,3608,No
2018,15,MEXICO,11,TULTITLAN DE MARIANO ESCOBEDO,VR,5101,158864,123,4918,163905,247313,5101,No
2018,15,MEXICO,11,TULTITLAN DE MARIANO ESCOBEDO,PAN_PRD_MC,708,158864,123,4918,163905,247313,33726,Sí
2018,15,MEXICO,11,TULTITLAN DE MARIANO ESCOBEDO,PAN_PRD,186,158864,123,4918,163905,247313,28103,Sí
2018,15,MEXICO,11,TULTITLAN DE MARIANO ESCOBEDO,PAN_MC,74,158864,123,4918,163905,247313,22485,Sí
2018,15,MEXICO,11,TULTITLAN DE MARIANO ESCOBEDO,PRD_MC,83,158864,123,4918,163905,247313,15791,Sí
2018,15,MEXICO,11,TULTITLAN DE MARIANO ESCOBEDO,PT_MORENA_ES,1989,158864,123,4918,163905,247313,83284,Sí
2018,15,MEXICO,11,TULTITLAN DE MARIANO ESCOBEDO,PT_MORENA,346,158864,123,4918,163905,247313,78033,Sí
2018,15,MEXICO,11,TULTITLAN DE MARIANO ESCOBEDO,PT_ES,78,158864,123,4918,163905,247313,7076,Sí
2018,15,MEXICO,11,TULTITLAN DE MARIANO ESCOBEDO,MORENA_ES,411,158864,123,4918,163905,247313,78316,Sí
2018,15,MEXICO,12,TEOLOYUCAN,PAN,23561,172696,75,5195,177966,260134,23561,No
2018,15,MEXICO,12,TEOLOYUCAN,PRI,30879,172696,75,5195,177966,260134,30879,No
2018,15,MEXICO,12,TEOLOYUCAN,PRD,3931,172696,75,5195,177966,260134,3931,No
2018,15,MEXICO,12,TEOLOYUCAN,PT,3066,172696,75,5195,177966,260134,3066,No
2018,15,MEXICO,12,TEOLOYUCAN,PVEM,8854,172696,75,5195,177966,260134,8854,No
2018,15,MEXICO,12,TEOLOYUCAN,MC,10178,172696,75,5195,177966,260134,10178,No
2018,15,MEXICO,12,TEOLOYUCAN,NUAL,5002,172696,75,5195,177966,260134,5002,No
2018,15,MEXICO,12,TEOLOYUCAN,MORENA,75387,172696,75,5195,177966,260134,75387,No
2018,15,MEXICO,12,TEOLOYUCAN,ES,4341,172696,75,5195,177966,260134,4341,No
2018,15,MEXICO,12,TEOLOYUCAN,VR,4043,172696,75,5195,177966,260134,4043,No
2018,15,MEXICO,12,TEOLOYUCAN,PAN_PRD_MC,667,172696,75,5195,177966,260134,38337,Sí
2018,15,MEXICO,12,TEOLOYUCAN,PAN_PRD,223,172696,75,5195,177966,260134,27715,Sí
2018,15,MEXICO,12,TEOLOYUCAN,PAN_MC,149,172696,75,5195,177966,260134,33888,Sí
2018,15,MEXICO,12,TEOLOYUCAN,PRD_MC,45,172696,75,5195,177966,260134,14154,Sí
2018,15,MEXICO,12,TEOLOYUCAN,PT_MORENA_ES,1644,172696,75,5195,177966,260134,84438,Sí
2018,15,MEXICO,12,TEOLOYUCAN,PT_MORENA,320,172696,75,5195,177966,260134,78773,Sí
2018,15,MEXICO,12,TEOLOYUCAN,PT_ES,37,172696,75,5195,177966,260134,7444,Sí
2018,15,MEXICO,12,TEOLOYUCAN,MORENA_ES,369,172696,75,5195,177966,260134,80097,Sí
2018,15,MEXICO,13,ATLACOMULCO DE FABELA,PAN,26053,173422,56,7697,181175,260074,26053,No
2018,15,MEXICO,13,ATLACOMULCO DE FABELA,PRI,46591,173422,56,7697,181175,260074,46591,No
2018,15,MEXICO,13,ATLACOMULCO DE FABELA,PRD,3442,173422,56,7697,181175,260074,3442,No
2018,15,MEXICO,13,ATLACOMULCO DE FABELA,PT,4941,173422,56,7697,181175,260074,4941,No
2018,15,MEXICO,13,ATLACOMULCO DE FABELA,PVEM,11832,173422,56,7697,181175,260074,11832,No
2018,15,MEXICO,13,ATLACOMULCO DE FABELA,MC,2528,173422,56,7697,181175,260074,2528,No
2018,15,MEXICO,13,ATLACOMULCO DE FABELA,NUAL,10206,173422,56,7697,181175,260074,10206,No
2018,15,MEXICO,13,ATLACOMULCO DE FABELA,MORENA,58402,173422,56,7697,181175,260074,58402,No
2018,15,MEXICO,13,ATLACOMULCO DE FABELA,ES,3052,173422,56,7697,181175,260074,3052,No
2018,15,MEXICO,13,ATLACOMULCO DE FABELA,VR,3634,173422,56,7697,181175,260074,3634,No
2018,15,MEXICO,13,ATLACOMULCO DE FABELA,PAN_PRD_MC,510,173422,56,7697,181175,260074,32533,Sí
2018,15,MEXICO,13,ATLACOMULCO DE FABELA,PAN_PRD,202,173422,56,7697,181175,260074,29697,Sí
2018,15,MEXICO,13,ATLACOMULCO DE FABELA,PAN_MC,86,173422,56,7697,181175,260074,28667,Sí
2018,15,MEXICO,13,ATLACOMULCO DE FABELA,PRD_MC,50,173422,56,7697,181175,260074,6020,Sí
2018,15,MEXICO,13,ATLACOMULCO DE FABELA,PT_MORENA_ES,1177,173422,56,7697,181175,260074,67572,Sí
2018,15,MEXICO,13,ATLACOMULCO DE FABELA,PT_MORENA,352,173422,56,7697,181175,260074,63695,Sí
2018,15,MEXICO,13,ATLACOMULCO DE FABELA,PT_ES,67,173422,56,7697,181175,260074,8060,Sí
2018,15,MEXICO,13,ATLACOMULCO DE FABELA,MORENA_ES,297,173422,56,7697,181175,260074,61751,Sí
2018,15,MEXICO,14,JILOTEPEC DE ANDRES MOLINA ENRIQUEZ,PAN,29441,181130,47,7260,188437,252956,29441,No
2018,15,MEXICO,14,JILOTEPEC DE ANDRES MOLINA ENRIQUEZ,PRI,50459,181130,47,7260,188437,252956,50459,No
2018,15,MEXICO,14,JILOTEPEC DE ANDRES MOLINA ENRIQUEZ,PRD,4242,181130,47,7260,188437,252956,4242,No
2018,15,MEXICO,14,JILOTEPEC DE ANDRES MOLINA ENRIQUEZ,PT,3240,181130,47,7260,188437,252956,3240,No
2018,15,MEXICO,14,JILOTEPEC DE ANDRES MOLINA ENRIQUEZ,PVEM,15436,181130,47,7260,188437,252956,15436,No
2018,15,MEXICO,14,JILOTEPEC DE ANDRES MOLINA ENRIQUEZ,MC,6304,181130,47,7260,188437,252956,6304,No
2018,15,MEXICO,14,JILOTEPEC DE ANDRES MOLINA ENRIQUEZ,NUAL,15827,181130,47,7260,188437,252956,15827,No
2018,15,MEXICO,14,JILOTEPEC DE ANDRES MOLINA ENRIQUEZ,MORENA,48981,181130,47,7260,188437,252956,48981,No
2018,15,MEXICO,14,JILOTEPEC DE ANDRES MOLINA ENRIQUEZ,ES,2446,181130,47,7260,188437,252956,2446,No
2018,15,MEXICO,14,JILOTEPEC DE ANDRES MOLINA ENRIQUEZ,VR,2042,181130,47,7260,188437,252956,2042,No
2018,15,MEXICO,14,JILOTEPEC DE ANDRES MOLINA ENRIQUEZ,PAN_PRD_MC,681,181130,47,7260,188437,252956,40668,Sí
2018,15,MEXICO,14,JILOTEPEC DE ANDRES MOLINA ENRIQUEZ,PAN_PRD,255,181130,47,7260,188437,252956,33938,Sí
2018,15,MEXICO,14,JILOTEPEC DE ANDRES MOLINA ENRIQUEZ,PAN_MC,185,181130,47,7260,188437,252956,35930,Sí
2018,15,MEXICO,14,JILOTEPEC DE ANDRES MOLINA ENRIQUEZ,PRD_MC,47,181130,47,7260,188437,252956,10593,Sí
2018,15,MEXICO,14,JILOTEPEC DE ANDRES MOLINA ENRIQUEZ,PT_MORENA_ES,910,181130,47,7260,188437,252956,55577,Sí
2018,15,MEXICO,14,JILOTEPEC DE ANDRES MOLINA ENRIQUEZ,PT_MORENA,215,181130,47,7260,188437,252956,52436,Sí
2018,15,MEXICO,14,JILOTEPEC DE ANDRES MOLINA ENRIQUEZ,PT_ES,51,181130,47,7260,188437,252956,5737,Sí
2018,15,MEXICO,14,JILOTEPEC DE ANDRES MOLINA ENRIQUEZ,MORENA_ES,368,181130,47,7260,188437,252956,51795,Sí
2018,15,MEXICO,15,IXTLAHUACA DE RAYON,PAN,17495,164510,94,7625,172229,248081,17495,No
2018,15,MEXICO,15,IXTLAHUACA DE RAYON,PRI,46403,164510,94,7625,172229,248081,46403,No
2018,15,MEXICO,15,IXTLAHUACA DE RAYON,PRD,3299,164510,94,7625,172229,248081,3299,No
2018,15,MEXICO,15,IXTLAHUACA DE RAYON,PT,11480,164510,94,7625,172229,248081,11480,No
2018,15,MEXICO,15,IXTLAHUACA DE RAYON,PVEM,7116,164510,94,7625,172229,248081,7116,No
2018,15,MEXICO,15,IXTLAHUACA DE RAYON,MC,5846,164510,94,7625,172229,248081,5846,No
2018,15,MEXICO,15,IXTLAHUACA DE RAYON,NUAL,4450,164510,94,7625,172229,248081,4450,No
2018,15,MEXICO,15,IXTLAHUACA DE RAYON,MORENA,57553,164510,94,7625,172229,248081,57553,No
2018,15,MEXICO,15,IXTLAHUACA DE RAYON,ES,3073,164510,94,7625,172229,248081,3073,No
2018,15,MEXICO,15,IXTLAHUACA DE RAYON,VR,3398,164510,94,7625,172229,248081,3398,No
2018,15,MEXICO,15,IXTLAHUACA DE RAYON,PAN_PRD_MC,914,164510,94,7625,172229,248081,27554,Sí
2018,15,MEXICO,15,IXTLAHUACA DE RAYON,PAN_PRD,148,164510,94,7625,172229,248081,20942,Sí
2018,15,MEXICO,15,IXTLAHUACA DE RAYON,PAN_MC,185,164510,94,7625,172229,248081,23526,Sí
2018,15,MEXICO,15,IXTLAHUACA DE RAYON,PRD_MC,92,164510,94,7625,172229,248081,9237,Sí
2018,15,MEXICO,15,IXTLAHUACA DE RAYON,PT_MORENA_ES,1833,164510,94,7625,172229,248081,73939,Sí
2018,15,MEXICO,15,IXTLAHUACA DE RAYON,PT_MORENA,727,164510,94,7625,172229,248081,69760,Sí
2018,15,MEXICO,15,IXTLAHUACA DE RAYON,PT_ES,100,164510,94,7625,172229,248081,14653,Sí
2018,15,MEXICO,15,IXTLAHUACA DE RAYON,MORENA_ES,398,164510,94,7625,172229,248081,61024,Sí
2018,15,MEXICO,16,CIUDAD ADOLFO LOPEZ MATEOS,PAN,36514,166313,165,5121,171599,261776,36514,No
2018,15,MEXICO,16,CIUDAD ADOLFO LOPEZ MATEOS,PRI,22512,166313,165,5121,171599,261776,22512,No
2018,15,MEXICO,16,CIUDAD ADOLFO LOPEZ MATEOS,PRD,3312,166313,165,5121,171599,261776,3312,No
2018,15,MEXICO,16,CIUDAD ADOLFO LOPEZ MATEOS,PT,3294,166313,165,5121,171599,261776,3294,No
2018,15,MEXICO,16,CIUDAD ADOLFO LOPEZ MATEOS,PVEM,16251,166313,165,5121,171599,261776,16251,No
2018,15,MEXICO,16,CIUDAD ADOLFO LOPEZ MATEOS,MC,2424,166313,165,5121,171599,261776,2424,No
2018,15,MEXICO,16,CIUDAD ADOLFO LOPEZ MATEOS,NUAL,3913,166313,165,5121,171599,261776,3913,No
2018,15,MEXICO,16,CIUDAD ADOLFO LOPEZ MATEOS,MORENA,66307,166313,165,5121,171599,261776,66307,No
2018,15,MEXICO,16,CIUDAD ADOLFO LOPEZ MATEOS,ES,3396,166313,165,5121,171599,261776,3396,No
2018,15,MEXICO,16,CIUDAD ADOLFO LOPEZ MATEOS,VR,4244,166313,165,5121,171599,261776,4244,No
2018,15,MEXICO,16,CIUDAD ADOLFO LOPEZ MATEOS,PAN_PRD_MC,771,166313,165,5121,171599,261776,43021,Sí
2018,15,MEXICO,16,CIUDAD ADOLFO LOPEZ MATEOS,PAN_PRD,222,166313,165,5121,171599,261776,40048,Sí
2018,15,MEXICO,16,CIUDAD ADOLFO LOPEZ MATEOS,PAN_MC,114,166313,165,5121,171599,261776,39052,Sí
2018,15,MEXICO,16,CIUDAD ADOLFO LOPEZ MATEOS,PRD_MC,34,166313,165,5121,171599,261776,5770,Sí
2018,15,MEXICO,16,CIUDAD ADOLFO LOPEZ MATEOS,PT_MORENA_ES,2066,166313,165,5121,171599,261776,75063,Sí
2018,15,MEXICO,16,CIUDAD ADOLFO LOPEZ MATEOS,PT_MORENA,447,166313,165,5121,171599,261776,70048,Sí
2018,15,MEXICO,16,CIUDAD ADOLFO LOPEZ MATEOS,PT_ES,65,166313,165,5121,171599,261776,6755,Sí
2018,15,MEXICO,16,CIUDAD ADOLFO LOPEZ MATEOS,MORENA_ES,427,166313,165,5121,171599,261776,70130,Sí
2018,15,MEXICO,17,HUIXQUILUCAN DE DEGOLLADO,PAN,61904,179202,50,5539,184791,252171,61904,No
2018,15,MEXICO,17,HUIXQUILUCAN DE DEGOLLADO,PRI,38209,179202,50,5539,184791,252171,38209,No
2018,15,MEXICO,17,HUIXQUILUCAN DE DEGOLLADO,PRD,5560,179202,50,5539,184791,252171,5560,No
2018,15,MEXICO,17,HUIXQUILUCAN DE DEGOLLADO,PT,4413,179202,50,5539,184791,252171,4413,No
2018,15,MEXICO,17,HUIXQUILUCAN DE DEGOLLADO,PVEM,7304,179202,50,5539,184791,252171,7304,No
2018,15,MEXICO,17,HUIXQUILUCAN DE DEGOLLADO,MC,4049,179202,50,5539,184791,252171,4049,No
2018,15,MEXICO,17,HUIXQUILUCAN DE DEGOLLADO,NUAL,3083,179202,50,5539,184791,252171,3083,No
2018,15,MEXICO,17,HUIXQUILUCAN DE DEGOLLADO,MORENA,45090,179202,50,5539,184791,252171,45090,No
2018,15,MEXICO,17,HUIXQUILUCAN DE DEGOLLADO,ES,2450,179202,50,5539,184791,252171,2450,No
2018,15,MEXICO,17,HUIXQUILUCAN DE DEGOLLADO,VR,3264,179202,50,5539,184791,252171,3264,No
2018,15,MEXICO,17,HUIXQUILUCAN DE DEGOLLADO,PAN_PRD_MC,1354,179202,50,5539,184791,252171,72867,Sí
2018,15,MEXICO,17,HUIXQUILUCAN DE DEGOLLADO,PAN_PRD,412,179202,50,5539,184791,252171,67876,Sí
2018,15,MEXICO,17,HUIXQUILUCAN DE DEGOLLADO,PAN_MC,132,179202,50,5539,184791,252171,66085,Sí
2018,15,MEXICO,17,HUIXQUILUCAN DE DEGOLLADO,PRD_MC,40,179202,50,5539,184791,252171,9649,Sí
2018,15,MEXICO,17,HUIXQUILUCAN DE DEGOLLADO,PT_MORENA_ES,1325,179202,50,5539,184791,252171,53278,Sí
2018,15,MEXICO,17,HUIXQUILUCAN DE DEGOLLADO,PT_MORENA,259,179202,50,5539,184791,252171,49762,Sí
2018,15,MEXICO,17,HUIXQUILUCAN DE DEGOLLADO,PT_ES,49,179202,50,5539,184791,252171,6912,Sí
2018,15,MEXICO,17,HUIXQUILUCAN DE DEGOLLADO,MORENA_ES,305,179202,50,5539,184791,252171,47845,Sí
2018,15,MEXICO,18,TLALNEPANTLA DE BAZ,PAN,58265,202953,130,5699,208782,292444,58265,No
2018,15,MEXICO,18,TLALNEPANTLA DE BAZ,PRI,34944,202953,130,5699,208782,292444,34944,No
2018,15,MEXICO,18,TLALNEPANTLA DE BAZ,PRD,4002,202953,130,5699,208782,292444,4002,No
2018,15,MEXICO,18,TLALNEPANTLA DE BAZ,PT,3224,202953,130,5699,208782,292444,3224,No
2018,15,MEXICO,18,TLALNEPANTLA DE BAZ,PVEM,6581,202953,130,5699,208782,292444,6581,No
2018,15,MEXICO,18,TLALNEPANTLA DE BAZ,MC,3401,202953,130,5699,208782,292444,3401,No
2018,15,MEXICO,18,TLALNEPANTLA DE BAZ,NUAL,3416,202953,130,5699,208782,292444,3416,No
2018,15,MEXICO,18,TLALNEPANTLA DE BAZ,MORENA,75444,202953,130,5699,208782,292444,75444,No
2018,15,MEXICO,18,TLALNEPANTLA DE BAZ,ES,3820,202953,130,5699,208782,292444,3820,No
2018,15,MEXICO,18,TLALNEPANTLA DE BAZ,VR,5885,202953,130,5699,208782,292444,5885,No
2018,15,MEXICO,18,TLALNEPANTLA DE BAZ,PAN_PRD_MC,915,202953,130,5699,208782,292444,66583,Sí
2018,15,MEXICO,18,TLALNEPANTLA DE BAZ,PAN_PRD,233,202953,130,5699,208782,292444,62500,Sí
2018,15,MEXICO,18,TLALNEPANTLA DE BAZ,PAN_MC,123,202953,130,5699,208782,292444,61789,Sí
2018,15,MEXICO,18,TLALNEPANTLA DE BAZ,PRD_MC,30,202953,130,5699,208782,292444,7433,Sí
2018,15,MEXICO,18,TLALNEPANTLA DE BAZ,PT_MORENA_ES,1821,202953,130,5699,208782,292444,84309,Sí
2018,15,MEXICO,18,TLALNEPANTLA DE BAZ,PT_MORENA,404,202953,130,5699,208782,292444,79072,Sí
2018,15,MEXICO,18,TLALNEPANTLA DE BAZ,PT_ES,55,202953,130,5699,208782,292444,7099,Sí
2018,15,MEXICO,18,TLALNEPANTLA DE BAZ,MORENA_ES,390,202953,130,5699,208782,292444,79654,Sí
2018,15,MEXICO,19,SANTA MARIA TULTEPEC 2,PAN,17171,175041,141,4796,179978,266860,17171,No
2018,15,MEXICO,19,SANTA MARIA TULTEPEC 2,PRI,29686,175041,141,4796,179978,266860,29686,No
2018,15,MEXICO,19,SANTA MARIA TULTEPEC 2,PRD,20302,175041,141,4796,179978,266860,20302,No
2018,15,MEXICO,19,SANTA MARIA TULTEPEC 2,PT,3375,175041,141,4796,179978,266860,3375,No
2018,15,MEXICO,19,SANTA MARIA TULTEPEC 2,PVEM,4456,175041,141,4796,179978,266860,4456,No
2018,15,MEXICO,19,SANTA MARIA TULTEPEC 2,MC,3538,175041,141,4796,179978,266860,3538,No
2018,15,MEXICO,19,SANTA MARIA TULTEPEC 2,NUAL,6088,175041,141,4796,179978,266860,6088,No
2018,15,MEXICO,19,SANTA MARIA TULTEPEC 2,MORENA,78971,175041,141,4796,179978,266860,78971,No
2018,15,MEXICO,19,SANTA MARIA TULTEPEC 2,ES,3586,175041,141,4796,179978,266860,3586,No
2018,15,MEXICO,19,SANTA MARIA TULTEPEC 2,VR,3965,175041,141,4796,179978,266860,3965,No
2018,15,MEXICO,19,SANTA MARIA TULTEPEC 2,PAN_PRD_MC,873,175041,141,4796,179978,266860,41884,Sí
2018,15,MEXICO,19,SANTA MARIA TULTEPEC 2,PAN_PRD,229,175041,141,4796,179978,266860,37702,Sí
2018,15,MEXICO,19,SANTA MARIA TULTEPEC 2,PAN_MC,42,175041,141,4796,179978,266860,20751,Sí
2018,15,MEXICO,19,SANTA MARIA TULTEPEC 2,PRD_MC,89,175041,141,4796,179978,266860,23929,Sí
2018,15,MEXICO,19,SANTA MARIA TULTEPEC 2,PT_MORENA_ES,1746,175041,141,4796,179978,266860,87678,Sí
2018,15,MEXICO,19,SANTA MARIA TULTEPEC 2,PT_MORENA,472,175041,141,4796,179978,266860,82818,Sí
2018,15,MEXICO,19,SANTA MARIA TULTEPEC 2,PT_ES,72,175041,141,4796,179978,266860,7033,Sí
2018,15,MEXICO,19,SANTA MARIA TULTEPEC 2,MORENA_ES,380,175041,141,4796,179978,266860,82937,Sí
2018,15,MEXICO,2,TOLUCA DE LERDO,PAN,33171,165115,620,5284,171019,241049,33171,No
2018,15,MEXICO,2,TOLUCA DE LERDO,PRI,36572,165115,620,5284,171019,241049,36572,No
2018,15,MEXICO,2,TOLUCA DE LERDO,PRD,5737,165115,620,5284,171019,241049,5737,No
2018,15,MEXICO,2,TOLUCA DE LERDO,PT,4475,165115,620,5284,171019,241049,4475,No
2018,15,MEXICO,2,TOLUCA DE LERDO,PVEM,4772,165115,620,5284,171019,241049,4772,No
2018,15,MEXICO,2,TOLUCA DE LERDO,MC,2999,165115,620,5284,171019,241049,2999,No
2018,15,MEXICO,2,TOLUCA DE LERDO,NUAL,3219,165115,620,5284,171019,241049,3219,No
2018,15,MEXICO,2,TOLUCA DE LERDO,MORENA,62313,165115,620,5284,171019,241049,62313,No
2018,15,MEXICO,2,TOLUCA DE LERDO,ES,3610,165115,620,5284,171019,241049,3610,No
2018,15,MEXICO,2,TOLUCA DE LERDO,VR,4515,165115,620,5284,171019,241049,4515,No
2018,15,MEXICO,2,TOLUCA DE LERDO,PAN_PRD_MC,734,165115,620,5284,171019,241049,42641,Sí
2018,15,MEXICO,2,TOLUCA DE LERDO,PAN_PRD,251,165115,620,5284,171019,241049,39159,Sí
2018,15,MEXICO,2,TOLUCA DE LERDO,PAN_MC,99,165115,620,5284,171019,241049,36269,Sí
2018,15,MEXICO,2,TOLUCA DE LERDO,PRD_MC,45,165115,620,5284,171019,241049,8781,Sí
2018,15,MEXICO,2,TOLUCA DE LERDO,PT_MORENA_ES,1638,165115,620,5284,171019,241049,72036,Sí
2018,15,MEXICO,2,TOLUCA DE LERDO,PT_MORENA,369,165115,620,5284,171019,241049,67157,Sí
2018,15,MEXICO,2,TOLUCA DE LERDO,PT_ES,82,165115,620,5284,171019,241049,8167,Sí
2018,15,MEXICO,2,TOLUCA DE LERDO,MORENA_ES,514,165115,620,5284,171019,241049,66437,Sí
2018,15,MEXICO,20,ZUMPANGO DE OCAMPO,PAN,27316,190376,124,6580,197080,314021,27316,No
2018,15,MEXICO,20,ZUMPANGO DE OCAMPO,PRI,39879,190376,124,6580,197080,314021,39879,No
2018,15,MEXICO,20,ZUMPANGO DE OCAMPO,PRD,4924,190376,124,6580,197080,314021,4924,No
2018,15,MEXICO,20,ZUMPANGO DE OCAMPO,PT,3483,190376,124,6580,197080,314021,3483,No
2018,15,MEXICO,20,ZUMPANGO DE OCAMPO,PVEM,7159,190376,124,6580,197080,314021,7159,No
2018,15,MEXICO,20,ZUMPANGO DE OCAMPO,MC,5179,190376,124,6580,197080,314021,5179,No
2018,15,MEXICO,20,ZUMPANGO DE OCAMPO,NUAL,14520,190376,124,6580,197080,314021,14520,No
2018,15,MEXICO,20,ZUMPANGO DE OCAMPO,MORENA,75008,190376,124,6580,197080,314021,75008,No
2018,15,MEXICO,20,ZUMPANGO DE OCAMPO,ES,3491,190376,124,6580,197080,314021,3491,No
2018,15,MEXICO,20,ZUMPANGO DE OCAMPO,VR,6061,190376,124,6580,197080,314021,6061,No
2018,15,MEXICO,20,ZUMPANGO DE OCAMPO,PAN_PRD_MC,646,190376,124,6580,197080,314021,38065,Sí
2018,15,MEXICO,20,ZUMPANGO DE OCAMPO,PAN_PRD,192,190376,124,6580,197080,314021,32432,Sí
2018,15,MEXICO,20,ZUMPANGO DE OCAMPO,PAN_MC,85,190376,124,6580,197080,314021,32580,Sí
2018,15,MEXICO,20,ZUMPANGO DE OCAMPO,PRD_MC,33,190376,124,6580,197080,314021,10136,Sí
2018,15,MEXICO,20,ZUMPANGO DE OCAMPO,PT_MORENA_ES,1572,190376,124,6580,197080,314021,83554,Sí
2018,15,MEXICO,20,ZUMPANGO DE OCAMPO,PT_MORENA,378,190376,124,6580,197080,314021,78869,Sí
2018,15,MEXICO,20,ZUMPANGO DE OCAMPO,PT_ES,51,190376,124,6580,197080,314021,7025,Sí
2018,15,MEXICO,20,ZUMPANGO DE OCAMPO,MORENA_ES,399,190376,124,6580,197080,314021,78898,Sí
2018,15,MEXICO,21,ECATEPEC DE MORELOS,PAN,13487,152738,88,4723,157549,245660,13487,No
2018,15,MEXICO,21,ECATEPEC DE MORELOS,PRI,26373,152738,88,4723,157549,245660,26373,No
2018,15,MEXICO,21,ECATEPEC DE MORELOS,PRD,13744,152738,88,4723,157549,245660,13744,No
2018,15,MEXICO,21,ECATEPEC DE MORELOS,PT,3338,152738,88,4723,157549,245660,3338,No
2018,15,MEXICO,21,ECATEPEC DE MORELOS,PVEM,8806,152738,88,4723,157549,245660,8806,No
2018,15,MEXICO,21,ECATEPEC DE MORELOS,MC,2157,152738,88,4723,157549,245660,2157,No
2018,15,MEXICO,21,ECATEPEC DE MORELOS,NUAL,3199,152738,88,4723,157549,245660,3199,No
2018,15,MEXICO,21,ECATEPEC DE MORELOS,MORENA,72357,152738,88,4723,157549,245660,72357,No
2018,15,MEXICO,21,ECATEPEC DE MORELOS,ES,2975,152738,88,4723,157549,245660,2975,No
2018,15,MEXICO,21,ECATEPEC DE MORELOS,VR,2400,152738,88,4723,157549,245660,2400,No
2018,15,MEXICO,21,ECATEPEC DE MORELOS,PAN_PRD_MC,523,152738,88,4723,157549,245660,29911,Sí
2018,15,MEXICO,21,ECATEPEC DE MORELOS,PAN_PRD,242,152738,88,4723,157549,245660,27473,Sí
2018,15,MEXICO,21,ECATEPEC DE MORELOS,PAN_MC,48,152738,88,4723,157549,245660,15692,Sí
2018,15,MEXICO,21,ECATEPEC DE MORELOS,PRD_MC,63,152738,88,4723,157549,245660,15964,Sí
2018,15,MEXICO,21,ECATEPEC DE MORELOS,PT_MORENA_ES,2072,152738,88,4723,157549,245660,80742,Sí
2018,15,MEXICO,21,ECATEPEC DE MORELOS,PT_MORENA,439,152738,88,4723,157549,245660,76134,Sí
2018,15,MEXICO,21,ECATEPEC DE MORELOS,PT_ES,54,152738,88,4723,157549,245660,6367,Sí
2018,15,MEXICO,21,ECATEPEC DE MORELOS,MORENA_ES,461,152738,88,4723,157549,245660,75793,Sí
2018,15,MEXICO,22,ECATEPEC DE MORELOS,PAN,13385,143487,72,4570,148129,227649,13385,No
2018,15,MEXICO,22,ECATEPEC DE MORELOS,PRI,28680,143487,72,4570,148129,227649,28680,No
2018,15,MEXICO,22,ECATEPEC DE MORELOS,PRD,6826,143487,72,4570,148129,227649,6826,No
2018,15,MEXICO,22,ECATEPEC DE MORELOS,PT,3348,143487,72,4570,148129,227649,3348,No
2018,15,MEXICO,22,ECATEPEC DE MORELOS,PVEM,4526,143487,72,4570,148129,227649,4526,No
2018,15,MEXICO,22,ECATEPEC DE MORELOS,MC,2095,143487,72,4570,148129,227649,2095,No
2018,15,MEXICO,22,ECATEPEC DE MORELOS,NUAL,3356,143487,72,4570,148129,227649,3356,No
2018,15,MEXICO,22,ECATEPEC DE MORELOS,MORENA,71756,143487,72,4570,148129,227649,71756,No
2018,15,MEXICO,22,ECATEPEC DE MORELOS,ES,3276,143487,72,4570,148129,227649,3276,No
2018,15,MEXICO,22,ECATEPEC DE MORELOS,VR,2245,143487,72,4570,148129,227649,2245,No
2018,15,MEXICO,22,ECATEPEC DE MORELOS,PAN_PRD_MC,437,143487,72,4570,148129,227649,22743,Sí
2018,15,MEXICO,22,ECATEPEC DE MORELOS,PAN_PRD,164,143487,72,4570,148129,227649,20375,Sí
2018,15,MEXICO,22,ECATEPEC DE MORELOS,PAN_MC,62,143487,72,4570,148129,227649,15542,Sí
2018,15,MEXICO,22,ECATEPEC DE MORELOS,PRD_MC,36,143487,72,4570,148129,227649,8957,Sí
2018,15,MEXICO,22,ECATEPEC DE MORELOS,PT_MORENA_ES,2191,143487,72,4570,148129,227649,80571,Sí
2018,15,MEXICO,22,ECATEPEC DE MORELOS,PT_MORENA,524,143487,72,4570,148129,227649,75628,Sí
2018,15,MEXICO,22,ECATEPEC DE MORELOS,PT_ES,71,143487,72,4570,148129,227649,6695,Sí
2018,15,MEXICO,22,ECATEPEC DE MORELOS,MORENA_ES,509,143487,72,4570,148129,227649,75541,Sí
2018,15,MEXICO,23,TEXCOCO DE MORA,PAN,12380,185493,88,6089,191670,287754,12380,No
2018,15,MEXICO,23,TEXCOCO DE MORA,PRI,37591,185493,88,6089,191670,287754,37591,No
2018,15,MEXICO,23,TEXCOCO DE MORA,PRD,5392,185493,88,6089,191670,287754,5392,No
2018,15,MEXICO,23,TEXCOCO DE MORA,PT,3740,185493,88,6089,191670,287754,3740,No
2018,15,MEXICO,23,TEXCOCO DE MORA,PVEM,15413,185493,88,6089,191670,287754,15413,No
2018,15,MEXICO,23,TEXCOCO DE MORA,MC,3121,185493,88,6089,191670,287754,3121,No
2018,15,MEXICO,23,TEXCOCO DE MORA,NUAL,5361,185493,88,6089,191670,287754,5361,No
2018,15,MEXICO,23,TEXCOCO DE MORA,MORENA,90483,185493,88,6089,191670,287754,90483,No
2018,15,MEXICO,23,TEXCOCO DE MORA,ES,3180,185493,88,6089,191670,287754,3180,No
2018,15,MEXICO,23,TEXCOCO DE MORA,VR,5350,185493,88,6089,191670,287754,5350,No
2018,15,MEXICO,23,TEXCOCO DE MORA,PAN_PRD_MC,365,185493,88,6089,191670,287754,21258,Sí
2018,15,MEXICO,23,TEXCOCO DE MORA,PAN_PRD,99,185493,88,6089,191670,287754,17871,Sí
2018,15,MEXICO,23,TEXCOCO DE MORA,PAN_MC,50,185493,88,6089,191670,287754,15551,Sí
2018,15,MEXICO,23,TEXCOCO DE MORA,PRD_MC,24,185493,88,6089,191670,287754,8537,Sí
2018,15,MEXICO,23,TEXCOCO DE MORA,PT_MORENA_ES,2035,185493,88,6089,191670,287754,99438,Sí
2018,15,MEXICO,23,TEXCOCO DE MORA,PT_MORENA,412,185493,88,6089,191670,287754,94635,Sí
2018,15,MEXICO,23,TEXCOCO DE MORA,PT_ES,57,185493,88,6089,191670,287754,6977,Sí
2018,15,MEXICO,23,TEXCOCO DE MORA,MORENA_ES,440,185493,88,6089,191670,287754,94103,Sí
2018,15,MEXICO,24,CD. NEZAHUALCOYOTL 3,PAN,14935,181901,111,5386,187398,278996,14935,No
2018,15,MEXICO,24,CD. NEZAHUALCOYOTL 3,PRI,24906,181901,111,5386,187398,278996,24906,No
2018,15,MEXICO,24,CD. NEZAHUALCOYOTL 3,PRD,38871,181901,111,5386,187398,278996,38871,No
2018,15,MEXICO,24,CD. NEZAHUALCOYOTL 3,PT,3255,181901,111,5386,187398,278996,3255,No
2018,15,MEXICO,24,CD. NEZAHUALCOYOTL 3,PVEM,4817,181901,111,5386,187398,278996,4817,No
2018,15,MEXICO,24,CD. NEZAHUALCOYOTL 3,MC,2504,181901,111,5386,187398,278996,2504,No
2018,15,MEXICO,24,CD. NEZAHUALCOYOTL 3,NUAL,2986,181901,111,5386,187398,278996,2986,No
2018,15,MEXICO,24,CD. NEZAHUALCOYOTL 3,MORENA,79832,181901,111,5386,187398,278996,79832,No
2018,15,MEXICO,24,CD. NEZAHUALCOYOTL 3,ES,3184,181901,111,5386,187398,278996,3184,No
2018,15,MEXICO,24,CD. NEZAHUALCOYOTL 3,VR,2334,181901,111,5386,187398,278996,2334,No
2018,15,MEXICO,24,CD. NEZAHUALCOYOTL 3,PAN_PRD_MC,835,181901,111,5386,187398,278996,57145,Sí
2018,15,MEXICO,24,CD. NEZAHUALCOYOTL 3,PAN_PRD,384,181901,111,5386,187398,278996,54190,Sí
2018,15,MEXICO,24,CD. NEZAHUALCOYOTL 3,PAN_MC,66,181901,111,5386,187398,278996,17505,Sí
2018,15,MEXICO,24,CD. NEZAHUALCOYOTL 3,PRD_MC,115,181901,111,5386,187398,278996,41490,Sí
2018,15,MEXICO,24,CD. NEZAHUALCOYOTL 3,PT_MORENA_ES,1973,181901,111,5386,187398,278996,88244,Sí
2018,15,MEXICO,24,CD. NEZAHUALCOYOTL 3,PT_MORENA,438,181901,111,5386,187398,278996,83525,Sí
2018,15,MEXICO,24,CD. NEZAHUALCOYOTL 3,PT_ES,57,181901,111,5386,187398,278996,6496,Sí
2018,15,MEXICO,24,CD. NEZAHUALCOYOTL 3,MORENA_ES,409,181901,111,5386,187398,278996,83425,Sí
2018,15,MEXICO,25,CD. NEZAHUALCOYOTL,PAN,11186,190358,99,5659,196116,296172,11186,No
2018,15,MEXICO,25,CD. NEZAHUALCOYOTL,PRI,25440,190358,99,5659,196116,296172,25440,No
2018,15,MEXICO,25,CD. NEZAHUALCOYOTL,PRD,51923,190358,99,5659,196116,296172,51923,No
2018,15,MEXICO,25,CD. NEZAHUALCOYOTL,PT,3402,190358,99,5659,196116,296172,3402,No
2018,15,MEXICO,25,CD. NEZAHUALCOYOTL,PVEM,5415,190358,99,5659,196116,296172,5415,No
2018,15,MEXICO,25,CD. NEZAHUALCOYOTL,MC,2462,190358,99,5659,196116,296172,2462,No
2018,15,MEXICO,25,CD. NEZAHUALCOYOTL,NUAL,3115,190358,99,5659,196116,296172,3115,No
2018,15,MEXICO,25,CD. NEZAHUALCOYOTL,MORENA,78259,190358,99,5659,196116,296172,78259,No
2018,15,MEXICO,25,CD. NEZAHUALCOYOTL,ES,2847,190358,99,5659,196116,296172,2847,No
2018,15,MEXICO,25,CD. NEZAHUALCOYOTL,VR,2148,190358,99,5659,196116,296172,2148,No
2018,15,MEXICO,25,CD. NEZAHUALCOYOTL,PAN_PRD_MC,782,190358,99,5659,196116,296172,66353,Sí
2018,15,MEXICO,25,CD. NEZAHUALCOYOTL,PAN_PRD,515,190358,99,5659,196116,296172,63624,Sí
2018,15,MEXICO,25,CD. NEZAHUALCOYOTL,PAN_MC,46,190358,99,5659,196116,296172,13694,Sí
2018,15,MEXICO,25,CD. NEZAHUALCOYOTL,PRD_MC,150,190358,99,5659,196116,296172,54535,Sí
2018,15,MEXICO,25,CD. NEZAHUALCOYOTL,PT_MORENA_ES,1659,190358,99,5659,196116,296172,86167,Sí
2018,15,MEXICO,25,CD. NEZAHUALCOYOTL,PT_MORENA,541,190358,99,5659,196116,296172,82202,Sí
2018,15,MEXICO,25,CD. NEZAHUALCOYOTL,PT_ES,103,190358,99,5659,196116,296172,6352,Sí
2018,15,MEXICO,25,CD. NEZAHUALCOYOTL,MORENA_ES,365,190358,99,5659,196116,296172,81471,Sí
2018,15,MEXICO,26,CUAUTITLAN IZCALLI,PAN,33450,174989,127,5132,180248,265297,33450,No
2018,15,MEXICO,26,CUAUTITLAN IZCALLI,PRI,30348,174989,127,5132,180248,265297,30348,No
2018,15,MEXICO,26,CUAUTITLAN IZCALLI,PRD,3876,174989,127,5132,180248,265297,3876,No
2018,15,MEXICO,26,CUAUTITLAN IZCALLI,PT,3524,174989,127,5132,180248,265297,3524,No
2018,15,MEXICO,26,CUAUTITLAN IZCALLI,PVEM,5818,174989,127,5132,180248,265297,5818,No
2018,15,MEXICO,26,CUAUTITLAN IZCALLI,MC,2838,174989,127,5132,180248,265297,2838,No
2018,15,MEXICO,26,CUAUTITLAN IZCALLI,NUAL,4551,174989,127,5132,180248,265297,4551,No
2018,15,MEXICO,26,CUAUTITLAN IZCALLI,MORENA,77485,174989,127,5132,180248,265297,77485,No
2018,15,MEXICO,26,CUAUTITLAN IZCALLI,ES,3438,174989,127,5132,180248,265297,3438,No
2018,15,MEXICO,26,CUAUTITLAN IZCALLI,VR,5706,174989,127,5132,180248,265297,5706,No
2018,15,MEXICO,26,CUAUTITLAN IZCALLI,PAN_PRD_MC,746,174989,127,5132,180248,265297,40910,Sí
2018,15,MEXICO,26,CUAUTITLAN IZCALLI,PAN_PRD,186,174989,127,5132,180248,265297,37512,Sí
2018,15,MEXICO,26,CUAUTITLAN IZCALLI,PAN_MC,103,174989,127,5132,180248,265297,36391,Sí
2018,15,MEXICO,26,CUAUTITLAN IZCALLI,PRD_MC,31,174989,127,5132,180248,265297,6745,Sí
2018,15,MEXICO,26,CUAUTITLAN IZCALLI,PT_MORENA_ES,2004,174989,127,5132,180248,265297,86451,Sí
2018,15,MEXICO,26,CUAUTITLAN IZCALLI,PT_MORENA,428,174989,127,5132,180248,265297,81437,Sí
2018,15,MEXICO,26,CUAUTITLAN IZCALLI,PT_ES,54,174989,127,5132,180248,265297,7016,Sí
2018,15,MEXICO,26,CUAUTITLAN IZCALLI,MORENA_ES,403,174989,127,5132,180248,265297,81326,Sí
2018,15,MEXICO,27,VALLE DE CHALCO SOLIDARIDAD,PAN,6952,159669,150,5880,165699,262331,6952,No
2018,15,MEXICO,27,VALLE DE CHALCO SOLIDARIDAD,PRI,22037,159669,150,5880,165699,262331,22037,No
2018,15,MEXICO,27,VALLE DE CHALCO SOLIDARIDAD,PRD,27080,159669,150,5880,165699,262331,27080,No
2018,15,MEXICO,27,VALLE DE CHALCO SOLIDARIDAD,PT,3962,159669,150,5880,165699,262331,3962,No
2018,15,MEXICO,27,VALLE DE CHALCO SOLIDARIDAD,PVEM,6808,159669,150,5880,165699,262331,6808,No
2018,15,MEXICO,27,VALLE DE CHALCO SOLIDARIDAD,MC,2773,159669,150,5880,165699,262331,2773,No
2018,15,MEXICO,27,VALLE DE CHALCO SOLIDARIDAD,NUAL,2189,159669,150,5880,165699,262331,2189,No
2018,15,MEXICO,27,VALLE DE CHALCO SOLIDARIDAD,MORENA,77481,159669,150,5880,165699,262331,77481,No
2018,15,MEXICO,27,VALLE DE CHALCO SOLIDARIDAD,ES,3239,159669,150,5880,165699,262331,3239,No
2018,15,MEXICO,27,VALLE DE CHALCO SOLIDARIDAD,VR,2620,159669,150,5880,165699,262331,2620,No
2018,15,MEXICO,27,VALLE DE CHALCO SOLIDARIDAD,PAN_PRD_MC,628,159669,150,5880,165699,262331,37433,Sí
2018,15,MEXICO,27,VALLE DE CHALCO SOLIDARIDAD,PAN_PRD,303,159669,150,5880,165699,262331,34335,Sí
2018,15,MEXICO,27,VALLE DE CHALCO SOLIDARIDAD,PAN_MC,57,159669,150,5880,165699,262331,9782,Sí
2018,15,MEXICO,27,VALLE DE CHALCO SOLIDARIDAD,PRD_MC,132,159669,150,5880,165699,262331,29985,Sí
2018,15,MEXICO,27,VALLE DE CHALCO SOLIDARIDAD,PT_MORENA_ES,2267,159669,150,5880,165699,262331,86949,Sí
2018,15,MEXICO,27,VALLE DE CHALCO SOLIDARIDAD,PT_MORENA,555,159669,150,5880,165699,262331,81998,Sí
2018,15,MEXICO,27,VALLE DE CHALCO SOLIDARIDAD,PT_ES,83,159669,150,5880,165699,262331,7284,Sí
2018,15,MEXICO,27,VALLE DE CHALCO SOLIDARIDAD,MORENA_ES,503,159669,150,5880,165699,262331,81223,Sí
2018,15,MEXICO,28,AMECAMECA DE JUAREZ,PAN,10046,171089,120,6114,177323,256458,10046,No
2018,15,MEXICO,28,AMECAMECA DE JUAREZ,PRI,48793,171089,120,6114,177323,256458,48793,No
2018,15,MEXICO,28,AMECAMECA DE JUAREZ,PRD,7659,171089,120,6114,177323,256458,7659,No
2018,15,MEXICO,28,AMECAMECA DE JUAREZ,PT,3189,171089,120,6114,177323,256458,3189,No
2018,15,MEXICO,28,AMECAMECA DE JUAREZ,PVEM,8039,171089,120,6114,177323,256458,8039,No
2018,15,MEXICO,28,AMECAMECA DE JUAREZ,MC,5334,171089,120,6114,177323,256458,5334,No
2018,15,MEXICO,28,AMECAMECA DE JUAREZ,NUAL,3735,171089,120,6114,177323,256458,3735,No
2018,15,MEXICO,28,AMECAMECA DE JUAREZ,MORENA,71989,171089,120,6114,177323,256458,71989,No
2018,15,MEXICO,28,AMECAMECA DE JUAREZ,ES,3441,171089,120,6114,177323,256458,3441,No
2018,15,MEXICO,28,AMECAMECA DE JUAREZ,VR,6315,171089,120,6114,177323,256458,6315,No
2018,15,MEXICO,28,AMECAMECA DE JUAREZ,PAN_PRD_MC,344,171089,120,6114,177323,256458,23383,Sí
2018,15,MEXICO,28,AMECAMECA DE JUAREZ,PAN_PRD,83,171089,120,6114,177323,256458,17788,Sí
2018,15,MEXICO,28,AMECAMECA DE JUAREZ,PAN_MC,59,171089,120,6114,177323,256458,15439,Sí
2018,15,MEXICO,28,AMECAMECA DE JUAREZ,PRD_MC,59,171089,120,6114,177323,256458,13052,Sí
2018,15,MEXICO,28,AMECAMECA DE JUAREZ,PT_MORENA_ES,1230,171089,120,6114,177323,256458,79849,Sí
2018,15,MEXICO,28,AMECAMECA DE JUAREZ,PT_MORENA,317,171089,120,6114,177323,256458,75495,Sí
2018,15,MEXICO,28,AMECAMECA DE JUAREZ,PT_ES,79,171089,120,6114,177323,256458,6709,Sí
2018,15,MEXICO,28,AMECAMECA DE JUAREZ,MORENA_ES,378,171089,120,6114,177323,256458,75808,Sí
2018,15,MEXICO,29,NAUCALPAN DE JUAREZ 4,PAN,79379,193189,143,4872,198204,279938,79379,No
2018,15,MEXICO,29,NAUCALPAN DE JUAREZ 4,PRI,27485,193189,143,4872,198204,279938,27485,No
2018,15,MEXICO,29,NAUCALPAN DE JUAREZ 4,PRD,3015,193189,143,4872,198204,279938,3015,No
2018,15,MEXICO,29,NAUCALPAN DE JUAREZ 4,PT,2538,193189,143,4872,198204,279938,2538,No
2018,15,MEXICO,29,NAUCALPAN DE JUAREZ 4,PVEM,11132,193189,143,4872,198204,279938,11132,No
2018,15,MEXICO,29,NAUCALPAN DE JUAREZ 4,MC,2037,193189,143,4872,198204,279938,2037,No
2018,15,MEXICO,29,NAUCALPAN DE JUAREZ 4,NUAL,3109,193189,143,4872,198204,279938,3109,No
2018,15,MEXICO,29,NAUCALPAN DE JUAREZ 4,MORENA,53218,193189,143,4872,198204,279938,53218,No
2018,15,MEXICO,29,NAUCALPAN DE JUAREZ 4,ES,3690,193189,143,4872,198204,279938,3690,No
2018,15,MEXICO,29,NAUCALPAN DE JUAREZ 4,VR,3865,193189,143,4872,198204,279938,3865,No
2018,15,MEXICO,29,NAUCALPAN DE JUAREZ 4,PAN_PRD_MC,1127,193189,143,4872,198204,279938,85558,Sí
2018,15,MEXICO,29,NAUCALPAN DE JUAREZ 4,PAN_PRD,240,193189,143,4872,198204,279938,82634,Sí
2018,15,MEXICO,29,NAUCALPAN DE JUAREZ 4,PAN_MC,147,193189,143,4872,198204,279938,81563,Sí
2018,15,MEXICO,29,NAUCALPAN DE JUAREZ 4,PRD_MC,71,193189,143,4872,198204,279938,5123,Sí
2018,15,MEXICO,29,NAUCALPAN DE JUAREZ 4,PT_MORENA_ES,1468,193189,143,4872,198204,279938,60914,Sí
2018,15,MEXICO,29,NAUCALPAN DE JUAREZ 4,PT_MORENA,338,193189,143,4872,198204,279938,56094,Sí
2018,15,MEXICO,29,NAUCALPAN DE JUAREZ 4,PT_ES,60,193189,143,4872,198204,279938,6288,Sí
2018,15,MEXICO,29,NAUCALPAN DE JUAREZ 4,MORENA_ES,270,193189,143,4872,198204,279938,57178,Sí
2018,15,MEXICO,3,CHIMALHUACAN,PAN,6594,148441,61,4351,152853,251806,6594,No
2018,15,MEXICO,3,CHIMALHUACAN,PRI,57371,148441,61,4351,152853,251806,57371,No
2018,15,MEXICO,3,CHIMALHUACAN,PRD,7182,148441,61,4351,152853,251806,7182,No
2018,15,MEXICO,3,CHIMALHUACAN,PT,2940,148441,61,4351,152853,251806,2940,No
2018,15,MEXICO,3,CHIMALHUACAN,PVEM,2301,148441,61,4351,152853,251806,2301,No
2018,15,MEXICO,3,CHIMALHUACAN,MC,1551,148441,61,4351,152853,251806,1551,No
2018,15,MEXICO,3,CHIMALHUACAN,NUAL,2226,148441,61,4351,152853,251806,2226,No
2018,15,MEXICO,3,CHIMALHUACAN,MORENA,60470,148441,61,4351,152853,251806,60470,No
2018,15,MEXICO,3,CHIMALHUACAN,ES,2308,148441,61,4351,152853,251806,2308,No
2018,15,MEXICO,3,CHIMALHUACAN,VR,1699,148441,61,4351,152853,251806,1699,No
2018,15,MEXICO,3,CHIMALHUACAN,PAN_PRD_MC,352,148441,61,4351,152853,251806,15679,Sí
2018,15,MEXICO,3,CHIMALHUACAN,PAN_PRD,134,148441,61,4351,152853,251806,13910,Sí
2018,15,MEXICO,3,CHIMALHUACAN,PAN_MC,45,148441,61,4351,152853,251806,8190,Sí
2018,15,MEXICO,3,CHIMALHUACAN,PRD_MC,46,148441,61,4351,152853,251806,8779,Sí
2018,15,MEXICO,3,CHIMALHUACAN,PT_MORENA_ES,2280,148441,61,4351,152853,251806,67998,Sí
2018,15,MEXICO,3,CHIMALHUACAN,PT_MORENA,471,148441,61,4351,152853,251806,63881,Sí
2018,15,MEXICO,3,CHIMALHUACAN,PT_ES,64,148441,61,4351,152853,251806,5312,Sí
2018,15,MEXICO,3,CHIMALHUACAN,MORENA_ES,407,148441,61,4351,152853,251806,63185,Sí
2018,15,MEXICO,30,NAUCALPAN DE JUAREZ,PAN,34243,159806,92,5240,165138,266941,34243,No
2018,15,MEXICO,30,NAUCALPAN DE JUAREZ,PRI,30220,159806,92,5240,165138,266941,30220,No
2018,15,MEXICO,30,NAUCALPAN DE JUAREZ,PRD,3702,159806,92,5240,165138,266941,3702,No
2018,15,MEXICO,30,NAUCALPAN DE JUAREZ,PT,3600,159806,92,5240,165138,266941,3600,No
2018,15,MEXICO,30,NAUCALPAN DE JUAREZ,PVEM,5235,159806,92,5240,165138,266941,5235,No
2018,15,MEXICO,30,NAUCALPAN DE JUAREZ,MC,2389,159806,92,5240,165138,266941,2389,No
2018,15,MEXICO,30,NAUCALPAN DE JUAREZ,NUAL,2949,159806,92,5240,165138,266941,2949,No
2018,15,MEXICO,30,NAUCALPAN DE JUAREZ,MORENA,66714,159806,92,5240,165138,266941,66714,No
2018,15,MEXICO,30,NAUCALPAN DE JUAREZ,ES,3618,159806,92,5240,165138,266941,3618,No
2018,15,MEXICO,30,NAUCALPAN DE JUAREZ,VR,2556,159806,92,5240,165138,266941,2556,No
2018,15,MEXICO,30,NAUCALPAN DE JUAREZ,PAN_PRD_MC,827,159806,92,5240,165138,266941,41161,Sí
2018,15,MEXICO,30,NAUCALPAN DE JUAREZ,PAN_PRD,193,159806,92,5240,165138,266941,38138,Sí
2018,15,MEXICO,30,NAUCALPAN DE JUAREZ,PAN_MC,120,159806,92,5240,165138,266941,36752,Sí
2018,15,MEXICO,30,NAUCALPAN DE JUAREZ,PRD_MC,60,159806,92,5240,165138,266941,6151,Sí
2018,15,MEXICO,30,NAUCALPAN DE JUAREZ,PT_MORENA_ES,2455,159806,92,5240,165138,266941,76387,Sí
2018,15,MEXICO,30,NAUCALPAN DE JUAREZ,PT_MORENA,451,159806,92,5240,165138,266941,70765,Sí
2018,15,MEXICO,30,NAUCALPAN DE JUAREZ,PT_ES,85,159806,92,5240,165138,266941,7303,Sí
2018,15,MEXICO,30,NAUCALPAN DE JUAREZ,MORENA_ES,389,159806,92,5240,165138,266941,70721,Sí
2018,15,MEXICO,31,LOS REYES ACAQUILPAN,PAN,8063,159719,79,5510,165308,260012,8063,No
2018,15,MEXICO,31,LOS REYES ACAQUILPAN,PRI,45231,159719,79,5510,165308,260012,45231,No
2018,15,MEXICO,31,LOS REYES ACAQUILPAN,PRD,13443,159719,79,5510,165308,260012,13443,No
2018,15,MEXICO,31,LOS REYES ACAQUILPAN,PT,4001,159719,79,5510,165308,260012,4001,No
2018,15,MEXICO,31,LOS REYES ACAQUILPAN,PVEM,5946,159719,79,5510,165308,260012,5946,No
2018,15,MEXICO,31,LOS REYES ACAQUILPAN,MC,2193,159719,79,5510,165308,260012,2193,No
2018,15,MEXICO,31,LOS REYES ACAQUILPAN,NUAL,2443,159719,79,5510,165308,260012,2443,No
2018,15,MEXICO,31,LOS REYES ACAQUILPAN,MORENA,68846,159719,79,5510,165308,260012,68846,No
2018,15,MEXICO,31,LOS REYES ACAQUILPAN,ES,3265,159719,79,5510,165308,260012,3265,No
2018,15,MEXICO,31,LOS REYES ACAQUILPAN,VR,2353,159719,79,5510,165308,260012,2353,No
2018,15,MEXICO,31,LOS REYES ACAQUILPAN,PAN_PRD_MC,357,159719,79,5510,165308,260012,24056,Sí
2018,15,MEXICO,31,LOS REYES ACAQUILPAN,PAN_PRD,164,159719,79,5510,165308,260012,21670,Sí
2018,15,MEXICO,31,LOS REYES ACAQUILPAN,PAN_MC,47,159719,79,5510,165308,260012,10303,Sí
2018,15,MEXICO,31,LOS REYES ACAQUILPAN,PRD_MC,102,159719,79,5510,165308,260012,15738,Sí
2018,15,MEXICO,31,LOS REYES ACAQUILPAN,PT_MORENA_ES,2138,159719,79,5510,165308,260012,78250,Sí
2018,15,MEXICO,31,LOS REYES ACAQUILPAN,PT_MORENA,549,159719,79,5510,165308,260012,73396,Sí
2018,15,MEXICO,31,LOS REYES ACAQUILPAN,PT_ES,125,159719,79,5510,165308,260012,7391,Sí
2018,15,MEXICO,31,LOS REYES ACAQUILPAN,MORENA_ES,453,159719,79,5510,165308,260012,72564,Sí
2018,15,MEXICO,32,NAUCALPAN DE JUAREZ,PAN,38222,167364,148,5652,173164,274625,38222,No
2018,15,MEXICO,32,NAUCALPAN DE JUAREZ,PRI,31027,167364,148,5652,173164,274625,31027,No
2018,15,MEXICO,32,NAUCALPAN DE JUAREZ,PRD,3705,167364,148,5652,173164,274625,3705,No
2018,15,MEXICO,32,NAUCALPAN DE JUAREZ,PT,3709,167364,148,5652,173164,274625,3709,No
2018,15,MEXICO,32,NAUCALPAN DE JUAREZ,PVEM,4459,167364,148,5652,173164,274625,4459,No
2018,15,MEXICO,32,NAUCALPAN DE JUAREZ,MC,2314,167364,148,5652,173164,274625,2314,No
2018,15,MEXICO,32,NAUCALPAN DE JUAREZ,NUAL,2721,167364,148,5652,173164,274625,2721,No
2018,15,MEXICO,32,NAUCALPAN DE JUAREZ,MORENA,69969,167364,148,5652,173164,274625,69969,No
2018,15,MEXICO,32,NAUCALPAN DE JUAREZ,ES,3720,167364,148,5652,173164,274625,3720,No
2018,15,MEXICO,32,NAUCALPAN DE JUAREZ,VR,3165,167364,148,5652,173164,274625,3165,No
2018,15,MEXICO,32,NAUCALPAN DE JUAREZ,PAN_PRD_MC,764,167364,148,5652,173164,274625,45005,Sí
2018,15,MEXICO,32,NAUCALPAN DE JUAREZ,PAN_PRD,199,167364,148,5652,173164,274625,42126,Sí
2018,15,MEXICO,32,NAUCALPAN DE JUAREZ,PAN_MC,110,167364,148,5652,173164,274625,40646,Sí
2018,15,MEXICO,32,NAUCALPAN DE JUAREZ,PRD_MC,43,167364,148,5652,173164,274625,6062,Sí
2018,15,MEXICO,32,NAUCALPAN DE JUAREZ,PT_MORENA_ES,2159,167364,148,5652,173164,274625,79557,Sí
2018,15,MEXICO,32,NAUCALPAN DE JUAREZ,PT_MORENA,499,167364,148,5652,173164,274625,74177,Sí
2018,15,MEXICO,32,NAUCALPAN DE JUAREZ,PT_ES,75,167364,148,5652,173164,274625,7504,Sí
2018,15,MEXICO,32,NAUCALPAN DE JUAREZ,MORENA_ES,504,167364,148,5652,173164,274625,74193,Sí
2018,15,MEXICO,33,TECAMAC DE FELIPE VILLANUEVA,PAN,20832,214348,183,5775,220306,322728,20832,No
2018,15,MEXICO,33,TECAMAC DE FELIPE VILLANUEVA,PRI,63401,214348,183,5775,220306,322728,63401,No
2018,15,MEXICO,33,TECAMAC DE FELIPE VILLANUEVA,PRD,3997,214348,183,5775,220306,322728,3997,No
2018,15,MEXICO,33,TECAMAC DE FELIPE VILLANUEVA,PT,5655,214348,183,5775,220306,322728,5655,No
2018,15,MEXICO,33,TECAMAC DE FELIPE VILLANUEVA,PVEM,3754,214348,183,5775,220306,322728,3754,No
2018,15,MEXICO,33,TECAMAC DE FELIPE VILLANUEVA,MC,2535,214348,183,5775,220306,322728,2535,No
2018,15,MEXICO,33,TECAMAC DE FELIPE VILLANUEVA,NUAL,6371,214348,183,5775,220306,322728,6371,No
2018,15,MEXICO,33,TECAMAC DE FELIPE VILLANUEVA,MORENA,96075,214348,183,5775,220306,322728,96075,No
2018,15,MEXICO,33,TECAMAC DE FELIPE VILLANUEVA,ES,4292,214348,183,5775,220306,322728,4292,No
2018,15,MEXICO,33,TECAMAC DE FELIPE VILLANUEVA,VR,3210,214348,183,5775,220306,322728,3210,No
2018,15,MEXICO,33,TECAMAC DE FELIPE VILLANUEVA,PAN_PRD_MC,808,214348,183,5775,220306,322728,28172,Sí
2018,15,MEXICO,33,TECAMAC DE FELIPE VILLANUEVA,PAN_PRD,127,214348,183,5775,220306,322728,24956,Sí
2018,15,MEXICO,33,TECAMAC DE FELIPE VILLANUEVA,PAN_MC,69,214348,183,5775,220306,322728,23436,Sí
2018,15,MEXICO,33,TECAMAC DE FELIPE VILLANUEVA,PRD_MC,70,214348,183,5775,220306,322728,6602,Sí
2018,15,MEXICO,33,TECAMAC DE FELIPE VILLANUEVA,PT_MORENA_ES,2022,214348,183,5775,220306,322728,108044,Sí
2018,15,MEXICO,33,TECAMAC DE FELIPE VILLANUEVA,PT_MORENA,511,214348,183,5775,220306,322728,102241,Sí
2018,15,MEXICO,33,TECAMAC DE FELIPE VILLANUEVA,PT_ES,90,214348,183,5775,220306,322728,10037,Sí
2018,15,MEXICO,33,TECAMAC DE FELIPE VILLANUEVA,MORENA_ES,529,214348,183,5775,220306,322728,100896,Sí
2018,15,MEXICO,34,TOLUCA DE LERDO,PAN,42122,193232,107,6407,199746,273938,42122,No
2018,15,MEXICO,34,TOLUCA DE LERDO,PRI,42752,193232,107,6407,199746,273938,42752,No
2018,15,MEXICO,34,TOLUCA DE LERDO,PRD,6705,193232,107,6407,199746,273938,6705,No
2018,15,MEXICO,34,TOLUCA DE LERDO,PT,4751,193232,107,6407,199746,273938,4751,No
2018,15,MEXICO,34,TOLUCA DE LERDO,PVEM,5691,193232,107,6407,199746,273938,5691,No
2018,15,MEXICO,34,TOLUCA DE LERDO,MC,3316,193232,107,6407,199746,273938,3316,No
2018,15,MEXICO,34,TOLUCA DE LERDO,NUAL,3794,193232,107,6407,199746,273938,3794,No
2018,15,MEXICO,34,TOLUCA DE LERDO,MORENA,70286,193232,107,6407,199746,273938,70286,No
2018,15,MEXICO,34,TOLUCA DE LERDO,ES,4192,193232,107,6407,199746,273938,4192,No
2018,15,MEXICO,34,TOLUCA DE LERDO,VR,5559,193232,107,6407,199746,273938,5559,No
2018,15,MEXICO,34,TOLUCA DE LERDO,PAN_PRD_MC,1120,193232,107,6407,199746,273938,53263,Sí
2018,15,MEXICO,34,TOLUCA DE LERDO,PAN_PRD,314,193232,107,6407,199746,273938,49141,Sí
2018,15,MEXICO,34,TOLUCA DE LERDO,PAN_MC,112,193232,107,6407,199746,273938,45550,Sí
2018,15,MEXICO,34,TOLUCA DE LERDO,PRD_MC,43,193232,107,6407,199746,273938,10064,Sí
2018,15,MEXICO,34,TOLUCA DE LERDO,PT_MORENA_ES,1564,193232,107,6407,199746,273938,80793,Sí
2018,15,MEXICO,34,TOLUCA DE LERDO,PT_MORENA,405,193232,107,6407,199746,273938,75442,Sí
2018,15,MEXICO,34,TOLUCA DE LERDO,PT_ES,61,193232,107,6407,199746,273938,9004,Sí
2018,15,MEXICO,34,TOLUCA DE LERDO,MORENA_ES,445,193232,107,6407,199746,273938,74923,Sí
2018,15,MEXICO,35,METEPEC,PAN,37784,187404,83,5208,192695,260542,37784,No
2018,15,MEXICO,35,METEPEC,PRI,44658,187404,83,5208,192695,260542,44658,No
2018,15,MEXICO,35,METEPEC,PRD,3308,187404,83,5208,192695,260542,3308,No
2018,15,MEXICO,35,METEPEC,PT,8388,187404,83,5208,192695,260542,8388,No
2018,15,MEXICO,35,METEPEC,PVEM,6936,187404,83,5208,192695,260542,6936,No
2018,15,MEXICO,35,METEPEC,MC,3053,187404,83,5208,192695,260542,3053,No
2018,15,MEXICO,35,METEPEC,NUAL,5154,187404,83,5208,192695,260542,5154,No
2018,15,MEXICO,35,METEPEC,MORENA,66980,187404,83,5208,192695,260542,66980,No
2018,15,MEXICO,35,METEPEC,ES,3047,187404,83,5208,192695,260542,3047,No
2018,15,MEXICO,35,METEPEC,VR,4979,187404,83,5208,192695,260542,4979,No
2018,15,MEXICO,35,METEPEC,PAN_PRD_MC,526,187404,83,5208,192695,260542,44671,Sí
2018,15,MEXICO,35,METEPEC,PAN_PRD,148,187404,83,5208,192695,260542,41240,Sí
2018,15,MEXICO,35,METEPEC,PAN_MC,69,187404,83,5208,192695,260542,40906,Sí
2018,15,MEXICO,35,METEPEC,PRD_MC,42,187404,83,5208,192695,260542,6403,Sí
2018,15,MEXICO,35,METEPEC,PT_MORENA_ES,1457,187404,83,5208,192695,260542,79872,Sí
2018,15,MEXICO,35,METEPEC,PT_MORENA,514,187404,83,5208,192695,260542,75882,Sí
2018,15,MEXICO,35,METEPEC,PT_ES,62,187404,83,5208,192695,260542,11497,Sí
2018,15,MEXICO,35,METEPEC,MORENA_ES,299,187404,83,5208,192695,260542,70326,Sí
2018,15,MEXICO,36,SAN MIGUEL ZINACANTEPEC,PAN,30997,169719,689,5784,176192,253276,30997,No
2018,15,MEXICO,36,SAN MIGUEL ZINACANTEPEC,PRI,36554,169719,689,5784,176192,253276,36554,No
2018,15,MEXICO,36,SAN MIGUEL ZINACANTEPEC,PRD,4688,169719,689,5784,176192,253276,4688,No
2018,15,MEXICO,36,SAN MIGUEL ZINACANTEPEC,PT,6005,169719,689,5784,176192,253276,6005,No
2018,15,MEXICO,36,SAN MIGUEL ZINACANTEPEC,PVEM,7446,169719,689,5784,176192,253276,7446,No
2018,15,MEXICO,36,SAN MIGUEL ZINACANTEPEC,MC,2375,169719,689,5784,176192,253276,2375,No
2018,15,MEXICO,36,SAN MIGUEL ZINACANTEPEC,NUAL,3570,169719,689,5784,176192,253276,3570,No
2018,15,MEXICO,36,SAN MIGUEL ZINACANTEPEC,MORENA,62400,169719,689,5784,176192,253276,62400,No
2018,15,MEXICO,36,SAN MIGUEL ZINACANTEPEC,ES,2970,169719,689,5784,176192,253276,2970,No
2018,15,MEXICO,36,SAN MIGUEL ZINACANTEPEC,VR,2863,169719,689,5784,176192,253276,2863,No
2018,15,MEXICO,36,SAN MIGUEL ZINACANTEPEC,PAN_PRD_MC,788,169719,689,5784,176192,253276,38848,Sí
2018,15,MEXICO,36,SAN MIGUEL ZINACANTEPEC,PAN_PRD,225,169719,689,5784,176192,253276,35910,Sí
2018,15,MEXICO,36,SAN MIGUEL ZINACANTEPEC,PAN_MC,106,169719,689,5784,176192,253276,33478,Sí
2018,15,MEXICO,36,SAN MIGUEL ZINACANTEPEC,PRD_MC,32,169719,689,5784,176192,253276,7095,Sí
2018,15,MEXICO,36,SAN MIGUEL ZINACANTEPEC,PT_MORENA_ES,1619,169719,689,5784,176192,253276,72994,Sí
2018,15,MEXICO,36,SAN MIGUEL ZINACANTEPEC,PT_MORENA,542,169719,689,5784,176192,253276,68947,Sí
2018,15,MEXICO,36,SAN MIGUEL ZINACANTEPEC,PT_ES,93,169719,689,5784,176192,253276,9068,Sí
2018,15,MEXICO,36,SAN MIGUEL ZINACANTEPEC,MORENA_ES,539,169719,689,5784,176192,253276,65909,Sí
2018,15,MEXICO,36,SAN MIGUEL ZINACANTEPEC,Candidatura Independiente,5907,169719,689,5784,176192,253276,5907,No
2018,15,MEXICO,37,TLALNEPANTLA DE BAZ 5,PAN,14984,150965,68,5408,156441,254006,14984,No
2018,15,MEXICO,37,TLALNEPANTLA DE BAZ 5,PRI,28097,150965,68,5408,156441,254006,28097,No
2018,15,MEXICO,37,TLALNEPANTLA DE BAZ 5,PRD,6327,150965,68,5408,156441,254006,6327,No
2018,15,MEXICO,37,TLALNEPANTLA DE BAZ 5,PT,4186,150965,68,5408,156441,254006,4186,No
2018,15,MEXICO,37,TLALNEPANTLA DE BAZ 5,PVEM,4646,150965,68,5408,156441,254006,4646,No
2018,15,MEXICO,37,TLALNEPANTLA DE BAZ 5,MC,2283,150965,68,5408,156441,254006,2283,No
2018,15,MEXICO,37,TLALNEPANTLA DE BAZ 5,NUAL,3316,150965,68,5408,156441,254006,3316,No
2018,15,MEXICO,37,TLALNEPANTLA DE BAZ 5,MORENA,74525,150965,68,5408,156441,254006,74525,No
2018,15,MEXICO,37,TLALNEPANTLA DE BAZ 5,ES,3208,150965,68,5408,156441,254006,3208,No
2018,15,MEXICO,37,TLALNEPANTLA DE BAZ 5,VR,4514,150965,68,5408,156441,254006,4514,No
2018,15,MEXICO,37,TLALNEPANTLA DE BAZ 5,PAN_PRD_MC,483,150965,68,5408,156441,254006,24077,Sí
2018,15,MEXICO,37,TLALNEPANTLA DE BAZ 5,PAN_PRD,185,150965,68,5408,156441,254006,21496,Sí
2018,15,MEXICO,37,TLALNEPANTLA DE BAZ 5,PAN_MC,93,150965,68,5408,156441,254006,17360,Sí
2018,15,MEXICO,37,TLALNEPANTLA DE BAZ 5,PRD_MC,57,150965,68,5408,156441,254006,8667,Sí
2018,15,MEXICO,37,TLALNEPANTLA DE BAZ 5,PT_MORENA_ES,2816,150965,68,5408,156441,254006,84735,Sí
2018,15,MEXICO,37,TLALNEPANTLA DE BAZ 5,PT_MORENA,618,150965,68,5408,156441,254006,79329,Sí
2018,15,MEXICO,37,TLALNEPANTLA DE BAZ 5,PT_ES,75,150965,68,5408,156441,254006,7469,Sí
2018,15,MEXICO,37,TLALNEPANTLA DE BAZ 5,MORENA_ES,552,150965,68,5408,156441,254006,78285,Sí
2018,15,MEXICO,38,COACALCO DE BERRIOZABAL,PAN,24451,177699,157,6795,184651,268588,24451,No
2018,15,MEXICO,38,COACALCO DE BERRIOZABAL,PRI,28788,177699,157,6795,184651,268588,28788,No
2018,15,MEXICO,38,COACALCO DE BERRIOZABAL,PRD,10088,177699,157,6795,184651,268588,10088,No
2018,15,MEXICO,38,COACALCO DE BERRIOZABAL,PT,4156,177699,157,6795,184651,268588,4156,No
2018,15,MEXICO,38,COACALCO DE BERRIOZABAL,PVEM,6017,177699,157,6795,184651,268588,6017,No
2018,15,MEXICO,38,COACALCO DE BERRIOZABAL,MC,3060,177699,157,6795,184651,268588,3060,No
2018,15,MEXICO,38,COACALCO DE BERRIOZABAL,NUAL,4842,177699,157,6795,184651,268588,4842,No
2018,15,MEXICO,38,COACALCO DE BERRIOZABAL,MORENA,85385,177699,157,6795,184651,268588,85385,No
2018,15,MEXICO,38,COACALCO DE BERRIOZABAL,ES,4327,177699,157,6795,184651,268588,4327,No
2018,15,MEXICO,38,COACALCO DE BERRIOZABAL,VR,5474,177699,157,6795,184651,268588,5474,No
2018,15,MEXICO,38,COACALCO DE BERRIOZABAL,PAN_PRD_MC,760,177699,157,6795,184651,268588,38359,Sí
2018,15,MEXICO,38,COACALCO DE BERRIOZABAL,PAN_PRD,222,177699,157,6795,184651,268588,34761,Sí
2018,15,MEXICO,38,COACALCO DE BERRIOZABAL,PAN_MC,84,177699,157,6795,184651,268588,27595,Sí
2018,15,MEXICO,38,COACALCO DE BERRIOZABAL,PRD_MC,45,177699,157,6795,184651,268588,13193,Sí
2018,15,MEXICO,39,ACOLMAN DE NEZAHUALCOYOTL,PAN,23275,190830,133,5608,196571,272235,23275,No
2018,15,MEXICO,39,ACOLMAN DE NEZAHUALCOYOTL,PRI,49702,190830,133,5608,196571,272235,49702,No
2018,15,MEXICO,39,ACOLMAN DE NEZAHUALCOYOTL,PRD,6837,190830,133,5608,196571,272235,6837,No
2018,15,MEXICO,39,ACOLMAN DE NEZAHUALCOYOTL,PT,6593,190830,133,5608,196571,272235,6593,No
2018,15,MEXICO,39,ACOLMAN DE NEZAHUALCOYOTL,PVEM,7394,190830,133,5608,196571,272235,7394,No
2018,15,MEXICO,39,ACOLMAN DE NEZAHUALCOYOTL,MC,2301,190830,133,5608,196571,272235,2301,No
2018,15,MEXICO,39,ACOLMAN DE NEZAHUALCOYOTL,NUAL,3846,190830,133,5608,196571,272235,3846,No
2018,15,MEXICO,39,ACOLMAN DE NEZAHUALCOYOTL,MORENA,78252,190830,133,5608,196571,272235,78252,No
2018,15,MEXICO,39,ACOLMAN DE NEZAHUALCOYOTL,ES,3026,190830,133,5608,196571,272235,3026,No
2018,15,MEXICO,39,ACOLMAN DE NEZAHUALCOYOTL,VR,6195,190830,133,5608,196571,272235,6195,No
2018,15,MEXICO,39,ACOLMAN DE NEZAHUALCOYOTL,PAN_PRD_MC,574,190830,133,5608,196571,272235,32987,Sí
2018,15,MEXICO,39,ACOLMAN DE NEZAHUALCOYOTL,PAN_PRD,226,190830,133,5608,196571,272235,30338,Sí
2018,15,MEXICO,39,ACOLMAN DE NEZAHUALCOYOTL,PAN_MC,94,190830,133,5608,196571,272235,25670,Sí
2018,15,MEXICO,39,ACOLMAN DE NEZAHUALCOYOTL,PRD_MC,41,190830,133,5608,196571,272235,9179,Sí
2018,15,MEXICO,39,ACOLMAN DE NEZAHUALCOYOTL,PT_MORENA_ES,1548,190830,133,5608,196571,272235,89419,Sí
2018,15,MEXICO,39,ACOLMAN DE NEZAHUALCOYOTL,PT_MORENA,469,190830,133,5608,196571,272235,85314,Sí
2018,15,MEXICO,39,ACOLMAN DE NEZAHUALCOYOTL,PT_ES,61,190830,133,5608,196571,272235,9680,Sí
2018,15,MEXICO,39,ACOLMAN DE NEZAHUALCOYOTL,MORENA_ES,396,190830,133,5608,196571,272235,81674,Sí
2018,15,MEXICO,4,LERMA DE VILLADA,PAN,24744,183124,75,5527,188726,262595,24744,No
2018,15,MEXICO,4,LERMA DE VILLADA,PRI,50441,183124,75,5527,188726,262595,50441,No
2018,15,MEXICO,4,LERMA DE VILLADA,PRD,5477,183124,75,5527,188726,262595,5477,No
2018,15,MEXICO,4,LERMA DE VILLADA,PT,3644,183124,75,5527,188726,262595,3644,No
2018,15,MEXICO,4,LERMA DE VILLADA,PVEM,15354,183124,75,5527,188726,262595,15354,No
2018,15,MEXICO,4,LERMA DE VILLADA,MC,3194,183124,75,5527,188726,262595,3194,No
2018,15,MEXICO,4,LERMA DE VILLADA,NUAL,3645,183124,75,5527,188726,262595,3645,No
2018,15,MEXICO,4,LERMA DE VILLADA,MORENA,66399,183124,75,5527,188726,262595,66399,No
2018,15,MEXICO,4,LERMA DE VILLADA,ES,2757,183124,75,5527,188726,262595,2757,No
2018,15,MEXICO,4,LERMA DE VILLADA,VR,4496,183124,75,5527,188726,262595,4496,No
2018,15,MEXICO,4,LERMA DE VILLADA,PAN_PRD_MC,505,183124,75,5527,188726,262595,33920,Sí
2018,15,MEXICO,4,LERMA DE VILLADA,PAN_PRD,324,183124,75,5527,188726,262595,30545,Sí
2018,15,MEXICO,4,LERMA DE VILLADA,PAN_MC,53,183124,75,5527,188726,262595,27991,Sí
2018,15,MEXICO,4,LERMA DE VILLADA,PRD_MC,17,183124,75,5527,188726,262595,8688,Sí
2018,15,MEXICO,4,LERMA DE VILLADA,PT_MORENA_ES,1364,183124,75,5527,188726,262595,74164,Sí
2018,15,MEXICO,4,LERMA DE VILLADA,PT_MORENA,321,183124,75,5527,188726,262595,70364,Sí
2018,15,MEXICO,4,LERMA DE VILLADA,PT_ES,44,183124,75,5527,188726,262595,6445,Sí
2018,15,MEXICO,4,LERMA DE VILLADA,MORENA_ES,345,183124,75,5527,188726,262595,69501,Sí
2018,15,MEXICO,40,IXTAPALUCA 6,PAN,10553,162698,92,5300,168090,258523,10553,No
2018,15,MEXICO,40,IXTAPALUCA 6,PRI,52621,162698,92,5300,168090,258523,52621,No
2018,15,MEXICO,40,IXTAPALUCA 6,PRD,7909,162698,92,5300,168090,258523,7909,No
2018,15,MEXICO,40,IXTAPALUCA 6,PT,3504,162698,92,5300,168090,258523,3504,No
2018,15,MEXICO,40,IXTAPALUCA 6,PVEM,3533,162698,92,5300,168090,258523,3533,No
2018,15,MEXICO,40,IXTAPALUCA 6,MC,2435,162698,92,5300,168090,258523,2435,No
2018,15,MEXICO,40,IXTAPALUCA 6,NUAL,1985,162698,92,5300,168090,258523,1985,No
2018,15,MEXICO,40,IXTAPALUCA 6,MORENA,70929,162698,92,5300,168090,258523,70929,No
2018,15,MEXICO,40,IXTAPALUCA 6,ES,2969,162698,92,5300,168090,258523,2969,No
2018,15,MEXICO,40,IXTAPALUCA 6,VR,3158,162698,92,5300,168090,258523,3158,No
2018,15,MEXICO,40,IXTAPALUCA 6,PAN_PRD_MC,354,162698,92,5300,168090,258523,21251,Sí
2018,15,MEXICO,40,IXTAPALUCA 6,PAN_PRD,137,162698,92,5300,168090,258523,18599,Sí
2018,15,MEXICO,40,IXTAPALUCA 6,PAN_MC,39,162698,92,5300,168090,258523,13027,Sí
2018,15,MEXICO,40,IXTAPALUCA 6,PRD_MC,44,162698,92,5300,168090,258523,10388,Sí
2018,15,MEXICO,40,IXTAPALUCA 6,PT_MORENA_ES,1656,162698,92,5300,168090,258523,79058,Sí
2018,15,MEXICO,40,IXTAPALUCA 6,PT_MORENA,409,162698,92,5300,168090,258523,74842,Sí
2018,15,MEXICO,40,IXTAPALUCA 6,PT_ES,69,162698,92,5300,168090,258523,6542,Sí
2018,15,MEXICO,40,IXTAPALUCA 6,MORENA_ES,394,162698,92,5300,168090,258523,74292,Sí
2018,15,MEXICO,41,CD. NEZAHUALCOYOTL,PAN,8846,181420,82,5634,187136,290097,8846,No
2018,15,MEXICO,41,CD. NEZAHUALCOYOTL,PRI,25182,181420,82,5634,187136,290097,25182,No
2018,15,MEXICO,41,CD. NEZAHUALCOYOTL,PRD,51796,181420,82,5634,187136,290097,51796,No
2018,15,MEXICO,41,CD. NEZAHUALCOYOTL,PT,3221,181420,82,5634,187136,290097,3221,No
2018,15,MEXICO,41,CD. NEZAHUALCOYOTL,PVEM,4914,181420,82,5634,187136,290097,4914,No
2018,15,MEXICO,41,CD. NEZAHUALCOYOTL,MC,2208,181420,82,5634,187136,290097,2208,No
2018,15,MEXICO,41,CD. NEZAHUALCOYOTL,NUAL,2763,181420,82,5634,187136,290097,2763,No
2018,15,MEXICO,41,CD. NEZAHUALCOYOTL,MORENA,73741,181420,82,5634,187136,290097,73741,No
2018,15,MEXICO,41,CD. NEZAHUALCOYOTL,ES,2917,181420,82,5634,187136,290097,2917,No
2018,15,MEXICO,41,CD. NEZAHUALCOYOTL,VR,1848,181420,82,5634,187136,290097,1848,No
2018,15,MEXICO,41,CD. NEZAHUALCOYOTL,PAN_PRD_MC,725,181420,82,5634,187136,290097,63575,Sí
2018,15,MEXICO,41,CD. NEZAHUALCOYOTL,PAN_PRD,443,181420,82,5634,187136,290097,61085,Sí
2018,15,MEXICO,41,CD. NEZAHUALCOYOTL,PAN_MC,49,181420,82,5634,187136,290097,11103,Sí
2018,15,MEXICO,41,CD. NEZAHUALCOYOTL,PRD_MC,147,181420,82,5634,187136,290097,54151,Sí
2018,15,MEXICO,41,CD. NEZAHUALCOYOTL,PT_MORENA_ES,1739,181420,82,5634,187136,290097,81618,Sí
2018,15,MEXICO,41,CD. NEZAHUALCOYOTL,PT_MORENA,471,181420,82,5634,187136,290097,77433,Sí
2018,15,MEXICO,41,CD. NEZAHUALCOYOTL,PT_ES,79,181420,82,5634,187136,290097,6217,Sí
2018,15,MEXICO,41,CD. NEZAHUALCOYOTL,MORENA_ES,331,181420,82,5634,187136,290097,76989,Sí
2018,15,MEXICO,42,ECATEPEC DE MORELOS,PAN,13169,143132,89,4234,147455,218333,13169,No
2018,15,MEXICO,42,ECATEPEC DE MORELOS,PRI,32621,143132,89,4234,147455,218333,32621,No
2018,15,MEXICO,42,ECATEPEC DE MORELOS,PRD,5997,143132,89,4234,147455,218333,5997,No
2018,15,MEXICO,42,ECATEPEC DE MORELOS,PT,3187,143132,89,4234,147455,218333,3187,No
2018,15,MEXICO,42,ECATEPEC DE MORELOS,PVEM,4735,143132,89,4234,147455,218333,4735,No
2018,15,MEXICO,42,ECATEPEC DE MORELOS,MC,1951,143132,89,4234,147455,218333,1951,No
2018,15,MEXICO,42,ECATEPEC DE MORELOS,NUAL,3004,143132,89,4234,147455,218333,3004,No
2018,15,MEXICO,42,ECATEPEC DE MORELOS,MORENA,69321,143132,89,4234,147455,218333,69321,No
2018,15,MEXICO,42,ECATEPEC DE MORELOS,ES,3239,143132,89,4234,147455,218333,3239,No
2018,15,MEXICO,42,ECATEPEC DE MORELOS,VR,2183,143132,89,4234,147455,218333,2183,No
2018,15,MEXICO,42,ECATEPEC DE MORELOS,PAN_PRD_MC,432,143132,89,4234,147455,218333,21549,Sí
2018,15,MEXICO,42,ECATEPEC DE MORELOS,PAN_PRD,137,143132,89,4234,147455,218333,19303,Sí
2018,15,MEXICO,42,ECATEPEC DE MORELOS,PAN_MC,40,143132,89,4234,147455,218333,15160,Sí
2018,15,MEXICO,42,ECATEPEC DE MORELOS,PRD_MC,49,143132,89,4234,147455,218333,7997,Sí
2018,15,MEXICO,42,ECATEPEC DE MORELOS,PT_MORENA_ES,2090,143132,89,4234,147455,218333,77837,Sí
2018,15,MEXICO,42,ECATEPEC DE MORELOS,PT_MORENA,450,143132,89,4234,147455,218333,72958,Sí
2018,15,MEXICO,42,ECATEPEC DE MORELOS,PT_ES,63,143132,89,4234,147455,218333,6489,Sí
2018,15,MEXICO,42,ECATEPEC DE MORELOS,MORENA_ES,464,143132,89,4234,147455,218333,73024,Sí
2018,15,MEXICO,43,CUAUTITLAN IZCALLI,PAN,42574,178353,116,4713,183182,261609,42574,No
2018,15,MEXICO,43,CUAUTITLAN IZCALLI,PRI,24305,178353,116,4713,183182,261609,24305,No
2018,15,MEXICO,43,CUAUTITLAN IZCALLI,PRD,3037,178353,116,4713,183182,261609,3037,No
2018,15,MEXICO,43,CUAUTITLAN IZCALLI,PT,3352,178353,116,4713,183182,261609,3352,No
2018,15,MEXICO,43,CUAUTITLAN IZCALLI,PVEM,7503,178353,116,4713,183182,261609,7503,No
2018,15,MEXICO,43,CUAUTITLAN IZCALLI,MC,3585,178353,116,4713,183182,261609,3585,No
2018,15,MEXICO,43,CUAUTITLAN IZCALLI,NUAL,5767,178353,116,4713,183182,261609,5767,No
2018,15,MEXICO,43,CUAUTITLAN IZCALLI,MORENA,75092,178353,116,4713,183182,261609,75092,No
2018,15,MEXICO,43,CUAUTITLAN IZCALLI,ES,3644,178353,116,4713,183182,261609,3644,No
2018,15,MEXICO,43,CUAUTITLAN IZCALLI,VR,5913,178353,116,4713,183182,261609,5913,No
2018,15,MEXICO,43,CUAUTITLAN IZCALLI,PAN_PRD_MC,790,178353,116,4713,183182,261609,49986,Sí
2018,15,MEXICO,43,CUAUTITLAN IZCALLI,PAN_PRD,159,178353,116,4713,183182,261609,45770,Sí
2018,15,MEXICO,43,CUAUTITLAN IZCALLI,PAN_MC,153,178353,116,4713,183182,261609,46312,Sí
2018,15,MEXICO,43,CUAUTITLAN IZCALLI,PRD_MC,33,178353,116,4713,183182,261609,6655,Sí
2018,15,MEXICO,43,CUAUTITLAN IZCALLI,PT_MORENA_ES,1685,178353,116,4713,183182,261609,83773,Sí
2018,15,MEXICO,43,CUAUTITLAN IZCALLI,PT_MORENA,335,178353,116,4713,183182,261609,78779,Sí
2018,15,MEXICO,43,CUAUTITLAN IZCALLI,PT_ES,43,178353,116,4713,183182,261609,7039,Sí
2018,15,MEXICO,43,CUAUTITLAN IZCALLI,MORENA_ES,383,178353,116,4713,183182,261609,79119,Sí
2018,15,MEXICO,44,NICOLAS ROMERO,PAN,36986,180684,171,5607,186462,284282,36986,No
2018,15,MEXICO,44,NICOLAS ROMERO,PRI,32920,180684,171,5607,186462,284282,32920,No
2018,15,MEXICO,44,NICOLAS ROMERO,PRD,4547,180684,171,5607,186462,284282,4547,No
2018,15,MEXICO,44,NICOLAS ROMERO,PT,4388,180684,171,5607,186462,284282,4388,No
2018,15,MEXICO,44,NICOLAS ROMERO,PVEM,5679,180684,171,5607,186462,284282,5679,No
2018,15,MEXICO,44,NICOLAS ROMERO,MC,2748,180684,171,5607,186462,284282,2748,No
2018,15,MEXICO,44,NICOLAS ROMERO,NUAL,4998,180684,171,5607,186462,284282,4998,No
2018,15,MEXICO,44,NICOLAS ROMERO,MORENA,76283,180684,171,5607,186462,284282,76283,No
2018,15,MEXICO,44,NICOLAS ROMERO,ES,3368,180684,171,5607,186462,284282,3368,No
2018,15,MEXICO,44,NICOLAS ROMERO,VR,4016,180684,171,5607,186462,284282,4016,No
2018,15,MEXICO,44,NICOLAS ROMERO,PAN_PRD_MC,829,180684,171,5607,186462,284282,45110,Sí
2018,15,MEXICO,44,NICOLAS ROMERO,PAN_PRD,271,180684,171,5607,186462,284282,41804,Sí
2018,15,MEXICO,44,NICOLAS ROMERO,PAN_MC,156,180684,171,5607,186462,284282,39890,Sí
2018,15,MEXICO,44,NICOLAS ROMERO,PRD_MC,43,180684,171,5607,186462,284282,7338,Sí
2018,15,MEXICO,44,NICOLAS ROMERO,PT_MORENA_ES,2315,180684,171,5607,186462,284282,86354,Sí
2018,15,MEXICO,44,NICOLAS ROMERO,PT_MORENA,561,180684,171,5607,186462,284282,81232,Sí
2018,15,MEXICO,44,NICOLAS ROMERO,PT_ES,81,180684,171,5607,186462,284282,7837,Sí
2018,15,MEXICO,44,NICOLAS ROMERO,MORENA_ES,495,180684,171,5607,186462,284282,80146,Sí
2018,15,MEXICO,45,ALMOLOYA DE JUAREZ,PAN,18714,153887,28,6718,160633,236180,18714,No
2018,15,MEXICO,45,ALMOLOYA DE JUAREZ,PRI,31484,153887,28,6718,160633,236180,31484,No
2018,15,MEXICO,45,ALMOLOYA DE JUAREZ,PRD,5908,153887,28,6718,160633,236180,5908,No
2018,15,MEXICO,45,ALMOLOYA DE JUAREZ,PT,8475,153887,28,6718,160633,236180,8475,No
2018,15,MEXICO,45,ALMOLOYA DE JUAREZ,PVEM,8233,153887,28,6718,160633,236180,8233,No
2018,15,MEXICO,45,ALMOLOYA DE JUAREZ,MC,4933,153887,28,6718,160633,236180,4933,No
2018,15,MEXICO,45,ALMOLOYA DE JUAREZ,NUAL,9374,153887,28,6718,160633,236180,9374,No
2018,15,MEXICO,45,ALMOLOYA DE JUAREZ,MORENA,56047,153887,28,6718,160633,236180,56047,No
2018,15,MEXICO,45,ALMOLOYA DE JUAREZ,ES,3110,153887,28,6718,160633,236180,3110,No
2018,15,MEXICO,45,ALMOLOYA DE JUAREZ,VR,4399,153887,28,6718,160633,236180,4399,No
2018,15,MEXICO,45,ALMOLOYA DE JUAREZ,PAN_PRD_MC,592,153887,28,6718,160633,236180,30147,Sí
2018,15,MEXICO,45,ALMOLOYA DE JUAREZ,PAN_PRD,180,153887,28,6718,160633,236180,24802,Sí
2018,15,MEXICO,45,ALMOLOYA DE JUAREZ,PAN_MC,89,153887,28,6718,160633,236180,23736,Sí
2018,15,MEXICO,45,ALMOLOYA DE JUAREZ,PRD_MC,57,153887,28,6718,160633,236180,10898,Sí
2018,15,MEXICO,45,ALMOLOYA DE JUAREZ,PT_MORENA_ES,1370,153887,28,6718,160633,236180,69002,Sí
2018,15,MEXICO,45,ALMOLOYA DE JUAREZ,PT_MORENA,472,153887,28,6718,160633,236180,64994,Sí
2018,15,MEXICO,45,ALMOLOYA DE JUAREZ,PT_ES,87,153887,28,6718,160633,236180,11672,Sí
2018,15,MEXICO,45,ALMOLOYA DE JUAREZ,MORENA_ES,363,153887,28,6718,160633,236180,59520,Sí
2018,15,MEXICO,5,CHICOLOAPAN DE JUAREZ,PAN,7990,153168,98,5310,158576,263181,7990,No
2018,15,MEXICO,5,CHICOLOAPAN DE JUAREZ,PRI,47545,153168,98,5310,158576,263181,47545,No
2018,15,MEXICO,5,CHICOLOAPAN DE JUAREZ,PRD,9161,153168,98,5310,158576,263181,9161,No
2018,15,MEXICO,5,CHICOLOAPAN DE JUAREZ,PT,3070,153168,98,5310,158576,263181,3070,No
2018,15,MEXICO,5,CHICOLOAPAN DE JUAREZ,PVEM,4497,153168,98,5310,158576,263181,4497,No
2018,15,MEXICO,5,CHICOLOAPAN DE JUAREZ,MC,2061,153168,98,5310,158576,263181,2061,No
2018,15,MEXICO,5,CHICOLOAPAN DE JUAREZ,NUAL,2829,153168,98,5310,158576,263181,2829,No
2018,15,MEXICO,5,CHICOLOAPAN DE JUAREZ,MORENA,66249,153168,98,5310,158576,263181,66249,No
2018,15,MEXICO,5,CHICOLOAPAN DE JUAREZ,ES,3032,153168,98,5310,158576,263181,3032,No
2018,15,MEXICO,5,CHICOLOAPAN DE JUAREZ,VR,2744,153168,98,5310,158576,263181,2744,No
2018,15,MEXICO,5,CHICOLOAPAN DE JUAREZ,PAN_PRD_MC,420,153168,98,5310,158576,263181,19632,Sí
2018,15,MEXICO,5,CHICOLOAPAN DE JUAREZ,PAN_PRD,124,153168,98,5310,158576,263181,17275,Sí
2018,15,MEXICO,5,CHICOLOAPAN DE JUAREZ,PAN_MC,52,153168,98,5310,158576,263181,10103,Sí
2018,15,MEXICO,5,CHICOLOAPAN DE JUAREZ,PRD_MC,57,153168,98,5310,158576,263181,11279,Sí
2018,15,MEXICO,5,CHICOLOAPAN DE JUAREZ,PT_MORENA_ES,2374,153168,98,5310,158576,263181,74725,Sí
2018,15,MEXICO,5,CHICOLOAPAN DE JUAREZ,PT_MORENA,414,153168,98,5310,158576,263181,69733,Sí
2018,15,MEXICO,5,CHICOLOAPAN DE JUAREZ,PT_ES,62,153168,98,5310,158576,263181,6164,Sí
2018,15,MEXICO,5,CHICOLOAPAN DE JUAREZ,MORENA_ES,487,153168,98,5310,158576,263181,69768,Sí
2018,15,MEXICO,6,ECATEPEC DE MORELOS,PAN,13549,135994,81,4000,140075,222082,13549,No
2018,15,MEXICO,6,ECATEPEC DE MORELOS,PRI,23884,135994,81,4000,140075,222082,23884,No
2018,15,MEXICO,6,ECATEPEC DE MORELOS,PRD,7124,135994,81,4000,140075,222082,7124,No
2018,15,MEXICO,6,ECATEPEC DE MORELOS,PT,3214,135994,81,4000,140075,222082,3214,No
2018,15,MEXICO,6,ECATEPEC DE MORELOS,PVEM,5102,135994,81,4000,140075,222082,5102,No
2018,15,MEXICO,6,ECATEPEC DE MORELOS,MC,2258,135994,81,4000,140075,222082,2258,No
2018,15,MEXICO,6,ECATEPEC DE MORELOS,NUAL,2632,135994,81,4000,140075,222082,2632,No
2018,15,MEXICO,6,ECATEPEC DE MORELOS,MORENA,68066,135994,81,4000,140075,222082,68066,No
2018,15,MEXICO,6,ECATEPEC DE MORELOS,ES,3188,135994,81,4000,140075,222082,3188,No
2018,15,MEXICO,6,ECATEPEC DE MORELOS,VR,3089,135994,81,4000,140075,222082,3089,No
2018,15,MEXICO,6,ECATEPEC DE MORELOS,PAN_PRD_MC,525,135994,81,4000,140075,222082,23456,Sí
2018,15,MEXICO,6,ECATEPEC DE MORELOS,PAN_PRD,206,135994,81,4000,140075,222082,20879,Sí
2018,15,MEXICO,6,ECATEPEC DE MORELOS,PAN_MC,70,135994,81,4000,140075,222082,15877,Sí
2018,15,MEXICO,6,ECATEPEC DE MORELOS,PRD_MC,59,135994,81,4000,140075,222082,9441,Sí
2018,15,MEXICO,6,ECATEPEC DE MORELOS,PT_MORENA_ES,2096,135994,81,4000,140075,222082,76564,Sí
2018,15,MEXICO,6,ECATEPEC DE MORELOS,PT_MORENA,440,135994,81,4000,140075,222082,71720,Sí
2018,15,MEXICO,6,ECATEPEC DE MORELOS,PT_ES,87,135994,81,4000,140075,222082,6489,Sí
2018,15,MEXICO,6,ECATEPEC DE MORELOS,MORENA_ES,405,135994,81,4000,140075,222082,71659,Sí
2018,15,MEXICO,7,TENANCINGO DE DEGOLLADO,PAN,22673,179383,137,6723,186243,262331,22673,No
2018,15,MEXICO,7,TENANCINGO DE DEGOLLADO,PRI,40908,179383,137,6723,186243,262331,40908,No
2018,15,MEXICO,7,TENANCINGO DE DEGOLLADO,PRD,11479,179383,137,6723,186243,262331,11479,No
2018,15,MEXICO,7,TENANCINGO DE DEGOLLADO,PT,9401,179383,137,6723,186243,262331,9401,No
2018,15,MEXICO,7,TENANCINGO DE DEGOLLADO,PVEM,9246,179383,137,6723,186243,262331,9246,No
2018,15,MEXICO,7,TENANCINGO DE DEGOLLADO,MC,2517,179383,137,6723,186243,262331,2517,No
2018,15,MEXICO,7,TENANCINGO DE DEGOLLADO,NUAL,5375,179383,137,6723,186243,262331,5375,No
2018,15,MEXICO,7,TENANCINGO DE DEGOLLADO,MORENA,65443,179383,137,6723,186243,262331,65443,No
2018,15,MEXICO,7,TENANCINGO DE DEGOLLADO,ES,2603,179383,137,6723,186243,262331,2603,No
2018,15,MEXICO,7,TENANCINGO DE DEGOLLADO,VR,6585,179383,137,6723,186243,262331,6585,No
2018,15,MEXICO,7,TENANCINGO DE DEGOLLADO,PAN_PRD_MC,511,179383,137,6723,186243,262331,37180,Sí
2018,15,MEXICO,7,TENANCINGO DE DEGOLLADO,PAN_PRD,333,179383,137,6723,186243,262331,34485,Sí
2018,15,MEXICO,7,TENANCINGO DE DEGOLLADO,PAN_MC,67,179383,137,6723,186243,262331,25257,Sí
2018,15,MEXICO,7,TENANCINGO DE DEGOLLADO,PRD_MC,86,179383,137,6723,186243,262331,14082,Sí
2018,15,MEXICO,7,TENANCINGO DE DEGOLLADO,PT_MORENA_ES,1185,179383,137,6723,186243,262331,78632,Sí
2018,15,MEXICO,7,TENANCINGO DE DEGOLLADO,PT_MORENA,611,179383,137,6723,186243,262331,75455,Sí
2018,15,MEXICO,7,TENANCINGO DE DEGOLLADO,PT_ES,81,179383,137,6723,186243,262331,12085,Sí
2018,15,MEXICO,7,TENANCINGO DE DEGOLLADO,MORENA_ES,279,179383,137,6723,186243,262331,68325,Sí
2018,15,MEXICO,8,ECATEPEC DE MORELOS,PAN,17572,154333,90,4850,159273,232046,17572,No
2018,15,MEXICO,8,ECATEPEC DE MORELOS,PRI,28352,154333,90,4850,159273,232046,28352,No
2018,15,MEXICO,8,ECATEPEC DE MORELOS,PRD,7536,154333,90,4850,159273,232046,7536,No
2018,15,MEXICO,8,ECATEPEC DE MORELOS,PT,3238,154333,90,4850,159273,232046,3238,No
2018,15,MEXICO,8,ECATEPEC DE MORELOS,PVEM,5459,154333,90,4850,159273,232046,5459,No
2018,15,MEXICO,8,ECATEPEC DE MORELOS,MC,2492,154333,90,4850,159273,232046,2492,No
2018,15,MEXICO,8,ECATEPEC DE MORELOS,NUAL,4290,154333,90,4850,159273,232046,4290,No
2018,15,MEXICO,8,ECATEPEC DE MORELOS,MORENA,75460,154333,90,4850,159273,232046,75460,No
2018,15,MEXICO,8,ECATEPEC DE MORELOS,ES,3555,154333,90,4850,159273,232046,3555,No
2018,15,MEXICO,8,ECATEPEC DE MORELOS,VR,2790,154333,90,4850,159273,232046,2790,No
2018,15,MEXICO,8,ECATEPEC DE MORELOS,PAN_PRD_MC,472,154333,90,4850,159273,232046,28072,Sí
2018,15,MEXICO,8,ECATEPEC DE MORELOS,PAN_PRD,174,154333,90,4850,159273,232046,25282,Sí
2018,15,MEXICO,8,ECATEPEC DE MORELOS,PAN_MC,88,154333,90,4850,159273,232046,20152,Sí
2018,15,MEXICO,8,ECATEPEC DE MORELOS,PRD_MC,31,154333,90,4850,159273,232046,10059,Sí
2018,15,MEXICO,8,ECATEPEC DE MORELOS,PT_MORENA_ES,1902,154333,90,4850,159273,232046,84155,Sí
2018,15,MEXICO,8,ECATEPEC DE MORELOS,PT_MORENA,457,154333,90,4850,159273,232046,79155,Sí
2018,15,MEXICO,8,ECATEPEC DE MORELOS,PT_ES,45,154333,90,4850,159273,232046,6838,Sí
2018,15,MEXICO,8,ECATEPEC DE MORELOS,MORENA_ES,420,154333,90,4850,159273,232046,79435,Sí
2018,15,MEXICO,9,TEJUPILCO DE HIDALGO,PAN,17453,182641,90,8533,191264,272227,17453,No
2018,15,MEXICO,9,TEJUPILCO DE HIDALGO,PRI,57494,182641,90,8533,191264,272227,57494,No
2018,15,MEXICO,9,TEJUPILCO DE HIDALGO,PRD,30226,182641,90,8533,191264,272227,30226,No
2018,15,MEXICO,9,TEJUPILCO DE HIDALGO,PT,6814,182641,90,8533,191264,272227,6814,No
2018,15,MEXICO,9,TEJUPILCO DE HIDALGO,PVEM,4715,182641,90,8533,191264,272227,4715,No
2018,15,MEXICO,9,TEJUPILCO DE HIDALGO,MC,2019,182641,90,8533,191264,272227,2019,No
2018,15,MEXICO,9,TEJUPILCO DE HIDALGO,NUAL,5826,182641,90,8533,191264,272227,5826,No
2018,15,MEXICO,9,TEJUPILCO DE HIDALGO,MORENA,50158,182641,90,8533,191264,272227,50158,No
2018,15,MEXICO,9,TEJUPILCO DE HIDALGO,ES,1752,182641,90,8533,191264,272227,1752,No
2018,15,MEXICO,9,TEJUPILCO DE HIDALGO,VR,3404,182641,90,8533,191264,272227,3404,No
2018,15,MEXICO,9,TEJUPILCO DE HIDALGO,PAN_PRD_MC,578,182641,90,8533,191264,272227,50276,Sí
2018,15,MEXICO,9,TEJUPILCO DE HIDALGO,PAN_PRD,494,182641,90,8533,191264,272227,48173,Sí
2018,15,MEXICO,9,TEJUPILCO DE HIDALGO,PAN_MC,73,182641,90,8533,191264,272227,19545,Sí
2018,15,MEXICO,9,TEJUPILCO DE HIDALGO,PRD_MC,115,182641,90,8533,191264,272227,32360,Sí
2018,15,MEXICO,9,TEJUPILCO DE HIDALGO,PT_MORENA_ES,689,182641,90,8533,191264,272227,59413,Sí
2018,15,MEXICO,9,TEJUPILCO DE HIDALGO,PT_MORENA,495,182641,90,8533,191264,272227,57467,Sí
2018,15,MEXICO,9,TEJUPILCO DE HIDALGO,PT_ES,50,182641,90,8533,191264,272227,8616,Sí
2018,15,MEXICO,9,TEJUPILCO DE HIDALGO,MORENA_ES,286,182641,90,8533,191264,272227,52196,Sí
2018,16,MICHOACAN,1,LA PIEDAD,PAN,19714,80838,39,4671,85548,153199,19714,No
2018,16,MICHOACAN,1,LA PIEDAD,PRI,14285,80838,39,4671,85548,153199,14285,No
2018,16,MICHOACAN,1,LA PIEDAD,PRD,9596,80838,39,4671,85548,153199,9596,No
2018,16,MICHOACAN,1,LA PIEDAD,PT,2948,80838,39,4671,85548,153199,2948,No
2018,16,MICHOACAN,1,LA PIEDAD,PVEM,2779,80838,39,4671,85548,153199,2779,No
2018,16,MICHOACAN,1,LA PIEDAD,MC,6512,80838,39,4671,85548,153199,6512,No
2018,16,MICHOACAN,1,LA PIEDAD,NUAL,3210,80838,39,4671,85548,153199,3210,No
2018,16,MICHOACAN,1,LA PIEDAD,MORENA,19285,80838,39,4671,85548,153199,19285,No
2018,16,MICHOACAN,1,LA PIEDAD,ES,1756,80838,39,4671,85548,153199,1756,No
2018,16,MICHOACAN,1,LA PIEDAD,C_COMUN_PAN_PRD,753,80838,39,4671,85548,153199,30063,Sí
2018,16,MICHOACAN,10,MORELIA NOROESTE,PAN,5721,64434,76,4965,69475,138636,5721,No
2018,16,MICHOACAN,10,MORELIA NOROESTE,PRI,10156,64434,76,4965,69475,138636,10156,No
2018,16,MICHOACAN,10,MORELIA NOROESTE,PRD,3344,64434,76,4965,69475,138636,3344,No
2018,16,MICHOACAN,10,MORELIA NOROESTE,PT,2615,64434,76,4965,69475,138636,2615,No
2018,16,MICHOACAN,10,MORELIA NOROESTE,PVEM,5012,64434,76,4965,69475,138636,5012,No
2018,16,MICHOACAN,10,MORELIA NOROESTE,MC,2194,64434,76,4965,69475,138636,2194,No
2018,16,MICHOACAN,10,MORELIA NOROESTE,NUAL,1022,64434,76,4965,69475,138636,1022,No
2018,16,MICHOACAN,10,MORELIA NOROESTE,MORENA,20676,64434,76,4965,69475,138636,20676,No
2018,16,MICHOACAN,10,MORELIA NOROESTE,ES,5808,64434,76,4965,69475,138636,5808,No
2018,16,MICHOACAN,10,MORELIA NOROESTE,PAN_PRD_MC,132,64434,76,4965,69475,138636,11391,Sí
2018,16,MICHOACAN,10,MORELIA NOROESTE,PAN_PRD,66,64434,76,4965,69475,138636,9131,Sí
2018,16,MICHOACAN,10,MORELIA NOROESTE,PAN_MC,36,64434,76,4965,69475,138636,7951,Sí
2018,16,MICHOACAN,10,MORELIA NOROESTE,PRD_MC,29,64434,76,4965,69475,138636,5567,Sí
2018,16,MICHOACAN,10,MORELIA NOROESTE,PT_MORENA,313,64434,76,4965,69475,138636,23604,Sí
2018,16,MICHOACAN,10,MORELIA NOROESTE,Candidatura Independiente,7310,64434,76,4965,69475,138636,7310,No
2018,16,MICHOACAN,11,MORELIA NORESTE,PAN,13610,82419,117,5167,87703,151879,13610,No
2018,16,MICHOACAN,11,MORELIA NORESTE,PRI,10562,82419,117,5167,87703,151879,10562,No
2018,16,MICHOACAN,11,MORELIA NORESTE,PRD,3201,82419,117,5167,87703,151879,3201,No
2018,16,MICHOACAN,11,MORELIA NORESTE,PT,2728,82419,117,5167,87703,151879,2728,No
2018,16,MICHOACAN,11,MORELIA NORESTE,PVEM,13087,82419,117,5167,87703,151879,13087,No
2018,16,MICHOACAN,11,MORELIA NORESTE,MC,1593,82419,117,5167,87703,151879,1593,No
2018,16,MICHOACAN,11,MORELIA NORESTE,NUAL,1310,82419,117,5167,87703,151879,1310,No
2018,16,MICHOACAN,11,MORELIA NORESTE,MORENA,20969,82419,117,5167,87703,151879,20969,No
2018,16,MICHOACAN,11,MORELIA NORESTE,ES,3786,82419,117,5167,87703,151879,3786,No
2018,16,MICHOACAN,11,MORELIA NORESTE,PAN_PRD_MC,184,82419,117,5167,87703,151879,18588,Sí
2018,16,MICHOACAN,11,MORELIA NORESTE,PAN_PRD,92,82419,117,5167,87703,151879,16903,Sí
2018,16,MICHOACAN,11,MORELIA NORESTE,PAN_MC,37,82419,117,5167,87703,151879,15240,Sí
2018,16,MICHOACAN,11,MORELIA NORESTE,PRD_MC,16,82419,117,5167,87703,151879,4810,Sí
2018,16,MICHOACAN,11,MORELIA NORESTE,PT_MORENA,360,82419,117,5167,87703,151879,24057,Sí
2018,16,MICHOACAN,11,MORELIA NORESTE,Candidatura Independiente,10884,82419,117,5167,87703,151879,10884,No
2018,16,MICHOACAN,12,HIDALGO,PAN,11455,79390,78,6443,85911,148130,11455,No
2018,16,MICHOACAN,12,HIDALGO,PRI,16850,79390,78,6443,85911,148130,16850,No
2018,16,MICHOACAN,12,HIDALGO,PRD,14073,79390,78,6443,85911,148130,14073,No
2018,16,MICHOACAN,12,HIDALGO,PT,7895,79390,78,6443,85911,148130,7895,No
2018,16,MICHOACAN,12,HIDALGO,PVEM,4661,79390,78,6443,85911,148130,4661,No
2018,16,MICHOACAN,12,HIDALGO,MC,1758,79390,78,6443,85911,148130,1758,No
2018,16,MICHOACAN,12,HIDALGO,NUAL,1992,79390,78,6443,85911,148130,1992,No
2018,16,MICHOACAN,12,HIDALGO,MORENA,16475,79390,78,6443,85911,148130,16475,No
2018,16,MICHOACAN,12,HIDALGO,ES,1884,79390,78,6443,85911,148130,1884,No
2018,16,MICHOACAN,12,HIDALGO,PAN_PRD_MC,792,79390,78,6443,85911,148130,28078,Sí
2018,16,MICHOACAN,12,HIDALGO,PAN_PRD,316,79390,78,6443,85911,148130,25844,Sí
2018,16,MICHOACAN,12,HIDALGO,PAN_MC,84,79390,78,6443,85911,148130,13297,Sí
2018,16,MICHOACAN,12,HIDALGO,PRD_MC,85,79390,78,6443,85911,148130,15916,Sí
2018,16,MICHOACAN,12,HIDALGO,PT_MORENA,1070,79390,78,6443,85911,148130,25440,Sí
2018,16,MICHOACAN,13,ZITÁCUARO,PAN,6687,78323,68,6733,85124,137228,6687,No
2018,16,MICHOACAN,13,ZITÁCUARO,PRI,10433,78323,68,6733,85124,137228,10433,No
2018,16,MICHOACAN,13,ZITÁCUARO,PRD,18472,78323,68,6733,85124,137228,18472,No
2018,16,MICHOACAN,13,ZITÁCUARO,PT,7743,78323,68,6733,85124,137228,7743,No
2018,16,MICHOACAN,13,ZITÁCUARO,PVEM,5082,78323,68,6733,85124,137228,5082,No
2018,16,MICHOACAN,13,ZITÁCUARO,MC,1587,78323,68,6733,85124,137228,1587,No
2018,16,MICHOACAN,13,ZITÁCUARO,NUAL,1699,78323,68,6733,85124,137228,1699,No
2018,16,MICHOACAN,13,ZITÁCUARO,MORENA,21842,78323,68,6733,85124,137228,21842,No
2018,16,MICHOACAN,13,ZITÁCUARO,ES,2653,78323,68,6733,85124,137228,2653,No
2018,16,MICHOACAN,13,ZITÁCUARO,PAN_PRD_MC,536,78323,68,6733,85124,137228,27282,Sí
2018,16,MICHOACAN,13,ZITÁCUARO,PAN_PRD,388,78323,68,6733,85124,137228,25547,Sí
2018,16,MICHOACAN,13,ZITÁCUARO,PAN_MC,61,78323,68,6733,85124,137228,8335,Sí
2018,16,MICHOACAN,13,ZITÁCUARO,PRD_MC,107,78323,68,6733,85124,137228,20166,Sí
2018,16,MICHOACAN,13,ZITÁCUARO,PT_MORENA,1033,78323,68,6733,85124,137228,30618,Sí
2018,16,MICHOACAN,14,URUAPAN NORTE,PAN,9957,61993,112,4229,66334,123275,9957,No
2018,16,MICHOACAN,14,URUAPAN NORTE,PRI,5839,61993,112,4229,66334,123275,5839,No
2018,16,MICHOACAN,14,URUAPAN NORTE,PRD,15713,61993,112,4229,66334,123275,15713,No
2018,16,MICHOACAN,14,URUAPAN NORTE,PT,2821,61993,112,4229,66334,123275,2821,No
2018,16,MICHOACAN,14,URUAPAN NORTE,PVEM,2591,61993,112,4229,66334,123275,2591,No
2018,16,MICHOACAN,14,URUAPAN NORTE,MC,1597,61993,112,4229,66334,123275,1597,No
2018,16,MICHOACAN,14,URUAPAN NORTE,NUAL,1034,61993,112,4229,66334,123275,1034,No
2018,16,MICHOACAN,14,URUAPAN NORTE,MORENA,20120,61993,112,4229,66334,123275,20120,No
2018,16,MICHOACAN,14,URUAPAN NORTE,ES,1654,61993,112,4229,66334,123275,1654,No
2018,16,MICHOACAN,14,URUAPAN NORTE,C_COMUN_PAN_MC,106,61993,112,4229,66334,123275,11660,Sí
2018,16,MICHOACAN,14,URUAPAN NORTE,C_COMUN_PRD_PVEM,166,61993,112,4229,66334,123275,18470,Sí
2018,16,MICHOACAN,14,URUAPAN NORTE,PT_MORENA,395,61993,112,4229,66334,123275,23336,Sí
2018,16,MICHOACAN,15,PÁTZCUARO,PAN,5219,79664,52,6795,86511,142562,5219,No
2018,16,MICHOACAN,15,PÁTZCUARO,PRI,18509,79664,52,6795,86511,142562,18509,No
2018,16,MICHOACAN,15,PÁTZCUARO,PRD,16114,79664,52,6795,86511,142562,16114,No
2018,16,MICHOACAN,15,PÁTZCUARO,PT,4929,79664,52,6795,86511,142562,4929,No
2018,16,MICHOACAN,15,PÁTZCUARO,PVEM,6467,79664,52,6795,86511,142562,6467,No
2018,16,MICHOACAN,15,PÁTZCUARO,MC,2450,79664,52,6795,86511,142562,2450,No
2018,16,MICHOACAN,15,PÁTZCUARO,NUAL,1728,79664,52,6795,86511,142562,1728,No
2018,16,MICHOACAN,15,PÁTZCUARO,MORENA,19059,79664,52,6795,86511,142562,19059,No
2018,16,MICHOACAN,15,PÁTZCUARO,ES,3767,79664,52,6795,86511,142562,3767,No
2018,16,MICHOACAN,15,PÁTZCUARO,PAN_PRD_MC,414,79664,52,6795,86511,142562,24197,Sí
2018,16,MICHOACAN,15,PÁTZCUARO,PAN_PRD,281,79664,52,6795,86511,142562,21614,Sí
2018,16,MICHOACAN,15,PÁTZCUARO,PAN_MC,44,79664,52,6795,86511,142562,7713,Sí
2018,16,MICHOACAN,15,PÁTZCUARO,PRD_MC,94,79664,52,6795,86511,142562,18658,Sí
2018,16,MICHOACAN,15,PÁTZCUARO,PT_MORENA,589,79664,52,6795,86511,142562,24577,Sí
2018,16,MICHOACAN,16,MORELIA SUROESTE,PAN,9230,79545,156,6057,85758,153040,9230,No
2018,16,MICHOACAN,16,MORELIA SUROESTE,PRI,12684,79545,156,6057,85758,153040,12684,No
2018,16,MICHOACAN,16,MORELIA SUROESTE,PRD,4789,79545,156,6057,85758,153040,4789,No
2018,16,MICHOACAN,16,MORELIA SUROESTE,PT,3017,79545,156,6057,85758,153040,3017,No
2018,16,MICHOACAN,16,MORELIA SUROESTE,PVEM,6197,79545,156,6057,85758,153040,6197,No
2018,16,MICHOACAN,16,MORELIA SUROESTE,MC,2512,79545,156,6057,85758,153040,2512,No
2018,16,MICHOACAN,16,MORELIA SUROESTE,NUAL,1790,79545,156,6057,85758,153040,1790,No
2018,16,MICHOACAN,16,MORELIA SUROESTE,MORENA,26413,79545,156,6057,85758,153040,26413,No
2018,16,MICHOACAN,16,MORELIA SUROESTE,ES,3800,79545,156,6057,85758,153040,3800,No
2018,16,MICHOACAN,16,MORELIA SUROESTE,PAN_PRD_MC,174,79545,156,6057,85758,153040,16705,Sí
2018,16,MICHOACAN,16,MORELIA SUROESTE,PAN_PRD,132,79545,156,6057,85758,153040,14151,Sí
2018,16,MICHOACAN,16,MORELIA SUROESTE,PAN_MC,69,79545,156,6057,85758,153040,11811,Sí
2018,16,MICHOACAN,16,MORELIA SUROESTE,PRD_MC,54,79545,156,6057,85758,153040,7355,Sí
2018,16,MICHOACAN,16,MORELIA SUROESTE,PT_MORENA,436,79545,156,6057,85758,153040,29866,Sí
2018,16,MICHOACAN,16,MORELIA SUROESTE,Candidatura Independiente,8248,79545,156,6057,85758,153040,8248,No
2018,16,MICHOACAN,17,MORELIA SURESTE,PAN,20889,90264,208,6471,96943,157951,20889,No
2018,16,MICHOACAN,17,MORELIA SURESTE,PRI,11369,90264,208,6471,96943,157951,11369,No
2018,16,MICHOACAN,17,MORELIA SURESTE,PRD,4943,90264,208,6471,96943,157951,4943,No
2018,16,MICHOACAN,17,MORELIA SURESTE,PT,2879,90264,208,6471,96943,157951,2879,No
2018,16,MICHOACAN,17,MORELIA SURESTE,PVEM,6263,90264,208,6471,96943,157951,6263,No
2018,16,MICHOACAN,17,MORELIA SURESTE,MC,2449,90264,208,6471,96943,157951,2449,No
2018,16,MICHOACAN,17,MORELIA SURESTE,NUAL,1565,90264,208,6471,96943,157951,1565,No
2018,16,MICHOACAN,17,MORELIA SURESTE,MORENA,26908,90264,208,6471,96943,157951,26908,No
2018,16,MICHOACAN,17,MORELIA SURESTE,ES,4156,90264,208,6471,96943,157951,4156,No
2018,16,MICHOACAN,17,MORELIA SURESTE,PAN_PRD_MC,254,90264,208,6471,96943,157951,28535,Sí
2018,16,MICHOACAN,17,MORELIA SURESTE,PAN_PRD,125,90264,208,6471,96943,157951,25957,Sí
2018,16,MICHOACAN,17,MORELIA SURESTE,PAN_MC,83,90264,208,6471,96943,157951,23421,Sí
2018,16,MICHOACAN,17,MORELIA SURESTE,PRD_MC,28,90264,208,6471,96943,157951,7420,Sí
2018,16,MICHOACAN,17,MORELIA SURESTE,PT_MORENA,340,90264,208,6471,96943,157951,30127,Sí
2018,16,MICHOACAN,17,MORELIA SURESTE,Candidatura Independiente,8013,90264,208,6471,96943,157951,8013,No
2018,16,MICHOACAN,18,HUETAMO,PAN,2993,84855,18,5619,90492,135535,2993,No
2018,16,MICHOACAN,18,HUETAMO,PRI,14907,84855,18,5619,90492,135535,14907,No
2018,16,MICHOACAN,18,HUETAMO,PRD,33249,84855,18,5619,90492,135535,33249,No
2018,16,MICHOACAN,18,HUETAMO,PT,3505,84855,18,5619,90492,135535,3505,No
2018,16,MICHOACAN,18,HUETAMO,PVEM,6780,84855,18,5619,90492,135535,6780,No
2018,16,MICHOACAN,18,HUETAMO,MC,1727,84855,18,5619,90492,135535,1727,No
2018,16,MICHOACAN,18,HUETAMO,NUAL,1164,84855,18,5619,90492,135535,1164,No
2018,16,MICHOACAN,18,HUETAMO,MORENA,17636,84855,18,5619,90492,135535,17636,No
2018,16,MICHOACAN,18,HUETAMO,ES,1320,84855,18,5619,90492,135535,1320,No
2018,16,MICHOACAN,18,HUETAMO,PAN_PRD_MC,584,84855,18,5619,90492,135535,38553,Sí
2018,16,MICHOACAN,18,HUETAMO,PAN_PRD,289,84855,18,5619,90492,135535,36531,Sí
2018,16,MICHOACAN,18,HUETAMO,PAN_MC,37,84855,18,5619,90492,135535,4757,Sí
2018,16,MICHOACAN,18,HUETAMO,PRD_MC,136,84855,18,5619,90492,135535,35112,Sí
2018,16,MICHOACAN,18,HUETAMO,PT_MORENA,528,84855,18,5619,90492,135535,21669,Sí
2018,16,MICHOACAN,19,TACÁMBARO,PAN,14562,82256,132,6344,88732,144674,14562,No
2018,16,MICHOACAN,19,TACÁMBARO,PRI,15565,82256,132,6344,88732,144674,15565,No
2018,16,MICHOACAN,19,TACÁMBARO,PRD,16647,82256,132,6344,88732,144674,16647,No
2018,16,MICHOACAN,19,TACÁMBARO,PT,3266,82256,132,6344,88732,144674,3266,No
2018,16,MICHOACAN,19,TACÁMBARO,PVEM,8964,82256,132,6344,88732,144674,8964,No
2018,16,MICHOACAN,19,TACÁMBARO,MC,1216,82256,132,6344,88732,144674,1216,No
2018,16,MICHOACAN,19,TACÁMBARO,NUAL,3826,82256,132,6344,88732,144674,3826,No
2018,16,MICHOACAN,19,TACÁMBARO,MORENA,15796,82256,132,6344,88732,144674,15796,No
2018,16,MICHOACAN,19,TACÁMBARO,ES,784,82256,132,6344,88732,144674,784,No
2018,16,MICHOACAN,19,TACÁMBARO,PAN_PRD_MC,547,82256,132,6344,88732,144674,32972,Sí
2018,16,MICHOACAN,19,TACÁMBARO,PAN_PRD,611,82256,132,6344,88732,144674,31820,Sí
2018,16,MICHOACAN,19,TACÁMBARO,PAN_MC,75,82256,132,6344,88732,144674,15853,Sí
2018,16,MICHOACAN,19,TACÁMBARO,PRD_MC,109,82256,132,6344,88732,144674,17972,Sí
2018,16,MICHOACAN,19,TACÁMBARO,PT_MORENA,288,82256,132,6344,88732,144674,19350,Sí
2018,16,MICHOACAN,2,PURUÁNDIRO,PAN,4766,86773,80,6021,92874,163269,4766,No
2018,16,MICHOACAN,2,PURUÁNDIRO,PRI,20561,86773,80,6021,92874,163269,20561,No
2018,16,MICHOACAN,2,PURUÁNDIRO,PRD,26208,86773,80,6021,92874,163269,26208,No
2018,16,MICHOACAN,2,PURUÁNDIRO,PT,5462,86773,80,6021,92874,163269,5462,No
2018,16,MICHOACAN,2,PURUÁNDIRO,PVEM,6529,86773,80,6021,92874,163269,6529,No
2018,16,MICHOACAN,2,PURUÁNDIRO,MC,1390,86773,80,6021,92874,163269,1390,No
2018,16,MICHOACAN,2,PURUÁNDIRO,NUAL,1937,86773,80,6021,92874,163269,1937,No
2018,16,MICHOACAN,2,PURUÁNDIRO,MORENA,17574,86773,80,6021,92874,163269,17574,No
2018,16,MICHOACAN,2,PURUÁNDIRO,ES,700,86773,80,6021,92874,163269,700,No
2018,16,MICHOACAN,2,PURUÁNDIRO,PAN_PRD_MC,348,86773,80,6021,92874,163269,32712,Sí
2018,16,MICHOACAN,2,PURUÁNDIRO,PAN_PRD,287,86773,80,6021,92874,163269,31261,Sí
2018,16,MICHOACAN,2,PURUÁNDIRO,PAN_MC,45,86773,80,6021,92874,163269,6201,Sí
2018,16,MICHOACAN,2,PURUÁNDIRO,PRD_MC,140,86773,80,6021,92874,163269,27738,Sí
2018,16,MICHOACAN,2,PURUÁNDIRO,PT_MORENA,826,86773,80,6021,92874,163269,23862,Sí
2018,16,MICHOACAN,20,URUAPAN SUR,PAN,8646,58453,79,3457,61989,116571,8646,No
2018,16,MICHOACAN,20,URUAPAN SUR,PRI,4706,58453,79,3457,61989,116571,4706,No
2018,16,MICHOACAN,20,URUAPAN SUR,PRD,15103,58453,79,3457,61989,116571,15103,No
2018,16,MICHOACAN,20,URUAPAN SUR,PT,3711,58453,79,3457,61989,116571,3711,No
2018,16,MICHOACAN,20,URUAPAN SUR,PVEM,2497,58453,79,3457,61989,116571,2497,No
2018,16,MICHOACAN,20,URUAPAN SUR,MC,1142,58453,79,3457,61989,116571,1142,No
2018,16,MICHOACAN,20,URUAPAN SUR,NUAL,772,58453,79,3457,61989,116571,772,No
2018,16,MICHOACAN,20,URUAPAN SUR,MORENA,19600,58453,79,3457,61989,116571,19600,No
2018,16,MICHOACAN,20,URUAPAN SUR,ES,1388,58453,79,3457,61989,116571,1388,No
2018,16,MICHOACAN,20,URUAPAN SUR,C_COMUN_PAN_MC,121,58453,79,3457,61989,116571,9909,Sí
2018,16,MICHOACAN,20,URUAPAN SUR,C_COMUN_PRD_PVEM,207,58453,79,3457,61989,116571,17807,Sí
2018,16,MICHOACAN,20,URUAPAN SUR,PT_MORENA,560,58453,79,3457,61989,116571,23871,Sí
2018,16,MICHOACAN,21,COALCOMÁN,PAN,7411,71403,21,4875,76299,127273,7411,No
2018,16,MICHOACAN,21,COALCOMÁN,PRI,14532,71403,21,4875,76299,127273,14532,No
2018,16,MICHOACAN,21,COALCOMÁN,PRD,13951,71403,21,4875,76299,127273,13951,No
2018,16,MICHOACAN,21,COALCOMÁN,PT,2535,71403,21,4875,76299,127273,2535,No
2018,16,MICHOACAN,21,COALCOMÁN,PVEM,7622,71403,21,4875,76299,127273,7622,No
2018,16,MICHOACAN,21,COALCOMÁN,MC,1335,71403,21,4875,76299,127273,1335,No
2018,16,MICHOACAN,21,COALCOMÁN,NUAL,2922,71403,21,4875,76299,127273,2922,No
2018,16,MICHOACAN,21,COALCOMÁN,MORENA,19691,71403,21,4875,76299,127273,19691,No
2018,16,MICHOACAN,21,COALCOMÁN,C_COMUN_PAN_MC,217,71403,21,4875,76299,127273,8963,Sí
2018,16,MICHOACAN,21,COALCOMÁN,C_COMUN_PRD_PVEM,455,71403,21,4875,76299,127273,22028,Sí
2018,16,MICHOACAN,21,COALCOMÁN,PT_MORENA,732,71403,21,4875,76299,127273,22958,Sí
2018,16,MICHOACAN,22,MÚGICA,PAN,1814,77094,22,4514,81630,130137,1814,No
2018,16,MICHOACAN,22,MÚGICA,PRI,23973,77094,22,4514,81630,130137,23973,No
2018,16,MICHOACAN,22,MÚGICA,PRD,14351,77094,22,4514,81630,130137,14351,No
2018,16,MICHOACAN,22,MÚGICA,PT,3195,77094,22,4514,81630,130137,3195,No
2018,16,MICHOACAN,22,MÚGICA,PVEM,2973,77094,22,4514,81630,130137,2973,No
2018,16,MICHOACAN,22,MÚGICA,MC,1753,77094,22,4514,81630,130137,1753,No
2018,16,MICHOACAN,22,MÚGICA,NUAL,2020,77094,22,4514,81630,130137,2020,No
2018,16,MICHOACAN,22,MÚGICA,MORENA,25659,77094,22,4514,81630,130137,25659,No
2018,16,MICHOACAN,22,MÚGICA,PAN_PRD_MC,299,77094,22,4514,81630,130137,18217,Sí
2018,16,MICHOACAN,22,MÚGICA,PAN_PRD,148,77094,22,4514,81630,130137,16313,Sí
2018,16,MICHOACAN,22,MÚGICA,PAN_MC,13,77094,22,4514,81630,130137,3580,Sí
2018,16,MICHOACAN,22,MÚGICA,PRD_MC,80,77094,22,4514,81630,130137,16184,Sí
2018,16,MICHOACAN,22,MÚGICA,PT_MORENA,816,77094,22,4514,81630,130137,29670,Sí
2018,16,MICHOACAN,23,APATZINGÁN,PAN,5206,62515,35,3677,66227,124701,5206,No
2018,16,MICHOACAN,23,APATZINGÁN,PRI,16298,62515,35,3677,66227,124701,16298,No
2018,16,MICHOACAN,23,APATZINGÁN,PRD,8696,62515,35,3677,66227,124701,8696,No
2018,16,MICHOACAN,23,APATZINGÁN,PT,3416,62515,35,3677,66227,124701,3416,No
2018,16,MICHOACAN,23,APATZINGÁN,PVEM,4219,62515,35,3677,66227,124701,4219,No
2018,16,MICHOACAN,23,APATZINGÁN,MC,1178,62515,35,3677,66227,124701,1178,No
2018,16,MICHOACAN,23,APATZINGÁN,NUAL,1302,62515,35,3677,66227,124701,1302,No
2018,16,MICHOACAN,23,APATZINGÁN,MORENA,20556,62515,35,3677,66227,124701,20556,No
2018,16,MICHOACAN,23,APATZINGÁN,ES,765,62515,35,3677,66227,124701,765,No
2018,16,MICHOACAN,23,APATZINGÁN,PAN_PRD_MC,173,62515,35,3677,66227,124701,15253,Sí
2018,16,MICHOACAN,23,APATZINGÁN,PAN_PRD,143,62515,35,3677,66227,124701,14045,Sí
2018,16,MICHOACAN,23,APATZINGÁN,PAN_MC,28,62515,35,3677,66227,124701,6412,Sí
2018,16,MICHOACAN,23,APATZINGÁN,PRD_MC,44,62515,35,3677,66227,124701,9918,Sí
2018,16,MICHOACAN,23,APATZINGÁN,PT_MORENA,491,62515,35,3677,66227,124701,24463,Sí
2018,16,MICHOACAN,24,LÁZARO CÁRDENAS,PAN,2588,75980,99,3507,79586,135477,2588,No
2018,16,MICHOACAN,24,LÁZARO CÁRDENAS,PRI,9672,75980,99,3507,79586,135477,9672,No
2018,16,MICHOACAN,24,LÁZARO CÁRDENAS,PRD,10364,75980,99,3507,79586,135477,10364,No
2018,16,MICHOACAN,24,LÁZARO CÁRDENAS,PT,7459,75980,99,3507,79586,135477,7459,No
2018,16,MICHOACAN,24,LÁZARO CÁRDENAS,PVEM,1877,75980,99,3507,79586,135477,1877,No
2018,16,MICHOACAN,24,LÁZARO CÁRDENAS,MC,727,75980,99,3507,79586,135477,727,No
2018,16,MICHOACAN,24,LÁZARO CÁRDENAS,NUAL,662,75980,99,3507,79586,135477,662,No
2018,16,MICHOACAN,24,LÁZARO CÁRDENAS,MORENA,35533,75980,99,3507,79586,135477,35533,No
2018,16,MICHOACAN,24,LÁZARO CÁRDENAS,ES,1682,75980,99,3507,79586,135477,1682,No
2018,16,MICHOACAN,24,LÁZARO CÁRDENAS,PAN_PRD_MC,98,75980,99,3507,79586,135477,13777,Sí
2018,16,MICHOACAN,24,LÁZARO CÁRDENAS,PAN_PRD,68,75980,99,3507,79586,135477,13020,Sí
2018,16,MICHOACAN,24,LÁZARO CÁRDENAS,PAN_MC,11,75980,99,3507,79586,135477,3326,Sí
2018,16,MICHOACAN,24,LÁZARO CÁRDENAS,PRD_MC,28,75980,99,3507,79586,135477,11119,Sí
2018,16,MICHOACAN,24,LÁZARO CÁRDENAS,PT_MORENA,614,75980,99,3507,79586,135477,43606,Sí
2018,16,MICHOACAN,24,LÁZARO CÁRDENAS,Candidatura Independiente,4597,75980,99,3507,79586,135477,4597,No
2018,16,MICHOACAN,3,MARAVATÍO,PAN,4759,72805,39,6469,79313,132725,4759,No
2018,16,MICHOACAN,3,MARAVATÍO,PRI,15082,72805,39,6469,79313,132725,15082,No
2018,16,MICHOACAN,3,MARAVATÍO,PRD,11544,72805,39,6469,79313,132725,11544,No
2018,16,MICHOACAN,3,MARAVATÍO,PT,2872,72805,39,6469,79313,132725,2872,No
2018,16,MICHOACAN,3,MARAVATÍO,PVEM,8901,72805,39,6469,79313,132725,8901,No
2018,16,MICHOACAN,3,MARAVATÍO,MC,3360,72805,39,6469,79313,132725,3360,No
2018,16,MICHOACAN,3,MARAVATÍO,NUAL,3888,72805,39,6469,79313,132725,3888,No
2018,16,MICHOACAN,3,MARAVATÍO,MORENA,19226,72805,39,6469,79313,132725,19226,No
2018,16,MICHOACAN,3,MARAVATÍO,ES,2223,72805,39,6469,79313,132725,2223,No
2018,16,MICHOACAN,3,MARAVATÍO,C_COMUN_PAN_PRD,349,72805,39,6469,79313,132725,16652,Sí
2018,16,MICHOACAN,3,MARAVATÍO,PT_MORENA,601,72805,39,6469,79313,132725,22699,Sí
2018,16,MICHOACAN,4,JIQUILPAN,PAN,18139,81420,119,4428,85967,142210,18139,No
2018,16,MICHOACAN,4,JIQUILPAN,PRI,19984,81420,119,4428,85967,142210,19984,No
2018,16,MICHOACAN,4,JIQUILPAN,PRD,8664,81420,119,4428,85967,142210,8664,No
2018,16,MICHOACAN,4,JIQUILPAN,PT,1977,81420,119,4428,85967,142210,1977,No
2018,16,MICHOACAN,4,JIQUILPAN,PVEM,3546,81420,119,4428,85967,142210,3546,No
2018,16,MICHOACAN,4,JIQUILPAN,MC,3885,81420,119,4428,85967,142210,3885,No
2018,16,MICHOACAN,4,JIQUILPAN,NUAL,2228,81420,119,4428,85967,142210,2228,No
2018,16,MICHOACAN,4,JIQUILPAN,MORENA,20714,81420,119,4428,85967,142210,20714,No
2018,16,MICHOACAN,4,JIQUILPAN,ES,640,81420,119,4428,85967,142210,640,No
2018,16,MICHOACAN,4,JIQUILPAN,PAN_PRD_MC,676,81420,119,4428,85967,142210,31364,Sí
2018,16,MICHOACAN,4,JIQUILPAN,PAN_PRD,407,81420,119,4428,85967,142210,27210,Sí
2018,16,MICHOACAN,4,JIQUILPAN,PAN_MC,165,81420,119,4428,85967,142210,22189,Sí
2018,16,MICHOACAN,4,JIQUILPAN,PRD_MC,55,81420,119,4428,85967,142210,12604,Sí
2018,16,MICHOACAN,4,JIQUILPAN,PT_MORENA,340,81420,119,4428,85967,142210,23031,Sí
2018,16,MICHOACAN,5,PARACHO,PAN,4264,64060,44,5240,69344,112458,4264,No
2018,16,MICHOACAN,5,PARACHO,PRI,14378,64060,44,5240,69344,112458,14378,No
2018,16,MICHOACAN,5,PARACHO,PRD,12765,64060,44,5240,69344,112458,12765,No
2018,16,MICHOACAN,5,PARACHO,PT,2658,64060,44,5240,69344,112458,2658,No
2018,16,MICHOACAN,5,PARACHO,PVEM,4379,64060,44,5240,69344,112458,4379,No
2018,16,MICHOACAN,5,PARACHO,MC,1237,64060,44,5240,69344,112458,1237,No
2018,16,MICHOACAN,5,PARACHO,NUAL,940,64060,44,5240,69344,112458,940,No
2018,16,MICHOACAN,5,PARACHO,MORENA,20137,64060,44,5240,69344,112458,20137,No
2018,16,MICHOACAN,5,PARACHO,ES,2825,64060,44,5240,69344,112458,2825,No
2018,16,MICHOACAN,5,PARACHO,C_COMUN_PAN_MC,34,64060,44,5240,69344,112458,5535,Sí
2018,16,MICHOACAN,5,PARACHO,C_COMUN_PRD_PVEM,86,64060,44,5240,69344,112458,17230,Sí
2018,16,MICHOACAN,5,PARACHO,PT_MORENA,357,64060,44,5240,69344,112458,23152,Sí
2018,16,MICHOACAN,6,ZAMORA,PAN,11672,69942,88,3807,73837,144445,11672,No
2018,16,MICHOACAN,6,ZAMORA,PRI,10381,69942,88,3807,73837,144445,10381,No
2018,16,MICHOACAN,6,ZAMORA,PRD,2715,69942,88,3807,73837,144445,2715,No
2018,16,MICHOACAN,6,ZAMORA,PT,7595,69942,88,3807,73837,144445,7595,No
2018,16,MICHOACAN,6,ZAMORA,PVEM,8696,69942,88,3807,73837,144445,8696,No
2018,16,MICHOACAN,6,ZAMORA,MC,5480,69942,88,3807,73837,144445,5480,No
2018,16,MICHOACAN,6,ZAMORA,NUAL,888,69942,88,3807,73837,144445,888,No
2018,16,MICHOACAN,6,ZAMORA,MORENA,19716,69942,88,3807,73837,144445,19716,No
2018,16,MICHOACAN,6,ZAMORA,ES,1337,69942,88,3807,73837,144445,1337,No
2018,16,MICHOACAN,6,ZAMORA,C_COMUN_PRD_PVEM,380,69942,88,3807,73837,144445,11791,Sí
2018,16,MICHOACAN,6,ZAMORA,PT_MORENA,1082,69942,88,3807,73837,144445,28393,Sí
2018,16,MICHOACAN,7,ZACAPU,PAN,11074,78807,54,5460,84321,156173,11074,No
2018,16,MICHOACAN,7,ZACAPU,PRI,13408,78807,54,5460,84321,156173,13408,No
2018,16,MICHOACAN,7,ZACAPU,PRD,5361,78807,54,5460,84321,156173,5361,No
2018,16,MICHOACAN,7,ZACAPU,PT,3719,78807,54,5460,84321,156173,3719,No
2018,16,MICHOACAN,7,ZACAPU,PVEM,16204,78807,54,5460,84321,156173,16204,No
2018,16,MICHOACAN,7,ZACAPU,MC,4736,78807,54,5460,84321,156173,4736,No
2018,16,MICHOACAN,7,ZACAPU,NUAL,2012,78807,54,5460,84321,156173,2012,No
2018,16,MICHOACAN,7,ZACAPU,MORENA,19765,78807,54,5460,84321,156173,19765,No
2018,16,MICHOACAN,7,ZACAPU,ES,1696,78807,54,5460,84321,156173,1696,No
2018,16,MICHOACAN,7,ZACAPU,PAN_PRD_MC,512,78807,54,5460,84321,156173,21683,Sí
2018,16,MICHOACAN,7,ZACAPU,PAN_PRD,107,78807,54,5460,84321,156173,16542,Sí
2018,16,MICHOACAN,7,ZACAPU,PAN_MC,165,78807,54,5460,84321,156173,15975,Sí
2018,16,MICHOACAN,7,ZACAPU,PRD_MC,48,78807,54,5460,84321,156173,10145,Sí
2018,16,MICHOACAN,8,TARIMBARO,PAN,7759,83098,42,5920,89060,149301,7759,No
2018,16,MICHOACAN,8,TARIMBARO,PRI,14822,83098,42,5920,89060,149301,14822,No
2018,16,MICHOACAN,8,TARIMBARO,PRD,10196,83098,42,5920,89060,149301,10196,No
2018,16,MICHOACAN,8,TARIMBARO,PT,11192,83098,42,5920,89060,149301,11192,No
2018,16,MICHOACAN,8,TARIMBARO,PVEM,12180,83098,42,5920,89060,149301,12180,No
2018,16,MICHOACAN,8,TARIMBARO,MC,3786,83098,42,5920,89060,149301,3786,No
2018,16,MICHOACAN,8,TARIMBARO,NUAL,5129,83098,42,5920,89060,149301,5129,No
2018,16,MICHOACAN,8,TARIMBARO,MORENA,12305,83098,42,5920,89060,149301,12305,No
2018,16,MICHOACAN,8,TARIMBARO,ES,4453,83098,42,5920,89060,149301,4453,No
2018,16,MICHOACAN,8,TARIMBARO,PAN_PRD_MC,255,83098,42,5920,89060,149301,21996,Sí
2018,16,MICHOACAN,8,TARIMBARO,PAN_PRD,273,83098,42,5920,89060,149301,18228,Sí
2018,16,MICHOACAN,8,TARIMBARO,PAN_MC,56,83098,42,5920,89060,149301,11601,Sí
2018,16,MICHOACAN,8,TARIMBARO,PRD_MC,72,83098,42,5920,89060,149301,14054,Sí
2018,16,MICHOACAN,8,TARIMBARO,PT_MORENA,620,83098,42,5920,89060,149301,24117,Sí
2018,16,MICHOACAN,9,LOS REYES,PAN,22547,80818,47,4494,85359,152089,22547,No
2018,16,MICHOACAN,9,LOS REYES,PRI,14472,80818,47,4494,85359,152089,14472,No
2018,16,MICHOACAN,9,LOS REYES,PRD,9248,80818,47,4494,85359,152089,9248,No
2018,16,MICHOACAN,9,LOS REYES,PT,2169,80818,47,4494,85359,152089,2169,No
2018,16,MICHOACAN,9,LOS REYES,PVEM,6557,80818,47,4494,85359,152089,6557,No
2018,16,MICHOACAN,9,LOS REYES,MC,3128,80818,47,4494,85359,152089,3128,No
2018,16,MICHOACAN,9,LOS REYES,NUAL,1463,80818,47,4494,85359,152089,1463,No
2018,16,MICHOACAN,9,LOS REYES,MORENA,19674,80818,47,4494,85359,152089,19674,No
2018,16,MICHOACAN,9,LOS REYES,ES,853,80818,47,4494,85359,152089,853,No
2018,16,MICHOACAN,9,LOS REYES,C_COMUN_PAN_MC,330,80818,47,4494,85359,152089,26005,Sí
2018,16,MICHOACAN,9,LOS REYES,C_COMUN_PRD_PVEM,152,80818,47,4494,85359,152089,15957,Sí
2018,16,MICHOACAN,9,LOS REYES,PT_MORENA,225,80818,47,4494,85359,152089,22068,Sí
2018,17,MORELOS,1,CUERNAVACA,PAN,15155,78088,105,3735,81928,125451,15155,No
2018,17,MORELOS,1,CUERNAVACA,PRI,6111,78088,105,3735,81928,125451,6111,No
2018,17,MORELOS,1,CUERNAVACA,PRD,4736,78088,105,3735,81928,125451,4736,No
2018,17,MORELOS,1,CUERNAVACA,PVEM,3592,78088,105,3735,81928,125451,3592,No
2018,17,MORELOS,1,CUERNAVACA,PT,2767,78088,105,3735,81928,125451,2767,No
2018,17,MORELOS,1,CUERNAVACA,MC,3972,78088,105,3735,81928,125451,3972,No
2018,17,MORELOS,1,CUERNAVACA,NUAL,1394,78088,105,3735,81928,125451,1394,No
2018,17,MORELOS,1,CUERNAVACA,MORENA,24437,78088,105,3735,81928,125451,24437,No
2018,17,MORELOS,1,CUERNAVACA,ES,3488,78088,105,3735,81928,125451,3488,No
2018,17,MORELOS,1,CUERNAVACA,PSD,1336,78088,105,3735,81928,125451,1336,No
2018,17,MORELOS,1,CUERNAVACA,HUMANISTA,1550,78088,105,3735,81928,125451,1550,No
2018,17,MORELOS,1,CUERNAVACA,C_COMUN_PAN_MC,475,78088,105,3735,81928,125451,19602,Sí
2018,17,MORELOS,1,CUERNAVACA,PRD_PSD...19,436,78088,105,3735,81928,125451,5172,Sí
2018,17,MORELOS,1,CUERNAVACA,PT_MORENA_ES,1133,78088,105,3735,81928,125451,31825,Sí
2018,17,MORELOS,1,CUERNAVACA,PT_MORENA...21,205,78088,105,3735,81928,125451,2972,Sí
2018,17,MORELOS,1,CUERNAVACA,PT_ES...22,60,78088,105,3735,81928,125451,2827,Sí
2018,17,MORELOS,1,CUERNAVACA,MORENA_ES...23,466,78088,105,3735,81928,125451,24903,Sí
2018,17,MORELOS,1,CUERNAVACA,Candidatura Independiente,6775,78088,105,3735,81928,125451,6775,No
2018,17,MORELOS,10,AYALA,PAN,2232,78752,76,4397,83225,124032,2232,No
2018,17,MORELOS,10,AYALA,PRI,12589,78752,76,4397,83225,124032,12589,No
2018,17,MORELOS,10,AYALA,PRD,17967,78752,76,4397,83225,124032,17967,No
2018,17,MORELOS,10,AYALA,PVEM,2155,78752,76,4397,83225,124032,2155,No
2018,17,MORELOS,10,AYALA,PT,3451,78752,76,4397,83225,124032,3451,No
2018,17,MORELOS,10,AYALA,MC,3220,78752,76,4397,83225,124032,3220,No
2018,17,MORELOS,10,AYALA,NUAL,4869,78752,76,4397,83225,124032,4869,No
2018,17,MORELOS,10,AYALA,MORENA,17882,78752,76,4397,83225,124032,17882,No
2018,17,MORELOS,10,AYALA,ES,2248,78752,76,4397,83225,124032,2248,No
2018,17,MORELOS,10,AYALA,PSD,4113,78752,76,4397,83225,124032,4113,No
2018,17,MORELOS,10,AYALA,HUMANISTA,5345,78752,76,4397,83225,124032,5345,No
2018,17,MORELOS,10,AYALA,C_COMUN_PAN_MC,148,78752,76,4397,83225,124032,5600,Sí
2018,17,MORELOS,10,AYALA,PRD_PSD...19,1217,78752,76,4397,83225,124032,19184,Sí
2018,17,MORELOS,10,AYALA,PT_MORENA_ES,796,78752,76,4397,83225,124032,24377,Sí
2018,17,MORELOS,10,AYALA,PT_MORENA...21,145,78752,76,4397,83225,124032,3596,Sí
2018,17,MORELOS,10,AYALA,PT_ES...22,85,78752,76,4397,83225,124032,3536,Sí
2018,17,MORELOS,10,AYALA,MORENA_ES...23,290,78752,76,4397,83225,124032,18172,Sí
2018,17,MORELOS,11,JOJUTLA,PAN,2853,74292,66,4459,78817,117882,2853,No
2018,17,MORELOS,11,JOJUTLA,PRI,9712,74292,66,4459,78817,117882,9712,No
2018,17,MORELOS,11,JOJUTLA,PRD,5631,74292,66,4459,78817,117882,5631,No
2018,17,MORELOS,11,JOJUTLA,PVEM,3199,74292,66,4459,78817,117882,3199,No
2018,17,MORELOS,11,JOJUTLA,PT,6114,74292,66,4459,78817,117882,6114,No
2018,17,MORELOS,11,JOJUTLA,MC,3704,74292,66,4459,78817,117882,3704,No
2018,17,MORELOS,11,JOJUTLA,NUAL,3608,74292,66,4459,78817,117882,3608,No
2018,17,MORELOS,11,JOJUTLA,MORENA,23865,74292,66,4459,78817,117882,23865,No
2018,17,MORELOS,11,JOJUTLA,ES,6668,74292,66,4459,78817,117882,6668,No
2018,17,MORELOS,11,JOJUTLA,PSD,2189,74292,66,4459,78817,117882,2189,No
2018,17,MORELOS,11,JOJUTLA,HUMANISTA,4578,74292,66,4459,78817,117882,4578,No
2018,17,MORELOS,11,JOJUTLA,PRD_PSD...19,299,74292,66,4459,78817,117882,5930,Sí
2018,17,MORELOS,11,JOJUTLA,PT_MORENA_ES,1079,74292,66,4459,78817,117882,37726,Sí
2018,17,MORELOS,11,JOJUTLA,PT_MORENA...21,250,74292,66,4459,78817,117882,6364,Sí
2018,17,MORELOS,11,JOJUTLA,PT_ES...22,134,74292,66,4459,78817,117882,6248,Sí
2018,17,MORELOS,11,JOJUTLA,MORENA_ES...23,409,74292,66,4459,78817,117882,24274,Sí
2018,17,MORELOS,12,YAUTEPEC,PAN,5367,72737,73,3748,76558,121854,5367,No
2018,17,MORELOS,12,YAUTEPEC,PRI,6039,72737,73,3748,76558,121854,6039,No
2018,17,MORELOS,12,YAUTEPEC,PRD,15302,72737,73,3748,76558,121854,15302,No
2018,17,MORELOS,12,YAUTEPEC,PVEM,3422,72737,73,3748,76558,121854,3422,No
2018,17,MORELOS,12,YAUTEPEC,PT,2538,72737,73,3748,76558,121854,2538,No
2018,17,MORELOS,12,YAUTEPEC,MC,2445,72737,73,3748,76558,121854,2445,No
2018,17,MORELOS,12,YAUTEPEC,NUAL,1700,72737,73,3748,76558,121854,1700,No
2018,17,MORELOS,12,YAUTEPEC,MORENA,18815,72737,73,3748,76558,121854,18815,No
2018,17,MORELOS,12,YAUTEPEC,ES,2734,72737,73,3748,76558,121854,2734,No
2018,17,MORELOS,12,YAUTEPEC,PSD,3086,72737,73,3748,76558,121854,3086,No
2018,17,MORELOS,12,YAUTEPEC,HUMANISTA,2506,72737,73,3748,76558,121854,2506,No
2018,17,MORELOS,12,YAUTEPEC,C_COMUN_PAN_MC,226,72737,73,3748,76558,121854,8038,Sí
2018,17,MORELOS,12,YAUTEPEC,PT_MORENA_ES,857,72737,73,3748,76558,121854,24944,Sí
2018,17,MORELOS,12,YAUTEPEC,PT_MORENA...21,139,72737,73,3748,76558,121854,2677,Sí
2018,17,MORELOS,12,YAUTEPEC,PT_ES...22,87,72737,73,3748,76558,121854,2625,Sí
2018,17,MORELOS,12,YAUTEPEC,MORENA_ES...23,467,72737,73,3748,76558,121854,19282,Sí
2018,17,MORELOS,12,YAUTEPEC,C_COMUN_PRD_PVEM_PSD,624,72737,73,3748,76558,121854,22434,Sí
2018,17,MORELOS,12,YAUTEPEC,PRD_PVEM,216,72737,73,3748,76558,121854,18940,Sí
2018,17,MORELOS,12,YAUTEPEC,PRD_PSD...26,368,72737,73,3748,76558,121854,15670,Sí
2018,17,MORELOS,12,YAUTEPEC,PVEM_PSD,48,72737,73,3748,76558,121854,6556,Sí
2018,17,MORELOS,12,YAUTEPEC,Candidatura Independiente,5751,72737,73,3748,76558,121854,5751,No
2018,17,MORELOS,2,CUERNAVACA,PAN,12922,79560,94,4214,83868,128115,12922,No
2018,17,MORELOS,2,CUERNAVACA,PRI,5468,79560,94,4214,83868,128115,5468,No
2018,17,MORELOS,2,CUERNAVACA,PRD,7344,79560,94,4214,83868,128115,7344,No
2018,17,MORELOS,2,CUERNAVACA,PVEM,2459,79560,94,4214,83868,128115,2459,No
2018,17,MORELOS,2,CUERNAVACA,PT,2217,79560,94,4214,83868,128115,2217,No
2018,17,MORELOS,2,CUERNAVACA,MC,1514,79560,94,4214,83868,128115,1514,No
2018,17,MORELOS,2,CUERNAVACA,NUAL,2854,79560,94,4214,83868,128115,2854,No
2018,17,MORELOS,2,CUERNAVACA,MORENA,20699,79560,94,4214,83868,128115,20699,No
2018,17,MORELOS,2,CUERNAVACA,ES,2960,79560,94,4214,83868,128115,2960,No
2018,17,MORELOS,2,CUERNAVACA,PSD,3228,79560,94,4214,83868,128115,3228,No
2018,17,MORELOS,2,CUERNAVACA,HUMANISTA,2235,79560,94,4214,83868,128115,2235,No
2018,17,MORELOS,2,CUERNAVACA,C_COMUN_PAN_MC,179,79560,94,4214,83868,128115,14615,Sí
2018,17,MORELOS,2,CUERNAVACA,PRD_PSD...19,595,79560,94,4214,83868,128115,7939,Sí
2018,17,MORELOS,2,CUERNAVACA,PT_MORENA_ES,963,79560,94,4214,83868,128115,26839,Sí
2018,17,MORELOS,2,CUERNAVACA,PT_MORENA...21,171,79560,94,4214,83868,128115,2388,Sí
2018,17,MORELOS,2,CUERNAVACA,PT_ES...22,59,79560,94,4214,83868,128115,2276,Sí
2018,17,MORELOS,2,CUERNAVACA,MORENA_ES...23,469,79560,94,4214,83868,128115,21168,Sí
2018,17,MORELOS,2,CUERNAVACA,Candidatura Independiente,3494,79560,94,4214,83868,128115,3494,No
2018,17,MORELOS,2,CUERNAVACA,Candidatura Independiente,5499,79560,94,4214,83868,128115,5499,No
2018,17,MORELOS,2,CUERNAVACA,Candidatura Independiente,4231,79560,94,4214,83868,128115,4231,No
2018,17,MORELOS,3,TEPOZTLAN,PAN,6519,80709,138,5213,86060,122953,6519,No
2018,17,MORELOS,3,TEPOZTLAN,PRI,5732,80709,138,5213,86060,122953,5732,No
2018,17,MORELOS,3,TEPOZTLAN,PRD,11531,80709,138,5213,86060,122953,11531,No
2018,17,MORELOS,3,TEPOZTLAN,PVEM,4519,80709,138,5213,86060,122953,4519,No
2018,17,MORELOS,3,TEPOZTLAN,PT,4093,80709,138,5213,86060,122953,4093,No
2018,17,MORELOS,3,TEPOZTLAN,MC,2520,80709,138,5213,86060,122953,2520,No
2018,17,MORELOS,3,TEPOZTLAN,NUAL,6094,80709,138,5213,86060,122953,6094,No
2018,17,MORELOS,3,TEPOZTLAN,MORENA,27812,80709,138,5213,86060,122953,27812,No
2018,17,MORELOS,3,TEPOZTLAN,ES,4343,80709,138,5213,86060,122953,4343,No
2018,17,MORELOS,3,TEPOZTLAN,PSD,2200,80709,138,5213,86060,122953,2200,No
2018,17,MORELOS,3,TEPOZTLAN,HUMANISTA,3061,80709,138,5213,86060,122953,3061,No
2018,17,MORELOS,3,TEPOZTLAN,C_COMUN_PAN_MC,137,80709,138,5213,86060,122953,9176,Sí
2018,17,MORELOS,3,TEPOZTLAN,PT_MORENA_ES,1221,80709,138,5213,86060,122953,37469,Sí
2018,17,MORELOS,3,TEPOZTLAN,PT_MORENA...21,224,80709,138,5213,86060,122953,4317,Sí
2018,17,MORELOS,3,TEPOZTLAN,PT_ES...22,108,80709,138,5213,86060,122953,4201,Sí
2018,17,MORELOS,3,TEPOZTLAN,MORENA_ES...23,595,80709,138,5213,86060,122953,28407,Sí
2018,17,MORELOS,4,YECAPIXTLA,PAN,12758,78790,89,4365,83244,115638,12758,No
2018,17,MORELOS,4,YECAPIXTLA,PRI,8720,78790,89,4365,83244,115638,8720,No
2018,17,MORELOS,4,YECAPIXTLA,PRD,6128,78790,89,4365,83244,115638,6128,No
2018,17,MORELOS,4,YECAPIXTLA,PVEM,4878,78790,89,4365,83244,115638,4878,No
2018,17,MORELOS,4,YECAPIXTLA,PT,5237,78790,89,4365,83244,115638,5237,No
2018,17,MORELOS,4,YECAPIXTLA,MC,7440,78790,89,4365,83244,115638,7440,No
2018,17,MORELOS,4,YECAPIXTLA,NUAL,2421,78790,89,4365,83244,115638,2421,No
2018,17,MORELOS,4,YECAPIXTLA,MORENA,18276,78790,89,4365,83244,115638,18276,No
2018,17,MORELOS,4,YECAPIXTLA,ES,2964,78790,89,4365,83244,115638,2964,No
2018,17,MORELOS,4,YECAPIXTLA,PSD,1516,78790,89,4365,83244,115638,1516,No
2018,17,MORELOS,4,YECAPIXTLA,HUMANISTA,6663,78790,89,4365,83244,115638,6663,No
2018,17,MORELOS,4,YECAPIXTLA,PRD_PSD...19,335,78790,89,4365,83244,115638,6463,Sí
2018,17,MORELOS,4,YECAPIXTLA,PT_MORENA_ES,848,78790,89,4365,83244,115638,27325,Sí
2018,17,MORELOS,4,YECAPIXTLA,PT_MORENA...21,170,78790,89,4365,83244,115638,5407,Sí
2018,17,MORELOS,4,YECAPIXTLA,PT_ES...22,96,78790,89,4365,83244,115638,5333,Sí
2018,17,MORELOS,4,YECAPIXTLA,MORENA_ES...23,340,78790,89,4365,83244,115638,18616,Sí
2018,17,MORELOS,5,TEMIXCO,PAN,5380,64629,64,3757,68450,113589,5380,No
2018,17,MORELOS,5,TEMIXCO,PRI,7132,64629,64,3757,68450,113589,7132,No
2018,17,MORELOS,5,TEMIXCO,PRD,10798,64629,64,3757,68450,113589,10798,No
2018,17,MORELOS,5,TEMIXCO,PVEM,4055,64629,64,3757,68450,113589,4055,No
2018,17,MORELOS,5,TEMIXCO,PT,2617,64629,64,3757,68450,113589,2617,No
2018,17,MORELOS,5,TEMIXCO,MC,1562,64629,64,3757,68450,113589,1562,No
2018,17,MORELOS,5,TEMIXCO,NUAL,3645,64629,64,3757,68450,113589,3645,No
2018,17,MORELOS,5,TEMIXCO,MORENA,20527,64629,64,3757,68450,113589,20527,No
2018,17,MORELOS,5,TEMIXCO,ES,2558,64629,64,3757,68450,113589,2558,No
2018,17,MORELOS,5,TEMIXCO,PSD,1819,64629,64,3757,68450,113589,1819,No
2018,17,MORELOS,5,TEMIXCO,HUMANISTA,2304,64629,64,3757,68450,113589,2304,No
2018,17,MORELOS,5,TEMIXCO,C_COMUN_PAN_MC,159,64629,64,3757,68450,113589,7101,Sí
2018,17,MORELOS,5,TEMIXCO,PRD_PSD...19,404,64629,64,3757,68450,113589,11202,Sí
2018,17,MORELOS,5,TEMIXCO,C_COMUN_PT_MORENA_ES,898,64629,64,3757,68450,113589,26600,Sí
2018,17,MORELOS,5,TEMIXCO,PT_MORENA...29,179,64629,64,3757,68450,113589,2796,Sí
2018,17,MORELOS,5,TEMIXCO,PT_ES...30,107,64629,64,3757,68450,113589,2724,Sí
2018,17,MORELOS,5,TEMIXCO,MORENA_ES...31,485,64629,64,3757,68450,113589,21012,Sí
2018,17,MORELOS,6,JIUTEPEC,PAN,9733,75799,96,3394,79289,119643,9733,No
2018,17,MORELOS,6,JIUTEPEC,PRI,4963,75799,96,3394,79289,119643,4963,No
2018,17,MORELOS,6,JIUTEPEC,PRD,13012,75799,96,3394,79289,119643,13012,No
2018,17,MORELOS,6,JIUTEPEC,PVEM,4058,75799,96,3394,79289,119643,4058,No
2018,17,MORELOS,6,JIUTEPEC,PT,2770,75799,96,3394,79289,119643,2770,No
2018,17,MORELOS,6,JIUTEPEC,MC,1461,75799,96,3394,79289,119643,1461,No
2018,17,MORELOS,6,JIUTEPEC,NUAL,1713,75799,96,3394,79289,119643,1713,No
2018,17,MORELOS,6,JIUTEPEC,MORENA,26898,75799,96,3394,79289,119643,26898,No
2018,17,MORELOS,6,JIUTEPEC,ES,3438,75799,96,3394,79289,119643,3438,No
2018,17,MORELOS,6,JIUTEPEC,PSD,2101,75799,96,3394,79289,119643,2101,No
2018,17,MORELOS,6,JIUTEPEC,HUMANISTA,2176,75799,96,3394,79289,119643,2176,No
2018,17,MORELOS,6,JIUTEPEC,PT_MORENA_ES,1378,75799,96,3394,79289,119643,34484,Sí
2018,17,MORELOS,6,JIUTEPEC,PT_MORENA...21,178,75799,96,3394,79289,119643,2948,Sí
2018,17,MORELOS,6,JIUTEPEC,PT_ES...22,109,75799,96,3394,79289,119643,2879,Sí
2018,17,MORELOS,6,JIUTEPEC,MORENA_ES...23,619,75799,96,3394,79289,119643,27517,Sí
2018,17,MORELOS,6,JIUTEPEC,C_COMUN_PRD_PVEM_PSD,666,75799,96,3394,79289,119643,19837,Sí
2018,17,MORELOS,6,JIUTEPEC,PRD_PVEM,314,75799,96,3394,79289,119643,17384,Sí
2018,17,MORELOS,6,JIUTEPEC,PRD_PSD...26,183,75799,96,3394,79289,119643,13195,Sí
2018,17,MORELOS,6,JIUTEPEC,PVEM_PSD,29,75799,96,3394,79289,119643,6188,Sí
2018,17,MORELOS,7,CUAUTLA,PAN,4245,75222,135,3369,78726,124696,4245,No
2018,17,MORELOS,7,CUAUTLA,PRI,11320,75222,135,3369,78726,124696,11320,No
2018,17,MORELOS,7,CUAUTLA,PRD,8237,75222,135,3369,78726,124696,8237,No
2018,17,MORELOS,7,CUAUTLA,PVEM,3084,75222,135,3369,78726,124696,3084,No
2018,17,MORELOS,7,CUAUTLA,PT,2432,75222,135,3369,78726,124696,2432,No
2018,17,MORELOS,7,CUAUTLA,MC,6722,75222,135,3369,78726,124696,6722,No
2018,17,MORELOS,7,CUAUTLA,NUAL,2640,75222,135,3369,78726,124696,2640,No
2018,17,MORELOS,7,CUAUTLA,MORENA,21944,75222,135,3369,78726,124696,21944,No
2018,17,MORELOS,7,CUAUTLA,ES,2238,75222,135,3369,78726,124696,2238,No
2018,17,MORELOS,7,CUAUTLA,PSD,1888,75222,135,3369,78726,124696,1888,No
2018,17,MORELOS,7,CUAUTLA,HUMANISTA,2170,75222,135,3369,78726,124696,2170,No
2018,17,MORELOS,7,CUAUTLA,C_COMUN_PAN_MC,339,75222,135,3369,78726,124696,11306,Sí
2018,17,MORELOS,7,CUAUTLA,PT_MORENA_ES,1157,75222,135,3369,78726,124696,27771,Sí
2018,17,MORELOS,7,CUAUTLA,PT_MORENA...21,158,75222,135,3369,78726,124696,2590,Sí
2018,17,MORELOS,7,CUAUTLA,PT_ES...22,62,75222,135,3369,78726,124696,2494,Sí
2018,17,MORELOS,7,CUAUTLA,MORENA_ES...23,459,75222,135,3369,78726,124696,22403,Sí
2018,17,MORELOS,7,CUAUTLA,C_COMUN_PRD_PVEM_PSD,372,75222,135,3369,78726,124696,13581,Sí
2018,17,MORELOS,7,CUAUTLA,PRD_PVEM,160,75222,135,3369,78726,124696,11481,Sí
2018,17,MORELOS,7,CUAUTLA,PRD_PSD...26,215,75222,135,3369,78726,124696,8452,Sí
2018,17,MORELOS,7,CUAUTLA,PVEM_PSD,58,75222,135,3369,78726,124696,5030,Sí
2018,17,MORELOS,7,CUAUTLA,Candidatura Independiente,5322,75222,135,3369,78726,124696,5322,No
2018,17,MORELOS,8,XOCHITEPEC,PAN,7563,68628,55,3241,71924,111614,7563,No
2018,17,MORELOS,8,XOCHITEPEC,PRI,16622,68628,55,3241,71924,111614,16622,No
2018,17,MORELOS,8,XOCHITEPEC,PRD,4750,68628,55,3241,71924,111614,4750,No
2018,17,MORELOS,8,XOCHITEPEC,PVEM,9095,68628,55,3241,71924,111614,9095,No
2018,17,MORELOS,8,XOCHITEPEC,PT,1431,68628,55,3241,71924,111614,1431,No
2018,17,MORELOS,8,XOCHITEPEC,MC,1437,68628,55,3241,71924,111614,1437,No
2018,17,MORELOS,8,XOCHITEPEC,NUAL,1957,68628,55,3241,71924,111614,1957,No
2018,17,MORELOS,8,XOCHITEPEC,MORENA,13917,68628,55,3241,71924,111614,13917,No
2018,17,MORELOS,8,XOCHITEPEC,ES,2095,68628,55,3241,71924,111614,2095,No
2018,17,MORELOS,8,XOCHITEPEC,PSD,1549,68628,55,3241,71924,111614,1549,No
2018,17,MORELOS,8,XOCHITEPEC,HUMANISTA,1218,68628,55,3241,71924,111614,1218,No
2018,17,MORELOS,8,XOCHITEPEC,C_COMUN_PAN_MC,186,68628,55,3241,71924,111614,9186,Sí
2018,17,MORELOS,8,XOCHITEPEC,PRD_PSD...19,223,68628,55,3241,71924,111614,4973,Sí
2018,17,MORELOS,8,XOCHITEPEC,C_COMUN_PT_MORENA_ES,630,68628,55,3241,71924,111614,18073,Sí
2018,17,MORELOS,8,XOCHITEPEC,PT_MORENA...29,126,68628,55,3241,71924,111614,1557,Sí
2018,17,MORELOS,8,XOCHITEPEC,PT_ES...30,47,68628,55,3241,71924,111614,1478,Sí
2018,17,MORELOS,8,XOCHITEPEC,MORENA_ES...31,326,68628,55,3241,71924,111614,14243,Sí
2018,17,MORELOS,8,XOCHITEPEC,Candidatura Independiente,5456,68628,55,3241,71924,111614,5456,No
2018,17,MORELOS,9,PUENTE DE IXTLA,PAN,2098,75415,71,3449,78935,113898,2098,No
2018,17,MORELOS,9,PUENTE DE IXTLA,PRI,21252,75415,71,3449,78935,113898,21252,No
2018,17,MORELOS,9,PUENTE DE IXTLA,PRD,6649,75415,71,3449,78935,113898,6649,No
2018,17,MORELOS,9,PUENTE DE IXTLA,PVEM,1666,75415,71,3449,78935,113898,1666,No
2018,17,MORELOS,9,PUENTE DE IXTLA,PT,4964,75415,71,3449,78935,113898,4964,No
2018,17,MORELOS,9,PUENTE DE IXTLA,MC,1863,75415,71,3449,78935,113898,1863,No
2018,17,MORELOS,9,PUENTE DE IXTLA,NUAL,6038,75415,71,3449,78935,113898,6038,No
2018,17,MORELOS,9,PUENTE DE IXTLA,MORENA,23410,75415,71,3449,78935,113898,23410,No
2018,17,MORELOS,9,PUENTE DE IXTLA,ES,3008,75415,71,3449,78935,113898,3008,No
2018,17,MORELOS,9,PUENTE DE IXTLA,PSD,1585,75415,71,3449,78935,113898,1585,No
2018,17,MORELOS,9,PUENTE DE IXTLA,HUMANISTA,970,75415,71,3449,78935,113898,970,No
2018,17,MORELOS,9,PUENTE DE IXTLA,C_COMUN_PAN_MC,44,75415,71,3449,78935,113898,4005,Sí
2018,17,MORELOS,9,PUENTE DE IXTLA,PRD_PSD...19,334,75415,71,3449,78935,113898,6983,Sí
2018,17,MORELOS,9,PUENTE DE IXTLA,PT_MORENA_ES,883,75415,71,3449,78935,113898,32265,Sí
2018,17,MORELOS,9,PUENTE DE IXTLA,PT_MORENA...21,190,75415,71,3449,78935,113898,5154,Sí
2018,17,MORELOS,9,PUENTE DE IXTLA,PT_ES...22,81,75415,71,3449,78935,113898,5045,Sí
2018,17,MORELOS,9,PUENTE DE IXTLA,MORENA_ES...23,380,75415,71,3449,78935,113898,23790,Sí
2018,19,NUEVO LEON,1,MONTERREY,PAN,8763,53195,31,1756,54982,120894,8763,No
2018,19,NUEVO LEON,1,MONTERREY,PRI,11315,53195,31,1756,54982,120894,11315,No
2018,19,NUEVO LEON,1,MONTERREY,PRD,854,53195,31,1756,54982,120894,854,No
2018,19,NUEVO LEON,1,MONTERREY,PVEM,6439,53195,31,1756,54982,120894,6439,No
2018,19,NUEVO LEON,1,MONTERREY,PT,5628,53195,31,1756,54982,120894,5628,No
2018,19,NUEVO LEON,1,MONTERREY,MC,4906,53195,31,1756,54982,120894,4906,No
2018,19,NUEVO LEON,1,MONTERREY,NUAL,1418,53195,31,1756,54982,120894,1418,No
2018,19,NUEVO LEON,1,MONTERREY,MORENA,8363,53195,31,1756,54982,120894,8363,No
2018,19,NUEVO LEON,1,MONTERREY,ES,607,53195,31,1756,54982,120894,607,No
2018,19,NUEVO LEON,1,MONTERREY,RED,318,53195,31,1756,54982,120894,318,No
2018,19,NUEVO LEON,1,MONTERREY,PT_MORENA_ES,230,53195,31,1756,54982,120894,14828,Sí
2018,19,NUEVO LEON,1,MONTERREY,PT_MORENA,184,53195,31,1756,54982,120894,14175,Sí
2018,19,NUEVO LEON,1,MONTERREY,PT_ES,27,53195,31,1756,54982,120894,6262,Sí
2018,19,NUEVO LEON,1,MONTERREY,MORENA_ES,71,53195,31,1756,54982,120894,9041,Sí
2018,19,NUEVO LEON,1,MONTERREY,Candidatura Independiente,1554,53195,31,1756,54982,120894,1554,No
2018,19,NUEVO LEON,1,MONTERREY,Candidatura Independiente,2518,53195,31,1756,54982,120894,2518,No
2018,19,NUEVO LEON,10,SAN NICOLAS,PAN,34105,84868,123,2500,87491,146614,34105,No
2018,19,NUEVO LEON,10,SAN NICOLAS,PRI,8715,84868,123,2500,87491,146614,8715,No
2018,19,NUEVO LEON,10,SAN NICOLAS,PRD,686,84868,123,2500,87491,146614,686,No
2018,19,NUEVO LEON,10,SAN NICOLAS,PVEM,3069,84868,123,2500,87491,146614,3069,No
2018,19,NUEVO LEON,10,SAN NICOLAS,PT,2341,84868,123,2500,87491,146614,2341,No
2018,19,NUEVO LEON,10,SAN NICOLAS,MC,9900,84868,123,2500,87491,146614,9900,No
2018,19,NUEVO LEON,10,SAN NICOLAS,NUAL,1545,84868,123,2500,87491,146614,1545,No
2018,19,NUEVO LEON,10,SAN NICOLAS,MORENA,14593,84868,123,2500,87491,146614,14593,No
2018,19,NUEVO LEON,10,SAN NICOLAS,ES,1153,84868,123,2500,87491,146614,1153,No
2018,19,NUEVO LEON,10,SAN NICOLAS,RED,495,84868,123,2500,87491,146614,495,No
2018,19,NUEVO LEON,10,SAN NICOLAS,PT_MORENA_ES,297,84868,123,2500,87491,146614,18384,Sí
2018,19,NUEVO LEON,10,SAN NICOLAS,PT_MORENA,131,84868,123,2500,87491,146614,17065,Sí
2018,19,NUEVO LEON,10,SAN NICOLAS,PT_ES,55,84868,123,2500,87491,146614,3549,Sí
2018,19,NUEVO LEON,10,SAN NICOLAS,MORENA_ES,42,84868,123,2500,87491,146614,15788,Sí
2018,19,NUEVO LEON,10,SAN NICOLAS,Candidatura Independiente,3577,84868,123,2500,87491,146614,3577,No
2018,19,NUEVO LEON,10,SAN NICOLAS,Candidatura Independiente,1768,84868,123,2500,87491,146614,1768,No
2018,19,NUEVO LEON,10,SAN NICOLAS,Candidatura Independiente,2396,84868,123,2500,87491,146614,2396,No
2018,19,NUEVO LEON,11,SAN NICOLAS,PAN,31285,82203,122,2260,84585,144018,31285,No
2018,19,NUEVO LEON,11,SAN NICOLAS,PRI,10915,82203,122,2260,84585,144018,10915,No
2018,19,NUEVO LEON,11,SAN NICOLAS,PRD,841,82203,122,2260,84585,144018,841,No
2018,19,NUEVO LEON,11,SAN NICOLAS,PVEM,2765,82203,122,2260,84585,144018,2765,No
2018,19,NUEVO LEON,11,SAN NICOLAS,PT,8753,82203,122,2260,84585,144018,8753,No
2018,19,NUEVO LEON,11,SAN NICOLAS,MC,7902,82203,122,2260,84585,144018,7902,No
2018,19,NUEVO LEON,11,SAN NICOLAS,NUAL,1528,82203,122,2260,84585,144018,1528,No
2018,19,NUEVO LEON,11,SAN NICOLAS,MORENA,10716,82203,122,2260,84585,144018,10716,No
2018,19,NUEVO LEON,11,SAN NICOLAS,ES,709,82203,122,2260,84585,144018,709,No
2018,19,NUEVO LEON,11,SAN NICOLAS,RED,548,82203,122,2260,84585,144018,548,No
2018,19,NUEVO LEON,11,SAN NICOLAS,PT_MORENA_ES,398,82203,122,2260,84585,144018,20576,Sí
2018,19,NUEVO LEON,11,SAN NICOLAS,PT_MORENA,229,82203,122,2260,84585,144018,19698,Sí
2018,19,NUEVO LEON,11,SAN NICOLAS,PT_ES,16,82203,122,2260,84585,144018,9478,Sí
2018,19,NUEVO LEON,11,SAN NICOLAS,MORENA_ES,60,82203,122,2260,84585,144018,11485,Sí
2018,19,NUEVO LEON,11,SAN NICOLAS,Candidatura Independiente,3170,82203,122,2260,84585,144018,3170,No
2018,19,NUEVO LEON,11,SAN NICOLAS,Candidatura Independiente,2368,82203,122,2260,84585,144018,2368,No
2018,19,NUEVO LEON,12,GUADALUPE,PAN,23226,79380,66,2562,82008,137454,23226,No
2018,19,NUEVO LEON,12,GUADALUPE,PRI,15158,79380,66,2562,82008,137454,15158,No
2018,19,NUEVO LEON,12,GUADALUPE,PRD,1164,79380,66,2562,82008,137454,1164,No
2018,19,NUEVO LEON,12,GUADALUPE,PVEM,3311,79380,66,2562,82008,137454,3311,No
2018,19,NUEVO LEON,12,GUADALUPE,PT,2106,79380,66,2562,82008,137454,2106,No
2018,19,NUEVO LEON,12,GUADALUPE,MC,8916,79380,66,2562,82008,137454,8916,No
2018,19,NUEVO LEON,12,GUADALUPE,NUAL,2848,79380,66,2562,82008,137454,2848,No
2018,19,NUEVO LEON,12,GUADALUPE,MORENA,12789,79380,66,2562,82008,137454,12789,No
2018,19,NUEVO LEON,12,GUADALUPE,ES,920,79380,66,2562,82008,137454,920,No
2018,19,NUEVO LEON,12,GUADALUPE,RED,451,79380,66,2562,82008,137454,451,No
2018,19,NUEVO LEON,12,GUADALUPE,PT_MORENA_ES,375,79380,66,2562,82008,137454,16190,Sí
2018,19,NUEVO LEON,12,GUADALUPE,PT_MORENA,133,79380,66,2562,82008,137454,15028,Sí
2018,19,NUEVO LEON,12,GUADALUPE,PT_ES,35,79380,66,2562,82008,137454,3061,Sí
2018,19,NUEVO LEON,12,GUADALUPE,MORENA_ES,72,79380,66,2562,82008,137454,13781,Sí
2018,19,NUEVO LEON,12,GUADALUPE,Candidatura Independiente,6322,79380,66,2562,82008,137454,6322,No
2018,19,NUEVO LEON,12,GUADALUPE,Candidatura Independiente,1554,79380,66,2562,82008,137454,1554,No
2018,19,NUEVO LEON,13,GUADALUPE,PAN,15730,66707,72,2178,68957,135556,15730,No
2018,19,NUEVO LEON,13,GUADALUPE,PRI,15047,66707,72,2178,68957,135556,15047,No
2018,19,NUEVO LEON,13,GUADALUPE,PRD,1003,66707,72,2178,68957,135556,1003,No
2018,19,NUEVO LEON,13,GUADALUPE,PVEM,1967,66707,72,2178,68957,135556,1967,No
2018,19,NUEVO LEON,13,GUADALUPE,PT,2191,66707,72,2178,68957,135556,2191,No
2018,19,NUEVO LEON,13,GUADALUPE,MC,6859,66707,72,2178,68957,135556,6859,No
2018,19,NUEVO LEON,13,GUADALUPE,NUAL,2080,66707,72,2178,68957,135556,2080,No
2018,19,NUEVO LEON,13,GUADALUPE,MORENA,13521,66707,72,2178,68957,135556,13521,No
2018,19,NUEVO LEON,13,GUADALUPE,ES,1051,66707,72,2178,68957,135556,1051,No
2018,19,NUEVO LEON,13,GUADALUPE,RED,315,66707,72,2178,68957,135556,315,No
2018,19,NUEVO LEON,13,GUADALUPE,PT_MORENA_ES,293,66707,72,2178,68957,135556,17056,Sí
2018,19,NUEVO LEON,13,GUADALUPE,PT_MORENA,127,66707,72,2178,68957,135556,15839,Sí
2018,19,NUEVO LEON,13,GUADALUPE,PT_ES,17,66707,72,2178,68957,135556,3259,Sí
2018,19,NUEVO LEON,13,GUADALUPE,MORENA_ES,54,66707,72,2178,68957,135556,14626,Sí
2018,19,NUEVO LEON,13,GUADALUPE,Candidatura Independiente,6452,66707,72,2178,68957,135556,6452,No
2018,19,NUEVO LEON,14,GUADALUPE,PAN,16548,66402,28,1996,68426,126282,16548,No
2018,19,NUEVO LEON,14,GUADALUPE,PRI,14032,66402,28,1996,68426,126282,14032,No
2018,19,NUEVO LEON,14,GUADALUPE,PRD,749,66402,28,1996,68426,126282,749,No
2018,19,NUEVO LEON,14,GUADALUPE,PVEM,2800,66402,28,1996,68426,126282,2800,No
2018,19,NUEVO LEON,14,GUADALUPE,PT,2175,66402,28,1996,68426,126282,2175,No
2018,19,NUEVO LEON,14,GUADALUPE,MC,6741,66402,28,1996,68426,126282,6741,No
2018,19,NUEVO LEON,14,GUADALUPE,NUAL,1782,66402,28,1996,68426,126282,1782,No
2018,19,NUEVO LEON,14,GUADALUPE,MORENA,12623,66402,28,1996,68426,126282,12623,No
2018,19,NUEVO LEON,14,GUADALUPE,ES,1185,66402,28,1996,68426,126282,1185,No
2018,19,NUEVO LEON,14,GUADALUPE,RED,246,66402,28,1996,68426,126282,246,No
2018,19,NUEVO LEON,14,GUADALUPE,PT_MORENA_ES,222,66402,28,1996,68426,126282,16205,Sí
2018,19,NUEVO LEON,14,GUADALUPE,PT_MORENA,101,66402,28,1996,68426,126282,14899,Sí
2018,19,NUEVO LEON,14,GUADALUPE,PT_ES,20,66402,28,1996,68426,126282,3380,Sí
2018,19,NUEVO LEON,14,GUADALUPE,MORENA_ES,81,66402,28,1996,68426,126282,13889,Sí
2018,19,NUEVO LEON,14,GUADALUPE,Candidatura Independiente,5327,66402,28,1996,68426,126282,5327,No
2018,19,NUEVO LEON,14,GUADALUPE,Candidatura Independiente,1770,66402,28,1996,68426,126282,1770,No
2018,19,NUEVO LEON,15,GUADALUPE,PAN,23979,83741,125,2683,86549,142121,23979,No
2018,19,NUEVO LEON,15,GUADALUPE,PRI,16617,83741,125,2683,86549,142121,16617,No
2018,19,NUEVO LEON,15,GUADALUPE,PRD,844,83741,125,2683,86549,142121,844,No
2018,19,NUEVO LEON,15,GUADALUPE,PVEM,5951,83741,125,2683,86549,142121,5951,No
2018,19,NUEVO LEON,15,GUADALUPE,PT,2228,83741,125,2683,86549,142121,2228,No
2018,19,NUEVO LEON,15,GUADALUPE,MC,7750,83741,125,2683,86549,142121,7750,No
2018,19,NUEVO LEON,15,GUADALUPE,NUAL,2744,83741,125,2683,86549,142121,2744,No
2018,19,NUEVO LEON,15,GUADALUPE,MORENA,14129,83741,125,2683,86549,142121,14129,No
2018,19,NUEVO LEON,15,GUADALUPE,ES,1344,83741,125,2683,86549,142121,1344,No
2018,19,NUEVO LEON,15,GUADALUPE,RED,588,83741,125,2683,86549,142121,588,No
2018,19,NUEVO LEON,15,GUADALUPE,PT_MORENA_ES,250,83741,125,2683,86549,142121,17951,Sí
2018,19,NUEVO LEON,15,GUADALUPE,PT_MORENA,174,83741,125,2683,86549,142121,16531,Sí
2018,19,NUEVO LEON,15,GUADALUPE,PT_ES,15,83741,125,2683,86549,142121,3587,Sí
2018,19,NUEVO LEON,15,GUADALUPE,MORENA_ES,125,83741,125,2683,86549,142121,15598,Sí
2018,19,NUEVO LEON,15,GUADALUPE,Candidatura Independiente,7003,83741,125,2683,86549,142121,7003,No
2018,19,NUEVO LEON,16,APODACA,PAN,18452,72131,44,1695,73870,130496,18452,No
2018,19,NUEVO LEON,16,APODACA,PRI,15115,72131,44,1695,73870,130496,15115,No
2018,19,NUEVO LEON,16,APODACA,PRD,507,72131,44,1695,73870,130496,507,No
2018,19,NUEVO LEON,16,APODACA,PVEM,2952,72131,44,1695,73870,130496,2952,No
2018,19,NUEVO LEON,16,APODACA,PT,2323,72131,44,1695,73870,130496,2323,No
2018,19,NUEVO LEON,16,APODACA,MC,6971,72131,44,1695,73870,130496,6971,No
2018,19,NUEVO LEON,16,APODACA,NUAL,2154,72131,44,1695,73870,130496,2154,No
2018,19,NUEVO LEON,16,APODACA,MORENA,16223,72131,44,1695,73870,130496,16223,No
2018,19,NUEVO LEON,16,APODACA,ES,900,72131,44,1695,73870,130496,900,No
2018,19,NUEVO LEON,16,APODACA,RED,384,72131,44,1695,73870,130496,384,No
2018,19,NUEVO LEON,16,APODACA,PT_MORENA_ES,218,72131,44,1695,73870,130496,19664,Sí
2018,19,NUEVO LEON,16,APODACA,PT_MORENA,114,72131,44,1695,73870,130496,18660,Sí
2018,19,NUEVO LEON,16,APODACA,PT_ES,14,72131,44,1695,73870,130496,3237,Sí
2018,19,NUEVO LEON,16,APODACA,MORENA_ES,48,72131,44,1695,73870,130496,17171,Sí
2018,19,NUEVO LEON,16,APODACA,Candidatura Independiente,5756,72131,44,1695,73870,130496,5756,No
2018,19,NUEVO LEON,17,ESCOBEDO,PAN,17189,70883,32,1825,72740,150069,17189,No
2018,19,NUEVO LEON,17,ESCOBEDO,PRI,15141,70883,32,1825,72740,150069,15141,No
2018,19,NUEVO LEON,17,ESCOBEDO,PRD,708,70883,32,1825,72740,150069,708,No
2018,19,NUEVO LEON,17,ESCOBEDO,PVEM,6181,70883,32,1825,72740,150069,6181,No
2018,19,NUEVO LEON,17,ESCOBEDO,PT,3134,70883,32,1825,72740,150069,3134,No
2018,19,NUEVO LEON,17,ESCOBEDO,MC,6959,70883,32,1825,72740,150069,6959,No
2018,19,NUEVO LEON,17,ESCOBEDO,NUAL,1569,70883,32,1825,72740,150069,1569,No
2018,19,NUEVO LEON,17,ESCOBEDO,MORENA,13785,70883,32,1825,72740,150069,13785,No
2018,19,NUEVO LEON,17,ESCOBEDO,ES,1002,70883,32,1825,72740,150069,1002,No
2018,19,NUEVO LEON,17,ESCOBEDO,PT_MORENA_ES,322,70883,32,1825,72740,150069,18243,Sí
2018,19,NUEVO LEON,17,ESCOBEDO,PT_MORENA,177,70883,32,1825,72740,150069,17096,Sí
2018,19,NUEVO LEON,17,ESCOBEDO,PT_ES,14,70883,32,1825,72740,150069,4150,Sí
2018,19,NUEVO LEON,17,ESCOBEDO,MORENA_ES,92,70883,32,1825,72740,150069,14879,Sí
2018,19,NUEVO LEON,17,ESCOBEDO,Candidatura Independiente,4610,70883,32,1825,72740,150069,4610,No
2018,19,NUEVO LEON,18,SAN PEDRO,PAN,46567,94681,183,2513,97377,160187,46567,No
2018,19,NUEVO LEON,18,SAN PEDRO,PRI,10621,94681,183,2513,97377,160187,10621,No
2018,19,NUEVO LEON,18,SAN PEDRO,PRD,496,94681,183,2513,97377,160187,496,No
2018,19,NUEVO LEON,18,SAN PEDRO,PVEM,2848,94681,183,2513,97377,160187,2848,No
2018,19,NUEVO LEON,18,SAN PEDRO,PT,1348,94681,183,2513,97377,160187,1348,No
2018,19,NUEVO LEON,18,SAN PEDRO,MC,12547,94681,183,2513,97377,160187,12547,No
2018,19,NUEVO LEON,18,SAN PEDRO,NUAL,2448,94681,183,2513,97377,160187,2448,No
2018,19,NUEVO LEON,18,SAN PEDRO,MORENA,9882,94681,183,2513,97377,160187,9882,No
2018,19,NUEVO LEON,18,SAN PEDRO,ES,682,94681,183,2513,97377,160187,682,No
2018,19,NUEVO LEON,18,SAN PEDRO,RED,1331,94681,183,2513,97377,160187,1331,No
2018,19,NUEVO LEON,18,SAN PEDRO,PT_MORENA_ES,232,94681,183,2513,97377,160187,12144,Sí
2018,19,NUEVO LEON,18,SAN PEDRO,PT_MORENA,125,94681,183,2513,97377,160187,11355,Sí
2018,19,NUEVO LEON,18,SAN PEDRO,PT_ES,27,94681,183,2513,97377,160187,2057,Sí
2018,19,NUEVO LEON,18,SAN PEDRO,MORENA_ES,97,94681,183,2513,97377,160187,10661,Sí
2018,19,NUEVO LEON,18,SAN PEDRO,Candidatura Independiente,3776,94681,183,2513,97377,160187,3776,No
2018,19,NUEVO LEON,18,SAN PEDRO,Candidatura Independiente,1654,94681,183,2513,97377,160187,1654,No
2018,19,NUEVO LEON,19,SANTA CATARINA,PAN,36353,85014,83,2769,87866,156416,36353,No
2018,19,NUEVO LEON,19,SANTA CATARINA,PRI,8565,85014,83,2769,87866,156416,8565,No
2018,19,NUEVO LEON,19,SANTA CATARINA,PRD,501,85014,83,2769,87866,156416,501,No
2018,19,NUEVO LEON,19,SANTA CATARINA,PVEM,3054,85014,83,2769,87866,156416,3054,No
2018,19,NUEVO LEON,19,SANTA CATARINA,PT,2260,85014,83,2769,87866,156416,2260,No
2018,19,NUEVO LEON,19,SANTA CATARINA,MC,8449,85014,83,2769,87866,156416,8449,No
2018,19,NUEVO LEON,19,SANTA CATARINA,NUAL,3017,85014,83,2769,87866,156416,3017,No
2018,19,NUEVO LEON,19,SANTA CATARINA,MORENA,13376,85014,83,2769,87866,156416,13376,No
2018,19,NUEVO LEON,19,SANTA CATARINA,ES,1448,85014,83,2769,87866,156416,1448,No
2018,19,NUEVO LEON,19,SANTA CATARINA,RED,1223,85014,83,2769,87866,156416,1223,No
2018,19,NUEVO LEON,19,SANTA CATARINA,Candidatura Independiente,6768,85014,83,2769,87866,156416,6768,No
2018,19,NUEVO LEON,2,MONTERREY,PAN,13569,67790,90,2809,70689,141729,13569,No
2018,19,NUEVO LEON,2,MONTERREY,PRI,15145,67790,90,2809,70689,141729,15145,No
2018,19,NUEVO LEON,2,MONTERREY,PRD,625,67790,90,2809,70689,141729,625,No
2018,19,NUEVO LEON,2,MONTERREY,PVEM,3268,67790,90,2809,70689,141729,3268,No
2018,19,NUEVO LEON,2,MONTERREY,PT,9951,67790,90,2809,70689,141729,9951,No
2018,19,NUEVO LEON,2,MONTERREY,MC,6003,67790,90,2809,70689,141729,6003,No
2018,19,NUEVO LEON,2,MONTERREY,NUAL,1273,67790,90,2809,70689,141729,1273,No
2018,19,NUEVO LEON,2,MONTERREY,MORENA,11186,67790,90,2809,70689,141729,11186,No
2018,19,NUEVO LEON,2,MONTERREY,ES,1046,67790,90,2809,70689,141729,1046,No
2018,19,NUEVO LEON,2,MONTERREY,RED,207,67790,90,2809,70689,141729,207,No
2018,19,NUEVO LEON,2,MONTERREY,PT_MORENA_ES,284,67790,90,2809,70689,141729,22467,Sí
2018,19,NUEVO LEON,2,MONTERREY,PT_MORENA,303,67790,90,2809,70689,141729,21440,Sí
2018,19,NUEVO LEON,2,MONTERREY,PT_ES,39,67790,90,2809,70689,141729,11036,Sí
2018,19,NUEVO LEON,2,MONTERREY,MORENA_ES,74,67790,90,2809,70689,141729,12306,Sí
2018,19,NUEVO LEON,2,MONTERREY,Candidatura Independiente,921,67790,90,2809,70689,141729,921,No
2018,19,NUEVO LEON,2,MONTERREY,Candidatura Independiente,2952,67790,90,2809,70689,141729,2952,No
2018,19,NUEVO LEON,2,MONTERREY,Candidatura Independiente,944,67790,90,2809,70689,141729,944,No
2018,19,NUEVO LEON,20,GARCIA,PAN,11452,89538,49,2636,92223,199774,11452,No
2018,19,NUEVO LEON,20,GARCIA,PRI,12460,89538,49,2636,92223,199774,12460,No
2018,19,NUEVO LEON,20,GARCIA,PRD,1759,89538,49,2636,92223,199774,1759,No
2018,19,NUEVO LEON,20,GARCIA,PVEM,5522,89538,49,2636,92223,199774,5522,No
2018,19,NUEVO LEON,20,GARCIA,PT,5391,89538,49,2636,92223,199774,5391,No
2018,19,NUEVO LEON,20,GARCIA,MC,6380,89538,49,2636,92223,199774,6380,No
2018,19,NUEVO LEON,20,GARCIA,NUAL,3459,89538,49,2636,92223,199774,3459,No
2018,19,NUEVO LEON,20,GARCIA,MORENA,18977,89538,49,2636,92223,199774,18977,No
2018,19,NUEVO LEON,20,GARCIA,ES,1197,89538,49,2636,92223,199774,1197,No
2018,19,NUEVO LEON,20,GARCIA,RED,1800,89538,49,2636,92223,199774,1800,No
2018,19,NUEVO LEON,20,GARCIA,PT_MORENA_ES,672,89538,49,2636,92223,199774,26237,Sí
2018,19,NUEVO LEON,20,GARCIA,PT_MORENA,297,89538,49,2636,92223,199774,24665,Sí
2018,19,NUEVO LEON,20,GARCIA,PT_ES,42,89538,49,2636,92223,199774,6630,Sí
2018,19,NUEVO LEON,20,GARCIA,MORENA_ES,78,89538,49,2636,92223,199774,20252,Sí
2018,19,NUEVO LEON,20,GARCIA,Candidatura Independiente,20052,89538,49,2636,92223,199774,20052,No
2018,19,NUEVO LEON,21,SABINAS HIDALGO,PAN,24162,87838,57,2892,90787,167901,24162,No
2018,19,NUEVO LEON,21,SABINAS HIDALGO,PRI,19567,87838,57,2892,90787,167901,19567,No
2018,19,NUEVO LEON,21,SABINAS HIDALGO,PRD,1344,87838,57,2892,90787,167901,1344,No
2018,19,NUEVO LEON,21,SABINAS HIDALGO,PVEM,5255,87838,57,2892,90787,167901,5255,No
2018,19,NUEVO LEON,21,SABINAS HIDALGO,PT,3922,87838,57,2892,90787,167901,3922,No
2018,19,NUEVO LEON,21,SABINAS HIDALGO,MC,4903,87838,57,2892,90787,167901,4903,No
2018,19,NUEVO LEON,21,SABINAS HIDALGO,NUAL,4526,87838,57,2892,90787,167901,4526,No
2018,19,NUEVO LEON,21,SABINAS HIDALGO,MORENA,10588,87838,57,2892,90787,167901,10588,No
2018,19,NUEVO LEON,21,SABINAS HIDALGO,ES,673,87838,57,2892,90787,167901,673,No
2018,19,NUEVO LEON,21,SABINAS HIDALGO,RED,354,87838,57,2892,90787,167901,354,No
2018,19,NUEVO LEON,21,SABINAS HIDALGO,PT_MORENA_ES,248,87838,57,2892,90787,167901,15431,Sí
2018,19,NUEVO LEON,21,SABINAS HIDALGO,PT_MORENA,379,87838,57,2892,90787,167901,14889,Sí
2018,19,NUEVO LEON,21,SABINAS HIDALGO,PT_ES,74,87838,57,2892,90787,167901,4669,Sí
2018,19,NUEVO LEON,21,SABINAS HIDALGO,MORENA_ES,105,87838,57,2892,90787,167901,11366,Sí
2018,19,NUEVO LEON,21,SABINAS HIDALGO,Candidatura Independiente,11738,87838,57,2892,90787,167901,11738,No
2018,19,NUEVO LEON,22,JUAREZ,PAN,8582,61908,59,1845,63812,143533,8582,No
2018,19,NUEVO LEON,22,JUAREZ,PRI,15218,61908,59,1845,63812,143533,15218,No
2018,19,NUEVO LEON,22,JUAREZ,PRD,1002,61908,59,1845,63812,143533,1002,No
2018,19,NUEVO LEON,22,JUAREZ,PVEM,3378,61908,59,1845,63812,143533,3378,No
2018,19,NUEVO LEON,22,JUAREZ,PT,1764,61908,59,1845,63812,143533,1764,No
2018,19,NUEVO LEON,22,JUAREZ,MC,6226,61908,59,1845,63812,143533,6226,No
2018,19,NUEVO LEON,22,JUAREZ,NUAL,2755,61908,59,1845,63812,143533,2755,No
2018,19,NUEVO LEON,22,JUAREZ,MORENA,12079,61908,59,1845,63812,143533,12079,No
2018,19,NUEVO LEON,22,JUAREZ,ES,1960,61908,59,1845,63812,143533,1960,No
2018,19,NUEVO LEON,22,JUAREZ,RED,515,61908,59,1845,63812,143533,515,No
2018,19,NUEVO LEON,22,JUAREZ,PT_MORENA_ES,193,61908,59,1845,63812,143533,15996,Sí
2018,19,NUEVO LEON,22,JUAREZ,PT_MORENA,94,61908,59,1845,63812,143533,13937,Sí
2018,19,NUEVO LEON,22,JUAREZ,PT_ES,22,61908,59,1845,63812,143533,3746,Sí
2018,19,NUEVO LEON,22,JUAREZ,MORENA_ES,86,61908,59,1845,63812,143533,14125,Sí
2018,19,NUEVO LEON,22,JUAREZ,Candidatura Independiente,8034,61908,59,1845,63812,143533,8034,No
2018,19,NUEVO LEON,23,JUAREZ,PAN,11038,90443,149,3064,93656,197736,11038,No
2018,19,NUEVO LEON,23,JUAREZ,PRI,17781,90443,149,3064,93656,197736,17781,No
2018,19,NUEVO LEON,23,JUAREZ,PRD,936,90443,149,3064,93656,197736,936,No
2018,19,NUEVO LEON,23,JUAREZ,PVEM,16090,90443,149,3064,93656,197736,16090,No
2018,19,NUEVO LEON,23,JUAREZ,PT,3016,90443,149,3064,93656,197736,3016,No
2018,19,NUEVO LEON,23,JUAREZ,MC,7769,90443,149,3064,93656,197736,7769,No
2018,19,NUEVO LEON,23,JUAREZ,NUAL,2311,90443,149,3064,93656,197736,2311,No
2018,19,NUEVO LEON,23,JUAREZ,MORENA,18671,90443,149,3064,93656,197736,18671,No
2018,19,NUEVO LEON,23,JUAREZ,ES,2054,90443,149,3064,93656,197736,2054,No
2018,19,NUEVO LEON,23,JUAREZ,RED,508,90443,149,3064,93656,197736,508,No
2018,19,NUEVO LEON,23,JUAREZ,PT_MORENA_ES,542,90443,149,3064,93656,197736,24283,Sí
2018,19,NUEVO LEON,23,JUAREZ,PT_MORENA,146,90443,149,3064,93656,197736,21833,Sí
2018,19,NUEVO LEON,23,JUAREZ,PT_ES,15,90443,149,3064,93656,197736,5085,Sí
2018,19,NUEVO LEON,23,JUAREZ,MORENA_ES,75,90443,149,3064,93656,197736,20800,Sí
2018,19,NUEVO LEON,23,JUAREZ,Candidatura Independiente,9491,90443,149,3064,93656,197736,9491,No
2018,19,NUEVO LEON,24,LINARES,PAN,21848,92470,85,3868,96423,168379,21848,No
2018,19,NUEVO LEON,24,LINARES,PRI,23047,92470,85,3868,96423,168379,23047,No
2018,19,NUEVO LEON,24,LINARES,PRD,995,92470,85,3868,96423,168379,995,No
2018,19,NUEVO LEON,24,LINARES,PVEM,4643,92470,85,3868,96423,168379,4643,No
2018,19,NUEVO LEON,24,LINARES,PT,3477,92470,85,3868,96423,168379,3477,No
2018,19,NUEVO LEON,24,LINARES,MC,3529,92470,85,3868,96423,168379,3529,No
2018,19,NUEVO LEON,24,LINARES,NUAL,10468,92470,85,3868,96423,168379,10468,No
2018,19,NUEVO LEON,24,LINARES,MORENA,13163,92470,85,3868,96423,168379,13163,No
2018,19,NUEVO LEON,24,LINARES,ES,726,92470,85,3868,96423,168379,726,No
2018,19,NUEVO LEON,24,LINARES,RED,325,92470,85,3868,96423,168379,325,No
2018,19,NUEVO LEON,24,LINARES,PT_MORENA_ES,543,92470,85,3868,96423,168379,17909,Sí
2018,19,NUEVO LEON,24,LINARES,PT_MORENA,187,92470,85,3868,96423,168379,16827,Sí
2018,19,NUEVO LEON,24,LINARES,PT_ES,41,92470,85,3868,96423,168379,4244,Sí
2018,19,NUEVO LEON,24,LINARES,MORENA_ES,96,92470,85,3868,96423,168379,13985,Sí
2018,19,NUEVO LEON,24,LINARES,Candidatura Independiente,9382,92470,85,3868,96423,168379,9382,No
2018,19,NUEVO LEON,25,ESCOBEDO,PAN,14761,58974,85,1744,60803,142712,14761,No
2018,19,NUEVO LEON,25,ESCOBEDO,PRI,11974,58974,85,1744,60803,142712,11974,No
2018,19,NUEVO LEON,25,ESCOBEDO,PRD,574,58974,85,1744,60803,142712,574,No
2018,19,NUEVO LEON,25,ESCOBEDO,PVEM,5448,58974,85,1744,60803,142712,5448,No
2018,19,NUEVO LEON,25,ESCOBEDO,PT,3338,58974,85,1744,60803,142712,3338,No
2018,19,NUEVO LEON,25,ESCOBEDO,MC,5868,58974,85,1744,60803,142712,5868,No
2018,19,NUEVO LEON,25,ESCOBEDO,NUAL,1227,58974,85,1744,60803,142712,1227,No
2018,19,NUEVO LEON,25,ESCOBEDO,MORENA,11104,58974,85,1744,60803,142712,11104,No
2018,19,NUEVO LEON,25,ESCOBEDO,ES,740,58974,85,1744,60803,142712,740,No
2018,19,NUEVO LEON,25,ESCOBEDO,PT_MORENA_ES,253,58974,85,1744,60803,142712,15435,Sí
2018,19,NUEVO LEON,25,ESCOBEDO,PT_MORENA,138,58974,85,1744,60803,142712,14580,Sí
2018,19,NUEVO LEON,25,ESCOBEDO,PT_ES,33,58974,85,1744,60803,142712,4111,Sí
2018,19,NUEVO LEON,25,ESCOBEDO,MORENA_ES,45,58974,85,1744,60803,142712,11889,Sí
2018,19,NUEVO LEON,25,ESCOBEDO,Candidatura Independiente,3471,58974,85,1744,60803,142712,3471,No
2018,19,NUEVO LEON,26,SANTIAGO,PAN,32302,97017,119,4148,101284,152535,32302,No
2018,19,NUEVO LEON,26,SANTIAGO,PRI,34506,97017,119,4148,101284,152535,34506,No
2018,19,NUEVO LEON,26,SANTIAGO,PRD,321,97017,119,4148,101284,152535,321,No
2018,19,NUEVO LEON,26,SANTIAGO,PVEM,1956,97017,119,4148,101284,152535,1956,No
2018,19,NUEVO LEON,26,SANTIAGO,PT,5303,97017,119,4148,101284,152535,5303,No
2018,19,NUEVO LEON,26,SANTIAGO,MC,2618,97017,119,4148,101284,152535,2618,No
2018,19,NUEVO LEON,26,SANTIAGO,NUAL,3036,97017,119,4148,101284,152535,3036,No
2018,19,NUEVO LEON,26,SANTIAGO,MORENA,7276,97017,119,4148,101284,152535,7276,No
2018,19,NUEVO LEON,26,SANTIAGO,ES,580,97017,119,4148,101284,152535,580,No
2018,19,NUEVO LEON,26,SANTIAGO,RED,140,97017,119,4148,101284,152535,140,No
2018,19,NUEVO LEON,26,SANTIAGO,PT_MORENA_ES,312,97017,119,4148,101284,152535,13471,Sí
2018,19,NUEVO LEON,26,SANTIAGO,PT_MORENA,125,97017,119,4148,101284,152535,12704,Sí
2018,19,NUEVO LEON,26,SANTIAGO,PT_ES,27,97017,119,4148,101284,152535,5910,Sí
2018,19,NUEVO LEON,26,SANTIAGO,MORENA_ES,85,97017,119,4148,101284,152535,7941,Sí
2018,19,NUEVO LEON,26,SANTIAGO,Candidatura Independiente,8430,97017,119,4148,101284,152535,8430,No
2018,19,NUEVO LEON,3,MONTERREY,PAN,31161,89100,75,2607,91782,146518,31161,No
2018,19,NUEVO LEON,3,MONTERREY,PRI,15625,89100,75,2607,91782,146518,15625,No
2018,19,NUEVO LEON,3,MONTERREY,PRD,628,89100,75,2607,91782,146518,628,No
2018,19,NUEVO LEON,3,MONTERREY,PVEM,4553,89100,75,2607,91782,146518,4553,No
2018,19,NUEVO LEON,3,MONTERREY,PT,3798,89100,75,2607,91782,146518,3798,No
2018,19,NUEVO LEON,3,MONTERREY,MC,12468,89100,75,2607,91782,146518,12468,No
2018,19,NUEVO LEON,3,MONTERREY,NUAL,1637,89100,75,2607,91782,146518,1637,No
2018,19,NUEVO LEON,3,MONTERREY,MORENA,11445,89100,75,2607,91782,146518,11445,No
2018,19,NUEVO LEON,3,MONTERREY,ES,880,89100,75,2607,91782,146518,880,No
2018,19,NUEVO LEON,3,MONTERREY,RED,522,89100,75,2607,91782,146518,522,No
2018,19,NUEVO LEON,3,MONTERREY,PT_MORENA_ES,230,89100,75,2607,91782,146518,16353,Sí
2018,19,NUEVO LEON,3,MONTERREY,PT_MORENA,173,89100,75,2607,91782,146518,15416,Sí
2018,19,NUEVO LEON,3,MONTERREY,PT_ES,45,89100,75,2607,91782,146518,4723,Sí
2018,19,NUEVO LEON,3,MONTERREY,MORENA_ES,36,89100,75,2607,91782,146518,12361,Sí
2018,19,NUEVO LEON,3,MONTERREY,Candidatura Independiente,1893,89100,75,2607,91782,146518,1893,No
2018,19,NUEVO LEON,3,MONTERREY,Candidatura Independiente,4006,89100,75,2607,91782,146518,4006,No
2018,19,NUEVO LEON,4,MONTERREY,PAN,24956,94115,141,2508,96764,153740,24956,No
2018,19,NUEVO LEON,4,MONTERREY,PRI,14606,94115,141,2508,96764,153740,14606,No
2018,19,NUEVO LEON,4,MONTERREY,PRD,694,94115,141,2508,96764,153740,694,No
2018,19,NUEVO LEON,4,MONTERREY,PVEM,5193,94115,141,2508,96764,153740,5193,No
2018,19,NUEVO LEON,4,MONTERREY,PT,1861,94115,141,2508,96764,153740,1861,No
2018,19,NUEVO LEON,4,MONTERREY,MC,32525,94115,141,2508,96764,153740,32525,No
2018,19,NUEVO LEON,4,MONTERREY,NUAL,1584,94115,141,2508,96764,153740,1584,No
2018,19,NUEVO LEON,4,MONTERREY,MORENA,9320,94115,141,2508,96764,153740,9320,No
2018,19,NUEVO LEON,4,MONTERREY,ES,594,94115,141,2508,96764,153740,594,No
2018,19,NUEVO LEON,4,MONTERREY,RED,307,94115,141,2508,96764,153740,307,No
2018,19,NUEVO LEON,4,MONTERREY,PT_MORENA_ES,267,94115,141,2508,96764,153740,12042,Sí
2018,19,NUEVO LEON,4,MONTERREY,PT_MORENA,186,94115,141,2508,96764,153740,11367,Sí
2018,19,NUEVO LEON,4,MONTERREY,PT_ES,12,94115,141,2508,96764,153740,2467,Sí
2018,19,NUEVO LEON,4,MONTERREY,MORENA_ES,28,94115,141,2508,96764,153740,9942,Sí
2018,19,NUEVO LEON,4,MONTERREY,Candidatura Independiente,1982,94115,141,2508,96764,153740,1982,No
2018,19,NUEVO LEON,5,APODACA,PAN,20933,81075,13,1992,83080,158164,20933,No
2018,19,NUEVO LEON,5,APODACA,PRI,18546,81075,13,1992,83080,158164,18546,No
2018,19,NUEVO LEON,5,APODACA,PRD,634,81075,13,1992,83080,158164,634,No
2018,19,NUEVO LEON,5,APODACA,PVEM,2964,81075,13,1992,83080,158164,2964,No
2018,19,NUEVO LEON,5,APODACA,PT,2294,81075,13,1992,83080,158164,2294,No
2018,19,NUEVO LEON,5,APODACA,MC,7136,81075,13,1992,83080,158164,7136,No
2018,19,NUEVO LEON,5,APODACA,NUAL,1595,81075,13,1992,83080,158164,1595,No
2018,19,NUEVO LEON,5,APODACA,MORENA,18053,81075,13,1992,83080,158164,18053,No
2018,19,NUEVO LEON,5,APODACA,ES,1066,81075,13,1992,83080,158164,1066,No
2018,19,NUEVO LEON,5,APODACA,RED,291,81075,13,1992,83080,158164,291,No
2018,19,NUEVO LEON,5,APODACA,PT_MORENA_ES,271,81075,13,1992,83080,158164,21684,Sí
2018,19,NUEVO LEON,5,APODACA,PT_MORENA,151,81075,13,1992,83080,158164,20498,Sí
2018,19,NUEVO LEON,5,APODACA,PT_ES,12,81075,13,1992,83080,158164,3372,Sí
2018,19,NUEVO LEON,5,APODACA,MORENA_ES,67,81075,13,1992,83080,158164,19186,Sí
2018,19,NUEVO LEON,5,APODACA,Candidatura Independiente,5353,81075,13,1992,83080,158164,5353,No
2018,19,NUEVO LEON,5,APODACA,Candidatura Independiente,1709,81075,13,1992,83080,158164,1709,No
2018,19,NUEVO LEON,6,MONTERREY,PAN,26326,88296,92,2929,91317,162322,26326,No
2018,19,NUEVO LEON,6,MONTERREY,PRI,18306,88296,92,2929,91317,162322,18306,No
2018,19,NUEVO LEON,6,MONTERREY,PRD,645,88296,92,2929,91317,162322,645,No
2018,19,NUEVO LEON,6,MONTERREY,PVEM,5825,88296,92,2929,91317,162322,5825,No
2018,19,NUEVO LEON,6,MONTERREY,PT,2618,88296,92,2929,91317,162322,2618,No
2018,19,NUEVO LEON,6,MONTERREY,MC,9615,88296,92,2929,91317,162322,9615,No
2018,19,NUEVO LEON,6,MONTERREY,NUAL,1713,88296,92,2929,91317,162322,1713,No
2018,19,NUEVO LEON,6,MONTERREY,MORENA,14733,88296,92,2929,91317,162322,14733,No
2018,19,NUEVO LEON,6,MONTERREY,ES,1084,88296,92,2929,91317,162322,1084,No
2018,19,NUEVO LEON,6,MONTERREY,RED,448,88296,92,2929,91317,162322,448,No
2018,19,NUEVO LEON,6,MONTERREY,PT_MORENA_ES,275,88296,92,2929,91317,162322,18710,Sí
2018,19,NUEVO LEON,6,MONTERREY,PT_MORENA,173,88296,92,2929,91317,162322,17524,Sí
2018,19,NUEVO LEON,6,MONTERREY,PT_ES,46,88296,92,2929,91317,162322,3748,Sí
2018,19,NUEVO LEON,6,MONTERREY,MORENA_ES,95,88296,92,2929,91317,162322,15912,Sí
2018,19,NUEVO LEON,6,MONTERREY,Candidatura Independiente,2364,88296,92,2929,91317,162322,2364,No
2018,19,NUEVO LEON,6,MONTERREY,Candidatura Independiente,4030,88296,92,2929,91317,162322,4030,No
2018,19,NUEVO LEON,7,APODACA,PAN,12815,64490,57,1472,66019,127323,12815,No
2018,19,NUEVO LEON,7,APODACA,PRI,15941,64490,57,1472,66019,127323,15941,No
2018,19,NUEVO LEON,7,APODACA,PRD,510,64490,57,1472,66019,127323,510,No
2018,19,NUEVO LEON,7,APODACA,PVEM,3149,64490,57,1472,66019,127323,3149,No
2018,19,NUEVO LEON,7,APODACA,PT,1902,64490,57,1472,66019,127323,1902,No
2018,19,NUEVO LEON,7,APODACA,MC,5423,64490,57,1472,66019,127323,5423,No
2018,19,NUEVO LEON,7,APODACA,NUAL,1825,64490,57,1472,66019,127323,1825,No
2018,19,NUEVO LEON,7,APODACA,MORENA,14514,64490,57,1472,66019,127323,14514,No
2018,19,NUEVO LEON,7,APODACA,ES,1023,64490,57,1472,66019,127323,1023,No
2018,19,NUEVO LEON,7,APODACA,RED,301,64490,57,1472,66019,127323,301,No
2018,19,NUEVO LEON,7,APODACA,PT_MORENA_ES,405,64490,57,1472,66019,127323,17844,Sí
2018,19,NUEVO LEON,7,APODACA,PT_MORENA,83,64490,57,1472,66019,127323,16499,Sí
2018,19,NUEVO LEON,7,APODACA,PT_ES,26,64490,57,1472,66019,127323,2951,Sí
2018,19,NUEVO LEON,7,APODACA,MORENA_ES,110,64490,57,1472,66019,127323,15647,Sí
2018,19,NUEVO LEON,7,APODACA,Candidatura Independiente,6463,64490,57,1472,66019,127323,6463,No
2018,19,NUEVO LEON,8,MONTERREY,PAN,32181,83538,51,2675,86264,143958,32181,No
2018,19,NUEVO LEON,8,MONTERREY,PRI,11605,83538,51,2675,86264,143958,11605,No
2018,19,NUEVO LEON,8,MONTERREY,PRD,675,83538,51,2675,86264,143958,675,No
2018,19,NUEVO LEON,8,MONTERREY,PVEM,2956,83538,51,2675,86264,143958,2956,No
2018,19,NUEVO LEON,8,MONTERREY,PT,1443,83538,51,2675,86264,143958,1443,No
2018,19,NUEVO LEON,8,MONTERREY,MC,18265,83538,51,2675,86264,143958,18265,No
2018,19,NUEVO LEON,8,MONTERREY,NUAL,1564,83538,51,2675,86264,143958,1564,No
2018,19,NUEVO LEON,8,MONTERREY,MORENA,8890,83538,51,2675,86264,143958,8890,No
2018,19,NUEVO LEON,8,MONTERREY,ES,603,83538,51,2675,86264,143958,603,No
2018,19,NUEVO LEON,8,MONTERREY,RED,373,83538,51,2675,86264,143958,373,No
2018,19,NUEVO LEON,8,MONTERREY,PT_MORENA_ES,228,83538,51,2675,86264,143958,11164,Sí
2018,19,NUEVO LEON,8,MONTERREY,PT_MORENA,93,83538,51,2675,86264,143958,10426,Sí
2018,19,NUEVO LEON,8,MONTERREY,PT_ES,13,83538,51,2675,86264,143958,2059,Sí
2018,19,NUEVO LEON,8,MONTERREY,MORENA_ES,31,83538,51,2675,86264,143958,9524,Sí
2018,19,NUEVO LEON,8,MONTERREY,Candidatura Independiente,2398,83538,51,2675,86264,143958,2398,No
2018,19,NUEVO LEON,8,MONTERREY,Candidatura Independiente,2220,83538,51,2675,86264,143958,2220,No
2018,19,NUEVO LEON,9,SAN NICOLAS,PAN,35270,82084,96,2184,84364,144107,35270,No
2018,19,NUEVO LEON,9,SAN NICOLAS,PRI,6399,82084,96,2184,84364,144107,6399,No
2018,19,NUEVO LEON,9,SAN NICOLAS,PRD,597,82084,96,2184,84364,144107,597,No
2018,19,NUEVO LEON,9,SAN NICOLAS,PVEM,3276,82084,96,2184,84364,144107,3276,No
2018,19,NUEVO LEON,9,SAN NICOLAS,PT,2196,82084,96,2184,84364,144107,2196,No
2018,19,NUEVO LEON,9,SAN NICOLAS,MC,7845,82084,96,2184,84364,144107,7845,No
2018,19,NUEVO LEON,9,SAN NICOLAS,NUAL,3263,82084,96,2184,84364,144107,3263,No
2018,19,NUEVO LEON,9,SAN NICOLAS,MORENA,13317,82084,96,2184,84364,144107,13317,No
2018,19,NUEVO LEON,9,SAN NICOLAS,ES,839,82084,96,2184,84364,144107,839,No
2018,19,NUEVO LEON,9,SAN NICOLAS,RED,479,82084,96,2184,84364,144107,479,No
2018,19,NUEVO LEON,9,SAN NICOLAS,PT_MORENA_ES,239,82084,96,2184,84364,144107,16591,Sí
2018,19,NUEVO LEON,9,SAN NICOLAS,PT_MORENA,193,82084,96,2184,84364,144107,15706,Sí
2018,19,NUEVO LEON,9,SAN NICOLAS,PT_ES,3,82084,96,2184,84364,144107,3038,Sí
2018,19,NUEVO LEON,9,SAN NICOLAS,MORENA_ES,63,82084,96,2184,84364,144107,14219,Sí
2018,19,NUEVO LEON,9,SAN NICOLAS,Candidatura Independiente,3073,82084,96,2184,84364,144107,3073,No
2018,19,NUEVO LEON,9,SAN NICOLAS,Candidatura Independiente,5032,82084,96,2184,84364,144107,5032,No
2018,20,OAXACA,1,ACATLAN DE PEREZ FIGUEROA,PAN,13306,79502,4,3341,82847,105398,13306,No
2018,20,OAXACA,1,ACATLAN DE PEREZ FIGUEROA,PRI,31382,79502,4,3341,82847,105398,31382,No
2018,20,OAXACA,1,ACATLAN DE PEREZ FIGUEROA,PRD,3741,79502,4,3341,82847,105398,3741,No
2018,20,OAXACA,1,ACATLAN DE PEREZ FIGUEROA,PVEM,2395,79502,4,3341,82847,105398,2395,No
2018,20,OAXACA,1,ACATLAN DE PEREZ FIGUEROA,PT,3707,79502,4,3341,82847,105398,3707,No
2018,20,OAXACA,1,ACATLAN DE PEREZ FIGUEROA,MC,3165,79502,4,3341,82847,105398,3165,No
2018,20,OAXACA,1,ACATLAN DE PEREZ FIGUEROA,PUP,269,79502,4,3341,82847,105398,269,No
2018,20,OAXACA,1,ACATLAN DE PEREZ FIGUEROA,NUAL,1378,79502,4,3341,82847,105398,1378,No
2018,20,OAXACA,1,ACATLAN DE PEREZ FIGUEROA,MORENA,18541,79502,4,3341,82847,105398,18541,No
2018,20,OAXACA,1,ACATLAN DE PEREZ FIGUEROA,PSD,192,79502,4,3341,82847,105398,192,No
2018,20,OAXACA,1,ACATLAN DE PEREZ FIGUEROA,PAN_PRD_MC,188,79502,4,3341,82847,105398,20400,Sí
2018,20,OAXACA,1,ACATLAN DE PEREZ FIGUEROA,PAN_PRD,113,79502,4,3341,82847,105398,17160,Sí
2018,20,OAXACA,1,ACATLAN DE PEREZ FIGUEROA,PAN_MC,84,79502,4,3341,82847,105398,16555,Sí
2018,20,OAXACA,1,ACATLAN DE PEREZ FIGUEROA,PRD_MC,29,79502,4,3341,82847,105398,6935,Sí
2018,20,OAXACA,1,ACATLAN DE PEREZ FIGUEROA,PRI_PVEM_NUAL,391,79502,4,3341,82847,105398,35546,Sí
2018,20,OAXACA,1,ACATLAN DE PEREZ FIGUEROA,PRI_PVEM,563,79502,4,3341,82847,105398,34340,Sí
2018,20,OAXACA,1,ACATLAN DE PEREZ FIGUEROA,PRI_NUAL,46,79502,4,3341,82847,105398,32806,Sí
2018,20,OAXACA,1,ACATLAN DE PEREZ FIGUEROA,PVEM_NUAL...26,12,79502,4,3341,82847,105398,2407,Sí
2018,20,OAXACA,10,SAN PEDRO Y SAN PABLO AYUTLA,PAN,3913,48179,10,2885,51074,94102,3913,No
2018,20,OAXACA,10,SAN PEDRO Y SAN PABLO AYUTLA,PRI,9277,48179,10,2885,51074,94102,9277,No
2018,20,OAXACA,10,SAN PEDRO Y SAN PABLO AYUTLA,PRD,1225,48179,10,2885,51074,94102,1225,No
2018,20,OAXACA,10,SAN PEDRO Y SAN PABLO AYUTLA,PVEM,634,48179,10,2885,51074,94102,634,No
2018,20,OAXACA,10,SAN PEDRO Y SAN PABLO AYUTLA,PT,6737,48179,10,2885,51074,94102,6737,No
2018,20,OAXACA,10,SAN PEDRO Y SAN PABLO AYUTLA,MC,710,48179,10,2885,51074,94102,710,No
2018,20,OAXACA,10,SAN PEDRO Y SAN PABLO AYUTLA,PUP,396,48179,10,2885,51074,94102,396,No
2018,20,OAXACA,10,SAN PEDRO Y SAN PABLO AYUTLA,NUAL,619,48179,10,2885,51074,94102,619,No
2018,20,OAXACA,10,SAN PEDRO Y SAN PABLO AYUTLA,MORENA,21575,48179,10,2885,51074,94102,21575,No
2018,20,OAXACA,10,SAN PEDRO Y SAN PABLO AYUTLA,ES,864,48179,10,2885,51074,94102,864,No
2018,20,OAXACA,10,SAN PEDRO Y SAN PABLO AYUTLA,PMR,253,48179,10,2885,51074,94102,253,No
2018,20,OAXACA,10,SAN PEDRO Y SAN PABLO AYUTLA,PAN_PRD_MC,63,48179,10,2885,51074,94102,5911,Sí
2018,20,OAXACA,10,SAN PEDRO Y SAN PABLO AYUTLA,PAN_PRD,39,48179,10,2885,51074,94102,5177,Sí
2018,20,OAXACA,10,SAN PEDRO Y SAN PABLO AYUTLA,PAN_MC,15,48179,10,2885,51074,94102,4638,Sí
2018,20,OAXACA,10,SAN PEDRO Y SAN PABLO AYUTLA,PRD_MC,8,48179,10,2885,51074,94102,1943,Sí
2018,20,OAXACA,10,SAN PEDRO Y SAN PABLO AYUTLA,PRI_PVEM_NUAL,122,48179,10,2885,51074,94102,10652,Sí
2018,20,OAXACA,10,SAN PEDRO Y SAN PABLO AYUTLA,PRI_PVEM,168,48179,10,2885,51074,94102,10079,Sí
2018,20,OAXACA,10,SAN PEDRO Y SAN PABLO AYUTLA,PRI_NUAL,21,48179,10,2885,51074,94102,9917,Sí
2018,20,OAXACA,10,SAN PEDRO Y SAN PABLO AYUTLA,PVEM_NUAL...26,9,48179,10,2885,51074,94102,643,Sí
2018,20,OAXACA,10,SAN PEDRO Y SAN PABLO AYUTLA,PT_MORENA_ES,749,48179,10,2885,51074,94102,29925,Sí
2018,20,OAXACA,10,SAN PEDRO Y SAN PABLO AYUTLA,PT_MORENA,514,48179,10,2885,51074,94102,28826,Sí
2018,20,OAXACA,10,SAN PEDRO Y SAN PABLO AYUTLA,PT_ES,94,48179,10,2885,51074,94102,7695,Sí
2018,20,OAXACA,10,SAN PEDRO Y SAN PABLO AYUTLA,MORENA_ES,174,48179,10,2885,51074,94102,22613,Sí
2018,20,OAXACA,11,MATIAS ROMERO AVENDAÑO,PAN,3903,84481,11,3980,88472,125587,3903,No
2018,20,OAXACA,11,MATIAS ROMERO AVENDAÑO,PRI,19605,84481,11,3980,88472,125587,19605,No
2018,20,OAXACA,11,MATIAS ROMERO AVENDAÑO,PRD,10653,84481,11,3980,88472,125587,10653,No
2018,20,OAXACA,11,MATIAS ROMERO AVENDAÑO,PVEM,3423,84481,11,3980,88472,125587,3423,No
2018,20,OAXACA,11,MATIAS ROMERO AVENDAÑO,PT,4848,84481,11,3980,88472,125587,4848,No
2018,20,OAXACA,11,MATIAS ROMERO AVENDAÑO,MC,3339,84481,11,3980,88472,125587,3339,No
2018,20,OAXACA,11,MATIAS ROMERO AVENDAÑO,PUP,848,84481,11,3980,88472,125587,848,No
2018,20,OAXACA,11,MATIAS ROMERO AVENDAÑO,NUAL,1611,84481,11,3980,88472,125587,1611,No
2018,20,OAXACA,11,MATIAS ROMERO AVENDAÑO,MORENA,31764,84481,11,3980,88472,125587,31764,No
2018,20,OAXACA,11,MATIAS ROMERO AVENDAÑO,ES,1185,84481,11,3980,88472,125587,1185,No
2018,20,OAXACA,11,MATIAS ROMERO AVENDAÑO,PSD,1141,84481,11,3980,88472,125587,1141,No
2018,20,OAXACA,11,MATIAS ROMERO AVENDAÑO,PMR,661,84481,11,3980,88472,125587,661,No
2018,20,OAXACA,11,MATIAS ROMERO AVENDAÑO,PAN_PRD_MC,106,84481,11,3980,88472,125587,18001,Sí
2018,20,OAXACA,11,MATIAS ROMERO AVENDAÑO,PAN_PRD,61,84481,11,3980,88472,125587,14617,Sí
2018,20,OAXACA,11,MATIAS ROMERO AVENDAÑO,PAN_MC,25,84481,11,3980,88472,125587,7267,Sí
2018,20,OAXACA,11,MATIAS ROMERO AVENDAÑO,PRD_MC,25,84481,11,3980,88472,125587,14017,Sí
2018,20,OAXACA,11,MATIAS ROMERO AVENDAÑO,PRI_PVEM_NUAL,226,84481,11,3980,88472,125587,24865,Sí
2018,20,OAXACA,11,MATIAS ROMERO AVENDAÑO,PRI_PVEM,265,84481,11,3980,88472,125587,23293,Sí
2018,20,OAXACA,11,MATIAS ROMERO AVENDAÑO,PRI_NUAL,31,84481,11,3980,88472,125587,21247,Sí
2018,20,OAXACA,11,MATIAS ROMERO AVENDAÑO,PVEM_NUAL...26,21,84481,11,3980,88472,125587,3444,Sí
2018,20,OAXACA,11,MATIAS ROMERO AVENDAÑO,PT_MORENA_ES,410,84481,11,3980,88472,125587,38207,Sí
2018,20,OAXACA,11,MATIAS ROMERO AVENDAÑO,PT_MORENA,163,84481,11,3980,88472,125587,36775,Sí
2018,20,OAXACA,11,MATIAS ROMERO AVENDAÑO,PT_ES,35,84481,11,3980,88472,125587,6068,Sí
2018,20,OAXACA,11,MATIAS ROMERO AVENDAÑO,MORENA_ES,132,84481,11,3980,88472,125587,33081,Sí
2018,20,OAXACA,12,SANTA LUCIA DEL CAMINO,PAN,5083,71160,36,2563,73759,114262,5083,No
2018,20,OAXACA,12,SANTA LUCIA DEL CAMINO,PRI,10022,71160,36,2563,73759,114262,10022,No
2018,20,OAXACA,12,SANTA LUCIA DEL CAMINO,PRD,1889,71160,36,2563,73759,114262,1889,No
2018,20,OAXACA,12,SANTA LUCIA DEL CAMINO,PVEM,1889,71160,36,2563,73759,114262,1889,No
2018,20,OAXACA,12,SANTA LUCIA DEL CAMINO,PT,4015,71160,36,2563,73759,114262,4015,No
2018,20,OAXACA,12,SANTA LUCIA DEL CAMINO,MC,1569,71160,36,2563,73759,114262,1569,No
2018,20,OAXACA,12,SANTA LUCIA DEL CAMINO,PUP,1797,71160,36,2563,73759,114262,1797,No
2018,20,OAXACA,12,SANTA LUCIA DEL CAMINO,NUAL,1442,71160,36,2563,73759,114262,1442,No
2018,20,OAXACA,12,SANTA LUCIA DEL CAMINO,MORENA,36559,71160,36,2563,73759,114262,36559,No
2018,20,OAXACA,12,SANTA LUCIA DEL CAMINO,ES,1510,71160,36,2563,73759,114262,1510,No
2018,20,OAXACA,12,SANTA LUCIA DEL CAMINO,PSD,819,71160,36,2563,73759,114262,819,No
2018,20,OAXACA,12,SANTA LUCIA DEL CAMINO,PMR,2230,71160,36,2563,73759,114262,2230,No
2018,20,OAXACA,12,SANTA LUCIA DEL CAMINO,PAN_PRD_MC,165,71160,36,2563,73759,114262,8706,Sí
2018,20,OAXACA,12,SANTA LUCIA DEL CAMINO,PAN_PRD,51,71160,36,2563,73759,114262,7023,Sí
2018,20,OAXACA,12,SANTA LUCIA DEL CAMINO,PAN_MC,20,71160,36,2563,73759,114262,6672,Sí
2018,20,OAXACA,12,SANTA LUCIA DEL CAMINO,PRD_MC,17,71160,36,2563,73759,114262,3475,Sí
2018,20,OAXACA,12,SANTA LUCIA DEL CAMINO,PRI_PVEM_NUAL,181,71160,36,2563,73759,114262,13534,Sí
2018,20,OAXACA,12,SANTA LUCIA DEL CAMINO,PRI_PVEM,234,71160,36,2563,73759,114262,12145,Sí
2018,20,OAXACA,12,SANTA LUCIA DEL CAMINO,PRI_NUAL,48,71160,36,2563,73759,114262,11512,Sí
2018,20,OAXACA,12,SANTA LUCIA DEL CAMINO,PVEM_NUAL...26,19,71160,36,2563,73759,114262,1908,Sí
2018,20,OAXACA,12,SANTA LUCIA DEL CAMINO,PT_MORENA_ES,970,71160,36,2563,73759,114262,43054,Sí
2018,20,OAXACA,12,SANTA LUCIA DEL CAMINO,PT_MORENA,406,71160,36,2563,73759,114262,40980,Sí
2018,20,OAXACA,12,SANTA LUCIA DEL CAMINO,PT_ES,55,71160,36,2563,73759,114262,5580,Sí
2018,20,OAXACA,12,SANTA LUCIA DEL CAMINO,MORENA_ES,170,71160,36,2563,73759,114262,38239,Sí
2018,20,OAXACA,13,OAXACA DE JUAREZ ZONA SUR,PAN,8379,80713,66,3023,83802,128612,8379,No
2018,20,OAXACA,13,OAXACA DE JUAREZ ZONA SUR,PRI,11760,80713,66,3023,83802,128612,11760,No
2018,20,OAXACA,13,OAXACA DE JUAREZ ZONA SUR,PRD,2112,80713,66,3023,83802,128612,2112,No
2018,20,OAXACA,13,OAXACA DE JUAREZ ZONA SUR,PVEM,1908,80713,66,3023,83802,128612,1908,No
2018,20,OAXACA,13,OAXACA DE JUAREZ ZONA SUR,PT,4002,80713,66,3023,83802,128612,4002,No
2018,20,OAXACA,13,OAXACA DE JUAREZ ZONA SUR,MC,1234,80713,66,3023,83802,128612,1234,No
2018,20,OAXACA,13,OAXACA DE JUAREZ ZONA SUR,PUP,1689,80713,66,3023,83802,128612,1689,No
2018,20,OAXACA,13,OAXACA DE JUAREZ ZONA SUR,NUAL,1065,80713,66,3023,83802,128612,1065,No
2018,20,OAXACA,13,OAXACA DE JUAREZ ZONA SUR,MORENA,41164,80713,66,3023,83802,128612,41164,No
2018,20,OAXACA,13,OAXACA DE JUAREZ ZONA SUR,ES,1554,80713,66,3023,83802,128612,1554,No
2018,20,OAXACA,13,OAXACA DE JUAREZ ZONA SUR,PSD,1061,80713,66,3023,83802,128612,1061,No
2018,20,OAXACA,13,OAXACA DE JUAREZ ZONA SUR,PMR,2744,80713,66,3023,83802,128612,2744,No
2018,20,OAXACA,13,OAXACA DE JUAREZ ZONA SUR,PAN_PRD_MC,185,80713,66,3023,83802,128612,11910,Sí
2018,20,OAXACA,13,OAXACA DE JUAREZ ZONA SUR,PAN_PRD,95,80713,66,3023,83802,128612,10586,Sí
2018,20,OAXACA,13,OAXACA DE JUAREZ ZONA SUR,PAN_MC,26,80713,66,3023,83802,128612,9639,Sí
2018,20,OAXACA,13,OAXACA DE JUAREZ ZONA SUR,PRD_MC,22,80713,66,3023,83802,128612,3368,Sí
2018,20,OAXACA,13,OAXACA DE JUAREZ ZONA SUR,PT_MORENA_ES,1083,80713,66,3023,83802,128612,47803,Sí
2018,20,OAXACA,13,OAXACA DE JUAREZ ZONA SUR,PT_MORENA,372,80713,66,3023,83802,128612,45538,Sí
2018,20,OAXACA,13,OAXACA DE JUAREZ ZONA SUR,PT_ES,46,80713,66,3023,83802,128612,5602,Sí
2018,20,OAXACA,13,OAXACA DE JUAREZ ZONA SUR,MORENA_ES,212,80713,66,3023,83802,128612,42930,Sí
2018,20,OAXACA,14,OAXACA DE JUAREZ ZONA NORTE,PAN,11787,83321,51,3410,86782,127988,11787,No
2018,20,OAXACA,14,OAXACA DE JUAREZ ZONA NORTE,PRI,13488,83321,51,3410,86782,127988,13488,No
2018,20,OAXACA,14,OAXACA DE JUAREZ ZONA NORTE,PRD,1577,83321,51,3410,86782,127988,1577,No
2018,20,OAXACA,14,OAXACA DE JUAREZ ZONA NORTE,PVEM,3268,83321,51,3410,86782,127988,3268,No
2018,20,OAXACA,14,OAXACA DE JUAREZ ZONA NORTE,PT,3389,83321,51,3410,86782,127988,3389,No
2018,20,OAXACA,14,OAXACA DE JUAREZ ZONA NORTE,MC,1318,83321,51,3410,86782,127988,1318,No
2018,20,OAXACA,14,OAXACA DE JUAREZ ZONA NORTE,PUP,1756,83321,51,3410,86782,127988,1756,No
2018,20,OAXACA,14,OAXACA DE JUAREZ ZONA NORTE,NUAL,1467,83321,51,3410,86782,127988,1467,No
2018,20,OAXACA,14,OAXACA DE JUAREZ ZONA NORTE,MORENA,39198,83321,51,3410,86782,127988,39198,No
2018,20,OAXACA,14,OAXACA DE JUAREZ ZONA NORTE,ES,1340,83321,51,3410,86782,127988,1340,No
2018,20,OAXACA,14,OAXACA DE JUAREZ ZONA NORTE,PSD,634,83321,51,3410,86782,127988,634,No
2018,20,OAXACA,14,OAXACA DE JUAREZ ZONA NORTE,PMR,2184,83321,51,3410,86782,127988,2184,No
2018,20,OAXACA,14,OAXACA DE JUAREZ ZONA NORTE,PAN_PRD_MC,236,83321,51,3410,86782,127988,14918,Sí
2018,20,OAXACA,14,OAXACA DE JUAREZ ZONA NORTE,PAN_PRD,112,83321,51,3410,86782,127988,13476,Sí
2018,20,OAXACA,14,OAXACA DE JUAREZ ZONA NORTE,PAN_MC,47,83321,51,3410,86782,127988,13152,Sí
2018,20,OAXACA,14,OAXACA DE JUAREZ ZONA NORTE,PRD_MC,25,83321,51,3410,86782,127988,2920,Sí
2018,20,OAXACA,14,OAXACA DE JUAREZ ZONA NORTE,PT_MORENA_ES,895,83321,51,3410,86782,127988,44822,Sí
2018,20,OAXACA,14,OAXACA DE JUAREZ ZONA NORTE,PT_MORENA,365,83321,51,3410,86782,127988,42952,Sí
2018,20,OAXACA,14,OAXACA DE JUAREZ ZONA NORTE,PT_ES,39,83321,51,3410,86782,127988,4768,Sí
2018,20,OAXACA,14,OAXACA DE JUAREZ ZONA NORTE,MORENA_ES,196,83321,51,3410,86782,127988,40734,Sí
2018,20,OAXACA,15,SANTA CRUZ XOXOCOTLAN,PAN,3944,81903,17,3330,85250,126993,3944,No
2018,20,OAXACA,15,SANTA CRUZ XOXOCOTLAN,PRI,7339,81903,17,3330,85250,126993,7339,No
2018,20,OAXACA,15,SANTA CRUZ XOXOCOTLAN,PRD,11322,81903,17,3330,85250,126993,11322,No
2018,20,OAXACA,15,SANTA CRUZ XOXOCOTLAN,PVEM,1720,81903,17,3330,85250,126993,1720,No
2018,20,OAXACA,15,SANTA CRUZ XOXOCOTLAN,PT,3222,81903,17,3330,85250,126993,3222,No
2018,20,OAXACA,15,SANTA CRUZ XOXOCOTLAN,MC,1164,81903,17,3330,85250,126993,1164,No
2018,20,OAXACA,15,SANTA CRUZ XOXOCOTLAN,PUP,6492,81903,17,3330,85250,126993,6492,No
2018,20,OAXACA,15,SANTA CRUZ XOXOCOTLAN,NUAL,1104,81903,17,3330,85250,126993,1104,No
2018,20,OAXACA,15,SANTA CRUZ XOXOCOTLAN,MORENA,38963,81903,17,3330,85250,126993,38963,No
2018,20,OAXACA,15,SANTA CRUZ XOXOCOTLAN,ES,1316,81903,17,3330,85250,126993,1316,No
2018,20,OAXACA,15,SANTA CRUZ XOXOCOTLAN,PSD,1438,81903,17,3330,85250,126993,1438,No
2018,20,OAXACA,15,SANTA CRUZ XOXOCOTLAN,PMR,1875,81903,17,3330,85250,126993,1875,No
2018,20,OAXACA,15,SANTA CRUZ XOXOCOTLAN,PAN_PRD_MC,200,81903,17,3330,85250,126993,16630,Sí
2018,20,OAXACA,15,SANTA CRUZ XOXOCOTLAN,PAN_PRD,154,81903,17,3330,85250,126993,15420,Sí
2018,20,OAXACA,15,SANTA CRUZ XOXOCOTLAN,PAN_MC,14,81903,17,3330,85250,126993,5122,Sí
2018,20,OAXACA,15,SANTA CRUZ XOXOCOTLAN,PRD_MC,86,81903,17,3330,85250,126993,12572,Sí
2018,20,OAXACA,15,SANTA CRUZ XOXOCOTLAN,PRI_PVEM_NUAL,94,81903,17,3330,85250,126993,10257,Sí
2018,20,OAXACA,15,SANTA CRUZ XOXOCOTLAN,PRI_PVEM,118,81903,17,3330,85250,126993,9177,Sí
2018,20,OAXACA,15,SANTA CRUZ XOXOCOTLAN,PRI_NUAL,21,81903,17,3330,85250,126993,8464,Sí
2018,20,OAXACA,15,SANTA CRUZ XOXOCOTLAN,PVEM_NUAL...26,10,81903,17,3330,85250,126993,1730,Sí
2018,20,OAXACA,15,SANTA CRUZ XOXOCOTLAN,PT_MORENA_ES,804,81903,17,3330,85250,126993,44305,Sí
2018,20,OAXACA,15,SANTA CRUZ XOXOCOTLAN,PT_MORENA,301,81903,17,3330,85250,126993,42486,Sí
2018,20,OAXACA,15,SANTA CRUZ XOXOCOTLAN,PT_ES,30,81903,17,3330,85250,126993,4568,Sí
2018,20,OAXACA,15,SANTA CRUZ XOXOCOTLAN,MORENA_ES,172,81903,17,3330,85250,126993,40451,Sí
2018,20,OAXACA,16,ZIMATLAN DE ALVAREZ,PAN,7256,74243,16,4065,78324,118087,7256,No
2018,20,OAXACA,16,ZIMATLAN DE ALVAREZ,PRI,11969,74243,16,4065,78324,118087,11969,No
2018,20,OAXACA,16,ZIMATLAN DE ALVAREZ,PRD,11817,74243,16,4065,78324,118087,11817,No
2018,20,OAXACA,16,ZIMATLAN DE ALVAREZ,PVEM,1486,74243,16,4065,78324,118087,1486,No
2018,20,OAXACA,16,ZIMATLAN DE ALVAREZ,PT,3700,74243,16,4065,78324,118087,3700,No
2018,20,OAXACA,16,ZIMATLAN DE ALVAREZ,MC,1609,74243,16,4065,78324,118087,1609,No
2018,20,OAXACA,16,ZIMATLAN DE ALVAREZ,PUP,1204,74243,16,4065,78324,118087,1204,No
2018,20,OAXACA,16,ZIMATLAN DE ALVAREZ,NUAL,1541,74243,16,4065,78324,118087,1541,No
2018,20,OAXACA,16,ZIMATLAN DE ALVAREZ,MORENA,28733,74243,16,4065,78324,118087,28733,No
2018,20,OAXACA,16,ZIMATLAN DE ALVAREZ,ES,1685,74243,16,4065,78324,118087,1685,No
2018,20,OAXACA,16,ZIMATLAN DE ALVAREZ,PSD,1033,74243,16,4065,78324,118087,1033,No
2018,20,OAXACA,16,ZIMATLAN DE ALVAREZ,PAN_PRD_MC,221,74243,16,4065,78324,118087,20903,Sí
2018,20,OAXACA,16,ZIMATLAN DE ALVAREZ,PAN_PRD,245,74243,16,4065,78324,118087,19318,Sí
2018,20,OAXACA,16,ZIMATLAN DE ALVAREZ,PAN_MC,43,74243,16,4065,78324,118087,8908,Sí
2018,20,OAXACA,16,ZIMATLAN DE ALVAREZ,PRD_MC,79,74243,16,4065,78324,118087,13505,Sí
2018,20,OAXACA,16,ZIMATLAN DE ALVAREZ,PT_MORENA_ES,693,74243,16,4065,78324,118087,34811,Sí
2018,20,OAXACA,16,ZIMATLAN DE ALVAREZ,PT_MORENA,341,74243,16,4065,78324,118087,32774,Sí
2018,20,OAXACA,16,ZIMATLAN DE ALVAREZ,PT_ES,58,74243,16,4065,78324,118087,5443,Sí
2018,20,OAXACA,16,ZIMATLAN DE ALVAREZ,MORENA_ES,194,74243,16,4065,78324,118087,30612,Sí
2018,20,OAXACA,16,ZIMATLAN DE ALVAREZ,C_COMUN_PRI_PVEM_NUAL,124,74243,16,4065,78324,118087,15120,Sí
2018,20,OAXACA,16,ZIMATLAN DE ALVAREZ,PRI-PVEM,161,74243,16,4065,78324,118087,161,No
2018,20,OAXACA,16,ZIMATLAN DE ALVAREZ,PRI-NA,39,74243,16,4065,78324,118087,39,No
2018,20,OAXACA,16,ZIMATLAN DE ALVAREZ,PVEM_NUAL...34,12,74243,16,4065,78324,118087,1498,Sí
2018,20,OAXACA,17,TLACOLULA DE MATAMOROS,PAN,6213,69762,20,3504,73286,128676,6213,No
2018,20,OAXACA,17,TLACOLULA DE MATAMOROS,PRI,11009,69762,20,3504,73286,128676,11009,No
2018,20,OAXACA,17,TLACOLULA DE MATAMOROS,PRD,1984,69762,20,3504,73286,128676,1984,No
2018,20,OAXACA,17,TLACOLULA DE MATAMOROS,PVEM,2964,69762,20,3504,73286,128676,2964,No
2018,20,OAXACA,17,TLACOLULA DE MATAMOROS,PT,7647,69762,20,3504,73286,128676,7647,No
2018,20,OAXACA,17,TLACOLULA DE MATAMOROS,MC,1125,69762,20,3504,73286,128676,1125,No
2018,20,OAXACA,17,TLACOLULA DE MATAMOROS,PUP,706,69762,20,3504,73286,128676,706,No
2018,20,OAXACA,17,TLACOLULA DE MATAMOROS,NUAL,1163,69762,20,3504,73286,128676,1163,No
2018,20,OAXACA,17,TLACOLULA DE MATAMOROS,MORENA,29237,69762,20,3504,73286,128676,29237,No
2018,20,OAXACA,17,TLACOLULA DE MATAMOROS,ES,1383,69762,20,3504,73286,128676,1383,No
2018,20,OAXACA,17,TLACOLULA DE MATAMOROS,PSD,332,69762,20,3504,73286,128676,332,No
2018,20,OAXACA,17,TLACOLULA DE MATAMOROS,PMR,3079,69762,20,3504,73286,128676,3079,No
2018,20,OAXACA,17,TLACOLULA DE MATAMOROS,PAN_PRD_MC,137,69762,20,3504,73286,128676,9459,Sí
2018,20,OAXACA,17,TLACOLULA DE MATAMOROS,PAN_PRD,61,69762,20,3504,73286,128676,8258,Sí
2018,20,OAXACA,17,TLACOLULA DE MATAMOROS,PAN_MC,29,69762,20,3504,73286,128676,7367,Sí
2018,20,OAXACA,17,TLACOLULA DE MATAMOROS,PRD_MC,14,69762,20,3504,73286,128676,3123,Sí
2018,20,OAXACA,17,TLACOLULA DE MATAMOROS,PRI_PVEM_NUAL,213,69762,20,3504,73286,128676,15349,Sí
2018,20,OAXACA,17,TLACOLULA DE MATAMOROS,PRI_PVEM,216,69762,20,3504,73286,128676,14189,Sí
2018,20,OAXACA,17,TLACOLULA DE MATAMOROS,PRI_NUAL,28,69762,20,3504,73286,128676,12200,Sí
2018,20,OAXACA,17,TLACOLULA DE MATAMOROS,PVEM_NUAL...26,36,69762,20,3504,73286,128676,3000,Sí
2018,20,OAXACA,17,TLACOLULA DE MATAMOROS,PT_MORENA_ES,1338,69762,20,3504,73286,128676,39605,Sí
2018,20,OAXACA,17,TLACOLULA DE MATAMOROS,PT_MORENA,557,69762,20,3504,73286,128676,37441,Sí
2018,20,OAXACA,17,TLACOLULA DE MATAMOROS,PT_ES,96,69762,20,3504,73286,128676,9126,Sí
2018,20,OAXACA,17,TLACOLULA DE MATAMOROS,MORENA_ES,195,69762,20,3504,73286,128676,30815,Sí
2018,20,OAXACA,18,SANTO DOMINGO TEHUANTEPEC,PAN,1588,68147,11,2893,71051,101339,1588,No
2018,20,OAXACA,18,SANTO DOMINGO TEHUANTEPEC,PRI,11746,68147,11,2893,71051,101339,11746,No
2018,20,OAXACA,18,SANTO DOMINGO TEHUANTEPEC,PRD,4804,68147,11,2893,71051,101339,4804,No
2018,20,OAXACA,18,SANTO DOMINGO TEHUANTEPEC,PVEM,1790,68147,11,2893,71051,101339,1790,No
2018,20,OAXACA,18,SANTO DOMINGO TEHUANTEPEC,PT,6810,68147,11,2893,71051,101339,6810,No
2018,20,OAXACA,18,SANTO DOMINGO TEHUANTEPEC,MC,1660,68147,11,2893,71051,101339,1660,No
2018,20,OAXACA,18,SANTO DOMINGO TEHUANTEPEC,PUP,3386,68147,11,2893,71051,101339,3386,No
2018,20,OAXACA,18,SANTO DOMINGO TEHUANTEPEC,NUAL,1775,68147,11,2893,71051,101339,1775,No
2018,20,OAXACA,18,SANTO DOMINGO TEHUANTEPEC,MORENA,30721,68147,11,2893,71051,101339,30721,No
2018,20,OAXACA,18,SANTO DOMINGO TEHUANTEPEC,ES,1301,68147,11,2893,71051,101339,1301,No
2018,20,OAXACA,18,SANTO DOMINGO TEHUANTEPEC,PSD,349,68147,11,2893,71051,101339,349,No
2018,20,OAXACA,18,SANTO DOMINGO TEHUANTEPEC,PMR,869,68147,11,2893,71051,101339,869,No
2018,20,OAXACA,18,SANTO DOMINGO TEHUANTEPEC,PAN_PRD_MC,60,68147,11,2893,71051,101339,8112,Sí
2018,20,OAXACA,18,SANTO DOMINGO TEHUANTEPEC,PAN_PRD,49,68147,11,2893,71051,101339,6441,Sí
2018,20,OAXACA,18,SANTO DOMINGO TEHUANTEPEC,PAN_MC,10,68147,11,2893,71051,101339,3258,Sí
2018,20,OAXACA,18,SANTO DOMINGO TEHUANTEPEC,PRD_MC,27,68147,11,2893,71051,101339,6491,Sí
2018,20,OAXACA,18,SANTO DOMINGO TEHUANTEPEC,PRI_PVEM_NUAL,91,68147,11,2893,71051,101339,15402,Sí
2018,20,OAXACA,18,SANTO DOMINGO TEHUANTEPEC,PRI_PVEM,173,68147,11,2893,71051,101339,13709,Sí
2018,20,OAXACA,18,SANTO DOMINGO TEHUANTEPEC,PRI_NUAL,22,68147,11,2893,71051,101339,13543,Sí
2018,20,OAXACA,18,SANTO DOMINGO TEHUANTEPEC,PVEM_NUAL...26,8,68147,11,2893,71051,101339,1798,Sí
2018,20,OAXACA,18,SANTO DOMINGO TEHUANTEPEC,PT_MORENA_ES,530,68147,11,2893,71051,101339,39362,Sí
2018,20,OAXACA,18,SANTO DOMINGO TEHUANTEPEC,PT_MORENA,201,68147,11,2893,71051,101339,37732,Sí
2018,20,OAXACA,18,SANTO DOMINGO TEHUANTEPEC,PT_ES,45,68147,11,2893,71051,101339,8156,Sí
2018,20,OAXACA,18,SANTO DOMINGO TEHUANTEPEC,MORENA_ES,132,68147,11,2893,71051,101339,32154,Sí
2018,20,OAXACA,19,SALINA CRUZ,PAN,2766,83268,18,3037,86323,122668,2766,No
2018,20,OAXACA,19,SALINA CRUZ,PRI,16852,83268,18,3037,86323,122668,16852,No
2018,20,OAXACA,19,SALINA CRUZ,PRD,2529,83268,18,3037,86323,122668,2529,No
2018,20,OAXACA,19,SALINA CRUZ,PVEM,5359,83268,18,3037,86323,122668,5359,No
2018,20,OAXACA,19,SALINA CRUZ,PT,3832,83268,18,3037,86323,122668,3832,No
2018,20,OAXACA,19,SALINA CRUZ,MC,1700,83268,18,3037,86323,122668,1700,No
2018,20,OAXACA,19,SALINA CRUZ,PUP,959,83268,18,3037,86323,122668,959,No
2018,20,OAXACA,19,SALINA CRUZ,NUAL,1059,83268,18,3037,86323,122668,1059,No
2018,20,OAXACA,19,SALINA CRUZ,MORENA,43658,83268,18,3037,86323,122668,43658,No
2018,20,OAXACA,19,SALINA CRUZ,ES,1076,83268,18,3037,86323,122668,1076,No
2018,20,OAXACA,19,SALINA CRUZ,PSD,215,83268,18,3037,86323,122668,215,No
2018,20,OAXACA,19,SALINA CRUZ,PMR,928,83268,18,3037,86323,122668,928,No
2018,20,OAXACA,19,SALINA CRUZ,PAN_PRD_MC,94,83268,18,3037,86323,122668,7089,Sí
2018,20,OAXACA,19,SALINA CRUZ,PAN_PRD,30,83268,18,3037,86323,122668,5325,Sí
2018,20,OAXACA,19,SALINA CRUZ,PAN_MC,21,83268,18,3037,86323,122668,4487,Sí
2018,20,OAXACA,19,SALINA CRUZ,PRD_MC,12,83268,18,3037,86323,122668,4241,Sí
2018,20,OAXACA,19,SALINA CRUZ,PT_MORENA_ES,577,83268,18,3037,86323,122668,49143,Sí
2018,20,OAXACA,19,SALINA CRUZ,PT_MORENA,265,83268,18,3037,86323,122668,47755,Sí
2018,20,OAXACA,19,SALINA CRUZ,PT_ES,69,83268,18,3037,86323,122668,4977,Sí
2018,20,OAXACA,19,SALINA CRUZ,MORENA_ES,142,83268,18,3037,86323,122668,44876,Sí
2018,20,OAXACA,19,SALINA CRUZ,C_COMUN_PRI_PVEM,520,83268,18,3037,86323,122668,22731,Sí
2018,20,OAXACA,19,SALINA CRUZ,Candidatura Independiente,605,83268,18,3037,86323,122668,605,No
2018,20,OAXACA,2,SAN JUAN BAUTISTA TUXTEPEC,PAN,4015,73888,7,3009,76904,110258,4015,No
2018,20,OAXACA,2,SAN JUAN BAUTISTA TUXTEPEC,PRI,4626,73888,7,3009,76904,110258,4626,No
2018,20,OAXACA,2,SAN JUAN BAUTISTA TUXTEPEC,PRD,1304,73888,7,3009,76904,110258,1304,No
2018,20,OAXACA,2,SAN JUAN BAUTISTA TUXTEPEC,PVEM,4829,73888,7,3009,76904,110258,4829,No
2018,20,OAXACA,2,SAN JUAN BAUTISTA TUXTEPEC,PT,2265,73888,7,3009,76904,110258,2265,No
2018,20,OAXACA,2,SAN JUAN BAUTISTA TUXTEPEC,MC,1764,73888,7,3009,76904,110258,1764,No
2018,20,OAXACA,2,SAN JUAN BAUTISTA TUXTEPEC,PUP,437,73888,7,3009,76904,110258,437,No
2018,20,OAXACA,2,SAN JUAN BAUTISTA TUXTEPEC,NUAL,24240,73888,7,3009,76904,110258,24240,No
2018,20,OAXACA,2,SAN JUAN BAUTISTA TUXTEPEC,MORENA,27164,73888,7,3009,76904,110258,27164,No
2018,20,OAXACA,2,SAN JUAN BAUTISTA TUXTEPEC,ES,1667,73888,7,3009,76904,110258,1667,No
2018,20,OAXACA,2,SAN JUAN BAUTISTA TUXTEPEC,PSD,206,73888,7,3009,76904,110258,206,No
2018,20,OAXACA,2,SAN JUAN BAUTISTA TUXTEPEC,PMR,194,73888,7,3009,76904,110258,194,No
2018,20,OAXACA,2,SAN JUAN BAUTISTA TUXTEPEC,PAN_PRD_MC,106,73888,7,3009,76904,110258,7189,Sí
2018,20,OAXACA,2,SAN JUAN BAUTISTA TUXTEPEC,PAN_PRD,34,73888,7,3009,76904,110258,5353,Sí
2018,20,OAXACA,2,SAN JUAN BAUTISTA TUXTEPEC,PAN_MC,28,73888,7,3009,76904,110258,5807,Sí
2018,20,OAXACA,2,SAN JUAN BAUTISTA TUXTEPEC,PRD_MC,10,73888,7,3009,76904,110258,3078,Sí
2018,20,OAXACA,2,SAN JUAN BAUTISTA TUXTEPEC,PT_MORENA_ES,591,73888,7,3009,76904,110258,31687,Sí
2018,20,OAXACA,2,SAN JUAN BAUTISTA TUXTEPEC,PT_MORENA,196,73888,7,3009,76904,110258,29625,Sí
2018,20,OAXACA,2,SAN JUAN BAUTISTA TUXTEPEC,PT_ES,30,73888,7,3009,76904,110258,3962,Sí
2018,20,OAXACA,2,SAN JUAN BAUTISTA TUXTEPEC,MORENA_ES,182,73888,7,3009,76904,110258,29013,Sí
2018,20,OAXACA,20,HEROICA CIUDAD DE JUCHITAN DE ZARAGOZA,PAN,2149,72570,70,5809,78449,114231,2149,No
2018,20,OAXACA,20,HEROICA CIUDAD DE JUCHITAN DE ZARAGOZA,PRI,21484,72570,70,5809,78449,114231,21484,No
2018,20,OAXACA,20,HEROICA CIUDAD DE JUCHITAN DE ZARAGOZA,PRD,5271,72570,70,5809,78449,114231,5271,No
2018,20,OAXACA,20,HEROICA CIUDAD DE JUCHITAN DE ZARAGOZA,PVEM,2171,72570,70,5809,78449,114231,2171,No
2018,20,OAXACA,20,HEROICA CIUDAD DE JUCHITAN DE ZARAGOZA,PT,2481,72570,70,5809,78449,114231,2481,No
2018,20,OAXACA,20,HEROICA CIUDAD DE JUCHITAN DE ZARAGOZA,MC,1475,72570,70,5809,78449,114231,1475,No
2018,20,OAXACA,20,HEROICA CIUDAD DE JUCHITAN DE ZARAGOZA,PUP,3309,72570,70,5809,78449,114231,3309,No
2018,20,OAXACA,20,HEROICA CIUDAD DE JUCHITAN DE ZARAGOZA,NUAL,1220,72570,70,5809,78449,114231,1220,No
2018,20,OAXACA,20,HEROICA CIUDAD DE JUCHITAN DE ZARAGOZA,MORENA,26807,72570,70,5809,78449,114231,26807,No
2018,20,OAXACA,20,HEROICA CIUDAD DE JUCHITAN DE ZARAGOZA,ES,795,72570,70,5809,78449,114231,795,No
2018,20,OAXACA,20,HEROICA CIUDAD DE JUCHITAN DE ZARAGOZA,PSD,3621,72570,70,5809,78449,114231,3621,No
2018,20,OAXACA,20,HEROICA CIUDAD DE JUCHITAN DE ZARAGOZA,PMR,1020,72570,70,5809,78449,114231,1020,No
2018,20,OAXACA,20,HEROICA CIUDAD DE JUCHITAN DE ZARAGOZA,PAN_PRD_MC,57,72570,70,5809,78449,114231,8952,Sí
2018,20,OAXACA,20,HEROICA CIUDAD DE JUCHITAN DE ZARAGOZA,PAN_PRD,40,72570,70,5809,78449,114231,7460,Sí
2018,20,OAXACA,20,HEROICA CIUDAD DE JUCHITAN DE ZARAGOZA,PAN_MC,7,72570,70,5809,78449,114231,3631,Sí
2018,20,OAXACA,20,HEROICA CIUDAD DE JUCHITAN DE ZARAGOZA,PRD_MC,20,72570,70,5809,78449,114231,6766,Sí
2018,20,OAXACA,20,HEROICA CIUDAD DE JUCHITAN DE ZARAGOZA,PT_MORENA_ES,287,72570,70,5809,78449,114231,30370,Sí
2018,20,OAXACA,20,HEROICA CIUDAD DE JUCHITAN DE ZARAGOZA,PT_MORENA,128,72570,70,5809,78449,114231,29416,Sí
2018,20,OAXACA,20,HEROICA CIUDAD DE JUCHITAN DE ZARAGOZA,PT_ES,13,72570,70,5809,78449,114231,3289,Sí
2018,20,OAXACA,20,HEROICA CIUDAD DE JUCHITAN DE ZARAGOZA,MORENA_ES,99,72570,70,5809,78449,114231,27701,Sí
2018,20,OAXACA,20,HEROICA CIUDAD DE JUCHITAN DE ZARAGOZA,C_COMUN_PRI_NUAL,116,72570,70,5809,78449,114231,22820,Sí
2018,20,OAXACA,21,HEROICA CIUDAD DE EJUTLA DE CRESPO,PAN,8224,56026,14,3483,59523,98112,8224,No
2018,20,OAXACA,21,HEROICA CIUDAD DE EJUTLA DE CRESPO,PRI,9760,56026,14,3483,59523,98112,9760,No
2018,20,OAXACA,21,HEROICA CIUDAD DE EJUTLA DE CRESPO,PRD,3057,56026,14,3483,59523,98112,3057,No
2018,20,OAXACA,21,HEROICA CIUDAD DE EJUTLA DE CRESPO,PVEM,1061,56026,14,3483,59523,98112,1061,No
2018,20,OAXACA,21,HEROICA CIUDAD DE EJUTLA DE CRESPO,PT,2934,56026,14,3483,59523,98112,2934,No
2018,20,OAXACA,21,HEROICA CIUDAD DE EJUTLA DE CRESPO,MC,664,56026,14,3483,59523,98112,664,No
2018,20,OAXACA,21,HEROICA CIUDAD DE EJUTLA DE CRESPO,PUP,1047,56026,14,3483,59523,98112,1047,No
2018,20,OAXACA,21,HEROICA CIUDAD DE EJUTLA DE CRESPO,NUAL,1038,56026,14,3483,59523,98112,1038,No
2018,20,OAXACA,21,HEROICA CIUDAD DE EJUTLA DE CRESPO,MORENA,24557,56026,14,3483,59523,98112,24557,No
2018,20,OAXACA,21,HEROICA CIUDAD DE EJUTLA DE CRESPO,ES,1289,56026,14,3483,59523,98112,1289,No
2018,20,OAXACA,21,HEROICA CIUDAD DE EJUTLA DE CRESPO,PSD,522,56026,14,3483,59523,98112,522,No
2018,20,OAXACA,21,HEROICA CIUDAD DE EJUTLA DE CRESPO,PMR,372,56026,14,3483,59523,98112,372,No
2018,20,OAXACA,21,HEROICA CIUDAD DE EJUTLA DE CRESPO,PAN_PRD_MC,73,56026,14,3483,59523,98112,12018,Sí
2018,20,OAXACA,21,HEROICA CIUDAD DE EJUTLA DE CRESPO,PAN_PRD,90,56026,14,3483,59523,98112,11371,Sí
2018,20,OAXACA,21,HEROICA CIUDAD DE EJUTLA DE CRESPO,PAN_MC,20,56026,14,3483,59523,98112,8908,Sí
2018,20,OAXACA,21,HEROICA CIUDAD DE EJUTLA DE CRESPO,PRD_MC,8,56026,14,3483,59523,98112,3729,Sí
2018,20,OAXACA,21,HEROICA CIUDAD DE EJUTLA DE CRESPO,PRI_PVEM_NUAL,100,56026,14,3483,59523,98112,11959,Sí
2018,20,OAXACA,21,HEROICA CIUDAD DE EJUTLA DE CRESPO,PRI_PVEM,221,56026,14,3483,59523,98112,11042,Sí
2018,20,OAXACA,21,HEROICA CIUDAD DE EJUTLA DE CRESPO,PRI_NUAL,25,56026,14,3483,59523,98112,10823,Sí
2018,20,OAXACA,21,HEROICA CIUDAD DE EJUTLA DE CRESPO,PVEM_NUAL...26,20,56026,14,3483,59523,98112,1081,Sí
2018,20,OAXACA,21,HEROICA CIUDAD DE EJUTLA DE CRESPO,PT_MORENA_ES,503,56026,14,3483,59523,98112,29283,Sí
2018,20,OAXACA,21,HEROICA CIUDAD DE EJUTLA DE CRESPO,PT_MORENA,182,56026,14,3483,59523,98112,27673,Sí
2018,20,OAXACA,21,HEROICA CIUDAD DE EJUTLA DE CRESPO,PT_ES,65,56026,14,3483,59523,98112,4288,Sí
2018,20,OAXACA,21,HEROICA CIUDAD DE EJUTLA DE CRESPO,MORENA_ES,194,56026,14,3483,59523,98112,26040,Sí
2018,20,OAXACA,22,SANTIAGO PINOTEPA NACIONAL,PAN,2576,84898,7,3819,88724,123350,2576,No
2018,20,OAXACA,22,SANTIAGO PINOTEPA NACIONAL,PRI,22753,84898,7,3819,88724,123350,22753,No
2018,20,OAXACA,22,SANTIAGO PINOTEPA NACIONAL,PRD,18403,84898,7,3819,88724,123350,18403,No
2018,20,OAXACA,22,SANTIAGO PINOTEPA NACIONAL,PVEM,1727,84898,7,3819,88724,123350,1727,No
2018,20,OAXACA,22,SANTIAGO PINOTEPA NACIONAL,PT,1955,84898,7,3819,88724,123350,1955,No
2018,20,OAXACA,22,SANTIAGO PINOTEPA NACIONAL,MC,1349,84898,7,3819,88724,123350,1349,No
2018,20,OAXACA,22,SANTIAGO PINOTEPA NACIONAL,PUP,1666,84898,7,3819,88724,123350,1666,No
2018,20,OAXACA,22,SANTIAGO PINOTEPA NACIONAL,NUAL,3158,84898,7,3819,88724,123350,3158,No
2018,20,OAXACA,22,SANTIAGO PINOTEPA NACIONAL,MORENA,28519,84898,7,3819,88724,123350,28519,No
2018,20,OAXACA,22,SANTIAGO PINOTEPA NACIONAL,ES,721,84898,7,3819,88724,123350,721,No
2018,20,OAXACA,22,SANTIAGO PINOTEPA NACIONAL,PSD,452,84898,7,3819,88724,123350,452,No
2018,20,OAXACA,22,SANTIAGO PINOTEPA NACIONAL,PAN_PRD_MC,150,84898,7,3819,88724,123350,22478,Sí
2018,20,OAXACA,22,SANTIAGO PINOTEPA NACIONAL,PAN_PRD,140,84898,7,3819,88724,123350,21119,Sí
2018,20,OAXACA,22,SANTIAGO PINOTEPA NACIONAL,PAN_MC,13,84898,7,3819,88724,123350,3938,Sí
2018,20,OAXACA,22,SANTIAGO PINOTEPA NACIONAL,PRD_MC,63,84898,7,3819,88724,123350,19815,Sí
2018,20,OAXACA,22,SANTIAGO PINOTEPA NACIONAL,PRI_PVEM_NUAL,185,84898,7,3819,88724,123350,27823,Sí
2018,20,OAXACA,22,SANTIAGO PINOTEPA NACIONAL,PRI_PVEM,249,84898,7,3819,88724,123350,24729,Sí
2018,20,OAXACA,22,SANTIAGO PINOTEPA NACIONAL,PRI_NUAL,65,84898,7,3819,88724,123350,25976,Sí
2018,20,OAXACA,22,SANTIAGO PINOTEPA NACIONAL,PVEM_NUAL...26,28,84898,7,3819,88724,123350,1755,Sí
2018,20,OAXACA,22,SANTIAGO PINOTEPA NACIONAL,PT_MORENA_ES,396,84898,7,3819,88724,123350,31591,Sí
2018,20,OAXACA,22,SANTIAGO PINOTEPA NACIONAL,PT_MORENA,165,84898,7,3819,88724,123350,30639,Sí
2018,20,OAXACA,22,SANTIAGO PINOTEPA NACIONAL,PT_ES,41,84898,7,3819,88724,123350,2717,Sí
2018,20,OAXACA,22,SANTIAGO PINOTEPA NACIONAL,MORENA_ES,124,84898,7,3819,88724,123350,29364,Sí
2018,20,OAXACA,23,SAN PEDRO MIXTEPEC,PAN,2388,71760,33,2973,74766,112896,2388,No
2018,20,OAXACA,23,SAN PEDRO MIXTEPEC,PRI,18546,71760,33,2973,74766,112896,18546,No
2018,20,OAXACA,23,SAN PEDRO MIXTEPEC,PRD,1468,71760,33,2973,74766,112896,1468,No
2018,20,OAXACA,23,SAN PEDRO MIXTEPEC,PVEM,1149,71760,33,2973,74766,112896,1149,No
2018,20,OAXACA,23,SAN PEDRO MIXTEPEC,PT,5210,71760,33,2973,74766,112896,5210,No
2018,20,OAXACA,23,SAN PEDRO MIXTEPEC,MC,1469,71760,33,2973,74766,112896,1469,No
2018,20,OAXACA,23,SAN PEDRO MIXTEPEC,PUP,2271,71760,33,2973,74766,112896,2271,No
2018,20,OAXACA,23,SAN PEDRO MIXTEPEC,NUAL,1641,71760,33,2973,74766,112896,1641,No
2018,20,OAXACA,23,SAN PEDRO MIXTEPEC,MORENA,33818,71760,33,2973,74766,112896,33818,No
2018,20,OAXACA,23,SAN PEDRO MIXTEPEC,ES,1147,71760,33,2973,74766,112896,1147,No
2018,20,OAXACA,23,SAN PEDRO MIXTEPEC,PSD,138,71760,33,2973,74766,112896,138,No
2018,20,OAXACA,23,SAN PEDRO MIXTEPEC,PMR,253,71760,33,2973,74766,112896,253,No
2018,20,OAXACA,23,SAN PEDRO MIXTEPEC,PAN_PRD_MC,69,71760,33,2973,74766,112896,5394,Sí
2018,20,OAXACA,23,SAN PEDRO MIXTEPEC,PAN_PRD,48,71760,33,2973,74766,112896,3904,Sí
2018,20,OAXACA,23,SAN PEDRO MIXTEPEC,PAN_MC,26,71760,33,2973,74766,112896,3883,Sí
2018,20,OAXACA,23,SAN PEDRO MIXTEPEC,PRD_MC,27,71760,33,2973,74766,112896,2964,Sí
2018,20,OAXACA,23,SAN PEDRO MIXTEPEC,PRI_PVEM_NUAL,345,71760,33,2973,74766,112896,21681,Sí
2018,20,OAXACA,23,SAN PEDRO MIXTEPEC,PRI_PVEM,378,71760,33,2973,74766,112896,20073,Sí
2018,20,OAXACA,23,SAN PEDRO MIXTEPEC,PRI_NUAL,120,71760,33,2973,74766,112896,20307,Sí
2018,20,OAXACA,23,SAN PEDRO MIXTEPEC,PVEM_NUAL...26,40,71760,33,2973,74766,112896,1189,Sí
2018,20,OAXACA,23,SAN PEDRO MIXTEPEC,PT_MORENA_ES,714,71760,33,2973,74766,112896,40889,Sí
2018,20,OAXACA,23,SAN PEDRO MIXTEPEC,PT_MORENA,253,71760,33,2973,74766,112896,39281,Sí
2018,20,OAXACA,23,SAN PEDRO MIXTEPEC,PT_ES,40,71760,33,2973,74766,112896,6397,Sí
2018,20,OAXACA,23,SAN PEDRO MIXTEPEC,MORENA_ES,202,71760,33,2973,74766,112896,35167,Sí
2018,20,OAXACA,24,MIAHUATLAN DE PORFIRIO DIAZ,PAN,5807,63004,21,4403,67428,111999,5807,No
2018,20,OAXACA,24,MIAHUATLAN DE PORFIRIO DIAZ,PRI,13318,63004,21,4403,67428,111999,13318,No
2018,20,OAXACA,24,MIAHUATLAN DE PORFIRIO DIAZ,PRD,1205,63004,21,4403,67428,111999,1205,No
2018,20,OAXACA,24,MIAHUATLAN DE PORFIRIO DIAZ,PVEM,1732,63004,21,4403,67428,111999,1732,No
2018,20,OAXACA,24,MIAHUATLAN DE PORFIRIO DIAZ,PT,3037,63004,21,4403,67428,111999,3037,No
2018,20,OAXACA,24,MIAHUATLAN DE PORFIRIO DIAZ,MC,978,63004,21,4403,67428,111999,978,No
2018,20,OAXACA,24,MIAHUATLAN DE PORFIRIO DIAZ,PUP,7703,63004,21,4403,67428,111999,7703,No
2018,20,OAXACA,24,MIAHUATLAN DE PORFIRIO DIAZ,NUAL,2614,63004,21,4403,67428,111999,2614,No
2018,20,OAXACA,24,MIAHUATLAN DE PORFIRIO DIAZ,MORENA,23010,63004,21,4403,67428,111999,23010,No
2018,20,OAXACA,24,MIAHUATLAN DE PORFIRIO DIAZ,ES,1978,63004,21,4403,67428,111999,1978,No
2018,20,OAXACA,24,MIAHUATLAN DE PORFIRIO DIAZ,PMR,427,63004,21,4403,67428,111999,427,No
2018,20,OAXACA,24,MIAHUATLAN DE PORFIRIO DIAZ,PAN_PRD_MC,69,63004,21,4403,67428,111999,8059,Sí
2018,20,OAXACA,24,MIAHUATLAN DE PORFIRIO DIAZ,PAN_PRD,50,63004,21,4403,67428,111999,7062,Sí
2018,20,OAXACA,24,MIAHUATLAN DE PORFIRIO DIAZ,PAN_MC,17,63004,21,4403,67428,111999,6802,Sí
2018,20,OAXACA,24,MIAHUATLAN DE PORFIRIO DIAZ,PRD_MC,7,63004,21,4403,67428,111999,2190,Sí
2018,20,OAXACA,24,MIAHUATLAN DE PORFIRIO DIAZ,PT_MORENA_ES,488,63004,21,4403,67428,111999,28513,Sí
2018,20,OAXACA,24,MIAHUATLAN DE PORFIRIO DIAZ,PT_MORENA,168,63004,21,4403,67428,111999,26215,Sí
2018,20,OAXACA,24,MIAHUATLAN DE PORFIRIO DIAZ,PT_ES,48,63004,21,4403,67428,111999,5063,Sí
2018,20,OAXACA,24,MIAHUATLAN DE PORFIRIO DIAZ,MORENA_ES,277,63004,21,4403,67428,111999,25265,Sí
2018,20,OAXACA,24,MIAHUATLAN DE PORFIRIO DIAZ,C_COMUN_PRI_NUAL,71,63004,21,4403,67428,111999,16003,Sí
2018,20,OAXACA,25,SAN PEDRO POCHUTLA,PAN,4239,73172,7,3788,76967,116464,4239,No
2018,20,OAXACA,25,SAN PEDRO POCHUTLA,PRI,11472,73172,7,3788,76967,116464,11472,No
2018,20,OAXACA,25,SAN PEDRO POCHUTLA,PRD,3305,73172,7,3788,76967,116464,3305,No
2018,20,OAXACA,25,SAN PEDRO POCHUTLA,PVEM,2220,73172,7,3788,76967,116464,2220,No
2018,20,OAXACA,25,SAN PEDRO POCHUTLA,PT,3601,73172,7,3788,76967,116464,3601,No
2018,20,OAXACA,25,SAN PEDRO POCHUTLA,MC,3252,73172,7,3788,76967,116464,3252,No
2018,20,OAXACA,25,SAN PEDRO POCHUTLA,PUP,2726,73172,7,3788,76967,116464,2726,No
2018,20,OAXACA,25,SAN PEDRO POCHUTLA,NUAL,3598,73172,7,3788,76967,116464,3598,No
2018,20,OAXACA,25,SAN PEDRO POCHUTLA,MORENA,31017,73172,7,3788,76967,116464,31017,No
2018,20,OAXACA,25,SAN PEDRO POCHUTLA,ES,2110,73172,7,3788,76967,116464,2110,No
2018,20,OAXACA,25,SAN PEDRO POCHUTLA,PSD,862,73172,7,3788,76967,116464,862,No
2018,20,OAXACA,25,SAN PEDRO POCHUTLA,PMR,2338,73172,7,3788,76967,116464,2338,No
2018,20,OAXACA,25,SAN PEDRO POCHUTLA,PAN_PRD_MC,151,73172,7,3788,76967,116464,10947,Sí
2018,20,OAXACA,25,SAN PEDRO POCHUTLA,PAN_PRD,72,73172,7,3788,76967,116464,7616,Sí
2018,20,OAXACA,25,SAN PEDRO POCHUTLA,PAN_MC,27,73172,7,3788,76967,116464,7518,Sí
2018,20,OAXACA,25,SAN PEDRO POCHUTLA,PRD_MC,42,73172,7,3788,76967,116464,6599,Sí
2018,20,OAXACA,25,SAN PEDRO POCHUTLA,PRI_PVEM_NUAL,422,73172,7,3788,76967,116464,17712,Sí
2018,20,OAXACA,25,SAN PEDRO POCHUTLA,PRI_PVEM,258,73172,7,3788,76967,116464,13950,Sí
2018,20,OAXACA,25,SAN PEDRO POCHUTLA,PRI_NUAL,152,73172,7,3788,76967,116464,15222,Sí
2018,20,OAXACA,25,SAN PEDRO POCHUTLA,PVEM_NUAL...26,65,73172,7,3788,76967,116464,2285,Sí
2018,20,OAXACA,25,SAN PEDRO POCHUTLA,PT_MORENA_ES,706,73172,7,3788,76967,116464,37434,Sí
2018,20,OAXACA,25,SAN PEDRO POCHUTLA,PT_MORENA,231,73172,7,3788,76967,116464,34849,Sí
2018,20,OAXACA,25,SAN PEDRO POCHUTLA,PT_ES,67,73172,7,3788,76967,116464,5778,Sí
2018,20,OAXACA,25,SAN PEDRO POCHUTLA,MORENA_ES,239,73172,7,3788,76967,116464,33366,Sí
2018,20,OAXACA,3,LOMA BONITA,PAN,5050,77386,10,3190,80586,105507,5050,No
2018,20,OAXACA,3,LOMA BONITA,PRI,15563,77386,10,3190,80586,105507,15563,No
2018,20,OAXACA,3,LOMA BONITA,PRD,9921,77386,10,3190,80586,105507,9921,No
2018,20,OAXACA,3,LOMA BONITA,PVEM,1246,77386,10,3190,80586,105507,1246,No
2018,20,OAXACA,3,LOMA BONITA,PT,2243,77386,10,3190,80586,105507,2243,No
2018,20,OAXACA,3,LOMA BONITA,MC,824,77386,10,3190,80586,105507,824,No
2018,20,OAXACA,3,LOMA BONITA,PUP,1552,77386,10,3190,80586,105507,1552,No
2018,20,OAXACA,3,LOMA BONITA,NUAL,4006,77386,10,3190,80586,105507,4006,No
2018,20,OAXACA,3,LOMA BONITA,MORENA,31226,77386,10,3190,80586,105507,31226,No
2018,20,OAXACA,3,LOMA BONITA,ES,2084,77386,10,3190,80586,105507,2084,No
2018,20,OAXACA,3,LOMA BONITA,PSD,554,77386,10,3190,80586,105507,554,No
2018,20,OAXACA,3,LOMA BONITA,PMR,1135,77386,10,3190,80586,105507,1135,No
2018,20,OAXACA,3,LOMA BONITA,PAN_PRD_MC,199,77386,10,3190,80586,105507,15994,Sí
2018,20,OAXACA,3,LOMA BONITA,PAN_PRD,115,77386,10,3190,80586,105507,15086,Sí
2018,20,OAXACA,3,LOMA BONITA,PAN_MC,16,77386,10,3190,80586,105507,5890,Sí
2018,20,OAXACA,3,LOMA BONITA,PRD_MC,36,77386,10,3190,80586,105507,10781,Sí
2018,20,OAXACA,3,LOMA BONITA,PRI_PVEM_NUAL,269,77386,10,3190,80586,105507,21084,Sí
2018,20,OAXACA,3,LOMA BONITA,PRI_PVEM,150,77386,10,3190,80586,105507,16959,Sí
2018,20,OAXACA,3,LOMA BONITA,PRI_NUAL,118,77386,10,3190,80586,105507,19687,Sí
2018,20,OAXACA,3,LOMA BONITA,PVEM_NUAL...26,32,77386,10,3190,80586,105507,1278,Sí
2018,20,OAXACA,3,LOMA BONITA,PT_MORENA_ES,660,77386,10,3190,80586,105507,36213,Sí
2018,20,OAXACA,3,LOMA BONITA,PT_MORENA,132,77386,10,3190,80586,105507,33601,Sí
2018,20,OAXACA,3,LOMA BONITA,PT_ES,64,77386,10,3190,80586,105507,4391,Sí
2018,20,OAXACA,3,LOMA BONITA,MORENA_ES,191,77386,10,3190,80586,105507,33501,Sí
2018,20,OAXACA,4,TEOTITLAN DE FLORES MAGON,PAN,2933,69365,23,4641,74029,106538,2933,No
2018,20,OAXACA,4,TEOTITLAN DE FLORES MAGON,PRI,17942,69365,23,4641,74029,106538,17942,No
2018,20,OAXACA,4,TEOTITLAN DE FLORES MAGON,PRD,5721,69365,23,4641,74029,106538,5721,No
2018,20,OAXACA,4,TEOTITLAN DE FLORES MAGON,PVEM,1254,69365,23,4641,74029,106538,1254,No
2018,20,OAXACA,4,TEOTITLAN DE FLORES MAGON,PT,2491,69365,23,4641,74029,106538,2491,No
2018,20,OAXACA,4,TEOTITLAN DE FLORES MAGON,MC,737,69365,23,4641,74029,106538,737,No
2018,20,OAXACA,4,TEOTITLAN DE FLORES MAGON,PUP,2391,69365,23,4641,74029,106538,2391,No
2018,20,OAXACA,4,TEOTITLAN DE FLORES MAGON,NUAL,3766,69365,23,4641,74029,106538,3766,No
2018,20,OAXACA,4,TEOTITLAN DE FLORES MAGON,MORENA,27032,69365,23,4641,74029,106538,27032,No
2018,20,OAXACA,4,TEOTITLAN DE FLORES MAGON,ES,877,69365,23,4641,74029,106538,877,No
2018,20,OAXACA,4,TEOTITLAN DE FLORES MAGON,PSD,2155,69365,23,4641,74029,106538,2155,No
2018,20,OAXACA,4,TEOTITLAN DE FLORES MAGON,PAN_PRD_MC,70,69365,23,4641,74029,106538,9461,Sí
2018,20,OAXACA,4,TEOTITLAN DE FLORES MAGON,PAN_PRD,66,69365,23,4641,74029,106538,8720,Sí
2018,20,OAXACA,4,TEOTITLAN DE FLORES MAGON,PAN_MC,4,69365,23,4641,74029,106538,3674,Sí
2018,20,OAXACA,4,TEOTITLAN DE FLORES MAGON,PRD_MC,22,69365,23,4641,74029,106538,6480,Sí
2018,20,OAXACA,4,TEOTITLAN DE FLORES MAGON,PRI_PVEM_NUAL,480,69365,23,4641,74029,106538,23442,Sí
2018,20,OAXACA,4,TEOTITLAN DE FLORES MAGON,PRI_PVEM,243,69365,23,4641,74029,106538,19439,Sí
2018,20,OAXACA,4,TEOTITLAN DE FLORES MAGON,PRI_NUAL,221,69365,23,4641,74029,106538,21929,Sí
2018,20,OAXACA,4,TEOTITLAN DE FLORES MAGON,PVEM_NUAL...26,26,69365,23,4641,74029,106538,1280,Sí
2018,20,OAXACA,4,TEOTITLAN DE FLORES MAGON,PT_MORENA_ES,490,69365,23,4641,74029,106538,30890,Sí
2018,20,OAXACA,4,TEOTITLAN DE FLORES MAGON,PT_MORENA,204,69365,23,4641,74029,106538,29727,Sí
2018,20,OAXACA,4,TEOTITLAN DE FLORES MAGON,PT_ES,66,69365,23,4641,74029,106538,3434,Sí
2018,20,OAXACA,4,TEOTITLAN DE FLORES MAGON,MORENA_ES,174,69365,23,4641,74029,106538,28083,Sí
2018,20,OAXACA,5,ASUNCION NOCHIXTLAN,PAN,3428,69711,20,3459,73190,111965,3428,No
2018,20,OAXACA,5,ASUNCION NOCHIXTLAN,PRI,15190,69711,20,3459,73190,111965,15190,No
2018,20,OAXACA,5,ASUNCION NOCHIXTLAN,PRD,5730,69711,20,3459,73190,111965,5730,No
2018,20,OAXACA,5,ASUNCION NOCHIXTLAN,PVEM,1495,69711,20,3459,73190,111965,1495,No
2018,20,OAXACA,5,ASUNCION NOCHIXTLAN,PT,8091,69711,20,3459,73190,111965,8091,No
2018,20,OAXACA,5,ASUNCION NOCHIXTLAN,MC,1097,69711,20,3459,73190,111965,1097,No
2018,20,OAXACA,5,ASUNCION NOCHIXTLAN,PUP,3370,69711,20,3459,73190,111965,3370,No
2018,20,OAXACA,5,ASUNCION NOCHIXTLAN,NUAL,1448,69711,20,3459,73190,111965,1448,No
2018,20,OAXACA,5,ASUNCION NOCHIXTLAN,MORENA,22755,69711,20,3459,73190,111965,22755,No
2018,20,OAXACA,5,ASUNCION NOCHIXTLAN,ES,958,69711,20,3459,73190,111965,958,No
2018,20,OAXACA,5,ASUNCION NOCHIXTLAN,PSD,2385,69711,20,3459,73190,111965,2385,No
2018,20,OAXACA,5,ASUNCION NOCHIXTLAN,PMR,1536,69711,20,3459,73190,111965,1536,No
2018,20,OAXACA,5,ASUNCION NOCHIXTLAN,PAN_PRD_MC,143,69711,20,3459,73190,111965,10398,Sí
2018,20,OAXACA,5,ASUNCION NOCHIXTLAN,PAN_PRD,90,69711,20,3459,73190,111965,9248,Sí
2018,20,OAXACA,5,ASUNCION NOCHIXTLAN,PAN_MC,16,69711,20,3459,73190,111965,4541,Sí
2018,20,OAXACA,5,ASUNCION NOCHIXTLAN,PRD_MC,33,69711,20,3459,73190,111965,6860,Sí
2018,20,OAXACA,5,ASUNCION NOCHIXTLAN,PRI_PVEM_NUAL,255,69711,20,3459,73190,111965,18388,Sí
2018,20,OAXACA,5,ASUNCION NOCHIXTLAN,PRI_PVEM,284,69711,20,3459,73190,111965,16969,Sí
2018,20,OAXACA,5,ASUNCION NOCHIXTLAN,PRI_NUAL,81,69711,20,3459,73190,111965,16719,Sí
2018,20,OAXACA,5,ASUNCION NOCHIXTLAN,PVEM_NUAL...26,27,69711,20,3459,73190,111965,1522,Sí
2018,20,OAXACA,5,ASUNCION NOCHIXTLAN,PT_MORENA_ES,638,69711,20,3459,73190,111965,32442,Sí
2018,20,OAXACA,5,ASUNCION NOCHIXTLAN,PT_MORENA,414,69711,20,3459,73190,111965,31260,Sí
2018,20,OAXACA,5,ASUNCION NOCHIXTLAN,PT_ES,69,69711,20,3459,73190,111965,9118,Sí
2018,20,OAXACA,5,ASUNCION NOCHIXTLAN,MORENA_ES,178,69711,20,3459,73190,111965,23891,Sí
2018,20,OAXACA,6,HEROICA CIUDAD DE HUAJUAPAN DE LEON,PAN,8927,69482,65,3498,73045,120044,8927,No
2018,20,OAXACA,6,HEROICA CIUDAD DE HUAJUAPAN DE LEON,PRI,17310,69482,65,3498,73045,120044,17310,No
2018,20,OAXACA,6,HEROICA CIUDAD DE HUAJUAPAN DE LEON,PRD,5347,69482,65,3498,73045,120044,5347,No
2018,20,OAXACA,6,HEROICA CIUDAD DE HUAJUAPAN DE LEON,PVEM,2038,69482,65,3498,73045,120044,2038,No
2018,20,OAXACA,6,HEROICA CIUDAD DE HUAJUAPAN DE LEON,PT,3346,69482,65,3498,73045,120044,3346,No
2018,20,OAXACA,6,HEROICA CIUDAD DE HUAJUAPAN DE LEON,MC,785,69482,65,3498,73045,120044,785,No
2018,20,OAXACA,6,HEROICA CIUDAD DE HUAJUAPAN DE LEON,PUP,2427,69482,65,3498,73045,120044,2427,No
2018,20,OAXACA,6,HEROICA CIUDAD DE HUAJUAPAN DE LEON,NUAL,1312,69482,65,3498,73045,120044,1312,No
2018,20,OAXACA,6,HEROICA CIUDAD DE HUAJUAPAN DE LEON,MORENA,23794,69482,65,3498,73045,120044,23794,No
2018,20,OAXACA,6,HEROICA CIUDAD DE HUAJUAPAN DE LEON,ES,883,69482,65,3498,73045,120044,883,No
2018,20,OAXACA,6,HEROICA CIUDAD DE HUAJUAPAN DE LEON,PSD,589,69482,65,3498,73045,120044,589,No
2018,20,OAXACA,6,HEROICA CIUDAD DE HUAJUAPAN DE LEON,PMR,1221,69482,65,3498,73045,120044,1221,No
2018,20,OAXACA,6,HEROICA CIUDAD DE HUAJUAPAN DE LEON,PAN_PRD_MC,142,69482,65,3498,73045,120044,15201,Sí
2018,20,OAXACA,6,HEROICA CIUDAD DE HUAJUAPAN DE LEON,PAN_PRD,98,69482,65,3498,73045,120044,14372,Sí
2018,20,OAXACA,6,HEROICA CIUDAD DE HUAJUAPAN DE LEON,PAN_MC,14,69482,65,3498,73045,120044,9726,Sí
2018,20,OAXACA,6,HEROICA CIUDAD DE HUAJUAPAN DE LEON,PRD_MC,27,69482,65,3498,73045,120044,6159,Sí
2018,20,OAXACA,6,HEROICA CIUDAD DE HUAJUAPAN DE LEON,PT_MORENA_ES,486,69482,65,3498,73045,120044,28509,Sí
2018,20,OAXACA,6,HEROICA CIUDAD DE HUAJUAPAN DE LEON,PT_MORENA,216,69482,65,3498,73045,120044,27356,Sí
2018,20,OAXACA,6,HEROICA CIUDAD DE HUAJUAPAN DE LEON,PT_ES,25,69482,65,3498,73045,120044,4254,Sí
2018,20,OAXACA,6,HEROICA CIUDAD DE HUAJUAPAN DE LEON,MORENA_ES,143,69482,65,3498,73045,120044,24820,Sí
2018,20,OAXACA,6,HEROICA CIUDAD DE HUAJUAPAN DE LEON,C_COMUN_PRI_PVEM,352,69482,65,3498,73045,120044,19700,Sí
2018,20,OAXACA,7,PUTLA VILLA DE GUERRERO,PAN,2004,69093,14,4820,73927,117328,2004,No
2018,20,OAXACA,7,PUTLA VILLA DE GUERRERO,PRI,11718,69093,14,4820,73927,117328,11718,No
2018,20,OAXACA,7,PUTLA VILLA DE GUERRERO,PRD,10809,69093,14,4820,73927,117328,10809,No
2018,20,OAXACA,7,PUTLA VILLA DE GUERRERO,PVEM,1401,69093,14,4820,73927,117328,1401,No
2018,20,OAXACA,7,PUTLA VILLA DE GUERRERO,PT,3176,69093,14,4820,73927,117328,3176,No
2018,20,OAXACA,7,PUTLA VILLA DE GUERRERO,MC,1010,69093,14,4820,73927,117328,1010,No
2018,20,OAXACA,7,PUTLA VILLA DE GUERRERO,PUP,1509,69093,14,4820,73927,117328,1509,No
2018,20,OAXACA,7,PUTLA VILLA DE GUERRERO,NUAL,719,69093,14,4820,73927,117328,719,No
2018,20,OAXACA,7,PUTLA VILLA DE GUERRERO,MORENA,31016,69093,14,4820,73927,117328,31016,No
2018,20,OAXACA,7,PUTLA VILLA DE GUERRERO,ES,2192,69093,14,4820,73927,117328,2192,No
2018,20,OAXACA,7,PUTLA VILLA DE GUERRERO,PMR,2088,69093,14,4820,73927,117328,2088,No
2018,20,OAXACA,7,PUTLA VILLA DE GUERRERO,PAN_PRD_MC,78,69093,14,4820,73927,117328,13901,Sí
2018,20,OAXACA,7,PUTLA VILLA DE GUERRERO,PAN_PRD,88,69093,14,4820,73927,117328,12901,Sí
2018,20,OAXACA,7,PUTLA VILLA DE GUERRERO,PAN_MC,11,69093,14,4820,73927,117328,3025,Sí
2018,20,OAXACA,7,PUTLA VILLA DE GUERRERO,PRD_MC,34,69093,14,4820,73927,117328,11853,Sí
2018,20,OAXACA,7,PUTLA VILLA DE GUERRERO,PT_MORENA_ES,658,69093,14,4820,73927,117328,37042,Sí
2018,20,OAXACA,7,PUTLA VILLA DE GUERRERO,PT_MORENA,220,69093,14,4820,73927,117328,34412,Sí
2018,20,OAXACA,7,PUTLA VILLA DE GUERRERO,PT_ES,49,69093,14,4820,73927,117328,5417,Sí
2018,20,OAXACA,7,PUTLA VILLA DE GUERRERO,MORENA_ES,275,69093,14,4820,73927,117328,33483,Sí
2018,20,OAXACA,7,PUTLA VILLA DE GUERRERO,C_COMUN_PRI_NUAL,38,69093,14,4820,73927,117328,12475,Sí
2018,20,OAXACA,8,HEROICA CIUDAD DE TLAXIACO,PAN,1741,65083,33,4258,69374,110309,1741,No
2018,20,OAXACA,8,HEROICA CIUDAD DE TLAXIACO,PRI,9798,65083,33,4258,69374,110309,9798,No
2018,20,OAXACA,8,HEROICA CIUDAD DE TLAXIACO,PRD,12651,65083,33,4258,69374,110309,12651,No
2018,20,OAXACA,8,HEROICA CIUDAD DE TLAXIACO,PVEM,2393,65083,33,4258,69374,110309,2393,No
2018,20,OAXACA,8,HEROICA CIUDAD DE TLAXIACO,PT,3684,65083,33,4258,69374,110309,3684,No
2018,20,OAXACA,8,HEROICA CIUDAD DE TLAXIACO,MC,1101,65083,33,4258,69374,110309,1101,No
2018,20,OAXACA,8,HEROICA CIUDAD DE TLAXIACO,PUP,1945,65083,33,4258,69374,110309,1945,No
2018,20,OAXACA,8,HEROICA CIUDAD DE TLAXIACO,NUAL,1412,65083,33,4258,69374,110309,1412,No
2018,20,OAXACA,8,HEROICA CIUDAD DE TLAXIACO,MORENA,26221,65083,33,4258,69374,110309,26221,No
2018,20,OAXACA,8,HEROICA CIUDAD DE TLAXIACO,ES,1079,65083,33,4258,69374,110309,1079,No
2018,20,OAXACA,8,HEROICA CIUDAD DE TLAXIACO,PSD,642,65083,33,4258,69374,110309,642,No
2018,20,OAXACA,8,HEROICA CIUDAD DE TLAXIACO,PMR,629,65083,33,4258,69374,110309,629,No
2018,20,OAXACA,8,HEROICA CIUDAD DE TLAXIACO,PAN_PRD_MC,141,65083,33,4258,69374,110309,15634,Sí
2018,20,OAXACA,8,HEROICA CIUDAD DE TLAXIACO,PAN_PRD,89,65083,33,4258,69374,110309,14481,Sí
2018,20,OAXACA,8,HEROICA CIUDAD DE TLAXIACO,PAN_MC,10,65083,33,4258,69374,110309,2852,Sí
2018,20,OAXACA,8,HEROICA CIUDAD DE TLAXIACO,PRD_MC,57,65083,33,4258,69374,110309,13809,Sí
2018,20,OAXACA,8,HEROICA CIUDAD DE TLAXIACO,PRI_PVEM_NUAL,110,65083,33,4258,69374,110309,13713,Sí
2018,20,OAXACA,8,HEROICA CIUDAD DE TLAXIACO,PRI_PVEM,161,65083,33,4258,69374,110309,12352,Sí
2018,20,OAXACA,8,HEROICA CIUDAD DE TLAXIACO,PRI_NUAL,29,65083,33,4258,69374,110309,11239,Sí
2018,20,OAXACA,8,HEROICA CIUDAD DE TLAXIACO,PVEM_NUAL...26,34,65083,33,4258,69374,110309,2427,Sí
2018,20,OAXACA,8,HEROICA CIUDAD DE TLAXIACO,PT_MORENA_ES,661,65083,33,4258,69374,110309,31645,Sí
2018,20,OAXACA,8,HEROICA CIUDAD DE TLAXIACO,PT_MORENA,282,65083,33,4258,69374,110309,30187,Sí
2018,20,OAXACA,8,HEROICA CIUDAD DE TLAXIACO,PT_ES,44,65083,33,4258,69374,110309,4807,Sí
2018,20,OAXACA,8,HEROICA CIUDAD DE TLAXIACO,MORENA_ES,169,65083,33,4258,69374,110309,27469,Sí
2018,20,OAXACA,9,IXTLAN DE JUAREZ,PAN,4520,63542,26,3020,66588,108193,4520,No
2018,20,OAXACA,9,IXTLAN DE JUAREZ,PRI,10019,63542,26,3020,66588,108193,10019,No
2018,20,OAXACA,9,IXTLAN DE JUAREZ,PRD,1857,63542,26,3020,66588,108193,1857,No
2018,20,OAXACA,9,IXTLAN DE JUAREZ,PVEM,1522,63542,26,3020,66588,108193,1522,No
2018,20,OAXACA,9,IXTLAN DE JUAREZ,PT,4334,63542,26,3020,66588,108193,4334,No
2018,20,OAXACA,9,IXTLAN DE JUAREZ,MC,1552,63542,26,3020,66588,108193,1552,No
2018,20,OAXACA,9,IXTLAN DE JUAREZ,PUP,1396,63542,26,3020,66588,108193,1396,No
2018,20,OAXACA,9,IXTLAN DE JUAREZ,NUAL,1271,63542,26,3020,66588,108193,1271,No
2018,20,OAXACA,9,IXTLAN DE JUAREZ,MORENA,31855,63542,26,3020,66588,108193,31855,No
2018,20,OAXACA,9,IXTLAN DE JUAREZ,ES,1305,63542,26,3020,66588,108193,1305,No
2018,20,OAXACA,9,IXTLAN DE JUAREZ,PSD,719,63542,26,3020,66588,108193,719,No
2018,20,OAXACA,9,IXTLAN DE JUAREZ,PMR,1510,63542,26,3020,66588,108193,1510,No
2018,20,OAXACA,9,IXTLAN DE JUAREZ,PAN_PRD_MC,152,63542,26,3020,66588,108193,8081,Sí
2018,20,OAXACA,9,IXTLAN DE JUAREZ,PAN_PRD,54,63542,26,3020,66588,108193,6431,Sí
2018,20,OAXACA,9,IXTLAN DE JUAREZ,PAN_MC,27,63542,26,3020,66588,108193,6099,Sí
2018,20,OAXACA,9,IXTLAN DE JUAREZ,PRD_MC,10,63542,26,3020,66588,108193,3419,Sí
2018,20,OAXACA,9,IXTLAN DE JUAREZ,PT_MORENA_ES,798,63542,26,3020,66588,108193,38292,Sí
2018,20,OAXACA,9,IXTLAN DE JUAREZ,PT_MORENA,402,63542,26,3020,66588,108193,36591,Sí
2018,20,OAXACA,9,IXTLAN DE JUAREZ,PT_ES,34,63542,26,3020,66588,108193,5673,Sí
2018,20,OAXACA,9,IXTLAN DE JUAREZ,MORENA_ES,205,63542,26,3020,66588,108193,33365,Sí
2018,21,PUEBLA,1,XICOTEPEC DE JUAREZ,PAN,30945,107761,14,5969,113744,153385,30945,No
2018,21,PUEBLA,1,XICOTEPEC DE JUAREZ,PRI,21327,107761,14,5969,113744,153385,21327,No
2018,21,PUEBLA,1,XICOTEPEC DE JUAREZ,PRD,3425,107761,14,5969,113744,153385,3425,No
2018,21,PUEBLA,1,XICOTEPEC DE JUAREZ,PT,3055,107761,14,5969,113744,153385,3055,No
2018,21,PUEBLA,1,XICOTEPEC DE JUAREZ,PVEM,5125,107761,14,5969,113744,153385,5125,No
2018,21,PUEBLA,1,XICOTEPEC DE JUAREZ,MC,3576,107761,14,5969,113744,153385,3576,No
2018,21,PUEBLA,1,XICOTEPEC DE JUAREZ,NUAL,3571,107761,14,5969,113744,153385,3571,No
2018,21,PUEBLA,1,XICOTEPEC DE JUAREZ,PCPP,3439,107761,14,5969,113744,153385,3439,No
2018,21,PUEBLA,1,XICOTEPEC DE JUAREZ,PSI,768,107761,14,5969,113744,153385,768,No
2018,21,PUEBLA,1,XICOTEPEC DE JUAREZ,MORENA,28874,107761,14,5969,113744,153385,28874,No
2018,21,PUEBLA,1,XICOTEPEC DE JUAREZ,ES,762,107761,14,5969,113744,153385,762,No
2018,21,PUEBLA,1,XICOTEPEC DE JUAREZ,PAN_PRD_MC_PCPP_PSI...18,221,107761,14,5969,113744,153385,41606,Sí
2018,21,PUEBLA,1,XICOTEPEC DE JUAREZ,PAN_PRD_MC_PCPP...19,68,107761,14,5969,113744,153385,38014,Sí
2018,21,PUEBLA,1,XICOTEPEC DE JUAREZ,PAN_PRD_MC_PSI...20,39,107761,14,5969,113744,153385,37985,Sí
2018,21,PUEBLA,1,XICOTEPEC DE JUAREZ,PAN_PRD_PCPP_PSI...21,22,107761,14,5969,113744,153385,37831,Sí
2018,21,PUEBLA,1,XICOTEPEC DE JUAREZ,PAN_MC_PCPP_PSI...22,13,107761,14,5969,113744,153385,37973,Sí
2018,21,PUEBLA,1,XICOTEPEC DE JUAREZ,PRD_MC_PCPP_PSI...23,12,107761,14,5969,113744,153385,10452,Sí
2018,21,PUEBLA,1,XICOTEPEC DE JUAREZ,PAN_PRD_MC...24,197,107761,14,5969,113744,153385,34567,Sí
2018,21,PUEBLA,1,XICOTEPEC DE JUAREZ,PAN_PRD_PCPP...25,27,107761,14,5969,113744,153385,34397,Sí
2018,21,PUEBLA,1,XICOTEPEC DE JUAREZ,PAN_PRD_PSI...26,30,107761,14,5969,113744,153385,34400,Sí
2018,21,PUEBLA,1,XICOTEPEC DE JUAREZ,PAN_MC_PCPP...27,10,107761,14,5969,113744,153385,34531,Sí
2018,21,PUEBLA,1,XICOTEPEC DE JUAREZ,PAN_MC_PSI...28,23,107761,14,5969,113744,153385,34544,Sí
2018,21,PUEBLA,1,XICOTEPEC DE JUAREZ,PAN_PCPP_PSI...29,21,107761,14,5969,113744,153385,34405,Sí
2018,21,PUEBLA,1,XICOTEPEC DE JUAREZ,PRD_MC_PCPP...30,4,107761,14,5969,113744,153385,7005,Sí
2018,21,PUEBLA,1,XICOTEPEC DE JUAREZ,PRD_MC_PSI...31,9,107761,14,5969,113744,153385,7010,Sí
2018,21,PUEBLA,1,XICOTEPEC DE JUAREZ,PRD_PCPP_PSI...32,23,107761,14,5969,113744,153385,6887,Sí
2018,21,PUEBLA,1,XICOTEPEC DE JUAREZ,MC_PCPP_PSI...33,3,107761,14,5969,113744,153385,7018,Sí
2018,21,PUEBLA,1,XICOTEPEC DE JUAREZ,PAN_PRD...34,451,107761,14,5969,113744,153385,31396,Sí
2018,21,PUEBLA,1,XICOTEPEC DE JUAREZ,PAN_MC...35,115,107761,14,5969,113744,153385,31060,Sí
2018,21,PUEBLA,1,XICOTEPEC DE JUAREZ,PAN_PCPP...36,53,107761,14,5969,113744,153385,30998,Sí
2018,21,PUEBLA,1,XICOTEPEC DE JUAREZ,PAN_PSI...37,26,107761,14,5969,113744,153385,30971,Sí
2018,21,PUEBLA,1,XICOTEPEC DE JUAREZ,PRD_MC...38,101,107761,14,5969,113744,153385,3526,Sí
2018,21,PUEBLA,1,XICOTEPEC DE JUAREZ,PRD_PCPP...39,108,107761,14,5969,113744,153385,3533,Sí
2018,21,PUEBLA,1,XICOTEPEC DE JUAREZ,PRD_PSI...40,12,107761,14,5969,113744,153385,3437,Sí
2018,21,PUEBLA,1,XICOTEPEC DE JUAREZ,MC_PCPP...41,17,107761,14,5969,113744,153385,3593,Sí
2018,21,PUEBLA,1,XICOTEPEC DE JUAREZ,MC_PSI...42,48,107761,14,5969,113744,153385,3624,Sí
2018,21,PUEBLA,1,XICOTEPEC DE JUAREZ,PCPP_PSI...43,31,107761,14,5969,113744,153385,3470,Sí
2018,21,PUEBLA,1,XICOTEPEC DE JUAREZ,PT_MORENA_ES,700,107761,14,5969,113744,153385,33391,Sí
2018,21,PUEBLA,1,XICOTEPEC DE JUAREZ,PT_MORENA,251,107761,14,5969,113744,153385,32180,Sí
2018,21,PUEBLA,1,XICOTEPEC DE JUAREZ,PT_ES,55,107761,14,5969,113744,153385,3872,Sí
2018,21,PUEBLA,1,XICOTEPEC DE JUAREZ,MORENA_ES,204,107761,14,5969,113744,153385,29840,Sí
2018,21,PUEBLA,10,HEROICA PUEBLA DE ZARAGOZA,PAN,23284,106121,92,4634,110847,196030,23284,No
2018,21,PUEBLA,10,HEROICA PUEBLA DE ZARAGOZA,PRI,10168,106121,92,4634,110847,196030,10168,No
2018,21,PUEBLA,10,HEROICA PUEBLA DE ZARAGOZA,PRD,1294,106121,92,4634,110847,196030,1294,No
2018,21,PUEBLA,10,HEROICA PUEBLA DE ZARAGOZA,PT,4197,106121,92,4634,110847,196030,4197,No
2018,21,PUEBLA,10,HEROICA PUEBLA DE ZARAGOZA,PVEM,4216,106121,92,4634,110847,196030,4216,No
2018,21,PUEBLA,10,HEROICA PUEBLA DE ZARAGOZA,MC,2017,106121,92,4634,110847,196030,2017,No
2018,21,PUEBLA,10,HEROICA PUEBLA DE ZARAGOZA,NUAL,2096,106121,92,4634,110847,196030,2096,No
2018,21,PUEBLA,10,HEROICA PUEBLA DE ZARAGOZA,PCPP,1045,106121,92,4634,110847,196030,1045,No
2018,21,PUEBLA,10,HEROICA PUEBLA DE ZARAGOZA,PSI,836,106121,92,4634,110847,196030,836,No
2018,21,PUEBLA,10,HEROICA PUEBLA DE ZARAGOZA,MORENA,51729,106121,92,4634,110847,196030,51729,No
2018,21,PUEBLA,10,HEROICA PUEBLA DE ZARAGOZA,ES,2329,106121,92,4634,110847,196030,2329,No
2018,21,PUEBLA,10,HEROICA PUEBLA DE ZARAGOZA,PT_MORENA_ES,1408,106121,92,4634,110847,196030,59663,Sí
2018,21,PUEBLA,10,HEROICA PUEBLA DE ZARAGOZA,PT_MORENA,444,106121,92,4634,110847,196030,56370,Sí
2018,21,PUEBLA,10,HEROICA PUEBLA DE ZARAGOZA,PT_ES,72,106121,92,4634,110847,196030,6598,Sí
2018,21,PUEBLA,10,HEROICA PUEBLA DE ZARAGOZA,MORENA_ES,396,106121,92,4634,110847,196030,54454,Sí
2018,21,PUEBLA,10,HEROICA PUEBLA DE ZARAGOZA,C_COMUN_PAN_PRD_PCPP_PSI,216,106121,92,4634,110847,196030,26675,Sí
2018,21,PUEBLA,10,HEROICA PUEBLA DE ZARAGOZA,PAN_PRD_PCPP...117,70,106121,92,4634,110847,196030,24648,Sí
2018,21,PUEBLA,10,HEROICA PUEBLA DE ZARAGOZA,PAN_PRD_PSI...118,39,106121,92,4634,110847,196030,24617,Sí
2018,21,PUEBLA,10,HEROICA PUEBLA DE ZARAGOZA,PAN_PCPP_PSI...119,39,106121,92,4634,110847,196030,24368,Sí
2018,21,PUEBLA,10,HEROICA PUEBLA DE ZARAGOZA,PRD_PCPP_PSI...120,8,106121,92,4634,110847,196030,2347,Sí
2018,21,PUEBLA,10,HEROICA PUEBLA DE ZARAGOZA,PAN_PRD...121,136,106121,92,4634,110847,196030,23420,Sí
2018,21,PUEBLA,10,HEROICA PUEBLA DE ZARAGOZA,PAN_PCPP...122,55,106121,92,4634,110847,196030,23339,Sí
2018,21,PUEBLA,10,HEROICA PUEBLA DE ZARAGOZA,PAN_PSI...123,13,106121,92,4634,110847,196030,23297,Sí
2018,21,PUEBLA,10,HEROICA PUEBLA DE ZARAGOZA,PRD_PCPP...124,2,106121,92,4634,110847,196030,1296,Sí
2018,21,PUEBLA,10,HEROICA PUEBLA DE ZARAGOZA,PRD_PSI...125,2,106121,92,4634,110847,196030,1296,Sí
2018,21,PUEBLA,10,HEROICA PUEBLA DE ZARAGOZA,PCPP_PSI...126,10,106121,92,4634,110847,196030,1055,Sí
2018,21,PUEBLA,11,HEROICA PUEBLA DE ZARAGOZA,PAN,19724,100834,135,3788,104757,180125,19724,No
2018,21,PUEBLA,11,HEROICA PUEBLA DE ZARAGOZA,PRI,15122,100834,135,3788,104757,180125,15122,No
2018,21,PUEBLA,11,HEROICA PUEBLA DE ZARAGOZA,PRD,1388,100834,135,3788,104757,180125,1388,No
2018,21,PUEBLA,11,HEROICA PUEBLA DE ZARAGOZA,PT,3386,100834,135,3788,104757,180125,3386,No
2018,21,PUEBLA,11,HEROICA PUEBLA DE ZARAGOZA,PVEM,5812,100834,135,3788,104757,180125,5812,No
2018,21,PUEBLA,11,HEROICA PUEBLA DE ZARAGOZA,MC,1858,100834,135,3788,104757,180125,1858,No
2018,21,PUEBLA,11,HEROICA PUEBLA DE ZARAGOZA,NUAL,1581,100834,135,3788,104757,180125,1581,No
2018,21,PUEBLA,11,HEROICA PUEBLA DE ZARAGOZA,PCPP,1233,100834,135,3788,104757,180125,1233,No
2018,21,PUEBLA,11,HEROICA PUEBLA DE ZARAGOZA,PSI,476,100834,135,3788,104757,180125,476,No
2018,21,PUEBLA,11,HEROICA PUEBLA DE ZARAGOZA,MORENA,44603,100834,135,3788,104757,180125,44603,No
2018,21,PUEBLA,11,HEROICA PUEBLA DE ZARAGOZA,ES,1874,100834,135,3788,104757,180125,1874,No
2018,21,PUEBLA,11,HEROICA PUEBLA DE ZARAGOZA,PAN_PRD_MC_PCPP_PSI...18,338,100834,135,3788,104757,180125,24541,Sí
2018,21,PUEBLA,11,HEROICA PUEBLA DE ZARAGOZA,PAN_PRD_MC_PCPP...19,64,100834,135,3788,104757,180125,23034,Sí
2018,21,PUEBLA,11,HEROICA PUEBLA DE ZARAGOZA,PAN_PRD_MC_PSI...20,58,100834,135,3788,104757,180125,23028,Sí
2018,21,PUEBLA,11,HEROICA PUEBLA DE ZARAGOZA,PAN_PRD_PCPP_PSI...21,25,100834,135,3788,104757,180125,22370,Sí
2018,21,PUEBLA,11,HEROICA PUEBLA DE ZARAGOZA,PAN_MC_PCPP_PSI...22,30,100834,135,3788,104757,180125,22845,Sí
2018,21,PUEBLA,11,HEROICA PUEBLA DE ZARAGOZA,PRD_MC_PCPP_PSI...23,18,100834,135,3788,104757,180125,4497,Sí
2018,21,PUEBLA,11,HEROICA PUEBLA DE ZARAGOZA,PAN_PRD_MC...24,130,100834,135,3788,104757,180125,21242,Sí
2018,21,PUEBLA,11,HEROICA PUEBLA DE ZARAGOZA,PAN_PRD_PCPP...25,33,100834,135,3788,104757,180125,21145,Sí
2018,21,PUEBLA,11,HEROICA PUEBLA DE ZARAGOZA,PAN_PRD_PSI...26,22,100834,135,3788,104757,180125,21134,Sí
2018,21,PUEBLA,11,HEROICA PUEBLA DE ZARAGOZA,PAN_MC_PCPP...27,25,100834,135,3788,104757,180125,21607,Sí
2018,21,PUEBLA,11,HEROICA PUEBLA DE ZARAGOZA,PAN_MC_PSI...28,16,100834,135,3788,104757,180125,21598,Sí
2018,21,PUEBLA,11,HEROICA PUEBLA DE ZARAGOZA,PAN_PCPP_PSI...29,11,100834,135,3788,104757,180125,20968,Sí
2018,21,PUEBLA,11,HEROICA PUEBLA DE ZARAGOZA,PRD_MC_PCPP...30,5,100834,135,3788,104757,180125,3251,Sí
2018,21,PUEBLA,11,HEROICA PUEBLA DE ZARAGOZA,PRD_MC_PSI...31,3,100834,135,3788,104757,180125,3249,Sí
2018,21,PUEBLA,11,HEROICA PUEBLA DE ZARAGOZA,PRD_PCPP_PSI...32,4,100834,135,3788,104757,180125,2625,Sí
2018,21,PUEBLA,11,HEROICA PUEBLA DE ZARAGOZA,MC_PCPP_PSI...33,9,100834,135,3788,104757,180125,3100,Sí
2018,21,PUEBLA,11,HEROICA PUEBLA DE ZARAGOZA,PAN_PRD...34,134,100834,135,3788,104757,180125,19858,Sí
2018,21,PUEBLA,11,HEROICA PUEBLA DE ZARAGOZA,PAN_MC...35,108,100834,135,3788,104757,180125,19832,Sí
2018,21,PUEBLA,11,HEROICA PUEBLA DE ZARAGOZA,PAN_PCPP...36,75,100834,135,3788,104757,180125,19799,Sí
2018,21,PUEBLA,11,HEROICA PUEBLA DE ZARAGOZA,PAN_PSI...37,20,100834,135,3788,104757,180125,19744,Sí
2018,21,PUEBLA,11,HEROICA PUEBLA DE ZARAGOZA,PRD_MC...38,14,100834,135,3788,104757,180125,1402,Sí
2018,21,PUEBLA,11,HEROICA PUEBLA DE ZARAGOZA,PRD_PCPP...39,5,100834,135,3788,104757,180125,1393,Sí
2018,21,PUEBLA,11,HEROICA PUEBLA DE ZARAGOZA,PRD_PSI...40,12,100834,135,3788,104757,180125,1400,Sí
2018,21,PUEBLA,11,HEROICA PUEBLA DE ZARAGOZA,MC_PCPP...41,20,100834,135,3788,104757,180125,1878,Sí
2018,21,PUEBLA,11,HEROICA PUEBLA DE ZARAGOZA,MC_PSI...42,21,100834,135,3788,104757,180125,1879,Sí
2018,21,PUEBLA,11,HEROICA PUEBLA DE ZARAGOZA,PCPP_PSI...43,50,100834,135,3788,104757,180125,1283,Sí
2018,21,PUEBLA,11,HEROICA PUEBLA DE ZARAGOZA,PT_MORENA_ES,1501,100834,135,3788,104757,180125,51364,Sí
2018,21,PUEBLA,11,HEROICA PUEBLA DE ZARAGOZA,PT_MORENA,513,100834,135,3788,104757,180125,48502,Sí
2018,21,PUEBLA,11,HEROICA PUEBLA DE ZARAGOZA,PT_ES,90,100834,135,3788,104757,180125,5350,Sí
2018,21,PUEBLA,11,HEROICA PUEBLA DE ZARAGOZA,MORENA_ES,423,100834,135,3788,104757,180125,46900,Sí
2018,21,PUEBLA,12,AMOZOC DE MOTA,PAN,17854,109382,139,5675,115196,168910,17854,No
2018,21,PUEBLA,12,AMOZOC DE MOTA,PRI,12513,109382,139,5675,115196,168910,12513,No
2018,21,PUEBLA,12,AMOZOC DE MOTA,PRD,2442,109382,139,5675,115196,168910,2442,No
2018,21,PUEBLA,12,AMOZOC DE MOTA,PT,5326,109382,139,5675,115196,168910,5326,No
2018,21,PUEBLA,12,AMOZOC DE MOTA,PVEM,3344,109382,139,5675,115196,168910,3344,No
2018,21,PUEBLA,12,AMOZOC DE MOTA,MC,3520,109382,139,5675,115196,168910,3520,No
2018,21,PUEBLA,12,AMOZOC DE MOTA,NUAL,4241,109382,139,5675,115196,168910,4241,No
2018,21,PUEBLA,12,AMOZOC DE MOTA,PCPP,3022,109382,139,5675,115196,168910,3022,No
2018,21,PUEBLA,12,AMOZOC DE MOTA,PSI,5091,109382,139,5675,115196,168910,5091,No
2018,21,PUEBLA,12,AMOZOC DE MOTA,MORENA,44920,109382,139,5675,115196,168910,44920,No
2018,21,PUEBLA,12,AMOZOC DE MOTA,ES,2350,109382,139,5675,115196,168910,2350,No
2018,21,PUEBLA,12,AMOZOC DE MOTA,PAN_PRD_MC_PCPP_PSI...18,452,109382,139,5675,115196,168910,27290,Sí
2018,21,PUEBLA,12,AMOZOC DE MOTA,PAN_PRD_MC_PCPP...19,30,109382,139,5675,115196,168910,23846,Sí
2018,21,PUEBLA,12,AMOZOC DE MOTA,PAN_PRD_MC_PSI...20,33,109382,139,5675,115196,168910,23849,Sí
2018,21,PUEBLA,12,AMOZOC DE MOTA,PAN_PRD_PCPP_PSI...21,24,109382,139,5675,115196,168910,23342,Sí
2018,21,PUEBLA,12,AMOZOC DE MOTA,PAN_MC_PCPP_PSI...22,15,109382,139,5675,115196,168910,24411,Sí
2018,21,PUEBLA,12,AMOZOC DE MOTA,PRD_MC_PCPP_PSI...23,5,109382,139,5675,115196,168910,8989,Sí
2018,21,PUEBLA,12,AMOZOC DE MOTA,PAN_PRD_MC...24,79,109382,139,5675,115196,168910,20375,Sí
2018,21,PUEBLA,12,AMOZOC DE MOTA,PAN_PRD_PCPP...25,15,109382,139,5675,115196,168910,20311,Sí
2018,21,PUEBLA,12,AMOZOC DE MOTA,PAN_PRD_PSI...26,17,109382,139,5675,115196,168910,20313,Sí
2018,21,PUEBLA,12,AMOZOC DE MOTA,PAN_MC_PCPP...27,11,109382,139,5675,115196,168910,21385,Sí
2018,21,PUEBLA,12,AMOZOC DE MOTA,PAN_MC_PSI...28,13,109382,139,5675,115196,168910,21387,Sí
2018,21,PUEBLA,12,AMOZOC DE MOTA,PAN_PCPP_PSI...29,88,109382,139,5675,115196,168910,20964,Sí
2018,21,PUEBLA,12,AMOZOC DE MOTA,PRD_MC_PCPP...30,144,109382,139,5675,115196,168910,6106,Sí
2018,21,PUEBLA,12,AMOZOC DE MOTA,PRD_MC_PSI...31,6,109382,139,5675,115196,168910,5968,Sí
2018,21,PUEBLA,12,AMOZOC DE MOTA,PRD_PCPP_PSI...32,1,109382,139,5675,115196,168910,5465,Sí
2018,21,PUEBLA,12,AMOZOC DE MOTA,MC_PCPP_PSI...33,13,109382,139,5675,115196,168910,6555,Sí
2018,21,PUEBLA,12,AMOZOC DE MOTA,PAN_PRD...34,243,109382,139,5675,115196,168910,18097,Sí
2018,21,PUEBLA,12,AMOZOC DE MOTA,PAN_MC...35,139,109382,139,5675,115196,168910,17993,Sí
2018,21,PUEBLA,12,AMOZOC DE MOTA,PAN_PCPP...36,60,109382,139,5675,115196,168910,17914,Sí
2018,21,PUEBLA,12,AMOZOC DE MOTA,PAN_PSI...37,47,109382,139,5675,115196,168910,17901,Sí
2018,21,PUEBLA,12,AMOZOC DE MOTA,PRD_MC...38,77,109382,139,5675,115196,168910,2519,Sí
2018,21,PUEBLA,12,AMOZOC DE MOTA,PRD_PCPP...39,11,109382,139,5675,115196,168910,2453,Sí
2018,21,PUEBLA,12,AMOZOC DE MOTA,PRD_PSI...40,18,109382,139,5675,115196,168910,2460,Sí
2018,21,PUEBLA,12,AMOZOC DE MOTA,MC_PCPP...41,39,109382,139,5675,115196,168910,3559,Sí
2018,21,PUEBLA,12,AMOZOC DE MOTA,MC_PSI...42,159,109382,139,5675,115196,168910,3679,Sí
2018,21,PUEBLA,12,AMOZOC DE MOTA,PCPP_PSI...43,28,109382,139,5675,115196,168910,3050,Sí
2018,21,PUEBLA,12,AMOZOC DE MOTA,PT_MORENA_ES,1895,109382,139,5675,115196,168910,54491,Sí
2018,21,PUEBLA,12,AMOZOC DE MOTA,PT_MORENA,482,109382,139,5675,115196,168910,50728,Sí
2018,21,PUEBLA,12,AMOZOC DE MOTA,PT_ES,104,109382,139,5675,115196,168910,7780,Sí
2018,21,PUEBLA,12,AMOZOC DE MOTA,MORENA_ES,511,109382,139,5675,115196,168910,47781,Sí
2018,21,PUEBLA,13,TEPEACA,PAN,25978,106562,51,5264,111877,161817,25978,No
2018,21,PUEBLA,13,TEPEACA,PRI,18788,106562,51,5264,111877,161817,18788,No
2018,21,PUEBLA,13,TEPEACA,PRD,2661,106562,51,5264,111877,161817,2661,No
2018,21,PUEBLA,13,TEPEACA,PT,3961,106562,51,5264,111877,161817,3961,No
2018,21,PUEBLA,13,TEPEACA,PVEM,7453,106562,51,5264,111877,161817,7453,No
2018,21,PUEBLA,13,TEPEACA,MC,3177,106562,51,5264,111877,161817,3177,No
2018,21,PUEBLA,13,TEPEACA,NUAL,1873,106562,51,5264,111877,161817,1873,No
2018,21,PUEBLA,13,TEPEACA,PCPP,1619,106562,51,5264,111877,161817,1619,No
2018,21,PUEBLA,13,TEPEACA,PSI,2375,106562,51,5264,111877,161817,2375,No
2018,21,PUEBLA,13,TEPEACA,MORENA,34363,106562,51,5264,111877,161817,34363,No
2018,21,PUEBLA,13,TEPEACA,ES,1287,106562,51,5264,111877,161817,1287,No
2018,21,PUEBLA,13,TEPEACA,PAN_PRD_MC_PCPP_PSI...18,273,106562,51,5264,111877,161817,33708,Sí
2018,21,PUEBLA,13,TEPEACA,PAN_PRD_MC_PCPP...19,52,106562,51,5264,111877,161817,31868,Sí
2018,21,PUEBLA,13,TEPEACA,PAN_PRD_MC_PSI...20,38,106562,51,5264,111877,161817,31854,Sí
2018,21,PUEBLA,13,TEPEACA,PAN_PRD_PCPP_PSI...21,40,106562,51,5264,111877,161817,30298,Sí
2018,21,PUEBLA,13,TEPEACA,PAN_MC_PCPP_PSI...22,29,106562,51,5264,111877,161817,30803,Sí
2018,21,PUEBLA,13,TEPEACA,PRD_MC_PCPP_PSI...23,19,106562,51,5264,111877,161817,7476,Sí
2018,21,PUEBLA,13,TEPEACA,PAN_PRD_MC...24,90,106562,51,5264,111877,161817,28729,Sí
2018,21,PUEBLA,13,TEPEACA,PAN_PRD_PCPP...25,35,106562,51,5264,111877,161817,28674,Sí
2018,21,PUEBLA,13,TEPEACA,PAN_PRD_PSI...26,59,106562,51,5264,111877,161817,28698,Sí
2018,21,PUEBLA,13,TEPEACA,PAN_MC_PCPP...27,17,106562,51,5264,111877,161817,29172,Sí
2018,21,PUEBLA,13,TEPEACA,PAN_MC_PSI...28,25,106562,51,5264,111877,161817,29180,Sí
2018,21,PUEBLA,13,TEPEACA,PAN_PCPP_PSI...29,24,106562,51,5264,111877,161817,27621,Sí
2018,21,PUEBLA,13,TEPEACA,PRD_MC_PCPP...30,5,106562,51,5264,111877,161817,5843,Sí
2018,21,PUEBLA,13,TEPEACA,PRD_MC_PSI...31,7,106562,51,5264,111877,161817,5845,Sí
2018,21,PUEBLA,13,TEPEACA,PRD_PCPP_PSI...32,5,106562,51,5264,111877,161817,4285,Sí
2018,21,PUEBLA,13,TEPEACA,MC_PCPP_PSI...33,9,106562,51,5264,111877,161817,4805,Sí
2018,21,PUEBLA,13,TEPEACA,PAN_PRD...34,291,106562,51,5264,111877,161817,26269,Sí
2018,21,PUEBLA,13,TEPEACA,PAN_MC...35,130,106562,51,5264,111877,161817,26108,Sí
2018,21,PUEBLA,13,TEPEACA,PAN_PCPP...36,87,106562,51,5264,111877,161817,26065,Sí
2018,21,PUEBLA,13,TEPEACA,PAN_PSI...37,56,106562,51,5264,111877,161817,26034,Sí
2018,21,PUEBLA,13,TEPEACA,PRD_MC...38,32,106562,51,5264,111877,161817,2693,Sí
2018,21,PUEBLA,13,TEPEACA,PRD_PCPP...39,7,106562,51,5264,111877,161817,2668,Sí
2018,21,PUEBLA,13,TEPEACA,PRD_PSI...40,6,106562,51,5264,111877,161817,2667,Sí
2018,21,PUEBLA,13,TEPEACA,MC_PCPP...41,17,106562,51,5264,111877,161817,3194,Sí
2018,21,PUEBLA,13,TEPEACA,MC_PSI...42,17,106562,51,5264,111877,161817,3194,Sí
2018,21,PUEBLA,13,TEPEACA,PCPP_PSI...43,12,106562,51,5264,111877,161817,1631,Sí
2018,21,PUEBLA,13,TEPEACA,PT_MORENA_ES,929,106562,51,5264,111877,161817,40540,Sí
2018,21,PUEBLA,13,TEPEACA,PT_MORENA,314,106562,51,5264,111877,161817,38638,Sí
2018,21,PUEBLA,13,TEPEACA,PT_ES,57,106562,51,5264,111877,161817,5305,Sí
2018,21,PUEBLA,13,TEPEACA,MORENA_ES,345,106562,51,5264,111877,161817,35995,Sí
2018,21,PUEBLA,14,CIUDAD SERDAN,PAN,25807,107281,18,7284,114583,156517,25807,No
2018,21,PUEBLA,14,CIUDAD SERDAN,PRI,14837,107281,18,7284,114583,156517,14837,No
2018,21,PUEBLA,14,CIUDAD SERDAN,PRD,3928,107281,18,7284,114583,156517,3928,No
2018,21,PUEBLA,14,CIUDAD SERDAN,PT,6459,107281,18,7284,114583,156517,6459,No
2018,21,PUEBLA,14,CIUDAD SERDAN,PVEM,3240,107281,18,7284,114583,156517,3240,No
2018,21,PUEBLA,14,CIUDAD SERDAN,MC,8426,107281,18,7284,114583,156517,8426,No
2018,21,PUEBLA,14,CIUDAD SERDAN,NUAL,8859,107281,18,7284,114583,156517,8859,No
2018,21,PUEBLA,14,CIUDAD SERDAN,PCPP,5840,107281,18,7284,114583,156517,5840,No
2018,21,PUEBLA,14,CIUDAD SERDAN,PSI,2703,107281,18,7284,114583,156517,2703,No
2018,21,PUEBLA,14,CIUDAD SERDAN,MORENA,22460,107281,18,7284,114583,156517,22460,No
2018,21,PUEBLA,14,CIUDAD SERDAN,ES,955,107281,18,7284,114583,156517,955,No
2018,21,PUEBLA,14,CIUDAD SERDAN,PAN_PRD_MC_PCPP_PSI...18,311,107281,18,7284,114583,156517,44312,Sí
2018,21,PUEBLA,14,CIUDAD SERDAN,PAN_PRD_MC_PCPP...19,41,107281,18,7284,114583,156517,38202,Sí
2018,21,PUEBLA,14,CIUDAD SERDAN,PAN_PRD_MC_PSI...20,43,107281,18,7284,114583,156517,38204,Sí
2018,21,PUEBLA,14,CIUDAD SERDAN,PAN_PRD_PCPP_PSI...21,43,107281,18,7284,114583,156517,35618,Sí
2018,21,PUEBLA,14,CIUDAD SERDAN,PAN_MC_PCPP_PSI...22,28,107281,18,7284,114583,156517,40101,Sí
2018,21,PUEBLA,14,CIUDAD SERDAN,PRD_MC_PCPP_PSI...23,8,107281,18,7284,114583,156517,18202,Sí
2018,21,PUEBLA,14,CIUDAD SERDAN,PAN_PRD_MC...24,237,107281,18,7284,114583,156517,29972,Sí
2018,21,PUEBLA,14,CIUDAD SERDAN,PAN_PRD_PCPP...25,36,107281,18,7284,114583,156517,29771,Sí
2018,21,PUEBLA,14,CIUDAD SERDAN,PAN_PRD_PSI...26,40,107281,18,7284,114583,156517,29775,Sí
2018,21,PUEBLA,14,CIUDAD SERDAN,PAN_MC_PCPP...27,19,107281,18,7284,114583,156517,34252,Sí
2018,21,PUEBLA,14,CIUDAD SERDAN,PAN_MC_PSI...28,15,107281,18,7284,114583,156517,34248,Sí
2018,21,PUEBLA,14,CIUDAD SERDAN,PAN_PCPP_PSI...29,114,107281,18,7284,114583,156517,31761,Sí
2018,21,PUEBLA,14,CIUDAD SERDAN,PRD_MC_PCPP...30,35,107281,18,7284,114583,156517,12389,Sí
2018,21,PUEBLA,14,CIUDAD SERDAN,PRD_MC_PSI...31,10,107281,18,7284,114583,156517,12364,Sí
2018,21,PUEBLA,14,CIUDAD SERDAN,PRD_PCPP_PSI...32,69,107281,18,7284,114583,156517,9837,Sí
2018,21,PUEBLA,14,CIUDAD SERDAN,MC_PCPP_PSI...33,24,107281,18,7284,114583,156517,14290,Sí
2018,21,PUEBLA,14,CIUDAD SERDAN,PAN_PRD...34,330,107281,18,7284,114583,156517,26137,Sí
2018,21,PUEBLA,14,CIUDAD SERDAN,PAN_MC...35,204,107281,18,7284,114583,156517,26011,Sí
2018,21,PUEBLA,14,CIUDAD SERDAN,PAN_PCPP...36,224,107281,18,7284,114583,156517,26031,Sí
2018,21,PUEBLA,14,CIUDAD SERDAN,PAN_PSI...37,42,107281,18,7284,114583,156517,25849,Sí
2018,21,PUEBLA,14,CIUDAD SERDAN,PRD_MC...38,80,107281,18,7284,114583,156517,4008,Sí
2018,21,PUEBLA,14,CIUDAD SERDAN,PRD_PCPP...39,43,107281,18,7284,114583,156517,3971,Sí
2018,21,PUEBLA,14,CIUDAD SERDAN,PRD_PSI...40,18,107281,18,7284,114583,156517,3946,Sí
2018,21,PUEBLA,14,CIUDAD SERDAN,MC_PCPP...41,63,107281,18,7284,114583,156517,8489,Sí
2018,21,PUEBLA,14,CIUDAD SERDAN,MC_PSI...42,38,107281,18,7284,114583,156517,8464,Sí
2018,21,PUEBLA,14,CIUDAD SERDAN,PCPP_PSI...43,26,107281,18,7284,114583,156517,5866,Sí
2018,21,PUEBLA,14,CIUDAD SERDAN,PT_MORENA_ES,847,107281,18,7284,114583,156517,30721,Sí
2018,21,PUEBLA,14,CIUDAD SERDAN,PT_MORENA,494,107281,18,7284,114583,156517,29413,Sí
2018,21,PUEBLA,14,CIUDAD SERDAN,PT_ES,60,107281,18,7284,114583,156517,7474,Sí
2018,21,PUEBLA,14,CIUDAD SERDAN,MORENA_ES,225,107281,18,7284,114583,156517,23640,Sí
2018,21,PUEBLA,15,TECAMACHALCO,PAN,10866,100747,44,6885,107676,155988,10866,No
2018,21,PUEBLA,15,TECAMACHALCO,PRI,12550,100747,44,6885,107676,155988,12550,No
2018,21,PUEBLA,15,TECAMACHALCO,PRD,2897,100747,44,6885,107676,155988,2897,No
2018,21,PUEBLA,15,TECAMACHALCO,PT,4372,100747,44,6885,107676,155988,4372,No
2018,21,PUEBLA,15,TECAMACHALCO,PVEM,3886,100747,44,6885,107676,155988,3886,No
2018,21,PUEBLA,15,TECAMACHALCO,MC,2532,100747,44,6885,107676,155988,2532,No
2018,21,PUEBLA,15,TECAMACHALCO,NUAL,1404,100747,44,6885,107676,155988,1404,No
2018,21,PUEBLA,15,TECAMACHALCO,PCPP,2989,100747,44,6885,107676,155988,2989,No
2018,21,PUEBLA,15,TECAMACHALCO,PSI,13456,100747,44,6885,107676,155988,13456,No
2018,21,PUEBLA,15,TECAMACHALCO,MORENA,41267,100747,44,6885,107676,155988,41267,No
2018,21,PUEBLA,15,TECAMACHALCO,ES,1463,100747,44,6885,107676,155988,1463,No
2018,21,PUEBLA,15,TECAMACHALCO,PT_MORENA_ES,1144,100747,44,6885,107676,155988,48246,Sí
2018,21,PUEBLA,15,TECAMACHALCO,PT_MORENA,423,100747,44,6885,107676,155988,46062,Sí
2018,21,PUEBLA,15,TECAMACHALCO,PT_ES,93,100747,44,6885,107676,155988,5928,Sí
2018,21,PUEBLA,15,TECAMACHALCO,MORENA_ES,453,100747,44,6885,107676,155988,43183,Sí
2018,21,PUEBLA,15,TECAMACHALCO,C_COMUN_PAN_PRD_MC_PCPP,163,100747,44,6885,107676,155988,19447,Sí
2018,21,PUEBLA,15,TECAMACHALCO,PAN_PRD_MC...128,71,100747,44,6885,107676,155988,13834,Sí
2018,21,PUEBLA,15,TECAMACHALCO,PAN_PRD_PCPP...129,49,100747,44,6885,107676,155988,13812,Sí
2018,21,PUEBLA,15,TECAMACHALCO,PAN_MC_PCPP...130,62,100747,44,6885,107676,155988,13460,Sí
2018,21,PUEBLA,15,TECAMACHALCO,PRD_MC_PCPP...131,13,100747,44,6885,107676,155988,5442,Sí
2018,21,PUEBLA,15,TECAMACHALCO,PAN_PRD...132,248,100747,44,6885,107676,155988,11114,Sí
2018,21,PUEBLA,15,TECAMACHALCO,PAN_MC...133,76,100747,44,6885,107676,155988,10942,Sí
2018,21,PUEBLA,15,TECAMACHALCO,PAN_PCPP...134,113,100747,44,6885,107676,155988,10979,Sí
2018,21,PUEBLA,15,TECAMACHALCO,PRD_MC...135,42,100747,44,6885,107676,155988,2939,Sí
2018,21,PUEBLA,15,TECAMACHALCO,PRD_PCPP...136,21,100747,44,6885,107676,155988,2918,Sí
2018,21,PUEBLA,15,TECAMACHALCO,MC_PCPP...137,94,100747,44,6885,107676,155988,2626,Sí
2018,21,PUEBLA,16,HEROICA PUEBLA DE ZARAGOZA,PAN,30167,118977,108,5054,124139,198393,30167,No
2018,21,PUEBLA,16,HEROICA PUEBLA DE ZARAGOZA,PRI,13870,118977,108,5054,124139,198393,13870,No
2018,21,PUEBLA,16,HEROICA PUEBLA DE ZARAGOZA,PRD,1769,118977,108,5054,124139,198393,1769,No
2018,21,PUEBLA,16,HEROICA PUEBLA DE ZARAGOZA,PT,3570,118977,108,5054,124139,198393,3570,No
2018,21,PUEBLA,16,HEROICA PUEBLA DE ZARAGOZA,PVEM,3990,118977,108,5054,124139,198393,3990,No
2018,21,PUEBLA,16,HEROICA PUEBLA DE ZARAGOZA,MC,2627,118977,108,5054,124139,198393,2627,No
2018,21,PUEBLA,16,HEROICA PUEBLA DE ZARAGOZA,NUAL,1212,118977,108,5054,124139,198393,1212,No
2018,21,PUEBLA,16,HEROICA PUEBLA DE ZARAGOZA,PCPP,1568,118977,108,5054,124139,198393,1568,No
2018,21,PUEBLA,16,HEROICA PUEBLA DE ZARAGOZA,PSI,888,118977,108,5054,124139,198393,888,No
2018,21,PUEBLA,16,HEROICA PUEBLA DE ZARAGOZA,MORENA,54137,118977,108,5054,124139,198393,54137,No
2018,21,PUEBLA,16,HEROICA PUEBLA DE ZARAGOZA,ES,1983,118977,108,5054,124139,198393,1983,No
2018,21,PUEBLA,16,HEROICA PUEBLA DE ZARAGOZA,PAN_PRD_MC_PCPP_PSI...18,352,118977,108,5054,124139,198393,36483,Sí
2018,21,PUEBLA,16,HEROICA PUEBLA DE ZARAGOZA,PAN_PRD_MC_PCPP...19,59,118977,108,5054,124139,198393,34622,Sí
2018,21,PUEBLA,16,HEROICA PUEBLA DE ZARAGOZA,PAN_PRD_MC_PSI...20,41,118977,108,5054,124139,198393,34604,Sí
2018,21,PUEBLA,16,HEROICA PUEBLA DE ZARAGOZA,PAN_PRD_PCPP_PSI...21,25,118977,108,5054,124139,198393,33529,Sí
2018,21,PUEBLA,16,HEROICA PUEBLA DE ZARAGOZA,PAN_MC_PCPP_PSI...22,26,118977,108,5054,124139,198393,34388,Sí
2018,21,PUEBLA,16,HEROICA PUEBLA DE ZARAGOZA,PRD_MC_PCPP_PSI...23,18,118977,108,5054,124139,198393,5982,Sí
2018,21,PUEBLA,16,HEROICA PUEBLA DE ZARAGOZA,PAN_PRD_MC...24,108,118977,108,5054,124139,198393,32044,Sí
2018,21,PUEBLA,16,HEROICA PUEBLA DE ZARAGOZA,PAN_PRD_PCPP...25,23,118977,108,5054,124139,198393,31959,Sí
2018,21,PUEBLA,16,HEROICA PUEBLA DE ZARAGOZA,PAN_PRD_PSI...26,20,118977,108,5054,124139,198393,31956,Sí
2018,21,PUEBLA,16,HEROICA PUEBLA DE ZARAGOZA,PAN_MC_PCPP...27,15,118977,108,5054,124139,198393,32809,Sí
2018,21,PUEBLA,16,HEROICA PUEBLA DE ZARAGOZA,PAN_MC_PSI...28,12,118977,108,5054,124139,198393,32806,Sí
2018,21,PUEBLA,16,HEROICA PUEBLA DE ZARAGOZA,PAN_PCPP_PSI...29,9,118977,108,5054,124139,198393,31744,Sí
2018,21,PUEBLA,16,HEROICA PUEBLA DE ZARAGOZA,PRD_MC_PCPP...30,4,118977,108,5054,124139,198393,4400,Sí
2018,21,PUEBLA,16,HEROICA PUEBLA DE ZARAGOZA,PRD_MC_PSI...31,4,118977,108,5054,124139,198393,4400,Sí
2018,21,PUEBLA,16,HEROICA PUEBLA DE ZARAGOZA,PRD_PCPP_PSI...32,1,118977,108,5054,124139,198393,3338,Sí
2018,21,PUEBLA,16,HEROICA PUEBLA DE ZARAGOZA,MC_PCPP_PSI...33,9,118977,108,5054,124139,198393,4204,Sí
2018,21,PUEBLA,16,HEROICA PUEBLA DE ZARAGOZA,PAN_PRD...34,124,118977,108,5054,124139,198393,30291,Sí
2018,21,PUEBLA,16,HEROICA PUEBLA DE ZARAGOZA,PAN_MC...35,65,118977,108,5054,124139,198393,30232,Sí
2018,21,PUEBLA,16,HEROICA PUEBLA DE ZARAGOZA,PAN_PCPP...36,81,118977,108,5054,124139,198393,30248,Sí
2018,21,PUEBLA,16,HEROICA PUEBLA DE ZARAGOZA,PAN_PSI...37,16,118977,108,5054,124139,198393,30183,Sí
2018,21,PUEBLA,16,HEROICA PUEBLA DE ZARAGOZA,PRD_MC...38,16,118977,108,5054,124139,198393,1785,Sí
2018,21,PUEBLA,16,HEROICA PUEBLA DE ZARAGOZA,PRD_PCPP...39,2,118977,108,5054,124139,198393,1771,Sí
2018,21,PUEBLA,16,HEROICA PUEBLA DE ZARAGOZA,PRD_PSI...40,2,118977,108,5054,124139,198393,1771,Sí
2018,21,PUEBLA,16,HEROICA PUEBLA DE ZARAGOZA,MC_PCPP...41,8,118977,108,5054,124139,198393,2635,Sí
2018,21,PUEBLA,16,HEROICA PUEBLA DE ZARAGOZA,MC_PSI...42,3,118977,108,5054,124139,198393,2630,Sí
2018,21,PUEBLA,16,HEROICA PUEBLA DE ZARAGOZA,PCPP_PSI...43,12,118977,108,5054,124139,198393,1580,Sí
2018,21,PUEBLA,16,HEROICA PUEBLA DE ZARAGOZA,PT_MORENA_ES,1274,118977,108,5054,124139,198393,60964,Sí
2018,21,PUEBLA,16,HEROICA PUEBLA DE ZARAGOZA,PT_MORENA,425,118977,108,5054,124139,198393,58132,Sí
2018,21,PUEBLA,16,HEROICA PUEBLA DE ZARAGOZA,PT_ES,60,118977,108,5054,124139,198393,5613,Sí
2018,21,PUEBLA,16,HEROICA PUEBLA DE ZARAGOZA,MORENA_ES,382,118977,108,5054,124139,198393,56502,Sí
2018,21,PUEBLA,17,HEROICA PUEBLA DE ZARAGOZA,PAN,44616,137123,182,6302,143607,215383,44616,No
2018,21,PUEBLA,17,HEROICA PUEBLA DE ZARAGOZA,PRI,15546,137123,182,6302,143607,215383,15546,No
2018,21,PUEBLA,17,HEROICA PUEBLA DE ZARAGOZA,PRD,1713,137123,182,6302,143607,215383,1713,No
2018,21,PUEBLA,17,HEROICA PUEBLA DE ZARAGOZA,PT,3106,137123,182,6302,143607,215383,3106,No
2018,21,PUEBLA,17,HEROICA PUEBLA DE ZARAGOZA,PVEM,5908,137123,182,6302,143607,215383,5908,No
2018,21,PUEBLA,17,HEROICA PUEBLA DE ZARAGOZA,MC,1998,137123,182,6302,143607,215383,1998,No
2018,21,PUEBLA,17,HEROICA PUEBLA DE ZARAGOZA,NUAL,3978,137123,182,6302,143607,215383,3978,No
2018,21,PUEBLA,17,HEROICA PUEBLA DE ZARAGOZA,PCPP,1268,137123,182,6302,143607,215383,1268,No
2018,21,PUEBLA,17,HEROICA PUEBLA DE ZARAGOZA,PSI,1380,137123,182,6302,143607,215383,1380,No
2018,21,PUEBLA,17,HEROICA PUEBLA DE ZARAGOZA,MORENA,52304,137123,182,6302,143607,215383,52304,No
2018,21,PUEBLA,17,HEROICA PUEBLA DE ZARAGOZA,ES,2246,137123,182,6302,143607,215383,2246,No
2018,21,PUEBLA,17,HEROICA PUEBLA DE ZARAGOZA,PAN_PRD_MC_PCPP_PSI...18,366,137123,182,6302,143607,215383,49961,Sí
2018,21,PUEBLA,17,HEROICA PUEBLA DE ZARAGOZA,PAN_PRD_MC_PCPP...19,68,137123,182,6302,143607,215383,48395,Sí
2018,21,PUEBLA,17,HEROICA PUEBLA DE ZARAGOZA,PAN_PRD_MC_PSI...20,40,137123,182,6302,143607,215383,48367,Sí
2018,21,PUEBLA,17,HEROICA PUEBLA DE ZARAGOZA,PAN_PRD_PCPP_PSI...21,28,137123,182,6302,143607,215383,47625,Sí
2018,21,PUEBLA,17,HEROICA PUEBLA DE ZARAGOZA,PAN_MC_PCPP_PSI...22,20,137123,182,6302,143607,215383,47902,Sí
2018,21,PUEBLA,17,HEROICA PUEBLA DE ZARAGOZA,PRD_MC_PCPP_PSI...23,12,137123,182,6302,143607,215383,4991,Sí
2018,21,PUEBLA,17,HEROICA PUEBLA DE ZARAGOZA,PAN_PRD_MC...24,212,137123,182,6302,143607,215383,46541,Sí
2018,21,PUEBLA,17,HEROICA PUEBLA DE ZARAGOZA,PAN_PRD_PCPP...25,23,137123,182,6302,143607,215383,46352,Sí
2018,21,PUEBLA,17,HEROICA PUEBLA DE ZARAGOZA,PAN_PRD_PSI...26,19,137123,182,6302,143607,215383,46348,Sí
2018,21,PUEBLA,17,HEROICA PUEBLA DE ZARAGOZA,PAN_MC_PCPP...27,13,137123,182,6302,143607,215383,46627,Sí
2018,21,PUEBLA,17,HEROICA PUEBLA DE ZARAGOZA,PAN_MC_PSI...28,10,137123,182,6302,143607,215383,46624,Sí
2018,21,PUEBLA,17,HEROICA PUEBLA DE ZARAGOZA,PAN_PCPP_PSI...29,17,137123,182,6302,143607,215383,45901,Sí
2018,21,PUEBLA,17,HEROICA PUEBLA DE ZARAGOZA,PRD_MC_PCPP...30,3,137123,182,6302,143607,215383,3714,Sí
2018,21,PUEBLA,17,HEROICA PUEBLA DE ZARAGOZA,PRD_MC_PSI...31,3,137123,182,6302,143607,215383,3714,Sí
2018,21,PUEBLA,17,HEROICA PUEBLA DE ZARAGOZA,PRD_PCPP_PSI...32,4,137123,182,6302,143607,215383,2985,Sí
2018,21,PUEBLA,17,HEROICA PUEBLA DE ZARAGOZA,MC_PCPP_PSI...33,6,137123,182,6302,143607,215383,3272,Sí
2018,21,PUEBLA,17,HEROICA PUEBLA DE ZARAGOZA,PAN_PRD...34,160,137123,182,6302,143607,215383,44776,Sí
2018,21,PUEBLA,17,HEROICA PUEBLA DE ZARAGOZA,PAN_MC...35,63,137123,182,6302,143607,215383,44679,Sí
2018,21,PUEBLA,17,HEROICA PUEBLA DE ZARAGOZA,PAN_PCPP...36,39,137123,182,6302,143607,215383,44655,Sí
2018,21,PUEBLA,17,HEROICA PUEBLA DE ZARAGOZA,PAN_PSI...37,17,137123,182,6302,143607,215383,44633,Sí
2018,21,PUEBLA,17,HEROICA PUEBLA DE ZARAGOZA,PRD_MC...38,12,137123,182,6302,143607,215383,1725,Sí
2018,21,PUEBLA,17,HEROICA PUEBLA DE ZARAGOZA,PRD_PCPP...39,4,137123,182,6302,143607,215383,1717,Sí
2018,21,PUEBLA,17,HEROICA PUEBLA DE ZARAGOZA,PRD_PSI...40,0,137123,182,6302,143607,215383,1713,Sí
2018,21,PUEBLA,17,HEROICA PUEBLA DE ZARAGOZA,MC_PCPP...41,5,137123,182,6302,143607,215383,2003,Sí
2018,21,PUEBLA,17,HEROICA PUEBLA DE ZARAGOZA,MC_PSI...42,11,137123,182,6302,143607,215383,2009,Sí
2018,21,PUEBLA,17,HEROICA PUEBLA DE ZARAGOZA,PCPP_PSI...43,12,137123,182,6302,143607,215383,1280,Sí
2018,21,PUEBLA,17,HEROICA PUEBLA DE ZARAGOZA,PT_MORENA_ES,1248,137123,182,6302,143607,215383,58904,Sí
2018,21,PUEBLA,17,HEROICA PUEBLA DE ZARAGOZA,PT_MORENA,302,137123,182,6302,143607,215383,55712,Sí
2018,21,PUEBLA,17,HEROICA PUEBLA DE ZARAGOZA,PT_ES,42,137123,182,6302,143607,215383,5394,Sí
2018,21,PUEBLA,17,HEROICA PUEBLA DE ZARAGOZA,MORENA_ES,301,137123,182,6302,143607,215383,54851,Sí
2018,21,PUEBLA,18,CHOLULA DE RIVADAVIA,PAN,35095,123484,109,5186,128779,194178,35095,No
2018,21,PUEBLA,18,CHOLULA DE RIVADAVIA,PRI,10268,123484,109,5186,128779,194178,10268,No
2018,21,PUEBLA,18,CHOLULA DE RIVADAVIA,PRD,1822,123484,109,5186,128779,194178,1822,No
2018,21,PUEBLA,18,CHOLULA DE RIVADAVIA,PT,3431,123484,109,5186,128779,194178,3431,No
2018,21,PUEBLA,18,CHOLULA DE RIVADAVIA,PVEM,4259,123484,109,5186,128779,194178,4259,No
2018,21,PUEBLA,18,CHOLULA DE RIVADAVIA,MC,2442,123484,109,5186,128779,194178,2442,No
2018,21,PUEBLA,18,CHOLULA DE RIVADAVIA,NUAL,4041,123484,109,5186,128779,194178,4041,No
2018,21,PUEBLA,18,CHOLULA DE RIVADAVIA,PCPP,1927,123484,109,5186,128779,194178,1927,No
2018,21,PUEBLA,18,CHOLULA DE RIVADAVIA,PSI,3164,123484,109,5186,128779,194178,3164,No
2018,21,PUEBLA,18,CHOLULA DE RIVADAVIA,MORENA,51325,123484,109,5186,128779,194178,51325,No
2018,21,PUEBLA,18,CHOLULA DE RIVADAVIA,ES,2545,123484,109,5186,128779,194178,2545,No
2018,21,PUEBLA,18,CHOLULA DE RIVADAVIA,PAN_PRD_MC_PCPP_PSI...18,343,123484,109,5186,128779,194178,41629,Sí
2018,21,PUEBLA,18,CHOLULA DE RIVADAVIA,PAN_PRD_MC_PCPP...19,71,123484,109,5186,128779,194178,39430,Sí
2018,21,PUEBLA,18,CHOLULA DE RIVADAVIA,PAN_PRD_MC_PSI...20,38,123484,109,5186,128779,194178,39397,Sí
2018,21,PUEBLA,18,CHOLULA DE RIVADAVIA,PAN_PRD_PCPP_PSI...21,25,123484,109,5186,128779,194178,38869,Sí
2018,21,PUEBLA,18,CHOLULA DE RIVADAVIA,PAN_MC_PCPP_PSI...22,26,123484,109,5186,128779,194178,39490,Sí
2018,21,PUEBLA,18,CHOLULA DE RIVADAVIA,PRD_MC_PCPP_PSI...23,39,123484,109,5186,128779,194178,6230,Sí
2018,21,PUEBLA,18,CHOLULA DE RIVADAVIA,PAN_PRD_MC...24,162,123484,109,5186,128779,194178,37079,Sí
2018,21,PUEBLA,18,CHOLULA DE RIVADAVIA,PAN_PRD_PCPP...25,23,123484,109,5186,128779,194178,36940,Sí
2018,21,PUEBLA,18,CHOLULA DE RIVADAVIA,PAN_PRD_PSI...26,21,123484,109,5186,128779,194178,36938,Sí
2018,21,PUEBLA,18,CHOLULA DE RIVADAVIA,PAN_MC_PCPP...27,14,123484,109,5186,128779,194178,37551,Sí
2018,21,PUEBLA,18,CHOLULA DE RIVADAVIA,PAN_MC_PSI...28,14,123484,109,5186,128779,194178,37551,Sí
2018,21,PUEBLA,18,CHOLULA DE RIVADAVIA,PAN_PCPP_PSI...29,13,123484,109,5186,128779,194178,37035,Sí
2018,21,PUEBLA,18,CHOLULA DE RIVADAVIA,PRD_MC_PCPP...30,6,123484,109,5186,128779,194178,4270,Sí
2018,21,PUEBLA,18,CHOLULA DE RIVADAVIA,PRD_MC_PSI...31,5,123484,109,5186,128779,194178,4269,Sí
2018,21,PUEBLA,18,CHOLULA DE RIVADAVIA,PRD_PCPP_PSI...32,3,123484,109,5186,128779,194178,3752,Sí
2018,21,PUEBLA,18,CHOLULA DE RIVADAVIA,MC_PCPP_PSI...33,10,123484,109,5186,128779,194178,4379,Sí
2018,21,PUEBLA,18,CHOLULA DE RIVADAVIA,PAN_PRD...34,104,123484,109,5186,128779,194178,35199,Sí
2018,21,PUEBLA,18,CHOLULA DE RIVADAVIA,PAN_MC...35,72,123484,109,5186,128779,194178,35167,Sí
2018,21,PUEBLA,18,CHOLULA DE RIVADAVIA,PAN_PCPP...36,55,123484,109,5186,128779,194178,35150,Sí
2018,21,PUEBLA,18,CHOLULA DE RIVADAVIA,PAN_PSI...37,23,123484,109,5186,128779,194178,35118,Sí
2018,21,PUEBLA,18,CHOLULA DE RIVADAVIA,PRD_MC...38,35,123484,109,5186,128779,194178,1857,Sí
2018,21,PUEBLA,18,CHOLULA DE RIVADAVIA,PRD_PCPP...39,6,123484,109,5186,128779,194178,1828,Sí
2018,21,PUEBLA,18,CHOLULA DE RIVADAVIA,PRD_PSI...40,3,123484,109,5186,128779,194178,1825,Sí
2018,21,PUEBLA,18,CHOLULA DE RIVADAVIA,MC_PCPP...41,12,123484,109,5186,128779,194178,2454,Sí
2018,21,PUEBLA,18,CHOLULA DE RIVADAVIA,MC_PSI...42,14,123484,109,5186,128779,194178,2456,Sí
2018,21,PUEBLA,18,CHOLULA DE RIVADAVIA,PCPP_PSI...43,8,123484,109,5186,128779,194178,1935,Sí
2018,21,PUEBLA,18,CHOLULA DE RIVADAVIA,PT_MORENA_ES,1276,123484,109,5186,128779,194178,58577,Sí
2018,21,PUEBLA,18,CHOLULA DE RIVADAVIA,PT_MORENA,309,123484,109,5186,128779,194178,55065,Sí
2018,21,PUEBLA,18,CHOLULA DE RIVADAVIA,PT_ES,58,123484,109,5186,128779,194178,6034,Sí
2018,21,PUEBLA,18,CHOLULA DE RIVADAVIA,MORENA_ES,377,123484,109,5186,128779,194178,54247,Sí
2018,21,PUEBLA,19,HEROICA PUEBLA DE ZARAGOZA,PAN,27081,116185,87,4515,120787,194255,27081,No
2018,21,PUEBLA,19,HEROICA PUEBLA DE ZARAGOZA,PRI,13183,116185,87,4515,120787,194255,13183,No
2018,21,PUEBLA,19,HEROICA PUEBLA DE ZARAGOZA,PRD,2025,116185,87,4515,120787,194255,2025,No
2018,21,PUEBLA,19,HEROICA PUEBLA DE ZARAGOZA,PT,3773,116185,87,4515,120787,194255,3773,No
2018,21,PUEBLA,19,HEROICA PUEBLA DE ZARAGOZA,PVEM,4828,116185,87,4515,120787,194255,4828,No
2018,21,PUEBLA,19,HEROICA PUEBLA DE ZARAGOZA,MC,2314,116185,87,4515,120787,194255,2314,No
2018,21,PUEBLA,19,HEROICA PUEBLA DE ZARAGOZA,NUAL,1499,116185,87,4515,120787,194255,1499,No
2018,21,PUEBLA,19,HEROICA PUEBLA DE ZARAGOZA,PCPP,1585,116185,87,4515,120787,194255,1585,No
2018,21,PUEBLA,19,HEROICA PUEBLA DE ZARAGOZA,PSI,835,116185,87,4515,120787,194255,835,No
2018,21,PUEBLA,19,HEROICA PUEBLA DE ZARAGOZA,MORENA,53856,116185,87,4515,120787,194255,53856,No
2018,21,PUEBLA,19,HEROICA PUEBLA DE ZARAGOZA,ES,1814,116185,87,4515,120787,194255,1814,No
2018,21,PUEBLA,19,HEROICA PUEBLA DE ZARAGOZA,PAN_PRD_MC_PCPP_PSI...18,374,116185,87,4515,120787,194255,33379,Sí
2018,21,PUEBLA,19,HEROICA PUEBLA DE ZARAGOZA,PAN_PRD_MC_PCPP...19,57,116185,87,4515,120787,194255,31477,Sí
2018,21,PUEBLA,19,HEROICA PUEBLA DE ZARAGOZA,PAN_PRD_MC_PSI...20,35,116185,87,4515,120787,194255,31455,Sí
2018,21,PUEBLA,19,HEROICA PUEBLA DE ZARAGOZA,PAN_PRD_PCPP_PSI...21,15,116185,87,4515,120787,194255,30706,Sí
2018,21,PUEBLA,19,HEROICA PUEBLA DE ZARAGOZA,PAN_MC_PCPP_PSI...22,24,116185,87,4515,120787,194255,31004,Sí
2018,21,PUEBLA,19,HEROICA PUEBLA DE ZARAGOZA,PRD_MC_PCPP_PSI...23,7,116185,87,4515,120787,194255,5931,Sí
2018,21,PUEBLA,19,HEROICA PUEBLA DE ZARAGOZA,PAN_PRD_MC...24,153,116185,87,4515,120787,194255,29259,Sí
2018,21,PUEBLA,19,HEROICA PUEBLA DE ZARAGOZA,PAN_PRD_PCPP...25,21,116185,87,4515,120787,194255,29127,Sí
2018,21,PUEBLA,19,HEROICA PUEBLA DE ZARAGOZA,PAN_PRD_PSI...26,23,116185,87,4515,120787,194255,29129,Sí
2018,21,PUEBLA,19,HEROICA PUEBLA DE ZARAGOZA,PAN_MC_PCPP...27,11,116185,87,4515,120787,194255,29406,Sí
2018,21,PUEBLA,19,HEROICA PUEBLA DE ZARAGOZA,PAN_MC_PSI...28,11,116185,87,4515,120787,194255,29406,Sí
2018,21,PUEBLA,19,HEROICA PUEBLA DE ZARAGOZA,PAN_PCPP_PSI...29,12,116185,87,4515,120787,194255,28678,Sí
2018,21,PUEBLA,19,HEROICA PUEBLA DE ZARAGOZA,PRD_MC_PCPP...30,1,116185,87,4515,120787,194255,4340,Sí
2018,21,PUEBLA,19,HEROICA PUEBLA DE ZARAGOZA,PRD_MC_PSI...31,3,116185,87,4515,120787,194255,4342,Sí
2018,21,PUEBLA,19,HEROICA PUEBLA DE ZARAGOZA,PRD_PCPP_PSI...32,1,116185,87,4515,120787,194255,3611,Sí
2018,21,PUEBLA,19,HEROICA PUEBLA DE ZARAGOZA,MC_PCPP_PSI...33,11,116185,87,4515,120787,194255,3910,Sí
2018,21,PUEBLA,19,HEROICA PUEBLA DE ZARAGOZA,PAN_PRD...34,111,116185,87,4515,120787,194255,27192,Sí
2018,21,PUEBLA,19,HEROICA PUEBLA DE ZARAGOZA,PAN_MC...35,56,116185,87,4515,120787,194255,27137,Sí
2018,21,PUEBLA,19,HEROICA PUEBLA DE ZARAGOZA,PAN_PCPP...36,38,116185,87,4515,120787,194255,27119,Sí
2018,21,PUEBLA,19,HEROICA PUEBLA DE ZARAGOZA,PAN_PSI...37,9,116185,87,4515,120787,194255,27090,Sí
2018,21,PUEBLA,19,HEROICA PUEBLA DE ZARAGOZA,PRD_MC...38,16,116185,87,4515,120787,194255,2041,Sí
2018,21,PUEBLA,19,HEROICA PUEBLA DE ZARAGOZA,PRD_PCPP...39,5,116185,87,4515,120787,194255,2030,Sí
2018,21,PUEBLA,19,HEROICA PUEBLA DE ZARAGOZA,PRD_PSI...40,2,116185,87,4515,120787,194255,2027,Sí
2018,21,PUEBLA,19,HEROICA PUEBLA DE ZARAGOZA,MC_PCPP...41,11,116185,87,4515,120787,194255,2325,Sí
2018,21,PUEBLA,19,HEROICA PUEBLA DE ZARAGOZA,MC_PSI...42,21,116185,87,4515,120787,194255,2335,Sí
2018,21,PUEBLA,19,HEROICA PUEBLA DE ZARAGOZA,PCPP_PSI...43,17,116185,87,4515,120787,194255,1602,Sí
2018,21,PUEBLA,19,HEROICA PUEBLA DE ZARAGOZA,PT_MORENA_ES,1478,116185,87,4515,120787,194255,60921,Sí
2018,21,PUEBLA,19,HEROICA PUEBLA DE ZARAGOZA,PT_MORENA,421,116185,87,4515,120787,194255,58050,Sí
2018,21,PUEBLA,19,HEROICA PUEBLA DE ZARAGOZA,PT_ES,74,116185,87,4515,120787,194255,5661,Sí
2018,21,PUEBLA,19,HEROICA PUEBLA DE ZARAGOZA,MORENA_ES,374,116185,87,4515,120787,194255,56044,Sí
2018,21,PUEBLA,2,HUAUCHINANGO DE DEGOLLADO,PAN,22938,106668,313,6399,113380,152624,22938,No
2018,21,PUEBLA,2,HUAUCHINANGO DE DEGOLLADO,PRI,28718,106668,313,6399,113380,152624,28718,No
2018,21,PUEBLA,2,HUAUCHINANGO DE DEGOLLADO,PRD,4644,106668,313,6399,113380,152624,4644,No
2018,21,PUEBLA,2,HUAUCHINANGO DE DEGOLLADO,PT,2881,106668,313,6399,113380,152624,2881,No
2018,21,PUEBLA,2,HUAUCHINANGO DE DEGOLLADO,PVEM,4091,106668,313,6399,113380,152624,4091,No
2018,21,PUEBLA,2,HUAUCHINANGO DE DEGOLLADO,MC,4760,106668,313,6399,113380,152624,4760,No
2018,21,PUEBLA,2,HUAUCHINANGO DE DEGOLLADO,NUAL,3079,106668,313,6399,113380,152624,3079,No
2018,21,PUEBLA,2,HUAUCHINANGO DE DEGOLLADO,PCPP,2737,106668,313,6399,113380,152624,2737,No
2018,21,PUEBLA,2,HUAUCHINANGO DE DEGOLLADO,PSI,2304,106668,313,6399,113380,152624,2304,No
2018,21,PUEBLA,2,HUAUCHINANGO DE DEGOLLADO,MORENA,26136,106668,313,6399,113380,152624,26136,No
2018,21,PUEBLA,2,HUAUCHINANGO DE DEGOLLADO,ES,1346,106668,313,6399,113380,152624,1346,No
2018,21,PUEBLA,2,HUAUCHINANGO DE DEGOLLADO,PAN_PRD_MC_PCPP_PSI...18,460,106668,313,6399,113380,152624,35539,Sí
2018,21,PUEBLA,2,HUAUCHINANGO DE DEGOLLADO,PAN_PRD_MC_PCPP...19,37,106668,313,6399,113380,152624,32379,Sí
2018,21,PUEBLA,2,HUAUCHINANGO DE DEGOLLADO,PAN_PRD_MC_PSI...20,57,106668,313,6399,113380,152624,32399,Sí
2018,21,PUEBLA,2,HUAUCHINANGO DE DEGOLLADO,PAN_PRD_PCPP_PSI...21,22,106668,313,6399,113380,152624,30341,Sí
2018,21,PUEBLA,2,HUAUCHINANGO DE DEGOLLADO,PAN_MC_PCPP_PSI...22,20,106668,313,6399,113380,152624,30455,Sí
2018,21,PUEBLA,2,HUAUCHINANGO DE DEGOLLADO,PRD_MC_PCPP_PSI...23,8,106668,313,6399,113380,152624,12149,Sí
2018,21,PUEBLA,2,HUAUCHINANGO DE DEGOLLADO,PAN_PRD_MC...24,109,106668,313,6399,113380,152624,27691,Sí
2018,21,PUEBLA,2,HUAUCHINANGO DE DEGOLLADO,PAN_PRD_PCPP...25,23,106668,313,6399,113380,152624,27605,Sí
2018,21,PUEBLA,2,HUAUCHINANGO DE DEGOLLADO,PAN_PRD_PSI...26,47,106668,313,6399,113380,152624,27629,Sí
2018,21,PUEBLA,2,HUAUCHINANGO DE DEGOLLADO,PAN_MC_PCPP...27,15,106668,313,6399,113380,152624,27713,Sí
2018,21,PUEBLA,2,HUAUCHINANGO DE DEGOLLADO,PAN_MC_PSI...28,12,106668,313,6399,113380,152624,27710,Sí
2018,21,PUEBLA,2,HUAUCHINANGO DE DEGOLLADO,PAN_PCPP_PSI...29,73,106668,313,6399,113380,152624,25748,Sí
2018,21,PUEBLA,2,HUAUCHINANGO DE DEGOLLADO,PRD_MC_PCPP...30,7,106668,313,6399,113380,152624,9411,Sí
2018,21,PUEBLA,2,HUAUCHINANGO DE DEGOLLADO,PRD_MC_PSI...31,8,106668,313,6399,113380,152624,9412,Sí
2018,21,PUEBLA,2,HUAUCHINANGO DE DEGOLLADO,PRD_PCPP_PSI...32,8,106668,313,6399,113380,152624,7389,Sí
2018,21,PUEBLA,2,HUAUCHINANGO DE DEGOLLADO,MC_PCPP_PSI...33,7,106668,313,6399,113380,152624,7504,Sí
2018,21,PUEBLA,2,HUAUCHINANGO DE DEGOLLADO,PAN_PRD...34,398,106668,313,6399,113380,152624,23336,Sí
2018,21,PUEBLA,2,HUAUCHINANGO DE DEGOLLADO,PAN_MC...35,78,106668,313,6399,113380,152624,23016,Sí
2018,21,PUEBLA,2,HUAUCHINANGO DE DEGOLLADO,PAN_PCPP...36,51,106668,313,6399,113380,152624,22989,Sí
2018,21,PUEBLA,2,HUAUCHINANGO DE DEGOLLADO,PAN_PSI...37,48,106668,313,6399,113380,152624,22986,Sí
2018,21,PUEBLA,2,HUAUCHINANGO DE DEGOLLADO,PRD_MC...38,66,106668,313,6399,113380,152624,4710,Sí
2018,21,PUEBLA,2,HUAUCHINANGO DE DEGOLLADO,PRD_PCPP...39,17,106668,313,6399,113380,152624,4661,Sí
2018,21,PUEBLA,2,HUAUCHINANGO DE DEGOLLADO,PRD_PSI...40,43,106668,313,6399,113380,152624,4687,Sí
2018,21,PUEBLA,2,HUAUCHINANGO DE DEGOLLADO,MC_PCPP...41,21,106668,313,6399,113380,152624,4781,Sí
2018,21,PUEBLA,2,HUAUCHINANGO DE DEGOLLADO,MC_PSI...42,16,106668,313,6399,113380,152624,4776,Sí
2018,21,PUEBLA,2,HUAUCHINANGO DE DEGOLLADO,PCPP_PSI...43,52,106668,313,6399,113380,152624,2789,Sí
2018,21,PUEBLA,2,HUAUCHINANGO DE DEGOLLADO,PT_MORENA_ES,765,106668,313,6399,113380,152624,31128,Sí
2018,21,PUEBLA,2,HUAUCHINANGO DE DEGOLLADO,PT_MORENA,242,106668,313,6399,113380,152624,29259,Sí
2018,21,PUEBLA,2,HUAUCHINANGO DE DEGOLLADO,PT_ES,44,106668,313,6399,113380,152624,4271,Sí
2018,21,PUEBLA,2,HUAUCHINANGO DE DEGOLLADO,MORENA_ES,280,106668,313,6399,113380,152624,27762,Sí
2018,21,PUEBLA,20,HEROICA PUEBLA DE ZARAGOZA,PAN,13117,78220,482,3420,82122,176541,13117,No
2018,21,PUEBLA,20,HEROICA PUEBLA DE ZARAGOZA,PRI,12447,78220,482,3420,82122,176541,12447,No
2018,21,PUEBLA,20,HEROICA PUEBLA DE ZARAGOZA,PRD,1059,78220,482,3420,82122,176541,1059,No
2018,21,PUEBLA,20,HEROICA PUEBLA DE ZARAGOZA,PT,4128,78220,482,3420,82122,176541,4128,No
2018,21,PUEBLA,20,HEROICA PUEBLA DE ZARAGOZA,PVEM,2436,78220,482,3420,82122,176541,2436,No
2018,21,PUEBLA,20,HEROICA PUEBLA DE ZARAGOZA,MC,1710,78220,482,3420,82122,176541,1710,No
2018,21,PUEBLA,20,HEROICA PUEBLA DE ZARAGOZA,NUAL,2400,78220,482,3420,82122,176541,2400,No
2018,21,PUEBLA,20,HEROICA PUEBLA DE ZARAGOZA,PCPP,874,78220,482,3420,82122,176541,874,No
2018,21,PUEBLA,20,HEROICA PUEBLA DE ZARAGOZA,PSI,422,78220,482,3420,82122,176541,422,No
2018,21,PUEBLA,20,HEROICA PUEBLA DE ZARAGOZA,MORENA,34970,78220,482,3420,82122,176541,34970,No
2018,21,PUEBLA,20,HEROICA PUEBLA DE ZARAGOZA,ES,1391,78220,482,3420,82122,176541,1391,No
2018,21,PUEBLA,20,HEROICA PUEBLA DE ZARAGOZA,PAN_PRD_MC_PCPP_PSI...18,129,78220,482,3420,82122,176541,16889,Sí
2018,21,PUEBLA,20,HEROICA PUEBLA DE ZARAGOZA,PAN_PRD_MC_PCPP...19,34,78220,482,3420,82122,176541,15920,Sí
2018,21,PUEBLA,20,HEROICA PUEBLA DE ZARAGOZA,PAN_PRD_MC_PSI...20,22,78220,482,3420,82122,176541,15908,Sí
2018,21,PUEBLA,20,HEROICA PUEBLA DE ZARAGOZA,PAN_PRD_PCPP_PSI...21,15,78220,482,3420,82122,176541,15065,Sí
2018,21,PUEBLA,20,HEROICA PUEBLA DE ZARAGOZA,PAN_MC_PCPP_PSI...22,12,78220,482,3420,82122,176541,15713,Sí
2018,21,PUEBLA,20,HEROICA PUEBLA DE ZARAGOZA,PRD_MC_PCPP_PSI...23,12,78220,482,3420,82122,176541,3655,Sí
2018,21,PUEBLA,20,HEROICA PUEBLA DE ZARAGOZA,PAN_PRD_MC...24,78,78220,482,3420,82122,176541,14254,Sí
2018,21,PUEBLA,20,HEROICA PUEBLA DE ZARAGOZA,PAN_PRD_PCPP...25,14,78220,482,3420,82122,176541,14190,Sí
2018,21,PUEBLA,20,HEROICA PUEBLA DE ZARAGOZA,PAN_PRD_PSI...26,11,78220,482,3420,82122,176541,14187,Sí
2018,21,PUEBLA,20,HEROICA PUEBLA DE ZARAGOZA,PAN_MC_PCPP...27,9,78220,482,3420,82122,176541,14836,Sí
2018,21,PUEBLA,20,HEROICA PUEBLA DE ZARAGOZA,PAN_MC_PSI...28,8,78220,482,3420,82122,176541,14835,Sí
2018,21,PUEBLA,20,HEROICA PUEBLA DE ZARAGOZA,PAN_PCPP_PSI...29,9,78220,482,3420,82122,176541,14000,Sí
2018,21,PUEBLA,20,HEROICA PUEBLA DE ZARAGOZA,PRD_MC_PCPP...30,2,78220,482,3420,82122,176541,2771,Sí
2018,21,PUEBLA,20,HEROICA PUEBLA DE ZARAGOZA,PRD_MC_PSI...31,4,78220,482,3420,82122,176541,2773,Sí
2018,21,PUEBLA,20,HEROICA PUEBLA DE ZARAGOZA,PRD_PCPP_PSI...32,1,78220,482,3420,82122,176541,1934,Sí
2018,21,PUEBLA,20,HEROICA PUEBLA DE ZARAGOZA,MC_PCPP_PSI...33,0,78220,482,3420,82122,176541,2584,Sí
2018,21,PUEBLA,20,HEROICA PUEBLA DE ZARAGOZA,PAN_PRD...34,82,78220,482,3420,82122,176541,13199,Sí
2018,21,PUEBLA,20,HEROICA PUEBLA DE ZARAGOZA,PAN_MC...35,82,78220,482,3420,82122,176541,13199,Sí
2018,21,PUEBLA,20,HEROICA PUEBLA DE ZARAGOZA,PAN_PCPP...36,26,78220,482,3420,82122,176541,13143,Sí
2018,21,PUEBLA,20,HEROICA PUEBLA DE ZARAGOZA,PAN_PSI...37,15,78220,482,3420,82122,176541,13132,Sí
2018,21,PUEBLA,20,HEROICA PUEBLA DE ZARAGOZA,PRD_MC...38,4,78220,482,3420,82122,176541,1063,Sí
2018,21,PUEBLA,20,HEROICA PUEBLA DE ZARAGOZA,PRD_PCPP...39,2,78220,482,3420,82122,176541,1061,Sí
2018,21,PUEBLA,20,HEROICA PUEBLA DE ZARAGOZA,PRD_PSI...40,0,78220,482,3420,82122,176541,1059,Sí
2018,21,PUEBLA,20,HEROICA PUEBLA DE ZARAGOZA,MC_PCPP...41,6,78220,482,3420,82122,176541,1716,Sí
2018,21,PUEBLA,20,HEROICA PUEBLA DE ZARAGOZA,MC_PSI...42,3,78220,482,3420,82122,176541,1713,Sí
2018,21,PUEBLA,20,HEROICA PUEBLA DE ZARAGOZA,PCPP_PSI...43,30,78220,482,3420,82122,176541,904,Sí
2018,21,PUEBLA,20,HEROICA PUEBLA DE ZARAGOZA,PT_MORENA_ES,1681,78220,482,3420,82122,176541,42170,Sí
2018,21,PUEBLA,20,HEROICA PUEBLA DE ZARAGOZA,PT_MORENA,436,78220,482,3420,82122,176541,39534,Sí
2018,21,PUEBLA,20,HEROICA PUEBLA DE ZARAGOZA,PT_ES,105,78220,482,3420,82122,176541,5624,Sí
2018,21,PUEBLA,20,HEROICA PUEBLA DE ZARAGOZA,MORENA_ES,434,78220,482,3420,82122,176541,36795,Sí
2018,21,PUEBLA,21,ATLIXCO,PAN,28842,109785,117,5403,115305,176367,28842,No
2018,21,PUEBLA,21,ATLIXCO,PRI,19593,109785,117,5403,115305,176367,19593,No
2018,21,PUEBLA,21,ATLIXCO,PRD,2884,109785,117,5403,115305,176367,2884,No
2018,21,PUEBLA,21,ATLIXCO,PT,2613,109785,117,5403,115305,176367,2613,No
2018,21,PUEBLA,21,ATLIXCO,PVEM,9098,109785,117,5403,115305,176367,9098,No
2018,21,PUEBLA,21,ATLIXCO,MC,2148,109785,117,5403,115305,176367,2148,No
2018,21,PUEBLA,21,ATLIXCO,NUAL,2076,109785,117,5403,115305,176367,2076,No
2018,21,PUEBLA,21,ATLIXCO,PCPP,815,109785,117,5403,115305,176367,815,No
2018,21,PUEBLA,21,ATLIXCO,PSI,1536,109785,117,5403,115305,176367,1536,No
2018,21,PUEBLA,21,ATLIXCO,MORENA,36217,109785,117,5403,115305,176367,36217,No
2018,21,PUEBLA,21,ATLIXCO,ES,1402,109785,117,5403,115305,176367,1402,No
2018,21,PUEBLA,21,ATLIXCO,PAN_PRD_MC_PCPP_PSI...18,240,109785,117,5403,115305,176367,34929,Sí
2018,21,PUEBLA,21,ATLIXCO,PAN_PRD_MC_PCPP...19,21,109785,117,5403,115305,176367,33895,Sí
2018,21,PUEBLA,21,ATLIXCO,PAN_PRD_MC_PSI...20,32,109785,117,5403,115305,176367,33906,Sí
2018,21,PUEBLA,21,ATLIXCO,PAN_PRD_PCPP_PSI...21,12,109785,117,5403,115305,176367,32553,Sí
2018,21,PUEBLA,21,ATLIXCO,PAN_MC_PCPP_PSI...22,8,109785,117,5403,115305,176367,31813,Sí
2018,21,PUEBLA,21,ATLIXCO,PRD_MC_PCPP_PSI...23,3,109785,117,5403,115305,176367,5850,Sí
2018,21,PUEBLA,21,ATLIXCO,PAN_PRD_MC...24,157,109785,117,5403,115305,176367,31883,Sí
2018,21,PUEBLA,21,ATLIXCO,PAN_PRD_PCPP...25,14,109785,117,5403,115305,176367,31740,Sí
2018,21,PUEBLA,21,ATLIXCO,PAN_PRD_PSI...26,32,109785,117,5403,115305,176367,31758,Sí
2018,21,PUEBLA,21,ATLIXCO,PAN_MC_PCPP...27,17,109785,117,5403,115305,176367,31007,Sí
2018,21,PUEBLA,21,ATLIXCO,PAN_MC_PSI...28,16,109785,117,5403,115305,176367,31006,Sí
2018,21,PUEBLA,21,ATLIXCO,PAN_PCPP_PSI...29,10,109785,117,5403,115305,176367,29667,Sí
2018,21,PUEBLA,21,ATLIXCO,PRD_MC_PCPP...30,2,109785,117,5403,115305,176367,5034,Sí
2018,21,PUEBLA,21,ATLIXCO,PRD_MC_PSI...31,1,109785,117,5403,115305,176367,5033,Sí
2018,21,PUEBLA,21,ATLIXCO,PRD_PCPP_PSI...32,4,109785,117,5403,115305,176367,3703,Sí
2018,21,PUEBLA,21,ATLIXCO,MC_PCPP_PSI...33,5,109785,117,5403,115305,176367,2968,Sí
2018,21,PUEBLA,21,ATLIXCO,PAN_PRD...34,227,109785,117,5403,115305,176367,29069,Sí
2018,21,PUEBLA,21,ATLIXCO,PAN_MC...35,99,109785,117,5403,115305,176367,28941,Sí
2018,21,PUEBLA,21,ATLIXCO,PAN_PCPP...36,50,109785,117,5403,115305,176367,28892,Sí
2018,21,PUEBLA,21,ATLIXCO,PAN_PSI...37,22,109785,117,5403,115305,176367,28864,Sí
2018,21,PUEBLA,21,ATLIXCO,PRD_MC...38,27,109785,117,5403,115305,176367,2911,Sí
2018,21,PUEBLA,21,ATLIXCO,PRD_PCPP...39,7,109785,117,5403,115305,176367,2891,Sí
2018,21,PUEBLA,21,ATLIXCO,PRD_PSI...40,7,109785,117,5403,115305,176367,2891,Sí
2018,21,PUEBLA,21,ATLIXCO,MC_PCPP...41,11,109785,117,5403,115305,176367,2159,Sí
2018,21,PUEBLA,21,ATLIXCO,MC_PSI...42,12,109785,117,5403,115305,176367,2160,Sí
2018,21,PUEBLA,21,ATLIXCO,PCPP_PSI...43,21,109785,117,5403,115305,176367,836,Sí
2018,21,PUEBLA,21,ATLIXCO,PT_MORENA_ES,900,109785,117,5403,115305,176367,41132,Sí
2018,21,PUEBLA,21,ATLIXCO,PT_MORENA,262,109785,117,5403,115305,176367,39092,Sí
2018,21,PUEBLA,21,ATLIXCO,PT_ES,64,109785,117,5403,115305,176367,4079,Sí
2018,21,PUEBLA,21,ATLIXCO,MORENA_ES,278,109785,117,5403,115305,176367,37897,Sí
2018,21,PUEBLA,22,IZUCAR DE MATAMOROS,PAN,21187,119610,21,6391,126022,182235,21187,No
2018,21,PUEBLA,22,IZUCAR DE MATAMOROS,PRI,26451,119610,21,6391,126022,182235,26451,No
2018,21,PUEBLA,22,IZUCAR DE MATAMOROS,PRD,4051,119610,21,6391,126022,182235,4051,No
2018,21,PUEBLA,22,IZUCAR DE MATAMOROS,PT,3777,119610,21,6391,126022,182235,3777,No
2018,21,PUEBLA,22,IZUCAR DE MATAMOROS,PVEM,3824,119610,21,6391,126022,182235,3824,No
2018,21,PUEBLA,22,IZUCAR DE MATAMOROS,MC,5419,119610,21,6391,126022,182235,5419,No
2018,21,PUEBLA,22,IZUCAR DE MATAMOROS,NUAL,5334,119610,21,6391,126022,182235,5334,No
2018,21,PUEBLA,22,IZUCAR DE MATAMOROS,PCPP,6298,119610,21,6391,126022,182235,6298,No
2018,21,PUEBLA,22,IZUCAR DE MATAMOROS,PSI,3981,119610,21,6391,126022,182235,3981,No
2018,21,PUEBLA,22,IZUCAR DE MATAMOROS,MORENA,32722,119610,21,6391,126022,182235,32722,No
2018,21,PUEBLA,22,IZUCAR DE MATAMOROS,ES,2017,119610,21,6391,126022,182235,2017,No
2018,21,PUEBLA,22,IZUCAR DE MATAMOROS,PCPP_PSI...43,26,119610,21,6391,126022,182235,6324,Sí
2018,21,PUEBLA,22,IZUCAR DE MATAMOROS,PT_MORENA_ES,1185,119610,21,6391,126022,182235,39701,Sí
2018,21,PUEBLA,22,IZUCAR DE MATAMOROS,PT_MORENA,313,119610,21,6391,126022,182235,36812,Sí
2018,21,PUEBLA,22,IZUCAR DE MATAMOROS,PT_ES,54,119610,21,6391,126022,182235,5848,Sí
2018,21,PUEBLA,22,IZUCAR DE MATAMOROS,MORENA_ES,324,119610,21,6391,126022,182235,35063,Sí
2018,21,PUEBLA,22,IZUCAR DE MATAMOROS,C_COMUN_PAN_PRD_MC_NUAL_PCPP_PSI,679,119610,21,6391,126022,182235,46949,Sí
2018,21,PUEBLA,22,IZUCAR DE MATAMOROS,PAN_PRD_MC_NUAL_PCPP,32,119610,21,6391,126022,182235,42321,Sí
2018,21,PUEBLA,22,IZUCAR DE MATAMOROS,PAN_PRD_MC_NUAL_PSI,36,119610,21,6391,126022,182235,40008,Sí
2018,21,PUEBLA,22,IZUCAR DE MATAMOROS,PAN_PRD_MC_PCPP_PSI...51,31,119610,21,6391,126022,182235,36986,Sí
2018,21,PUEBLA,22,IZUCAR DE MATAMOROS,PAN_PRD_NUAL_PCPP_PSI,39,119610,21,6391,126022,182235,40890,Sí
2018,21,PUEBLA,22,IZUCAR DE MATAMOROS,PAN_MC_NUAL_PCPP_PSI,21,119610,21,6391,126022,182235,42240,Sí
2018,21,PUEBLA,22,IZUCAR DE MATAMOROS,PRD_MC_NUAL_PCPP_PSI,6,119610,21,6391,126022,182235,25089,Sí
2018,21,PUEBLA,22,IZUCAR DE MATAMOROS,PAN_PRD_MC_NUAL,16,119610,21,6391,126022,182235,36007,Sí
2018,21,PUEBLA,22,IZUCAR DE MATAMOROS,PAN_PRD_MC_PCPP...56,20,119610,21,6391,126022,182235,30677,Sí
2018,21,PUEBLA,22,IZUCAR DE MATAMOROS,PAN_PRD_MC_PSI...57,37,119610,21,6391,126022,182235,30694,Sí
2018,21,PUEBLA,22,IZUCAR DE MATAMOROS,PAN_PRD_NUAL_PCPP,14,119610,21,6391,126022,182235,36884,Sí
2018,21,PUEBLA,22,IZUCAR DE MATAMOROS,PAN_PRD_NUAL_PSI,36,119610,21,6391,126022,182235,34589,Sí
2018,21,PUEBLA,22,IZUCAR DE MATAMOROS,PAN_PRD_PCPP_PSI...60,7,119610,21,6391,126022,182235,31543,Sí
2018,21,PUEBLA,22,IZUCAR DE MATAMOROS,PAN_MC_NUAL_PCPP,6,119610,21,6391,126022,182235,38244,Sí
2018,21,PUEBLA,22,IZUCAR DE MATAMOROS,PAN_MC_NUAL_PSI,8,119610,21,6391,126022,182235,35929,Sí
2018,21,PUEBLA,22,IZUCAR DE MATAMOROS,PAN_MC_PCPP_PSI...63,6,119610,21,6391,126022,182235,32910,Sí
2018,21,PUEBLA,22,IZUCAR DE MATAMOROS,PAN_NUAL_PCPP_PSI,7,119610,21,6391,126022,182235,36807,Sí
2018,21,PUEBLA,22,IZUCAR DE MATAMOROS,PRD_MC_NUAL_PCPP,7,119610,21,6391,126022,182235,21109,Sí
2018,21,PUEBLA,22,IZUCAR DE MATAMOROS,PRD_MC_NUAL_PSI,5,119610,21,6391,126022,182235,18790,Sí
2018,21,PUEBLA,22,IZUCAR DE MATAMOROS,PRD_MC_PCPP_PSI...67,1,119610,21,6391,126022,182235,15769,Sí
2018,21,PUEBLA,22,IZUCAR DE MATAMOROS,PRD_NUAL_PCPP_PSI,1,119610,21,6391,126022,182235,19665,Sí
2018,21,PUEBLA,22,IZUCAR DE MATAMOROS,MC_NUAL_PCPP_PSI,5,119610,21,6391,126022,182235,21037,Sí
2018,21,PUEBLA,22,IZUCAR DE MATAMOROS,PAN_PRD_MC...70,76,119610,21,6391,126022,182235,25314,Sí
2018,21,PUEBLA,22,IZUCAR DE MATAMOROS,PAN_PRD_NUAL,49,119610,21,6391,126022,182235,30621,Sí
2018,21,PUEBLA,22,IZUCAR DE MATAMOROS,PAN_PRD_PCPP...72,17,119610,21,6391,126022,182235,25255,Sí
2018,21,PUEBLA,22,IZUCAR DE MATAMOROS,PAN_PRD_PSI...73,18,119610,21,6391,126022,182235,25256,Sí
2018,21,PUEBLA,22,IZUCAR DE MATAMOROS,PAN_MC_NUAL,17,119610,21,6391,126022,182235,31957,Sí
2018,21,PUEBLA,22,IZUCAR DE MATAMOROS,PAN_MC_PCPP...75,18,119610,21,6391,126022,182235,26624,Sí
2018,21,PUEBLA,22,IZUCAR DE MATAMOROS,PAN_MC_PSI...76,19,119610,21,6391,126022,182235,26625,Sí
2018,21,PUEBLA,22,IZUCAR DE MATAMOROS,PAN_NUAL_PCPP,20,119610,21,6391,126022,182235,32839,Sí
2018,21,PUEBLA,22,IZUCAR DE MATAMOROS,PAN_NUAL_PSI,16,119610,21,6391,126022,182235,30518,Sí
2018,21,PUEBLA,22,IZUCAR DE MATAMOROS,PAN_PCPP_PSI...79,18,119610,21,6391,126022,182235,27503,Sí
2018,21,PUEBLA,22,IZUCAR DE MATAMOROS,PRD_MC_NUAL,3,119610,21,6391,126022,182235,14807,Sí
2018,21,PUEBLA,22,IZUCAR DE MATAMOROS,PRD_MC_PCPP...81,4,119610,21,6391,126022,182235,9474,Sí
2018,21,PUEBLA,22,IZUCAR DE MATAMOROS,PRD_MC_PSI...82,9,119610,21,6391,126022,182235,9479,Sí
2018,21,PUEBLA,22,IZUCAR DE MATAMOROS,PRD_NUAL_PCPP,3,119610,21,6391,126022,182235,15686,Sí
2018,21,PUEBLA,22,IZUCAR DE MATAMOROS,PRD_NUAL_PSI,3,119610,21,6391,126022,182235,13369,Sí
2018,21,PUEBLA,22,IZUCAR DE MATAMOROS,PRD_PCPP_PSI...85,4,119610,21,6391,126022,182235,10353,Sí
2018,21,PUEBLA,22,IZUCAR DE MATAMOROS,MC_NUAL_PCPP,14,119610,21,6391,126022,182235,17065,Sí
2018,21,PUEBLA,22,IZUCAR DE MATAMOROS,MC_NUAL_PSI,6,119610,21,6391,126022,182235,14740,Sí
2018,21,PUEBLA,22,IZUCAR DE MATAMOROS,MC_PCPP_PSI...88,8,119610,21,6391,126022,182235,11725,Sí
2018,21,PUEBLA,22,IZUCAR DE MATAMOROS,NA_PCPP_PSI,8,119610,21,6391,126022,182235,10287,Sí
2018,21,PUEBLA,22,IZUCAR DE MATAMOROS,PAN_PRD...90,281,119610,21,6391,126022,182235,21468,Sí
2018,21,PUEBLA,22,IZUCAR DE MATAMOROS,PAN_MC...91,102,119610,21,6391,126022,182235,21289,Sí
2018,21,PUEBLA,22,IZUCAR DE MATAMOROS,PAN_NUAL,79,119610,21,6391,126022,182235,26600,Sí
2018,21,PUEBLA,22,IZUCAR DE MATAMOROS,PAN_PCPP...93,214,119610,21,6391,126022,182235,21401,Sí
2018,21,PUEBLA,22,IZUCAR DE MATAMOROS,PAN_PSI...94,92,119610,21,6391,126022,182235,21279,Sí
2018,21,PUEBLA,22,IZUCAR DE MATAMOROS,PRD_MC...95,158,119610,21,6391,126022,182235,4209,Sí
2018,21,PUEBLA,22,IZUCAR DE MATAMOROS,PRD_NUAL,34,119610,21,6391,126022,182235,9419,Sí
2018,21,PUEBLA,22,IZUCAR DE MATAMOROS,PRD_PCPP...97,31,119610,21,6391,126022,182235,4082,Sí
2018,21,PUEBLA,22,IZUCAR DE MATAMOROS,PRD_PSI...98,14,119610,21,6391,126022,182235,4065,Sí
2018,21,PUEBLA,22,IZUCAR DE MATAMOROS,MC_NUAL,26,119610,21,6391,126022,182235,10779,Sí
2018,21,PUEBLA,22,IZUCAR DE MATAMOROS,MC_PCPP...100,58,119610,21,6391,126022,182235,5477,Sí
2018,21,PUEBLA,22,IZUCAR DE MATAMOROS,MC_PSI...101,127,119610,21,6391,126022,182235,5546,Sí
2018,21,PUEBLA,22,IZUCAR DE MATAMOROS,NA_PCPP,59,119610,21,6391,126022,182235,6357,Sí
2018,21,PUEBLA,22,IZUCAR DE MATAMOROS,NA_PSI,22,119610,21,6391,126022,182235,4003,Sí
2018,21,PUEBLA,23,ACATLAN DE OSORIO,PAN,20679,112337,54,7688,120079,171360,20679,No
2018,21,PUEBLA,23,ACATLAN DE OSORIO,PRI,33209,112337,54,7688,120079,171360,33209,No
2018,21,PUEBLA,23,ACATLAN DE OSORIO,PRD,5867,112337,54,7688,120079,171360,5867,No
2018,21,PUEBLA,23,ACATLAN DE OSORIO,PT,4702,112337,54,7688,120079,171360,4702,No
2018,21,PUEBLA,23,ACATLAN DE OSORIO,PVEM,3654,112337,54,7688,120079,171360,3654,No
2018,21,PUEBLA,23,ACATLAN DE OSORIO,MC,4338,112337,54,7688,120079,171360,4338,No
2018,21,PUEBLA,23,ACATLAN DE OSORIO,NUAL,2244,112337,54,7688,120079,171360,2244,No
2018,21,PUEBLA,23,ACATLAN DE OSORIO,PCPP,1184,112337,54,7688,120079,171360,1184,No
2018,21,PUEBLA,23,ACATLAN DE OSORIO,PSI,2477,112337,54,7688,120079,171360,2477,No
2018,21,PUEBLA,23,ACATLAN DE OSORIO,MORENA,32557,112337,54,7688,120079,171360,32557,No
2018,21,PUEBLA,23,ACATLAN DE OSORIO,ES,940,112337,54,7688,120079,171360,940,No
2018,21,PUEBLA,23,ACATLAN DE OSORIO,C_COMUN_PAN_MC_PCPP_PSI,196,112337,54,7688,120079,171360,28874,Sí
2018,21,PUEBLA,23,ACATLAN DE OSORIO,PAN_MC_PCPP...139,29,112337,54,7688,120079,171360,25046,Sí
2018,21,PUEBLA,23,ACATLAN DE OSORIO,PAN_MC_PSI...140,28,112337,54,7688,120079,171360,25045,Sí
2018,21,PUEBLA,23,ACATLAN DE OSORIO,PAN_PCPP_PSI...141,26,112337,54,7688,120079,171360,21889,Sí
2018,21,PUEBLA,23,ACATLAN DE OSORIO,MC_PCPP_PSI...142,8,112337,54,7688,120079,171360,5530,Sí
2018,21,PUEBLA,23,ACATLAN DE OSORIO,PAN_MC...143,64,112337,54,7688,120079,171360,20743,Sí
2018,21,PUEBLA,23,ACATLAN DE OSORIO,PAN_PCPP...144,45,112337,54,7688,120079,171360,20724,Sí
2018,21,PUEBLA,23,ACATLAN DE OSORIO,PAN_PSI...145,46,112337,54,7688,120079,171360,20725,Sí
2018,21,PUEBLA,23,ACATLAN DE OSORIO,MC_PCPP...146,13,112337,54,7688,120079,171360,4351,Sí
2018,21,PUEBLA,23,ACATLAN DE OSORIO,MC_PSI...147,24,112337,54,7688,120079,171360,4362,Sí
2018,21,PUEBLA,23,ACATLAN DE OSORIO,PCPP_PSI...148,7,112337,54,7688,120079,171360,1191,Sí
2018,21,PUEBLA,24,TEHUACAN,PAN,16623,104382,56,6586,111024,162957,16623,No
2018,21,PUEBLA,24,TEHUACAN,PRI,14689,104382,56,6586,111024,162957,14689,No
2018,21,PUEBLA,24,TEHUACAN,PRD,1700,104382,56,6586,111024,162957,1700,No
2018,21,PUEBLA,24,TEHUACAN,PT,4093,104382,56,6586,111024,162957,4093,No
2018,21,PUEBLA,24,TEHUACAN,PVEM,7318,104382,56,6586,111024,162957,7318,No
2018,21,PUEBLA,24,TEHUACAN,MC,2302,104382,56,6586,111024,162957,2302,No
2018,21,PUEBLA,24,TEHUACAN,NUAL,4185,104382,56,6586,111024,162957,4185,No
2018,21,PUEBLA,24,TEHUACAN,PCPP,2546,104382,56,6586,111024,162957,2546,No
2018,21,PUEBLA,24,TEHUACAN,PSI,3227,104382,56,6586,111024,162957,3227,No
2018,21,PUEBLA,24,TEHUACAN,MORENA,44443,104382,56,6586,111024,162957,44443,No
2018,21,PUEBLA,24,TEHUACAN,ES,1041,104382,56,6586,111024,162957,1041,No
2018,21,PUEBLA,24,TEHUACAN,PAN_PRD_MC_PCPP_PSI...18,87,104382,56,6586,111024,162957,23258,Sí
2018,21,PUEBLA,24,TEHUACAN,PAN_PRD_MC_PCPP...19,21,104382,56,6586,111024,162957,20646,Sí
2018,21,PUEBLA,24,TEHUACAN,PAN_PRD_MC_PSI...20,19,104382,56,6586,111024,162957,20644,Sí
2018,21,PUEBLA,24,TEHUACAN,PAN_PRD_PCPP_PSI...21,11,104382,56,6586,111024,162957,20880,Sí
2018,21,PUEBLA,24,TEHUACAN,PAN_MC_PCPP_PSI...22,13,104382,56,6586,111024,162957,21484,Sí
2018,21,PUEBLA,24,TEHUACAN,PRD_MC_PCPP_PSI...23,4,104382,56,6586,111024,162957,6552,Sí
2018,21,PUEBLA,24,TEHUACAN,PAN_PRD_MC...24,50,104382,56,6586,111024,162957,18373,Sí
2018,21,PUEBLA,24,TEHUACAN,PAN_PRD_PCPP...25,11,104382,56,6586,111024,162957,18334,Sí
2018,21,PUEBLA,24,TEHUACAN,PAN_PRD_PSI...26,6,104382,56,6586,111024,162957,18329,Sí
2018,21,PUEBLA,24,TEHUACAN,PAN_MC_PCPP...27,5,104382,56,6586,111024,162957,18930,Sí
2018,21,PUEBLA,24,TEHUACAN,PAN_MC_PSI...28,17,104382,56,6586,111024,162957,18942,Sí
2018,21,PUEBLA,24,TEHUACAN,PAN_PCPP_PSI...29,8,104382,56,6586,111024,162957,19177,Sí
2018,21,PUEBLA,24,TEHUACAN,PRD_MC_PCPP...30,2,104382,56,6586,111024,162957,4004,Sí
2018,21,PUEBLA,24,TEHUACAN,PRD_MC_PSI...31,9,104382,56,6586,111024,162957,4011,Sí
2018,21,PUEBLA,24,TEHUACAN,PRD_PCPP_PSI...32,4,104382,56,6586,111024,162957,4250,Sí
2018,21,PUEBLA,24,TEHUACAN,MC_PCPP_PSI...33,10,104382,56,6586,111024,162957,4858,Sí
2018,21,PUEBLA,24,TEHUACAN,PAN_PRD...34,75,104382,56,6586,111024,162957,16698,Sí
2018,21,PUEBLA,24,TEHUACAN,PAN_MC...35,38,104382,56,6586,111024,162957,16661,Sí
2018,21,PUEBLA,24,TEHUACAN,PAN_PCPP...36,41,104382,56,6586,111024,162957,16664,Sí
2018,21,PUEBLA,24,TEHUACAN,PAN_PSI...37,43,104382,56,6586,111024,162957,16666,Sí
2018,21,PUEBLA,24,TEHUACAN,PRD_MC...38,27,104382,56,6586,111024,162957,1727,Sí
2018,21,PUEBLA,24,TEHUACAN,PRD_PCPP...39,13,104382,56,6586,111024,162957,1713,Sí
2018,21,PUEBLA,24,TEHUACAN,PRD_PSI...40,8,104382,56,6586,111024,162957,1708,Sí
2018,21,PUEBLA,24,TEHUACAN,MC_PCPP...41,14,104382,56,6586,111024,162957,2316,Sí
2018,21,PUEBLA,24,TEHUACAN,MC_PSI...42,23,104382,56,6586,111024,162957,2325,Sí
2018,21,PUEBLA,24,TEHUACAN,PCPP_PSI...43,25,104382,56,6586,111024,162957,2571,Sí
2018,21,PUEBLA,24,TEHUACAN,PT_MORENA_ES,912,104382,56,6586,111024,162957,50489,Sí
2018,21,PUEBLA,24,TEHUACAN,PT_MORENA,383,104382,56,6586,111024,162957,48919,Sí
2018,21,PUEBLA,24,TEHUACAN,PT_ES,49,104382,56,6586,111024,162957,5183,Sí
2018,21,PUEBLA,24,TEHUACAN,MORENA_ES,287,104382,56,6586,111024,162957,45771,Sí
2018,21,PUEBLA,25,TEHUACAN,PAN,16773,103742,91,5058,108891,168488,16773,No
2018,21,PUEBLA,25,TEHUACAN,PRI,11981,103742,91,5058,108891,168488,11981,No
2018,21,PUEBLA,25,TEHUACAN,PRD,1359,103742,91,5058,108891,168488,1359,No
2018,21,PUEBLA,25,TEHUACAN,PT,3529,103742,91,5058,108891,168488,3529,No
2018,21,PUEBLA,25,TEHUACAN,PVEM,12521,103742,91,5058,108891,168488,12521,No
2018,21,PUEBLA,25,TEHUACAN,MC,1474,103742,91,5058,108891,168488,1474,No
2018,21,PUEBLA,25,TEHUACAN,NUAL,1795,103742,91,5058,108891,168488,1795,No
2018,21,PUEBLA,25,TEHUACAN,PCPP,1231,103742,91,5058,108891,168488,1231,No
2018,21,PUEBLA,25,TEHUACAN,PSI,1240,103742,91,5058,108891,168488,1240,No
2018,21,PUEBLA,25,TEHUACAN,MORENA,48219,103742,91,5058,108891,168488,48219,No
2018,21,PUEBLA,25,TEHUACAN,ES,1324,103742,91,5058,108891,168488,1324,No
2018,21,PUEBLA,25,TEHUACAN,PAN_PRD_MC_PCPP_PSI...18,248,103742,91,5058,108891,168488,21085,Sí
2018,21,PUEBLA,25,TEHUACAN,PAN_PRD_MC_PCPP...19,23,103742,91,5058,108891,168488,19629,Sí
2018,21,PUEBLA,25,TEHUACAN,PAN_PRD_MC_PSI...20,24,103742,91,5058,108891,168488,19630,Sí
2018,21,PUEBLA,25,TEHUACAN,PAN_PRD_PCPP_PSI...21,16,103742,91,5058,108891,168488,19379,Sí
2018,21,PUEBLA,25,TEHUACAN,PAN_MC_PCPP_PSI...22,7,103742,91,5058,108891,168488,19485,Sí
2018,21,PUEBLA,25,TEHUACAN,PRD_MC_PCPP_PSI...23,8,103742,91,5058,108891,168488,4072,Sí
2018,21,PUEBLA,25,TEHUACAN,PAN_PRD_MC...24,52,103742,91,5058,108891,168488,18184,Sí
2018,21,PUEBLA,25,TEHUACAN,PAN_PRD_PCPP...25,20,103742,91,5058,108891,168488,18152,Sí
2018,21,PUEBLA,25,TEHUACAN,PAN_PRD_PSI...26,12,103742,91,5058,108891,168488,18144,Sí
2018,21,PUEBLA,25,TEHUACAN,PAN_MC_PCPP...27,11,103742,91,5058,108891,168488,18258,Sí
2018,21,PUEBLA,25,TEHUACAN,PAN_MC_PSI...28,10,103742,91,5058,108891,168488,18257,Sí
2018,21,PUEBLA,25,TEHUACAN,PAN_PCPP_PSI...29,7,103742,91,5058,108891,168488,18011,Sí
2018,21,PUEBLA,25,TEHUACAN,PRD_MC_PCPP...30,5,103742,91,5058,108891,168488,2838,Sí
2018,21,PUEBLA,25,TEHUACAN,PRD_MC_PSI...31,0,103742,91,5058,108891,168488,2833,Sí
2018,21,PUEBLA,25,TEHUACAN,PRD_PCPP_PSI...32,2,103742,91,5058,108891,168488,2592,Sí
2018,21,PUEBLA,25,TEHUACAN,MC_PCPP_PSI...33,4,103742,91,5058,108891,168488,2709,Sí
2018,21,PUEBLA,25,TEHUACAN,PAN_PRD...34,84,103742,91,5058,108891,168488,16857,Sí
2018,21,PUEBLA,25,TEHUACAN,PAN_MC...35,28,103742,91,5058,108891,168488,16801,Sí
2018,21,PUEBLA,25,TEHUACAN,PAN_PCPP...36,20,103742,91,5058,108891,168488,16793,Sí
2018,21,PUEBLA,25,TEHUACAN,PAN_PSI...37,30,103742,91,5058,108891,168488,16803,Sí
2018,21,PUEBLA,25,TEHUACAN,PRD_MC...38,11,103742,91,5058,108891,168488,1370,Sí
2018,21,PUEBLA,25,TEHUACAN,PRD_PCPP...39,7,103742,91,5058,108891,168488,1366,Sí
2018,21,PUEBLA,25,TEHUACAN,PRD_PSI...40,8,103742,91,5058,108891,168488,1367,Sí
2018,21,PUEBLA,25,TEHUACAN,MC_PCPP...41,15,103742,91,5058,108891,168488,1489,Sí
2018,21,PUEBLA,25,TEHUACAN,MC_PSI...42,8,103742,91,5058,108891,168488,1482,Sí
2018,21,PUEBLA,25,TEHUACAN,PCPP_PSI...43,9,103742,91,5058,108891,168488,1240,Sí
2018,21,PUEBLA,25,TEHUACAN,PT_MORENA_ES,917,103742,91,5058,108891,168488,53989,Sí
2018,21,PUEBLA,25,TEHUACAN,PT_MORENA,352,103742,91,5058,108891,168488,52100,Sí
2018,21,PUEBLA,25,TEHUACAN,PT_ES,78,103742,91,5058,108891,168488,4931,Sí
2018,21,PUEBLA,25,TEHUACAN,MORENA_ES,280,103742,91,5058,108891,168488,49823,Sí
2018,21,PUEBLA,26,AJALPAN,PAN,24545,119046,59,7767,126872,161048,24545,No
2018,21,PUEBLA,26,AJALPAN,PRI,31845,119046,59,7767,126872,161048,31845,No
2018,21,PUEBLA,26,AJALPAN,PRD,6591,119046,59,7767,126872,161048,6591,No
2018,21,PUEBLA,26,AJALPAN,PT,3974,119046,59,7767,126872,161048,3974,No
2018,21,PUEBLA,26,AJALPAN,PVEM,3641,119046,59,7767,126872,161048,3641,No
2018,21,PUEBLA,26,AJALPAN,MC,5173,119046,59,7767,126872,161048,5173,No
2018,21,PUEBLA,26,AJALPAN,NUAL,2869,119046,59,7767,126872,161048,2869,No
2018,21,PUEBLA,26,AJALPAN,PCPP,3080,119046,59,7767,126872,161048,3080,No
2018,21,PUEBLA,26,AJALPAN,PSI,1471,119046,59,7767,126872,161048,1471,No
2018,21,PUEBLA,26,AJALPAN,MORENA,32601,119046,59,7767,126872,161048,32601,No
2018,21,PUEBLA,26,AJALPAN,ES,2443,119046,59,7767,126872,161048,2443,No
2018,21,PUEBLA,26,AJALPAN,PAN_PRD_MC_PCPP_PSI...18,235,119046,59,7767,126872,161048,39624,Sí
2018,21,PUEBLA,26,AJALPAN,PAN_PRD_MC_PCPP...19,25,119046,59,7767,126872,161048,36334,Sí
2018,21,PUEBLA,26,AJALPAN,PAN_PRD_MC_PSI...20,5,119046,59,7767,126872,161048,36314,Sí
2018,21,PUEBLA,26,AJALPAN,PAN_PRD_PCPP_PSI...21,6,119046,59,7767,126872,161048,34222,Sí
2018,21,PUEBLA,26,AJALPAN,PAN_MC_PCPP_PSI...22,4,119046,59,7767,126872,161048,32802,Sí
2018,21,PUEBLA,26,AJALPAN,PRD_MC_PCPP_PSI...23,3,119046,59,7767,126872,161048,14847,Sí
2018,21,PUEBLA,26,AJALPAN,PAN_PRD_MC...24,69,119046,59,7767,126872,161048,31205,Sí
2018,21,PUEBLA,26,AJALPAN,PAN_PRD_PCPP...25,11,119046,59,7767,126872,161048,31147,Sí
2018,21,PUEBLA,26,AJALPAN,PAN_PRD_PSI...26,18,119046,59,7767,126872,161048,31154,Sí
2018,21,PUEBLA,26,AJALPAN,PAN_MC_PCPP...27,6,119046,59,7767,126872,161048,29724,Sí
2018,21,PUEBLA,26,AJALPAN,PAN_MC_PSI...28,9,119046,59,7767,126872,161048,29727,Sí
2018,21,PUEBLA,26,AJALPAN,PAN_PCPP_PSI...29,2,119046,59,7767,126872,161048,27627,Sí
2018,21,PUEBLA,26,AJALPAN,PRD_MC_PCPP...30,7,119046,59,7767,126872,161048,11771,Sí
2018,21,PUEBLA,26,AJALPAN,PRD_MC_PSI...31,5,119046,59,7767,126872,161048,11769,Sí
2018,21,PUEBLA,26,AJALPAN,PRD_PCPP_PSI...32,5,119046,59,7767,126872,161048,9676,Sí
2018,21,PUEBLA,26,AJALPAN,MC_PCPP_PSI...33,13,119046,59,7767,126872,161048,8266,Sí
2018,21,PUEBLA,26,AJALPAN,PAN_PRD...34,191,119046,59,7767,126872,161048,24736,Sí
2018,21,PUEBLA,26,AJALPAN,PAN_MC...35,64,119046,59,7767,126872,161048,24609,Sí
2018,21,PUEBLA,26,AJALPAN,PAN_PCPP...36,35,119046,59,7767,126872,161048,24580,Sí
2018,21,PUEBLA,26,AJALPAN,PAN_PSI...37,17,119046,59,7767,126872,161048,24562,Sí
2018,21,PUEBLA,26,AJALPAN,PRD_MC...38,42,119046,59,7767,126872,161048,6633,Sí
2018,21,PUEBLA,26,AJALPAN,PRD_PCPP...39,11,119046,59,7767,126872,161048,6602,Sí
2018,21,PUEBLA,26,AJALPAN,PRD_PSI...40,8,119046,59,7767,126872,161048,6599,Sí
2018,21,PUEBLA,26,AJALPAN,MC_PCPP...41,13,119046,59,7767,126872,161048,5186,Sí
2018,21,PUEBLA,26,AJALPAN,MC_PSI...42,3,119046,59,7767,126872,161048,5176,Sí
2018,21,PUEBLA,26,AJALPAN,PCPP_PSI...43,6,119046,59,7767,126872,161048,3086,Sí
2018,21,PUEBLA,3,ZACATLAN,PAN,29122,107722,51,6430,114203,162264,29122,No
2018,21,PUEBLA,3,ZACATLAN,PRI,27163,107722,51,6430,114203,162264,27163,No
2018,21,PUEBLA,3,ZACATLAN,PRD,1814,107722,51,6430,114203,162264,1814,No
2018,21,PUEBLA,3,ZACATLAN,PT,3786,107722,51,6430,114203,162264,3786,No
2018,21,PUEBLA,3,ZACATLAN,PVEM,4029,107722,51,6430,114203,162264,4029,No
2018,21,PUEBLA,3,ZACATLAN,MC,3250,107722,51,6430,114203,162264,3250,No
2018,21,PUEBLA,3,ZACATLAN,NUAL,4528,107722,51,6430,114203,162264,4528,No
2018,21,PUEBLA,3,ZACATLAN,PCPP,1013,107722,51,6430,114203,162264,1013,No
2018,21,PUEBLA,3,ZACATLAN,PSI,1116,107722,51,6430,114203,162264,1116,No
2018,21,PUEBLA,3,ZACATLAN,MORENA,28680,107722,51,6430,114203,162264,28680,No
2018,21,PUEBLA,3,ZACATLAN,ES,1049,107722,51,6430,114203,162264,1049,No
2018,21,PUEBLA,3,ZACATLAN,PAN_PRD_MC_PCPP_PSI...18,201,107722,51,6430,114203,162264,35400,Sí
2018,21,PUEBLA,3,ZACATLAN,PAN_PRD_MC_PCPP...19,47,107722,51,6430,114203,162264,34233,Sí
2018,21,PUEBLA,3,ZACATLAN,PAN_PRD_MC_PSI...20,30,107722,51,6430,114203,162264,34216,Sí
2018,21,PUEBLA,3,ZACATLAN,PAN_PRD_PCPP_PSI...21,16,107722,51,6430,114203,162264,31965,Sí
2018,21,PUEBLA,3,ZACATLAN,PAN_MC_PCPP_PSI...22,13,107722,51,6430,114203,162264,33398,Sí
2018,21,PUEBLA,3,ZACATLAN,PRD_MC_PCPP_PSI...23,8,107722,51,6430,114203,162264,6085,Sí
2018,21,PUEBLA,3,ZACATLAN,PAN_PRD_MC...24,91,107722,51,6430,114203,162264,31027,Sí
2018,21,PUEBLA,3,ZACATLAN,PAN_PRD_PCPP...25,26,107722,51,6430,114203,162264,30962,Sí
2018,21,PUEBLA,3,ZACATLAN,PAN_PRD_PSI...26,17,107722,51,6430,114203,162264,30953,Sí
2018,21,PUEBLA,3,ZACATLAN,PAN_MC_PCPP...27,17,107722,51,6430,114203,162264,32389,Sí
2018,21,PUEBLA,3,ZACATLAN,PAN_MC_PSI...28,19,107722,51,6430,114203,162264,32391,Sí
2018,21,PUEBLA,3,ZACATLAN,PAN_PCPP_PSI...29,10,107722,51,6430,114203,162264,30145,Sí
2018,21,PUEBLA,3,ZACATLAN,PRD_MC_PCPP...30,2,107722,51,6430,114203,162264,5066,Sí
2018,21,PUEBLA,3,ZACATLAN,PRD_MC_PSI...31,5,107722,51,6430,114203,162264,5069,Sí
2018,21,PUEBLA,3,ZACATLAN,PRD_PCPP_PSI...32,2,107722,51,6430,114203,162264,2829,Sí
2018,21,PUEBLA,3,ZACATLAN,MC_PCPP_PSI...33,3,107722,51,6430,114203,162264,4266,Sí
2018,21,PUEBLA,3,ZACATLAN,PAN_PRD...34,171,107722,51,6430,114203,162264,29293,Sí
2018,21,PUEBLA,3,ZACATLAN,PAN_MC...35,102,107722,51,6430,114203,162264,29224,Sí
2018,21,PUEBLA,3,ZACATLAN,PAN_PCPP...36,108,107722,51,6430,114203,162264,29230,Sí
2018,21,PUEBLA,3,ZACATLAN,PAN_PSI...37,37,107722,51,6430,114203,162264,29159,Sí
2018,21,PUEBLA,3,ZACATLAN,PRD_MC...38,63,107722,51,6430,114203,162264,1877,Sí
2018,21,PUEBLA,3,ZACATLAN,PRD_PCPP...39,19,107722,51,6430,114203,162264,1833,Sí
2018,21,PUEBLA,3,ZACATLAN,PRD_PSI...40,7,107722,51,6430,114203,162264,1821,Sí
2018,21,PUEBLA,3,ZACATLAN,MC_PCPP...41,8,107722,51,6430,114203,162264,3258,Sí
2018,21,PUEBLA,3,ZACATLAN,MC_PSI...42,17,107722,51,6430,114203,162264,3267,Sí
2018,21,PUEBLA,3,ZACATLAN,PCPP_PSI...43,6,107722,51,6430,114203,162264,1019,Sí
2018,21,PUEBLA,3,ZACATLAN,PT_MORENA_ES,605,107722,51,6430,114203,162264,34120,Sí
2018,21,PUEBLA,3,ZACATLAN,PT_MORENA,258,107722,51,6430,114203,162264,32724,Sí
2018,21,PUEBLA,3,ZACATLAN,PT_ES,43,107722,51,6430,114203,162264,4878,Sí
2018,21,PUEBLA,3,ZACATLAN,MORENA_ES,221,107722,51,6430,114203,162264,29950,Sí
2018,21,PUEBLA,4,ZACAPOAXTLA,PAN,21161,112422,42,7597,120061,160165,21161,No
2018,21,PUEBLA,4,ZACAPOAXTLA,PRI,31858,112422,42,7597,120061,160165,31858,No
2018,21,PUEBLA,4,ZACAPOAXTLA,PRD,8976,112422,42,7597,120061,160165,8976,No
2018,21,PUEBLA,4,ZACAPOAXTLA,PT,3948,112422,42,7597,120061,160165,3948,No
2018,21,PUEBLA,4,ZACAPOAXTLA,PVEM,5679,112422,42,7597,120061,160165,5679,No
2018,21,PUEBLA,4,ZACAPOAXTLA,MC,5560,112422,42,7597,120061,160165,5560,No
2018,21,PUEBLA,4,ZACAPOAXTLA,NUAL,3419,112422,42,7597,120061,160165,3419,No
2018,21,PUEBLA,4,ZACAPOAXTLA,PCPP,4215,112422,42,7597,120061,160165,4215,No
2018,21,PUEBLA,4,ZACAPOAXTLA,PSI,1514,112422,42,7597,120061,160165,1514,No
2018,21,PUEBLA,4,ZACAPOAXTLA,MORENA,22795,112422,42,7597,120061,160165,22795,No
2018,21,PUEBLA,4,ZACAPOAXTLA,ES,965,112422,42,7597,120061,160165,965,No
2018,21,PUEBLA,4,ZACAPOAXTLA,PAN_PRD_MC_PCPP_PSI...18,199,112422,42,7597,120061,160165,40111,Sí
2018,21,PUEBLA,4,ZACAPOAXTLA,PAN_PRD_MC_PCPP...19,33,112422,42,7597,120061,160165,35730,Sí
2018,21,PUEBLA,4,ZACAPOAXTLA,PAN_PRD_MC_PSI...20,8,112422,42,7597,120061,160165,35705,Sí
2018,21,PUEBLA,4,ZACAPOAXTLA,PAN_PRD_PCPP_PSI...21,20,112422,42,7597,120061,160165,34372,Sí
2018,21,PUEBLA,4,ZACAPOAXTLA,PAN_MC_PCPP_PSI...22,10,112422,42,7597,120061,160165,30946,Sí
2018,21,PUEBLA,4,ZACAPOAXTLA,PRD_MC_PCPP_PSI...23,6,112422,42,7597,120061,160165,18757,Sí
2018,21,PUEBLA,4,ZACAPOAXTLA,PAN_PRD_MC...24,88,112422,42,7597,120061,160165,30225,Sí
2018,21,PUEBLA,4,ZACAPOAXTLA,PAN_PRD_PCPP...25,65,112422,42,7597,120061,160165,30202,Sí
2018,21,PUEBLA,4,ZACAPOAXTLA,PAN_PRD_PSI...26,21,112422,42,7597,120061,160165,30158,Sí
2018,21,PUEBLA,4,ZACAPOAXTLA,PAN_MC_PCPP...27,20,112422,42,7597,120061,160165,26741,Sí
2018,21,PUEBLA,4,ZACAPOAXTLA,PAN_MC_PSI...28,19,112422,42,7597,120061,160165,26740,Sí
2018,21,PUEBLA,4,ZACAPOAXTLA,PAN_PCPP_PSI...29,8,112422,42,7597,120061,160165,25384,Sí
2018,21,PUEBLA,4,ZACAPOAXTLA,PRD_MC_PCPP...30,10,112422,42,7597,120061,160165,14546,Sí
2018,21,PUEBLA,4,ZACAPOAXTLA,PRD_MC_PSI...31,5,112422,42,7597,120061,160165,14541,Sí
2018,21,PUEBLA,4,ZACAPOAXTLA,PRD_PCPP_PSI...32,18,112422,42,7597,120061,160165,13209,Sí
2018,21,PUEBLA,4,ZACAPOAXTLA,MC_PCPP_PSI...33,7,112422,42,7597,120061,160165,9782,Sí
2018,21,PUEBLA,4,ZACAPOAXTLA,PAN_PRD...34,326,112422,42,7597,120061,160165,21487,Sí
2018,21,PUEBLA,4,ZACAPOAXTLA,PAN_MC...35,118,112422,42,7597,120061,160165,21279,Sí
2018,21,PUEBLA,4,ZACAPOAXTLA,PAN_PCPP...36,181,112422,42,7597,120061,160165,21342,Sí
2018,21,PUEBLA,4,ZACAPOAXTLA,PAN_PSI...37,31,112422,42,7597,120061,160165,21192,Sí
2018,21,PUEBLA,4,ZACAPOAXTLA,PRD_MC...38,48,112422,42,7597,120061,160165,9024,Sí
2018,21,PUEBLA,4,ZACAPOAXTLA,PRD_PCPP...39,41,112422,42,7597,120061,160165,9017,Sí
2018,21,PUEBLA,4,ZACAPOAXTLA,PRD_PSI...40,18,112422,42,7597,120061,160165,8994,Sí
2018,21,PUEBLA,4,ZACAPOAXTLA,MC_PCPP...41,25,112422,42,7597,120061,160165,5585,Sí
2018,21,PUEBLA,4,ZACAPOAXTLA,MC_PSI...42,10,112422,42,7597,120061,160165,5570,Sí
2018,21,PUEBLA,4,ZACAPOAXTLA,PCPP_PSI...43,113,112422,42,7597,120061,160165,4328,Sí
2018,21,PUEBLA,4,ZACAPOAXTLA,PT_MORENA_ES,496,112422,42,7597,120061,160165,28204,Sí
2018,21,PUEBLA,4,ZACAPOAXTLA,PT_MORENA,193,112422,42,7597,120061,160165,26936,Sí
2018,21,PUEBLA,4,ZACAPOAXTLA,PT_ES,45,112422,42,7597,120061,160165,4958,Sí
2018,21,PUEBLA,4,ZACAPOAXTLA,MORENA_ES,150,112422,42,7597,120061,160165,23910,Sí
2018,21,PUEBLA,5,TLATLAUQUITEPEC,PAN,23296,99617,56,6960,106633,153087,23296,No
2018,21,PUEBLA,5,TLATLAUQUITEPEC,PRI,25584,99617,56,6960,106633,153087,25584,No
2018,21,PUEBLA,5,TLATLAUQUITEPEC,PRD,1717,99617,56,6960,106633,153087,1717,No
2018,21,PUEBLA,5,TLATLAUQUITEPEC,PT,4995,99617,56,6960,106633,153087,4995,No
2018,21,PUEBLA,5,TLATLAUQUITEPEC,PVEM,4263,99617,56,6960,106633,153087,4263,No
2018,21,PUEBLA,5,TLATLAUQUITEPEC,MC,2549,99617,56,6960,106633,153087,2549,No
2018,21,PUEBLA,5,TLATLAUQUITEPEC,NUAL,6541,99617,56,6960,106633,153087,6541,No
2018,21,PUEBLA,5,TLATLAUQUITEPEC,PCPP,1963,99617,56,6960,106633,153087,1963,No
2018,21,PUEBLA,5,TLATLAUQUITEPEC,PSI,4218,99617,56,6960,106633,153087,4218,No
2018,21,PUEBLA,5,TLATLAUQUITEPEC,MORENA,21301,99617,56,6960,106633,153087,21301,No
2018,21,PUEBLA,5,TLATLAUQUITEPEC,ES,1009,99617,56,6960,106633,153087,1009,No
2018,21,PUEBLA,5,TLATLAUQUITEPEC,PAN_PRD_MC_PCPP_PSI...18,135,99617,56,6960,106633,153087,29660,Sí
2018,21,PUEBLA,5,TLATLAUQUITEPEC,PAN_PRD_MC_PCPP...19,27,99617,56,6960,106633,153087,27589,Sí
2018,21,PUEBLA,5,TLATLAUQUITEPEC,PAN_PRD_MC_PSI...20,28,99617,56,6960,106633,153087,27590,Sí
2018,21,PUEBLA,5,TLATLAUQUITEPEC,PAN_PRD_PCPP_PSI...21,26,99617,56,6960,106633,153087,27002,Sí
2018,21,PUEBLA,5,TLATLAUQUITEPEC,PAN_MC_PCPP_PSI...22,14,99617,56,6960,106633,153087,27822,Sí
2018,21,PUEBLA,5,TLATLAUQUITEPEC,PRD_MC_PCPP_PSI...23,9,99617,56,6960,106633,153087,6238,Sí
2018,21,PUEBLA,5,TLATLAUQUITEPEC,PAN_PRD_MC...24,104,99617,56,6960,106633,153087,25117,Sí
2018,21,PUEBLA,5,TLATLAUQUITEPEC,PAN_PRD_PCPP...25,26,99617,56,6960,106633,153087,25039,Sí
2018,21,PUEBLA,5,TLATLAUQUITEPEC,PAN_PRD_PSI...26,17,99617,56,6960,106633,153087,25030,Sí
2018,21,PUEBLA,5,TLATLAUQUITEPEC,PAN_MC_PCPP...27,8,99617,56,6960,106633,153087,25853,Sí
2018,21,PUEBLA,5,TLATLAUQUITEPEC,PAN_MC_PSI...28,21,99617,56,6960,106633,153087,25866,Sí
2018,21,PUEBLA,5,TLATLAUQUITEPEC,PAN_PCPP_PSI...29,13,99617,56,6960,106633,153087,25272,Sí
2018,21,PUEBLA,5,TLATLAUQUITEPEC,PRD_MC_PCPP...30,7,99617,56,6960,106633,153087,4273,Sí
2018,21,PUEBLA,5,TLATLAUQUITEPEC,PRD_MC_PSI...31,5,99617,56,6960,106633,153087,4271,Sí
2018,21,PUEBLA,5,TLATLAUQUITEPEC,PRD_PCPP_PSI...32,4,99617,56,6960,106633,153087,3684,Sí
2018,21,PUEBLA,5,TLATLAUQUITEPEC,MC_PCPP_PSI...33,13,99617,56,6960,106633,153087,4525,Sí
2018,21,PUEBLA,5,TLATLAUQUITEPEC,PAN_PRD...34,193,99617,56,6960,106633,153087,23489,Sí
2018,21,PUEBLA,5,TLATLAUQUITEPEC,PAN_MC...35,48,99617,56,6960,106633,153087,23344,Sí
2018,21,PUEBLA,5,TLATLAUQUITEPEC,PAN_PCPP...36,69,99617,56,6960,106633,153087,23365,Sí
2018,21,PUEBLA,5,TLATLAUQUITEPEC,PAN_PSI...37,41,99617,56,6960,106633,153087,23337,Sí
2018,21,PUEBLA,5,TLATLAUQUITEPEC,PRD_MC...38,22,99617,56,6960,106633,153087,1739,Sí
2018,21,PUEBLA,5,TLATLAUQUITEPEC,PRD_PCPP...39,7,99617,56,6960,106633,153087,1724,Sí
2018,21,PUEBLA,5,TLATLAUQUITEPEC,PRD_PSI...40,15,99617,56,6960,106633,153087,1732,Sí
2018,21,PUEBLA,5,TLATLAUQUITEPEC,MC_PCPP...41,24,99617,56,6960,106633,153087,2573,Sí
2018,21,PUEBLA,5,TLATLAUQUITEPEC,MC_PSI...42,275,99617,56,6960,106633,153087,2824,Sí
2018,21,PUEBLA,5,TLATLAUQUITEPEC,PCPP_PSI...43,22,99617,56,6960,106633,153087,1985,Sí
2018,21,PUEBLA,5,TLATLAUQUITEPEC,PT_MORENA_ES,576,99617,56,6960,106633,153087,27881,Sí
2018,21,PUEBLA,5,TLATLAUQUITEPEC,PT_MORENA,209,99617,56,6960,106633,153087,26505,Sí
2018,21,PUEBLA,5,TLATLAUQUITEPEC,PT_ES,49,99617,56,6960,106633,153087,6053,Sí
2018,21,PUEBLA,5,TLATLAUQUITEPEC,MORENA_ES,174,99617,56,6960,106633,153087,22484,Sí
2018,21,PUEBLA,6,TEZIUTLAN,PAN,23128,109448,70,6134,115652,160379,23128,No
2018,21,PUEBLA,6,TEZIUTLAN,PRI,26762,109448,70,6134,115652,160379,26762,No
2018,21,PUEBLA,6,TEZIUTLAN,PRD,1348,109448,70,6134,115652,160379,1348,No
2018,21,PUEBLA,6,TEZIUTLAN,PT,3127,109448,70,6134,115652,160379,3127,No
2018,21,PUEBLA,6,TEZIUTLAN,PVEM,7039,109448,70,6134,115652,160379,7039,No
2018,21,PUEBLA,6,TEZIUTLAN,MC,4240,109448,70,6134,115652,160379,4240,No
2018,21,PUEBLA,6,TEZIUTLAN,NUAL,4667,109448,70,6134,115652,160379,4667,No
2018,21,PUEBLA,6,TEZIUTLAN,PCPP,7270,109448,70,6134,115652,160379,7270,No
2018,21,PUEBLA,6,TEZIUTLAN,PSI,1815,109448,70,6134,115652,160379,1815,No
2018,21,PUEBLA,6,TEZIUTLAN,MORENA,26229,109448,70,6134,115652,160379,26229,No
2018,21,PUEBLA,6,TEZIUTLAN,ES,1499,109448,70,6134,115652,160379,1499,No
2018,21,PUEBLA,6,TEZIUTLAN,PAN_PRD_MC_PCPP_PSI...18,170,109448,70,6134,115652,160379,36156,Sí
2018,21,PUEBLA,6,TEZIUTLAN,PAN_PRD_MC_PCPP...19,37,109448,70,6134,115652,160379,28753,Sí
2018,21,PUEBLA,6,TEZIUTLAN,PAN_PRD_MC_PSI...20,34,109448,70,6134,115652,160379,28750,Sí
2018,21,PUEBLA,6,TEZIUTLAN,PAN_PRD_PCPP_PSI...21,25,109448,70,6134,115652,160379,31771,Sí
2018,21,PUEBLA,6,TEZIUTLAN,PAN_MC_PCPP_PSI...22,20,109448,70,6134,115652,160379,34658,Sí
2018,21,PUEBLA,6,TEZIUTLAN,PRD_MC_PCPP_PSI...23,3,109448,70,6134,115652,160379,12861,Sí
2018,21,PUEBLA,6,TEZIUTLAN,PAN_PRD_MC...24,49,109448,70,6134,115652,160379,24525,Sí
2018,21,PUEBLA,6,TEZIUTLAN,PAN_PRD_PCPP...25,27,109448,70,6134,115652,160379,24503,Sí
2018,21,PUEBLA,6,TEZIUTLAN,PAN_PRD_PSI...26,22,109448,70,6134,115652,160379,24498,Sí
2018,21,PUEBLA,6,TEZIUTLAN,PAN_MC_PCPP...27,19,109448,70,6134,115652,160379,27387,Sí
2018,21,PUEBLA,6,TEZIUTLAN,PAN_MC_PSI...28,361,109448,70,6134,115652,160379,27729,Sí
2018,21,PUEBLA,6,TEZIUTLAN,PAN_PCPP_PSI...29,13,109448,70,6134,115652,160379,30411,Sí
2018,21,PUEBLA,6,TEZIUTLAN,PRD_MC_PCPP...30,4,109448,70,6134,115652,160379,5592,Sí
2018,21,PUEBLA,6,TEZIUTLAN,PRD_MC_PSI...31,2,109448,70,6134,115652,160379,5590,Sí
2018,21,PUEBLA,6,TEZIUTLAN,PRD_PCPP_PSI...32,2,109448,70,6134,115652,160379,8620,Sí
2018,21,PUEBLA,6,TEZIUTLAN,MC_PCPP_PSI...33,6,109448,70,6134,115652,160379,11516,Sí
2018,21,PUEBLA,6,TEZIUTLAN,PAN_PRD...34,144,109448,70,6134,115652,160379,23272,Sí
2018,21,PUEBLA,6,TEZIUTLAN,PAN_MC...35,78,109448,70,6134,115652,160379,23206,Sí
2018,21,PUEBLA,6,TEZIUTLAN,PAN_PCPP...36,89,109448,70,6134,115652,160379,23217,Sí
2018,21,PUEBLA,6,TEZIUTLAN,PAN_PSI...37,36,109448,70,6134,115652,160379,23164,Sí
2018,21,PUEBLA,6,TEZIUTLAN,PRD_MC...38,14,109448,70,6134,115652,160379,1362,Sí
2018,21,PUEBLA,6,TEZIUTLAN,PRD_PCPP...39,20,109448,70,6134,115652,160379,1368,Sí
2018,21,PUEBLA,6,TEZIUTLAN,PRD_PSI...40,7,109448,70,6134,115652,160379,1355,Sí
2018,21,PUEBLA,6,TEZIUTLAN,MC_PCPP...41,101,109448,70,6134,115652,160379,4341,Sí
2018,21,PUEBLA,6,TEZIUTLAN,MC_PSI...42,10,109448,70,6134,115652,160379,4250,Sí
2018,21,PUEBLA,6,TEZIUTLAN,PCPP_PSI...43,13,109448,70,6134,115652,160379,7283,Sí
2018,21,PUEBLA,6,TEZIUTLAN,PT_MORENA_ES,616,109448,70,6134,115652,160379,31471,Sí
2018,21,PUEBLA,6,TEZIUTLAN,PT_MORENA,151,109448,70,6134,115652,160379,29507,Sí
2018,21,PUEBLA,6,TEZIUTLAN,PT_ES,47,109448,70,6134,115652,160379,4673,Sí
2018,21,PUEBLA,6,TEZIUTLAN,MORENA_ES,204,109448,70,6134,115652,160379,27932,Sí
2018,21,PUEBLA,7,SAN MARTIN TEXMELUCAN DE LABASTIDA,PAN,19942,102833,75,5566,108474,174616,19942,No
2018,21,PUEBLA,7,SAN MARTIN TEXMELUCAN DE LABASTIDA,PRI,14916,102833,75,5566,108474,174616,14916,No
2018,21,PUEBLA,7,SAN MARTIN TEXMELUCAN DE LABASTIDA,PRD,2812,102833,75,5566,108474,174616,2812,No
2018,21,PUEBLA,7,SAN MARTIN TEXMELUCAN DE LABASTIDA,PT,4939,102833,75,5566,108474,174616,4939,No
2018,21,PUEBLA,7,SAN MARTIN TEXMELUCAN DE LABASTIDA,PVEM,4319,102833,75,5566,108474,174616,4319,No
2018,21,PUEBLA,7,SAN MARTIN TEXMELUCAN DE LABASTIDA,MC,1951,102833,75,5566,108474,174616,1951,No
2018,21,PUEBLA,7,SAN MARTIN TEXMELUCAN DE LABASTIDA,NUAL,4510,102833,75,5566,108474,174616,4510,No
2018,21,PUEBLA,7,SAN MARTIN TEXMELUCAN DE LABASTIDA,PCPP,7045,102833,75,5566,108474,174616,7045,No
2018,21,PUEBLA,7,SAN MARTIN TEXMELUCAN DE LABASTIDA,PSI,3255,102833,75,5566,108474,174616,3255,No
2018,21,PUEBLA,7,SAN MARTIN TEXMELUCAN DE LABASTIDA,MORENA,34812,102833,75,5566,108474,174616,34812,No
2018,21,PUEBLA,7,SAN MARTIN TEXMELUCAN DE LABASTIDA,ES,1820,102833,75,5566,108474,174616,1820,No
2018,21,PUEBLA,7,SAN MARTIN TEXMELUCAN DE LABASTIDA,PT_MORENA_ES,859,102833,75,5566,108474,174616,42430,Sí
2018,21,PUEBLA,7,SAN MARTIN TEXMELUCAN DE LABASTIDA,PT_MORENA,427,102833,75,5566,108474,174616,40178,Sí
2018,21,PUEBLA,7,SAN MARTIN TEXMELUCAN DE LABASTIDA,PT_ES,64,102833,75,5566,108474,174616,6823,Sí
2018,21,PUEBLA,7,SAN MARTIN TEXMELUCAN DE LABASTIDA,MORENA_ES,225,102833,75,5566,108474,174616,36857,Sí
2018,21,PUEBLA,7,SAN MARTIN TEXMELUCAN DE LABASTIDA,C_COMUN_PAN_PRD_MC_PSI,348,102833,75,5566,108474,174616,28308,Sí
2018,21,PUEBLA,7,SAN MARTIN TEXMELUCAN DE LABASTIDA,PAN_PRD_MC...106,119,102833,75,5566,108474,174616,22873,Sí
2018,21,PUEBLA,7,SAN MARTIN TEXMELUCAN DE LABASTIDA,PAN_PRD_PSI...107,81,102833,75,5566,108474,174616,22835,Sí
2018,21,PUEBLA,7,SAN MARTIN TEXMELUCAN DE LABASTIDA,PAN_MC_PSI...108,56,102833,75,5566,108474,174616,21949,Sí
2018,21,PUEBLA,7,SAN MARTIN TEXMELUCAN DE LABASTIDA,PRD_MC_PSI...109,14,102833,75,5566,108474,174616,4777,Sí
2018,21,PUEBLA,7,SAN MARTIN TEXMELUCAN DE LABASTIDA,PAN_PRD...110,132,102833,75,5566,108474,174616,20074,Sí
2018,21,PUEBLA,7,SAN MARTIN TEXMELUCAN DE LABASTIDA,PAN_MC...111,48,102833,75,5566,108474,174616,19990,Sí
2018,21,PUEBLA,7,SAN MARTIN TEXMELUCAN DE LABASTIDA,PAN_PSI...112,59,102833,75,5566,108474,174616,20001,Sí
2018,21,PUEBLA,7,SAN MARTIN TEXMELUCAN DE LABASTIDA,PRD_MC...113,26,102833,75,5566,108474,174616,2838,Sí
2018,21,PUEBLA,7,SAN MARTIN TEXMELUCAN DE LABASTIDA,PRD_PSI...114,20,102833,75,5566,108474,174616,2832,Sí
2018,21,PUEBLA,7,SAN MARTIN TEXMELUCAN DE LABASTIDA,MC_PSI...115,34,102833,75,5566,108474,174616,1985,Sí
2018,21,PUEBLA,8,HUEJOTZINGO,PAN,16943,109522,107,6863,116492,174128,16943,No
2018,21,PUEBLA,8,HUEJOTZINGO,PRI,14144,109522,107,6863,116492,174128,14144,No
2018,21,PUEBLA,8,HUEJOTZINGO,PRD,4416,109522,107,6863,116492,174128,4416,No
2018,21,PUEBLA,8,HUEJOTZINGO,PT,4664,109522,107,6863,116492,174128,4664,No
2018,21,PUEBLA,8,HUEJOTZINGO,PVEM,4957,109522,107,6863,116492,174128,4957,No
2018,21,PUEBLA,8,HUEJOTZINGO,MC,6659,109522,107,6863,116492,174128,6659,No
2018,21,PUEBLA,8,HUEJOTZINGO,NUAL,3623,109522,107,6863,116492,174128,3623,No
2018,21,PUEBLA,8,HUEJOTZINGO,PCPP,4330,109522,107,6863,116492,174128,4330,No
2018,21,PUEBLA,8,HUEJOTZINGO,PSI,2353,109522,107,6863,116492,174128,2353,No
2018,21,PUEBLA,8,HUEJOTZINGO,MORENA,41973,109522,107,6863,116492,174128,41973,No
2018,21,PUEBLA,8,HUEJOTZINGO,ES,1794,109522,107,6863,116492,174128,1794,No
2018,21,PUEBLA,8,HUEJOTZINGO,PAN_PRD_MC_PCPP_PSI...18,455,109522,107,6863,116492,174128,32803,Sí
2018,21,PUEBLA,8,HUEJOTZINGO,PAN_PRD_MC_PCPP...19,52,109522,107,6863,116492,174128,28070,Sí
2018,21,PUEBLA,8,HUEJOTZINGO,PAN_PRD_MC_PSI...20,61,109522,107,6863,116492,174128,28079,Sí
2018,21,PUEBLA,8,HUEJOTZINGO,PAN_PRD_PCPP_PSI...21,35,109522,107,6863,116492,174128,25724,Sí
2018,21,PUEBLA,8,HUEJOTZINGO,PAN_MC_PCPP_PSI...22,23,109522,107,6863,116492,174128,27955,Sí
2018,21,PUEBLA,8,HUEJOTZINGO,PRD_MC_PCPP_PSI...23,25,109522,107,6863,116492,174128,15430,Sí
2018,21,PUEBLA,8,HUEJOTZINGO,PAN_PRD_MC...24,90,109522,107,6863,116492,174128,21449,Sí
2018,21,PUEBLA,8,HUEJOTZINGO,PAN_PRD_PCPP...25,33,109522,107,6863,116492,174128,21392,Sí
2018,21,PUEBLA,8,HUEJOTZINGO,PAN_PRD_PSI...26,37,109522,107,6863,116492,174128,21396,Sí
2018,21,PUEBLA,8,HUEJOTZINGO,PAN_MC_PCPP...27,59,109522,107,6863,116492,174128,23661,Sí
2018,21,PUEBLA,8,HUEJOTZINGO,PAN_MC_PSI...28,27,109522,107,6863,116492,174128,23629,Sí
2018,21,PUEBLA,8,HUEJOTZINGO,PAN_PCPP_PSI...29,17,109522,107,6863,116492,174128,21290,Sí
2018,21,PUEBLA,8,HUEJOTZINGO,PRD_MC_PCPP...30,13,109522,107,6863,116492,174128,11088,Sí
2018,21,PUEBLA,8,HUEJOTZINGO,PRD_MC_PSI...31,13,109522,107,6863,116492,174128,11088,Sí
2018,21,PUEBLA,8,HUEJOTZINGO,PRD_PCPP_PSI...32,9,109522,107,6863,116492,174128,8755,Sí
2018,21,PUEBLA,8,HUEJOTZINGO,MC_PCPP_PSI...33,7,109522,107,6863,116492,174128,10996,Sí
2018,21,PUEBLA,8,HUEJOTZINGO,PAN_PRD...34,225,109522,107,6863,116492,174128,17168,Sí
2018,21,PUEBLA,8,HUEJOTZINGO,PAN_MC...35,121,109522,107,6863,116492,174128,17064,Sí
2018,21,PUEBLA,8,HUEJOTZINGO,PAN_PCPP...36,82,109522,107,6863,116492,174128,17025,Sí
2018,21,PUEBLA,8,HUEJOTZINGO,PAN_PSI...37,25,109522,107,6863,116492,174128,16968,Sí
2018,21,PUEBLA,8,HUEJOTZINGO,PRD_MC...38,125,109522,107,6863,116492,174128,4541,Sí
2018,21,PUEBLA,8,HUEJOTZINGO,PRD_PCPP...39,29,109522,107,6863,116492,174128,4445,Sí
2018,21,PUEBLA,8,HUEJOTZINGO,PRD_PSI...40,15,109522,107,6863,116492,174128,4431,Sí
2018,21,PUEBLA,8,HUEJOTZINGO,MC_PCPP...41,48,109522,107,6863,116492,174128,6707,Sí
2018,21,PUEBLA,8,HUEJOTZINGO,MC_PSI...42,27,109522,107,6863,116492,174128,6686,Sí
2018,21,PUEBLA,8,HUEJOTZINGO,PCPP_PSI...43,37,109522,107,6863,116492,174128,4367,Sí
2018,21,PUEBLA,8,HUEJOTZINGO,PT_MORENA_ES,1163,109522,107,6863,116492,174128,49594,Sí
2018,21,PUEBLA,8,HUEJOTZINGO,PT_MORENA,397,109522,107,6863,116492,174128,47034,Sí
2018,21,PUEBLA,8,HUEJOTZINGO,PT_ES,51,109522,107,6863,116492,174128,6509,Sí
2018,21,PUEBLA,8,HUEJOTZINGO,MORENA_ES,365,109522,107,6863,116492,174128,44132,Sí
2018,21,PUEBLA,9,HEROICA PUEBLA DE ZARAGOZA,PAN,29901,115762,128,4866,120756,189340,29901,No
2018,21,PUEBLA,9,HEROICA PUEBLA DE ZARAGOZA,PRI,11687,115762,128,4866,120756,189340,11687,No
2018,21,PUEBLA,9,HEROICA PUEBLA DE ZARAGOZA,PRD,2540,115762,128,4866,120756,189340,2540,No
2018,21,PUEBLA,9,HEROICA PUEBLA DE ZARAGOZA,PT,3472,115762,128,4866,120756,189340,3472,No
2018,21,PUEBLA,9,HEROICA PUEBLA DE ZARAGOZA,PVEM,4150,115762,128,4866,120756,189340,4150,No
2018,21,PUEBLA,9,HEROICA PUEBLA DE ZARAGOZA,MC,2086,115762,128,4866,120756,189340,2086,No
2018,21,PUEBLA,9,HEROICA PUEBLA DE ZARAGOZA,NUAL,2187,115762,128,4866,120756,189340,2187,No
2018,21,PUEBLA,9,HEROICA PUEBLA DE ZARAGOZA,PCPP,1368,115762,128,4866,120756,189340,1368,No
2018,21,PUEBLA,9,HEROICA PUEBLA DE ZARAGOZA,PSI,732,115762,128,4866,120756,189340,732,No
2018,21,PUEBLA,9,HEROICA PUEBLA DE ZARAGOZA,MORENA,51953,115762,128,4866,120756,189340,51953,No
2018,21,PUEBLA,9,HEROICA PUEBLA DE ZARAGOZA,ES,2451,115762,128,4866,120756,189340,2451,No
2018,21,PUEBLA,9,HEROICA PUEBLA DE ZARAGOZA,PAN_PRD_MC_PCPP_PSI...18,360,115762,128,4866,120756,189340,36255,Sí
2018,21,PUEBLA,9,HEROICA PUEBLA DE ZARAGOZA,PAN_PRD_MC_PCPP...19,88,115762,128,4866,120756,189340,34615,Sí
2018,21,PUEBLA,9,HEROICA PUEBLA DE ZARAGOZA,PAN_PRD_MC_PSI...20,49,115762,128,4866,120756,189340,34576,Sí
2018,21,PUEBLA,9,HEROICA PUEBLA DE ZARAGOZA,PAN_PRD_PCPP_PSI...21,26,115762,128,4866,120756,189340,33835,Sí
2018,21,PUEBLA,9,HEROICA PUEBLA DE ZARAGOZA,PAN_MC_PCPP_PSI...22,22,115762,128,4866,120756,189340,33377,Sí
2018,21,PUEBLA,9,HEROICA PUEBLA DE ZARAGOZA,PRD_MC_PCPP_PSI...23,7,115762,128,4866,120756,189340,6001,Sí
2018,21,PUEBLA,9,HEROICA PUEBLA DE ZARAGOZA,PAN_PRD_MC...24,112,115762,128,4866,120756,189340,32553,Sí
2018,21,PUEBLA,9,HEROICA PUEBLA DE ZARAGOZA,PAN_PRD_PCPP...25,16,115762,128,4866,120756,189340,32457,Sí
2018,21,PUEBLA,9,HEROICA PUEBLA DE ZARAGOZA,PAN_PRD_PSI...26,17,115762,128,4866,120756,189340,32458,Sí
2018,21,PUEBLA,9,HEROICA PUEBLA DE ZARAGOZA,PAN_MC_PCPP...27,28,115762,128,4866,120756,189340,32015,Sí
2018,21,PUEBLA,9,HEROICA PUEBLA DE ZARAGOZA,PAN_MC_PSI...28,13,115762,128,4866,120756,189340,32000,Sí
2018,21,PUEBLA,9,HEROICA PUEBLA DE ZARAGOZA,PAN_PCPP_PSI...29,8,115762,128,4866,120756,189340,31277,Sí
2018,21,PUEBLA,9,HEROICA PUEBLA DE ZARAGOZA,PRD_MC_PCPP...30,5,115762,128,4866,120756,189340,4631,Sí
2018,21,PUEBLA,9,HEROICA PUEBLA DE ZARAGOZA,PRD_MC_PSI...31,3,115762,128,4866,120756,189340,4629,Sí
2018,21,PUEBLA,9,HEROICA PUEBLA DE ZARAGOZA,PRD_PCPP_PSI...32,1,115762,128,4866,120756,189340,3909,Sí
2018,21,PUEBLA,9,HEROICA PUEBLA DE ZARAGOZA,MC_PCPP_PSI...33,3,115762,128,4866,120756,189340,3457,Sí
2018,21,PUEBLA,9,HEROICA PUEBLA DE ZARAGOZA,PAN_PRD...34,203,115762,128,4866,120756,189340,30104,Sí
2018,21,PUEBLA,9,HEROICA PUEBLA DE ZARAGOZA,PAN_MC...35,60,115762,128,4866,120756,189340,29961,Sí
2018,21,PUEBLA,9,HEROICA PUEBLA DE ZARAGOZA,PAN_PCPP...36,52,115762,128,4866,120756,189340,29953,Sí
2018,21,PUEBLA,9,HEROICA PUEBLA DE ZARAGOZA,PAN_PSI...37,12,115762,128,4866,120756,189340,29913,Sí
2018,21,PUEBLA,9,HEROICA PUEBLA DE ZARAGOZA,PRD_MC...38,14,115762,128,4866,120756,189340,2554,Sí
2018,21,PUEBLA,9,HEROICA PUEBLA DE ZARAGOZA,PRD_PCPP...39,4,115762,128,4866,120756,189340,2544,Sí
2018,21,PUEBLA,9,HEROICA PUEBLA DE ZARAGOZA,PRD_PSI...40,1,115762,128,4866,120756,189340,2541,Sí
2018,21,PUEBLA,9,HEROICA PUEBLA DE ZARAGOZA,MC_PCPP...41,8,115762,128,4866,120756,189340,2094,Sí
2018,21,PUEBLA,9,HEROICA PUEBLA DE ZARAGOZA,MC_PSI...42,6,115762,128,4866,120756,189340,2092,Sí
2018,21,PUEBLA,9,HEROICA PUEBLA DE ZARAGOZA,PCPP_PSI...43,24,115762,128,4866,120756,189340,1392,Sí
2018,21,PUEBLA,9,HEROICA PUEBLA DE ZARAGOZA,PT_MORENA_ES,1314,115762,128,4866,120756,189340,59190,Sí
2018,21,PUEBLA,9,HEROICA PUEBLA DE ZARAGOZA,PT_MORENA,350,115762,128,4866,120756,189340,55775,Sí
2018,21,PUEBLA,9,HEROICA PUEBLA DE ZARAGOZA,PT_ES,87,115762,128,4866,120756,189340,6010,Sí
2018,21,PUEBLA,9,HEROICA PUEBLA DE ZARAGOZA,MORENA_ES,342,115762,128,4866,120756,189340,54746,Sí
2018,22,QUERÉTARO,1,QUERÉTARO,PAN,19084,63723,81,2772,66577,108525,19084,No
2018,22,QUERÉTARO,1,QUERÉTARO,PRI,11080,63723,81,2772,66577,108525,11080,No
2018,22,QUERÉTARO,1,QUERÉTARO,PRD,962,63723,81,2772,66577,108525,962,No
2018,22,QUERÉTARO,1,QUERÉTARO,MC,1001,63723,81,2772,66577,108525,1001,No
2018,22,QUERÉTARO,1,QUERÉTARO,NUAL,683,63723,81,2772,66577,108525,683,No
2018,22,QUERÉTARO,1,QUERÉTARO,PVEM,2079,63723,81,2772,66577,108525,2079,No
2018,22,QUERÉTARO,1,QUERÉTARO,ES,1426,63723,81,2772,66577,108525,1426,No
2018,22,QUERÉTARO,1,QUERÉTARO,MORENA,19489,63723,81,2772,66577,108525,19489,No
2018,22,QUERÉTARO,1,QUERÉTARO,PT,1082,63723,81,2772,66577,108525,1082,No
2018,22,QUERÉTARO,1,QUERÉTARO,CQ,619,63723,81,2772,66577,108525,619,No
2018,22,QUERÉTARO,1,QUERÉTARO,QI,4703,63723,81,2772,66577,108525,4703,No
2018,22,QUERÉTARO,1,QUERÉTARO,MORENA_PT_ES,728,63723,81,2772,66577,108525,22725,Sí
2018,22,QUERÉTARO,1,QUERÉTARO,MORENA_PT,138,63723,81,2772,66577,108525,20709,Sí
2018,22,QUERÉTARO,1,QUERÉTARO,MORENA_ES,154,63723,81,2772,66577,108525,21069,Sí
2018,22,QUERÉTARO,1,QUERÉTARO,PT_ES,24,63723,81,2772,66577,108525,2532,Sí
2018,22,QUERÉTARO,1,QUERÉTARO,C_COMUN_PAN_PRD,472,63723,81,2772,66577,108525,20518,Sí
2018,22,QUERÉTARO,10,PEDRO ESCOBEDO,PAN,19809,60753,38,2835,63626,98118,19809,No
2018,22,QUERÉTARO,10,PEDRO ESCOBEDO,PRI,11415,60753,38,2835,63626,98118,11415,No
2018,22,QUERÉTARO,10,PEDRO ESCOBEDO,PRD,1636,60753,38,2835,63626,98118,1636,No
2018,22,QUERÉTARO,10,PEDRO ESCOBEDO,MC,1153,60753,38,2835,63626,98118,1153,No
2018,22,QUERÉTARO,10,PEDRO ESCOBEDO,NUAL,2624,60753,38,2835,63626,98118,2624,No
2018,22,QUERÉTARO,10,PEDRO ESCOBEDO,PVEM,2441,60753,38,2835,63626,98118,2441,No
2018,22,QUERÉTARO,10,PEDRO ESCOBEDO,ES,1160,60753,38,2835,63626,98118,1160,No
2018,22,QUERÉTARO,10,PEDRO ESCOBEDO,MORENA,12318,60753,38,2835,63626,98118,12318,No
2018,22,QUERÉTARO,10,PEDRO ESCOBEDO,PT,2231,60753,38,2835,63626,98118,2231,No
2018,22,QUERÉTARO,10,PEDRO ESCOBEDO,CQ,1318,60753,38,2835,63626,98118,1318,No
2018,22,QUERÉTARO,10,PEDRO ESCOBEDO,QI,3028,60753,38,2835,63626,98118,3028,No
2018,22,QUERÉTARO,10,PEDRO ESCOBEDO,MORENA_PT_ES,836,60753,38,2835,63626,98118,16545,Sí
2018,22,QUERÉTARO,10,PEDRO ESCOBEDO,MORENA_PT,150,60753,38,2835,63626,98118,14699,Sí
2018,22,QUERÉTARO,10,PEDRO ESCOBEDO,MORENA_ES,168,60753,38,2835,63626,98118,13646,Sí
2018,22,QUERÉTARO,10,PEDRO ESCOBEDO,PT_ES,54,60753,38,2835,63626,98118,3445,Sí
2018,22,QUERÉTARO,10,PEDRO ESCOBEDO,PRI_PVEM,412,60753,38,2835,63626,98118,14268,Sí
2018,22,QUERÉTARO,11,TEQUISQUIAPAN,PAN,23792,61425,71,3422,64918,95870,23792,No
2018,22,QUERÉTARO,11,TEQUISQUIAPAN,PRI,12388,61425,71,3422,64918,95870,12388,No
2018,22,QUERÉTARO,11,TEQUISQUIAPAN,PRD,1645,61425,71,3422,64918,95870,1645,No
2018,22,QUERÉTARO,11,TEQUISQUIAPAN,NUAL,1158,61425,71,3422,64918,95870,1158,No
2018,22,QUERÉTARO,11,TEQUISQUIAPAN,PVEM,2446,61425,71,3422,64918,95870,2446,No
2018,22,QUERÉTARO,11,TEQUISQUIAPAN,ES,893,61425,71,3422,64918,95870,893,No
2018,22,QUERÉTARO,11,TEQUISQUIAPAN,MORENA,10655,61425,71,3422,64918,95870,10655,No
2018,22,QUERÉTARO,11,TEQUISQUIAPAN,PT,1170,61425,71,3422,64918,95870,1170,No
2018,22,QUERÉTARO,11,TEQUISQUIAPAN,CQ,2562,61425,71,3422,64918,95870,2562,No
2018,22,QUERÉTARO,11,TEQUISQUIAPAN,QI,917,61425,71,3422,64918,95870,917,No
2018,22,QUERÉTARO,11,TEQUISQUIAPAN,MORENA_PT_ES,313,61425,71,3422,64918,95870,13031,Sí
2018,22,QUERÉTARO,11,TEQUISQUIAPAN,MORENA_PT,147,61425,71,3422,64918,95870,11972,Sí
2018,22,QUERÉTARO,11,TEQUISQUIAPAN,MORENA_ES,92,61425,71,3422,64918,95870,11640,Sí
2018,22,QUERÉTARO,11,TEQUISQUIAPAN,PT_ES,28,61425,71,3422,64918,95870,2091,Sí
2018,22,QUERÉTARO,11,TEQUISQUIAPAN,Candidatura Independiente,3219,61425,71,3422,64918,95870,3219,No
2018,22,QUERÉTARO,12,EL MARQUÉS,PAN,18541,69946,34,2783,72763,112388,18541,No
2018,22,QUERÉTARO,12,EL MARQUÉS,PRI,17738,69946,34,2783,72763,112388,17738,No
2018,22,QUERÉTARO,12,EL MARQUÉS,PRD,7063,69946,34,2783,72763,112388,7063,No
2018,22,QUERÉTARO,12,EL MARQUÉS,MC,1553,69946,34,2783,72763,112388,1553,No
2018,22,QUERÉTARO,12,EL MARQUÉS,NUAL,1113,69946,34,2783,72763,112388,1113,No
2018,22,QUERÉTARO,12,EL MARQUÉS,PVEM,1597,69946,34,2783,72763,112388,1597,No
2018,22,QUERÉTARO,12,EL MARQUÉS,ES,893,69946,34,2783,72763,112388,893,No
2018,22,QUERÉTARO,12,EL MARQUÉS,MORENA,12128,69946,34,2783,72763,112388,12128,No
2018,22,QUERÉTARO,12,EL MARQUÉS,PT,1065,69946,34,2783,72763,112388,1065,No
2018,22,QUERÉTARO,12,EL MARQUÉS,CQ,1043,69946,34,2783,72763,112388,1043,No
2018,22,QUERÉTARO,12,EL MARQUÉS,QI,1447,69946,34,2783,72763,112388,1447,No
2018,22,QUERÉTARO,12,EL MARQUÉS,MORENA_PT_ES,394,69946,34,2783,72763,112388,14480,Sí
2018,22,QUERÉTARO,12,EL MARQUÉS,MORENA_PT,78,69946,34,2783,72763,112388,13271,Sí
2018,22,QUERÉTARO,12,EL MARQUÉS,MORENA_ES,109,69946,34,2783,72763,112388,13130,Sí
2018,22,QUERÉTARO,12,EL MARQUÉS,PT_ES,66,69946,34,2783,72763,112388,2024,Sí
2018,22,QUERÉTARO,12,EL MARQUÉS,PRI_PVEM,701,69946,34,2783,72763,112388,20036,Sí
2018,22,QUERÉTARO,12,EL MARQUÉS,Candidatura Independiente,4417,69946,34,2783,72763,112388,4417,No
2018,22,QUERÉTARO,13,QUERÉTARO,PAN,24184,63237,62,2602,65901,119121,24184,No
2018,22,QUERÉTARO,13,QUERÉTARO,PRI,9746,63237,62,2602,65901,119121,9746,No
2018,22,QUERÉTARO,13,QUERÉTARO,PRD,1100,63237,62,2602,65901,119121,1100,No
2018,22,QUERÉTARO,13,QUERÉTARO,MC,1244,63237,62,2602,65901,119121,1244,No
2018,22,QUERÉTARO,13,QUERÉTARO,NUAL,616,63237,62,2602,65901,119121,616,No
2018,22,QUERÉTARO,13,QUERÉTARO,PVEM,1719,63237,62,2602,65901,119121,1719,No
2018,22,QUERÉTARO,13,QUERÉTARO,ES,1219,63237,62,2602,65901,119121,1219,No
2018,22,QUERÉTARO,13,QUERÉTARO,MORENA,15595,63237,62,2602,65901,119121,15595,No
2018,22,QUERÉTARO,13,QUERÉTARO,PT,1539,63237,62,2602,65901,119121,1539,No
2018,22,QUERÉTARO,13,QUERÉTARO,CQ,554,63237,62,2602,65901,119121,554,No
2018,22,QUERÉTARO,13,QUERÉTARO,QI,1185,63237,62,2602,65901,119121,1185,No
2018,22,QUERÉTARO,13,QUERÉTARO,MORENA_PT_ES,496,63237,62,2602,65901,119121,18849,Sí
2018,22,QUERÉTARO,13,QUERÉTARO,MORENA_PT,145,63237,62,2602,65901,119121,17279,Sí
2018,22,QUERÉTARO,13,QUERÉTARO,MORENA_ES,146,63237,62,2602,65901,119121,16960,Sí
2018,22,QUERÉTARO,13,QUERÉTARO,PT_ES,34,63237,62,2602,65901,119121,2792,Sí
2018,22,QUERÉTARO,13,QUERÉTARO,PRI_PVEM,343,63237,62,2602,65901,119121,11808,Sí
2018,22,QUERÉTARO,13,QUERÉTARO,C_COMUN_PAN_PRD,361,63237,62,2602,65901,119121,25645,Sí
2018,22,QUERÉTARO,13,QUERÉTARO,Candidatura Independiente,3011,63237,62,2602,65901,119121,3011,No
2018,22,QUERÉTARO,14,CADEREYTA DE MONTES,PAN,20935,60529,39,3995,64563,100111,20935,No
2018,22,QUERÉTARO,14,CADEREYTA DE MONTES,PRI,11348,60529,39,3995,64563,100111,11348,No
2018,22,QUERÉTARO,14,CADEREYTA DE MONTES,PRD,1512,60529,39,3995,64563,100111,1512,No
2018,22,QUERÉTARO,14,CADEREYTA DE MONTES,MC,1236,60529,39,3995,64563,100111,1236,No
2018,22,QUERÉTARO,14,CADEREYTA DE MONTES,NUAL,2369,60529,39,3995,64563,100111,2369,No
2018,22,QUERÉTARO,14,CADEREYTA DE MONTES,PVEM,3073,60529,39,3995,64563,100111,3073,No
2018,22,QUERÉTARO,14,CADEREYTA DE MONTES,ES,1088,60529,39,3995,64563,100111,1088,No
2018,22,QUERÉTARO,14,CADEREYTA DE MONTES,MORENA,11721,60529,39,3995,64563,100111,11721,No
2018,22,QUERÉTARO,14,CADEREYTA DE MONTES,PT,2134,60529,39,3995,64563,100111,2134,No
2018,22,QUERÉTARO,14,CADEREYTA DE MONTES,CQ,1236,60529,39,3995,64563,100111,1236,No
2018,22,QUERÉTARO,14,CADEREYTA DE MONTES,QI,2056,60529,39,3995,64563,100111,2056,No
2018,22,QUERÉTARO,14,CADEREYTA DE MONTES,MORENA_PT_ES,413,60529,39,3995,64563,100111,15356,Sí
2018,22,QUERÉTARO,14,CADEREYTA DE MONTES,MORENA_PT,127,60529,39,3995,64563,100111,13982,Sí
2018,22,QUERÉTARO,14,CADEREYTA DE MONTES,MORENA_ES,137,60529,39,3995,64563,100111,12946,Sí
2018,22,QUERÉTARO,14,CADEREYTA DE MONTES,PT_ES,53,60529,39,3995,64563,100111,3275,Sí
2018,22,QUERÉTARO,14,CADEREYTA DE MONTES,PRI_PVEM,512,60529,39,3995,64563,100111,14933,Sí
2018,22,QUERÉTARO,14,CADEREYTA DE MONTES,C_COMUN_PAN_PRD,579,60529,39,3995,64563,100111,23026,Sí
2018,22,QUERÉTARO,15,JALPAN DE SERRA,PAN,14897,54804,16,4068,58888,87566,14897,No
2018,22,QUERÉTARO,15,JALPAN DE SERRA,PRI,20767,54804,16,4068,58888,87566,20767,No
2018,22,QUERÉTARO,15,JALPAN DE SERRA,PRD,2004,54804,16,4068,58888,87566,2004,No
2018,22,QUERÉTARO,15,JALPAN DE SERRA,MC,1174,54804,16,4068,58888,87566,1174,No
2018,22,QUERÉTARO,15,JALPAN DE SERRA,NUAL,4785,54804,16,4068,58888,87566,4785,No
2018,22,QUERÉTARO,15,JALPAN DE SERRA,PVEM,550,54804,16,4068,58888,87566,550,No
2018,22,QUERÉTARO,15,JALPAN DE SERRA,ES,625,54804,16,4068,58888,87566,625,No
2018,22,QUERÉTARO,15,JALPAN DE SERRA,MORENA,6326,54804,16,4068,58888,87566,6326,No
2018,22,QUERÉTARO,15,JALPAN DE SERRA,PT,1409,54804,16,4068,58888,87566,1409,No
2018,22,QUERÉTARO,15,JALPAN DE SERRA,CQ,1024,54804,16,4068,58888,87566,1024,No
2018,22,QUERÉTARO,15,JALPAN DE SERRA,QI,675,54804,16,4068,58888,87566,675,No
2018,22,QUERÉTARO,15,JALPAN DE SERRA,C_COMUN_PAN_PRD_MC,266,54804,16,4068,58888,87566,18341,Sí
2018,22,QUERÉTARO,15,JALPAN DE SERRA,PAN_PRD,230,54804,16,4068,58888,87566,17131,Sí
2018,22,QUERÉTARO,15,JALPAN DE SERRA,PAN_MC,53,54804,16,4068,58888,87566,16124,Sí
2018,22,QUERÉTARO,15,JALPAN DE SERRA,PRD_MC,19,54804,16,4068,58888,87566,3197,Sí
2018,22,QUERÉTARO,2,QUERÉTARO,PAN,19040,63854,93,2703,66650,112569,19040,No
2018,22,QUERÉTARO,2,QUERÉTARO,PRI,7520,63854,93,2703,66650,112569,7520,No
2018,22,QUERÉTARO,2,QUERÉTARO,PRD,1118,63854,93,2703,66650,112569,1118,No
2018,22,QUERÉTARO,2,QUERÉTARO,MC,943,63854,93,2703,66650,112569,943,No
2018,22,QUERÉTARO,2,QUERÉTARO,NUAL,1025,63854,93,2703,66650,112569,1025,No
2018,22,QUERÉTARO,2,QUERÉTARO,PVEM,2471,63854,93,2703,66650,112569,2471,No
2018,22,QUERÉTARO,2,QUERÉTARO,ES,1079,63854,93,2703,66650,112569,1079,No
2018,22,QUERÉTARO,2,QUERÉTARO,MORENA,20142,63854,93,2703,66650,112569,20142,No
2018,22,QUERÉTARO,2,QUERÉTARO,PT,1264,63854,93,2703,66650,112569,1264,No
2018,22,QUERÉTARO,2,QUERÉTARO,CQ,2341,63854,93,2703,66650,112569,2341,No
2018,22,QUERÉTARO,2,QUERÉTARO,QI,5156,63854,93,2703,66650,112569,5156,No
2018,22,QUERÉTARO,2,QUERÉTARO,MORENA_PT_ES,810,63854,93,2703,66650,112569,23295,Sí
2018,22,QUERÉTARO,2,QUERÉTARO,MORENA_PT,133,63854,93,2703,66650,112569,21539,Sí
2018,22,QUERÉTARO,2,QUERÉTARO,MORENA_ES,140,63854,93,2703,66650,112569,21361,Sí
2018,22,QUERÉTARO,2,QUERÉTARO,PT_ES,54,63854,93,2703,66650,112569,2397,Sí
2018,22,QUERÉTARO,2,QUERÉTARO,PRI_PVEM,252,63854,93,2703,66650,112569,10243,Sí
2018,22,QUERÉTARO,2,QUERÉTARO,C_COMUN_PAN_PRD,366,63854,93,2703,66650,112569,20524,Sí
2018,22,QUERÉTARO,3,QUERÉTARO,PAN,18327,58278,89,2113,60480,102541,18327,No
2018,22,QUERÉTARO,3,QUERÉTARO,PRI,5997,58278,89,2113,60480,102541,5997,No
2018,22,QUERÉTARO,3,QUERÉTARO,PRD,905,58278,89,2113,60480,102541,905,No
2018,22,QUERÉTARO,3,QUERÉTARO,MC,1085,58278,89,2113,60480,102541,1085,No
2018,22,QUERÉTARO,3,QUERÉTARO,NUAL,1018,58278,89,2113,60480,102541,1018,No
2018,22,QUERÉTARO,3,QUERÉTARO,PVEM,1532,58278,89,2113,60480,102541,1532,No
2018,22,QUERÉTARO,3,QUERÉTARO,ES,1230,58278,89,2113,60480,102541,1230,No
2018,22,QUERÉTARO,3,QUERÉTARO,MORENA,19752,58278,89,2113,60480,102541,19752,No
2018,22,QUERÉTARO,3,QUERÉTARO,PT,1218,58278,89,2113,60480,102541,1218,No
2018,22,QUERÉTARO,3,QUERÉTARO,CQ,1353,58278,89,2113,60480,102541,1353,No
2018,22,QUERÉTARO,3,QUERÉTARO,QI,3843,58278,89,2113,60480,102541,3843,No
2018,22,QUERÉTARO,3,QUERÉTARO,MORENA_PT_ES,735,58278,89,2113,60480,102541,22935,Sí
2018,22,QUERÉTARO,3,QUERÉTARO,MORENA_PT,137,58278,89,2113,60480,102541,21107,Sí
2018,22,QUERÉTARO,3,QUERÉTARO,MORENA_ES,186,58278,89,2113,60480,102541,21168,Sí
2018,22,QUERÉTARO,3,QUERÉTARO,PT_ES,32,58278,89,2113,60480,102541,2480,Sí
2018,22,QUERÉTARO,3,QUERÉTARO,PRI_PVEM,207,58278,89,2113,60480,102541,7736,Sí
2018,22,QUERÉTARO,3,QUERÉTARO,C_COMUN_PAN_PRD_MC,532,58278,89,2113,60480,102541,20849,Sí
2018,22,QUERÉTARO,3,QUERÉTARO,PAN_PRD,96,58278,89,2113,60480,102541,19328,Sí
2018,22,QUERÉTARO,3,QUERÉTARO,PAN_MC,71,58278,89,2113,60480,102541,19483,Sí
2018,22,QUERÉTARO,3,QUERÉTARO,PRD_MC,22,58278,89,2113,60480,102541,2012,Sí
2018,22,QUERÉTARO,4,QUERÉTARO,PAN,28103,63916,99,2624,66639,109805,28103,No
2018,22,QUERÉTARO,4,QUERÉTARO,PRI,6197,63916,99,2624,66639,109805,6197,No
2018,22,QUERÉTARO,4,QUERÉTARO,PRD,1413,63916,99,2624,66639,109805,1413,No
2018,22,QUERÉTARO,4,QUERÉTARO,MC,1523,63916,99,2624,66639,109805,1523,No
2018,22,QUERÉTARO,4,QUERÉTARO,NUAL,1378,63916,99,2624,66639,109805,1378,No
2018,22,QUERÉTARO,4,QUERÉTARO,PVEM,1326,63916,99,2624,66639,109805,1326,No
2018,22,QUERÉTARO,4,QUERÉTARO,ES,931,63916,99,2624,66639,109805,931,No
2018,22,QUERÉTARO,4,QUERÉTARO,MORENA,16381,63916,99,2624,66639,109805,16381,No
2018,22,QUERÉTARO,4,QUERÉTARO,PT,907,63916,99,2624,66639,109805,907,No
2018,22,QUERÉTARO,4,QUERÉTARO,CQ,1119,63916,99,2624,66639,109805,1119,No
2018,22,QUERÉTARO,4,QUERÉTARO,QI,3015,63916,99,2624,66639,109805,3015,No
2018,22,QUERÉTARO,4,QUERÉTARO,MORENA_PT_ES,537,63916,99,2624,66639,109805,18756,Sí
2018,22,QUERÉTARO,4,QUERÉTARO,MORENA_PT,107,63916,99,2624,66639,109805,17395,Sí
2018,22,QUERÉTARO,4,QUERÉTARO,MORENA_ES,142,63916,99,2624,66639,109805,17454,Sí
2018,22,QUERÉTARO,4,QUERÉTARO,PT_ES,48,63916,99,2624,66639,109805,1886,Sí
2018,22,QUERÉTARO,4,QUERÉTARO,PRI_PVEM,179,63916,99,2624,66639,109805,7702,Sí
2018,22,QUERÉTARO,4,QUERÉTARO,C_COMUN_PAN_PRD,610,63916,99,2624,66639,109805,30126,Sí
2018,22,QUERÉTARO,5,QUERÉTARO,PAN,25851,70974,55,3002,74031,113327,25851,No
2018,22,QUERÉTARO,5,QUERÉTARO,PRI,10075,70974,55,3002,74031,113327,10075,No
2018,22,QUERÉTARO,5,QUERÉTARO,PRD,1033,70974,55,3002,74031,113327,1033,No
2018,22,QUERÉTARO,5,QUERÉTARO,MC,1883,70974,55,3002,74031,113327,1883,No
2018,22,QUERÉTARO,5,QUERÉTARO,NUAL,1366,70974,55,3002,74031,113327,1366,No
2018,22,QUERÉTARO,5,QUERÉTARO,PVEM,2274,70974,55,3002,74031,113327,2274,No
2018,22,QUERÉTARO,5,QUERÉTARO,ES,1046,70974,55,3002,74031,113327,1046,No
2018,22,QUERÉTARO,5,QUERÉTARO,MORENA,17360,70974,55,3002,74031,113327,17360,No
2018,22,QUERÉTARO,5,QUERÉTARO,PT,1308,70974,55,3002,74031,113327,1308,No
2018,22,QUERÉTARO,5,QUERÉTARO,CQ,680,70974,55,3002,74031,113327,680,No
2018,22,QUERÉTARO,5,QUERÉTARO,QI,3476,70974,55,3002,74031,113327,3476,No
2018,22,QUERÉTARO,5,QUERÉTARO,MORENA_PT_ES,598,70974,55,3002,74031,113327,20312,Sí
2018,22,QUERÉTARO,5,QUERÉTARO,MORENA_PT,142,70974,55,3002,74031,113327,18810,Sí
2018,22,QUERÉTARO,5,QUERÉTARO,MORENA_ES,126,70974,55,3002,74031,113327,18532,Sí
2018,22,QUERÉTARO,5,QUERÉTARO,PT_ES,35,70974,55,3002,74031,113327,2389,Sí
2018,22,QUERÉTARO,5,QUERÉTARO,PRI_PVEM,281,70974,55,3002,74031,113327,12630,Sí
2018,22,QUERÉTARO,5,QUERÉTARO,C_COMUN_PAN_PRD,395,70974,55,3002,74031,113327,27279,Sí
2018,22,QUERÉTARO,5,QUERÉTARO,Candidatura Independiente,3045,70974,55,3002,74031,113327,3045,No
2018,22,QUERÉTARO,6,QUERÉTARO,PAN,26173,72020,76,3104,75200,117394,26173,No
2018,22,QUERÉTARO,6,QUERÉTARO,PRI,9069,72020,76,3104,75200,117394,9069,No
2018,22,QUERÉTARO,6,QUERÉTARO,PRD,866,72020,76,3104,75200,117394,866,No
2018,22,QUERÉTARO,6,QUERÉTARO,MC,1474,72020,76,3104,75200,117394,1474,No
2018,22,QUERÉTARO,6,QUERÉTARO,NUAL,1406,72020,76,3104,75200,117394,1406,No
2018,22,QUERÉTARO,6,QUERÉTARO,PVEM,2895,72020,76,3104,75200,117394,2895,No
2018,22,QUERÉTARO,6,QUERÉTARO,ES,1647,72020,76,3104,75200,117394,1647,No
2018,22,QUERÉTARO,6,QUERÉTARO,MORENA,16964,72020,76,3104,75200,117394,16964,No
2018,22,QUERÉTARO,6,QUERÉTARO,PT,1926,72020,76,3104,75200,117394,1926,No
2018,22,QUERÉTARO,6,QUERÉTARO,CQ,939,72020,76,3104,75200,117394,939,No
2018,22,QUERÉTARO,6,QUERÉTARO,QI,3715,72020,76,3104,75200,117394,3715,No
2018,22,QUERÉTARO,6,QUERÉTARO,MORENA_PT_ES,725,72020,76,3104,75200,117394,21262,Sí
2018,22,QUERÉTARO,6,QUERÉTARO,MORENA_PT,219,72020,76,3104,75200,117394,19109,Sí
2018,22,QUERÉTARO,6,QUERÉTARO,MORENA_ES,162,72020,76,3104,75200,117394,18773,Sí
2018,22,QUERÉTARO,6,QUERÉTARO,PT_ES,54,72020,76,3104,75200,117394,3627,Sí
2018,22,QUERÉTARO,6,QUERÉTARO,PRI_PVEM,408,72020,76,3104,75200,117394,12372,Sí
2018,22,QUERÉTARO,6,QUERÉTARO,C_COMUN_PAN_PRD,396,72020,76,3104,75200,117394,27435,Sí
2018,22,QUERÉTARO,6,QUERÉTARO,Candidatura Independiente,2982,72020,76,3104,75200,117394,2982,No
2018,22,QUERÉTARO,7,CORREGIDORA,PAN,25743,62104,48,3391,65543,104811,25743,No
2018,22,QUERÉTARO,7,CORREGIDORA,PRI,10031,62104,48,3391,65543,104811,10031,No
2018,22,QUERÉTARO,7,CORREGIDORA,PRD,1275,62104,48,3391,65543,104811,1275,No
2018,22,QUERÉTARO,7,CORREGIDORA,MC,1130,62104,48,3391,65543,104811,1130,No
2018,22,QUERÉTARO,7,CORREGIDORA,NUAL,2288,62104,48,3391,65543,104811,2288,No
2018,22,QUERÉTARO,7,CORREGIDORA,PVEM,2949,62104,48,3391,65543,104811,2949,No
2018,22,QUERÉTARO,7,CORREGIDORA,ES,925,62104,48,3391,65543,104811,925,No
2018,22,QUERÉTARO,7,CORREGIDORA,MORENA,10747,62104,48,3391,65543,104811,10747,No
2018,22,QUERÉTARO,7,CORREGIDORA,PT,1327,62104,48,3391,65543,104811,1327,No
2018,22,QUERÉTARO,7,CORREGIDORA,CQ,798,62104,48,3391,65543,104811,798,No
2018,22,QUERÉTARO,7,CORREGIDORA,QI,1967,62104,48,3391,65543,104811,1967,No
2018,22,QUERÉTARO,7,CORREGIDORA,MORENA_PT_ES,386,62104,48,3391,65543,104811,13385,Sí
2018,22,QUERÉTARO,7,CORREGIDORA,MORENA_PT,106,62104,48,3391,65543,104811,12180,Sí
2018,22,QUERÉTARO,7,CORREGIDORA,MORENA_ES,93,62104,48,3391,65543,104811,11765,Sí
2018,22,QUERÉTARO,7,CORREGIDORA,PT_ES,49,62104,48,3391,65543,104811,2301,Sí
2018,22,QUERÉTARO,7,CORREGIDORA,PRI_PVEM,432,62104,48,3391,65543,104811,13412,Sí
2018,22,QUERÉTARO,7,CORREGIDORA,Candidatura Independiente,1858,62104,48,3391,65543,104811,1858,No
2018,22,QUERÉTARO,8,SAN JUAN DEL RÍO,PAN,24995,61280,49,3332,64661,96694,24995,No
2018,22,QUERÉTARO,8,SAN JUAN DEL RÍO,PRI,15945,61280,49,3332,64661,96694,15945,No
2018,22,QUERÉTARO,8,SAN JUAN DEL RÍO,PRD,896,61280,49,3332,64661,96694,896,No
2018,22,QUERÉTARO,8,SAN JUAN DEL RÍO,MC,828,61280,49,3332,64661,96694,828,No
2018,22,QUERÉTARO,8,SAN JUAN DEL RÍO,NUAL,1043,61280,49,3332,64661,96694,1043,No
2018,22,QUERÉTARO,8,SAN JUAN DEL RÍO,PVEM,1985,61280,49,3332,64661,96694,1985,No
2018,22,QUERÉTARO,8,SAN JUAN DEL RÍO,ES,796,61280,49,3332,64661,96694,796,No
2018,22,QUERÉTARO,8,SAN JUAN DEL RÍO,MORENA,9734,61280,49,3332,64661,96694,9734,No
2018,22,QUERÉTARO,8,SAN JUAN DEL RÍO,PT,889,61280,49,3332,64661,96694,889,No
2018,22,QUERÉTARO,8,SAN JUAN DEL RÍO,CQ,466,61280,49,3332,64661,96694,466,No
2018,22,QUERÉTARO,8,SAN JUAN DEL RÍO,QI,1986,61280,49,3332,64661,96694,1986,No
2018,22,QUERÉTARO,8,SAN JUAN DEL RÍO,MORENA_PT_ES,422,61280,49,3332,64661,96694,11841,Sí
2018,22,QUERÉTARO,8,SAN JUAN DEL RÍO,MORENA_PT,138,61280,49,3332,64661,96694,10761,Sí
2018,22,QUERÉTARO,8,SAN JUAN DEL RÍO,MORENA_ES,111,61280,49,3332,64661,96694,10641,Sí
2018,22,QUERÉTARO,8,SAN JUAN DEL RÍO,PT_ES,62,61280,49,3332,64661,96694,1747,Sí
2018,22,QUERÉTARO,8,SAN JUAN DEL RÍO,PRI_PVEM,984,61280,49,3332,64661,96694,18914,Sí
2018,22,QUERÉTARO,9,SAN JUAN DEL RÍO,PAN,21400,61471,74,2229,63774,104113,21400,No
2018,22,QUERÉTARO,9,SAN JUAN DEL RÍO,PRI,8057,61471,74,2229,63774,104113,8057,No
2018,22,QUERÉTARO,9,SAN JUAN DEL RÍO,PRD,745,61471,74,2229,63774,104113,745,No
2018,22,QUERÉTARO,9,SAN JUAN DEL RÍO,MC,1054,61471,74,2229,63774,104113,1054,No
2018,22,QUERÉTARO,9,SAN JUAN DEL RÍO,NUAL,1809,61471,74,2229,63774,104113,1809,No
2018,22,QUERÉTARO,9,SAN JUAN DEL RÍO,PVEM,2028,61471,74,2229,63774,104113,2028,No
2018,22,QUERÉTARO,9,SAN JUAN DEL RÍO,ES,939,61471,74,2229,63774,104113,939,No
2018,22,QUERÉTARO,9,SAN JUAN DEL RÍO,MORENA,16820,61471,74,2229,63774,104113,16820,No
2018,22,QUERÉTARO,9,SAN JUAN DEL RÍO,PT,1152,61471,74,2229,63774,104113,1152,No
2018,22,QUERÉTARO,9,SAN JUAN DEL RÍO,CQ,1023,61471,74,2229,63774,104113,1023,No
2018,22,QUERÉTARO,9,SAN JUAN DEL RÍO,QI,1911,61471,74,2229,63774,104113,1911,No
2018,22,QUERÉTARO,9,SAN JUAN DEL RÍO,MORENA_PT_ES,773,61471,74,2229,63774,104113,19684,Sí
2018,22,QUERÉTARO,9,SAN JUAN DEL RÍO,MORENA_PT,145,61471,74,2229,63774,104113,18117,Sí
2018,22,QUERÉTARO,9,SAN JUAN DEL RÍO,MORENA_ES,157,61471,74,2229,63774,104113,17916,Sí
2018,22,QUERÉTARO,9,SAN JUAN DEL RÍO,PT_ES,28,61471,74,2229,63774,104113,2119,Sí
2018,22,QUERÉTARO,9,SAN JUAN DEL RÍO,PRI_PVEM,296,61471,74,2229,63774,104113,10381,Sí
2018,22,QUERÉTARO,9,SAN JUAN DEL RÍO,Candidatura Independiente,3134,61471,74,2229,63774,104113,3134,No
2018,24,SAN LUIS POTOSI,1,MATEHUALA,PRD,6882,76157,45,6603,82805,134045,6882,No
2018,24,SAN LUIS POTOSI,1,MATEHUALA,PT,4511,76157,45,6603,82805,134045,4511,No
2018,24,SAN LUIS POTOSI,1,MATEHUALA,PVEM,10254,76157,45,6603,82805,134045,10254,No
2018,24,SAN LUIS POTOSI,1,MATEHUALA,CP,3059,76157,45,6603,82805,134045,3059,No
2018,24,SAN LUIS POTOSI,1,MATEHUALA,MORENA,16660,76157,45,6603,82805,134045,16660,No
2018,24,SAN LUIS POTOSI,1,MATEHUALA,ES,1291,76157,45,6603,82805,134045,1291,No
2018,24,SAN LUIS POTOSI,1,MATEHUALA,PAN_MC,15769,76157,45,6603,82805,134045,15769,Sí
2018,24,SAN LUIS POTOSI,1,MATEHUALA,PRI_NUAL,16853,76157,45,6603,82805,134045,16853,Sí
2018,24,SAN LUIS POTOSI,1,MATEHUALA,PT_MORENA_ES,437,76157,45,6603,82805,134045,22899,Sí
2018,24,SAN LUIS POTOSI,1,MATEHUALA,PT_MORENA,220,76157,45,6603,82805,134045,21391,Sí
2018,24,SAN LUIS POTOSI,1,MATEHUALA,PT_ES,42,76157,45,6603,82805,134045,5844,Sí
2018,24,SAN LUIS POTOSI,1,MATEHUALA,MORENA_ES,179,76157,45,6603,82805,134045,18130,Sí
2018,24,SAN LUIS POTOSI,10,RIOVERDE,PRD,7560,76691,76,5751,82518,141471,7560,No
2018,24,SAN LUIS POTOSI,10,RIOVERDE,PT,3677,76691,76,5751,82518,141471,3677,No
2018,24,SAN LUIS POTOSI,10,RIOVERDE,PVEM,5157,76691,76,5751,82518,141471,5157,No
2018,24,SAN LUIS POTOSI,10,RIOVERDE,MORENA,14663,76691,76,5751,82518,141471,14663,No
2018,24,SAN LUIS POTOSI,10,RIOVERDE,ES,1123,76691,76,5751,82518,141471,1123,No
2018,24,SAN LUIS POTOSI,10,RIOVERDE,PAN_MC,23006,76691,76,5751,82518,141471,23006,Sí
2018,24,SAN LUIS POTOSI,10,RIOVERDE,PRI_NUAL_CP,20307,76691,76,5751,82518,141471,20307,Sí
2018,24,SAN LUIS POTOSI,10,RIOVERDE,PT_MORENA_ES,545,76691,76,5751,82518,141471,20008,Sí
2018,24,SAN LUIS POTOSI,10,RIOVERDE,PT_MORENA,388,76691,76,5751,82518,141471,18728,Sí
2018,24,SAN LUIS POTOSI,10,RIOVERDE,PT_ES,116,76691,76,5751,82518,141471,4916,Sí
2018,24,SAN LUIS POTOSI,10,RIOVERDE,MORENA_ES,149,76691,76,5751,82518,141471,15935,Sí
2018,24,SAN LUIS POTOSI,11,CARDENAS,PRD,5042,77578,13,9399,86990,131194,5042,No
2018,24,SAN LUIS POTOSI,11,CARDENAS,PT,5819,77578,13,9399,86990,131194,5819,No
2018,24,SAN LUIS POTOSI,11,CARDENAS,CP,5087,77578,13,9399,86990,131194,5087,No
2018,24,SAN LUIS POTOSI,11,CARDENAS,NUAL,7155,77578,13,9399,86990,131194,7155,No
2018,24,SAN LUIS POTOSI,11,CARDENAS,MORENA,9024,77578,13,9399,86990,131194,9024,No
2018,24,SAN LUIS POTOSI,11,CARDENAS,ES,894,77578,13,9399,86990,131194,894,No
2018,24,SAN LUIS POTOSI,11,CARDENAS,PAN_MC,20017,77578,13,9399,86990,131194,20017,Sí
2018,24,SAN LUIS POTOSI,11,CARDENAS,PRI_PVEM,23402,77578,13,9399,86990,131194,23402,Sí
2018,24,SAN LUIS POTOSI,11,CARDENAS,PT_MORENA_ES,585,77578,13,9399,86990,131194,16322,Sí
2018,24,SAN LUIS POTOSI,11,CARDENAS,PT_MORENA,274,77578,13,9399,86990,131194,15117,Sí
2018,24,SAN LUIS POTOSI,11,CARDENAS,PT_ES,78,77578,13,9399,86990,131194,6791,Sí
2018,24,SAN LUIS POTOSI,11,CARDENAS,MORENA_ES,201,77578,13,9399,86990,131194,10119,Sí
2018,24,SAN LUIS POTOSI,12,CIUDAD VALLES,PRD,9962,73820,49,4531,78400,126191,9962,No
2018,24,SAN LUIS POTOSI,12,CIUDAD VALLES,PT,1710,73820,49,4531,78400,126191,1710,No
2018,24,SAN LUIS POTOSI,12,CIUDAD VALLES,NUAL,4647,73820,49,4531,78400,126191,4647,No
2018,24,SAN LUIS POTOSI,12,CIUDAD VALLES,MORENA,21854,73820,49,4531,78400,126191,21854,No
2018,24,SAN LUIS POTOSI,12,CIUDAD VALLES,ES,3473,73820,49,4531,78400,126191,3473,No
2018,24,SAN LUIS POTOSI,12,CIUDAD VALLES,PAN_MC,15020,73820,49,4531,78400,126191,15020,Sí
2018,24,SAN LUIS POTOSI,12,CIUDAD VALLES,PRI_PVEM_CP,17154,73820,49,4531,78400,126191,17154,Sí
2018,24,SAN LUIS POTOSI,13,TAMUIN,PRD,9395,77342,13,6299,83654,118344,9395,No
2018,24,SAN LUIS POTOSI,13,TAMUIN,PT,3521,77342,13,6299,83654,118344,3521,No
2018,24,SAN LUIS POTOSI,13,TAMUIN,NUAL,10870,77342,13,6299,83654,118344,10870,No
2018,24,SAN LUIS POTOSI,13,TAMUIN,MORENA,15138,77342,13,6299,83654,118344,15138,No
2018,24,SAN LUIS POTOSI,13,TAMUIN,ES,1872,77342,13,6299,83654,118344,1872,No
2018,24,SAN LUIS POTOSI,13,TAMUIN,PAN_MC,19888,77342,13,6299,83654,118344,19888,Sí
2018,24,SAN LUIS POTOSI,13,TAMUIN,PRI_PVEM_CP,15478,77342,13,6299,83654,118344,15478,Sí
2018,24,SAN LUIS POTOSI,13,TAMUIN,PT_MORENA_ES,632,77342,13,6299,83654,118344,21163,Sí
2018,24,SAN LUIS POTOSI,13,TAMUIN,PT_MORENA,272,77342,13,6299,83654,118344,18931,Sí
2018,24,SAN LUIS POTOSI,13,TAMUIN,PT_ES,64,77342,13,6299,83654,118344,5457,Sí
2018,24,SAN LUIS POTOSI,13,TAMUIN,MORENA_ES,212,77342,13,6299,83654,118344,17222,Sí
2018,24,SAN LUIS POTOSI,14,TANCANHUITZ,PRD,7775,76686,13,8428,85127,114870,7775,No
2018,24,SAN LUIS POTOSI,14,TANCANHUITZ,PT,2957,76686,13,8428,85127,114870,2957,No
2018,24,SAN LUIS POTOSI,14,TANCANHUITZ,CP,1086,76686,13,8428,85127,114870,1086,No
2018,24,SAN LUIS POTOSI,14,TANCANHUITZ,MORENA,10374,76686,13,8428,85127,114870,10374,No
2018,24,SAN LUIS POTOSI,14,TANCANHUITZ,ES,1158,76686,13,8428,85127,114870,1158,No
2018,24,SAN LUIS POTOSI,14,TANCANHUITZ,PAN_MC,25513,76686,13,8428,85127,114870,25513,Sí
2018,24,SAN LUIS POTOSI,14,TANCANHUITZ,PRI_PVEM_NUAL,27218,76686,13,8428,85127,114870,27218,Sí
2018,24,SAN LUIS POTOSI,14,TANCANHUITZ,PT_MORENA_ES,333,76686,13,8428,85127,114870,14822,Sí
2018,24,SAN LUIS POTOSI,14,TANCANHUITZ,PT_MORENA,104,76686,13,8428,85127,114870,13435,Sí
2018,24,SAN LUIS POTOSI,14,TANCANHUITZ,PT_ES,44,76686,13,8428,85127,114870,4159,Sí
2018,24,SAN LUIS POTOSI,14,TANCANHUITZ,MORENA_ES,124,76686,13,8428,85127,114870,11656,Sí
2018,24,SAN LUIS POTOSI,15,TAMAZUNCHALE,PRD,7765,69466,2,8073,77541,115871,7765,No
2018,24,SAN LUIS POTOSI,15,TAMAZUNCHALE,PT,2849,69466,2,8073,77541,115871,2849,No
2018,24,SAN LUIS POTOSI,15,TAMAZUNCHALE,CP,7236,69466,2,8073,77541,115871,7236,No
2018,24,SAN LUIS POTOSI,15,TAMAZUNCHALE,MORENA,13696,69466,2,8073,77541,115871,13696,No
2018,24,SAN LUIS POTOSI,15,TAMAZUNCHALE,ES,1076,69466,2,8073,77541,115871,1076,No
2018,24,SAN LUIS POTOSI,15,TAMAZUNCHALE,PAN_MC,19122,69466,2,8073,77541,115871,19122,Sí
2018,24,SAN LUIS POTOSI,15,TAMAZUNCHALE,PRI_PVEM_NUAL,16922,69466,2,8073,77541,115871,16922,Sí
2018,24,SAN LUIS POTOSI,15,TAMAZUNCHALE,PT_MORENA_ES,445,69466,2,8073,77541,115871,18066,Sí
2018,24,SAN LUIS POTOSI,15,TAMAZUNCHALE,PT_MORENA,172,69466,2,8073,77541,115871,16717,Sí
2018,24,SAN LUIS POTOSI,15,TAMAZUNCHALE,PT_ES,39,69466,2,8073,77541,115871,3964,Sí
2018,24,SAN LUIS POTOSI,15,TAMAZUNCHALE,MORENA_ES,144,69466,2,8073,77541,115871,14916,Sí
2018,24,SAN LUIS POTOSI,2,SAN LUIS POTOSI,PRD,12417,80812,98,5073,85983,137886,12417,No
2018,24,SAN LUIS POTOSI,2,SAN LUIS POTOSI,PT,1853,80812,98,5073,85983,137886,1853,No
2018,24,SAN LUIS POTOSI,2,SAN LUIS POTOSI,PVEM,7412,80812,98,5073,85983,137886,7412,No
2018,24,SAN LUIS POTOSI,2,SAN LUIS POTOSI,MORENA,19838,80812,98,5073,85983,137886,19838,No
2018,24,SAN LUIS POTOSI,2,SAN LUIS POTOSI,ES,1552,80812,98,5073,85983,137886,1552,No
2018,24,SAN LUIS POTOSI,2,SAN LUIS POTOSI,PAN_MC,22344,80812,98,5073,85983,137886,22344,Sí
2018,24,SAN LUIS POTOSI,2,SAN LUIS POTOSI,PRI_NUAL_CP,9858,80812,98,5073,85983,137886,9858,Sí
2018,24,SAN LUIS POTOSI,2,SAN LUIS POTOSI,PT_MORENA_ES,444,80812,98,5073,85983,137886,23687,Sí
2018,24,SAN LUIS POTOSI,2,SAN LUIS POTOSI,PT_MORENA,175,80812,98,5073,85983,137886,21866,Sí
2018,24,SAN LUIS POTOSI,2,SAN LUIS POTOSI,PT_ES,38,80812,98,5073,85983,137886,3443,Sí
2018,24,SAN LUIS POTOSI,2,SAN LUIS POTOSI,MORENA_ES,110,80812,98,5073,85983,137886,21500,Sí
2018,24,SAN LUIS POTOSI,2,SAN LUIS POTOSI,Candidatura Independiente,4771,80812,98,5073,85983,137886,4771,No
2018,24,SAN LUIS POTOSI,3,SANTA MARIA DEL RIO,PAN,9869,82397,144,6927,89468,135599,9869,No
2018,24,SAN LUIS POTOSI,3,SANTA MARIA DEL RIO,PRD,16674,82397,144,6927,89468,135599,16674,No
2018,24,SAN LUIS POTOSI,3,SANTA MARIA DEL RIO,PT,2711,82397,144,6927,89468,135599,2711,No
2018,24,SAN LUIS POTOSI,3,SANTA MARIA DEL RIO,CP,6185,82397,144,6927,89468,135599,6185,No
2018,24,SAN LUIS POTOSI,3,SANTA MARIA DEL RIO,MC,3922,82397,144,6927,89468,135599,3922,No
2018,24,SAN LUIS POTOSI,3,SANTA MARIA DEL RIO,MORENA,8722,82397,144,6927,89468,135599,8722,No
2018,24,SAN LUIS POTOSI,3,SANTA MARIA DEL RIO,ES,1362,82397,144,6927,89468,135599,1362,No
2018,24,SAN LUIS POTOSI,3,SANTA MARIA DEL RIO,PRI_PVEM_NUAL,32191,82397,144,6927,89468,135599,32191,Sí
2018,24,SAN LUIS POTOSI,3,SANTA MARIA DEL RIO,PT_MORENA_ES,406,82397,144,6927,89468,135599,13201,Sí
2018,24,SAN LUIS POTOSI,3,SANTA MARIA DEL RIO,PT_MORENA,146,82397,144,6927,89468,135599,11579,Sí
2018,24,SAN LUIS POTOSI,3,SANTA MARIA DEL RIO,PT_ES,63,82397,144,6927,89468,135599,4136,Sí
2018,24,SAN LUIS POTOSI,3,SANTA MARIA DEL RIO,MORENA_ES,146,82397,144,6927,89468,135599,10230,Sí
2018,24,SAN LUIS POTOSI,4,SALINAS,PRD,4411,81930,56,7833,89819,128176,4411,No
2018,24,SAN LUIS POTOSI,4,SALINAS,PT,5067,81930,56,7833,89819,128176,5067,No
2018,24,SAN LUIS POTOSI,4,SALINAS,NUAL,3227,81930,56,7833,89819,128176,3227,No
2018,24,SAN LUIS POTOSI,4,SALINAS,MORENA,9531,81930,56,7833,89819,128176,9531,No
2018,24,SAN LUIS POTOSI,4,SALINAS,ES,956,81930,56,7833,89819,128176,956,No
2018,24,SAN LUIS POTOSI,4,SALINAS,PAN_MC,25403,81930,56,7833,89819,128176,25403,Sí
2018,24,SAN LUIS POTOSI,4,SALINAS,PRI_PVEM_CP,32466,81930,56,7833,89819,128176,32466,Sí
2018,24,SAN LUIS POTOSI,4,SALINAS,PT_MORENA_ES,465,81930,56,7833,89819,128176,16019,Sí
2018,24,SAN LUIS POTOSI,4,SALINAS,PT_MORENA,250,81930,56,7833,89819,128176,14848,Sí
2018,24,SAN LUIS POTOSI,4,SALINAS,PT_ES,52,81930,56,7833,89819,128176,6075,Sí
2018,24,SAN LUIS POTOSI,4,SALINAS,MORENA_ES,102,81930,56,7833,89819,128176,10589,Sí
2018,24,SAN LUIS POTOSI,5,SOLEDAD DE GRACIANO SANCHEZ,PRD,19267,67541,82,4151,71774,138192,19267,No
2018,24,SAN LUIS POTOSI,5,SOLEDAD DE GRACIANO SANCHEZ,PT,3346,67541,82,4151,71774,138192,3346,No
2018,24,SAN LUIS POTOSI,5,SOLEDAD DE GRACIANO SANCHEZ,PVEM,4620,67541,82,4151,71774,138192,4620,No
2018,24,SAN LUIS POTOSI,5,SOLEDAD DE GRACIANO SANCHEZ,NUAL,2161,67541,82,4151,71774,138192,2161,No
2018,24,SAN LUIS POTOSI,5,SOLEDAD DE GRACIANO SANCHEZ,MORENA,19148,67541,82,4151,71774,138192,19148,No
2018,24,SAN LUIS POTOSI,5,SOLEDAD DE GRACIANO SANCHEZ,ES,1578,67541,82,4151,71774,138192,1578,No
2018,24,SAN LUIS POTOSI,5,SOLEDAD DE GRACIANO SANCHEZ,PAN_MC,9873,67541,82,4151,71774,138192,9873,Sí
2018,24,SAN LUIS POTOSI,5,SOLEDAD DE GRACIANO SANCHEZ,PRI_CP,6503,67541,82,4151,71774,138192,6503,Sí
2018,24,SAN LUIS POTOSI,5,SOLEDAD DE GRACIANO SANCHEZ,PT_MORENA_ES,591,67541,82,4151,71774,138192,24663,Sí
2018,24,SAN LUIS POTOSI,5,SOLEDAD DE GRACIANO SANCHEZ,PT_MORENA,199,67541,82,4151,71774,138192,22693,Sí
2018,24,SAN LUIS POTOSI,5,SOLEDAD DE GRACIANO SANCHEZ,PT_ES,46,67541,82,4151,71774,138192,4970,Sí
2018,24,SAN LUIS POTOSI,5,SOLEDAD DE GRACIANO SANCHEZ,MORENA_ES,209,67541,82,4151,71774,138192,20935,Sí
2018,24,SAN LUIS POTOSI,6,SAN LUIS POTOSI,PRI,6349,69912,88,4377,74377,136742,6349,No
2018,24,SAN LUIS POTOSI,6,SAN LUIS POTOSI,PRD,14353,69912,88,4377,74377,136742,14353,No
2018,24,SAN LUIS POTOSI,6,SAN LUIS POTOSI,PT,1595,69912,88,4377,74377,136742,1595,No
2018,24,SAN LUIS POTOSI,6,SAN LUIS POTOSI,PVEM,2015,69912,88,4377,74377,136742,2015,No
2018,24,SAN LUIS POTOSI,6,SAN LUIS POTOSI,CP,1837,69912,88,4377,74377,136742,1837,No
2018,24,SAN LUIS POTOSI,6,SAN LUIS POTOSI,NUAL,3823,69912,88,4377,74377,136742,3823,No
2018,24,SAN LUIS POTOSI,6,SAN LUIS POTOSI,MORENA,14825,69912,88,4377,74377,136742,14825,No
2018,24,SAN LUIS POTOSI,6,SAN LUIS POTOSI,ES,1098,69912,88,4377,74377,136742,1098,No
2018,24,SAN LUIS POTOSI,6,SAN LUIS POTOSI,PAN_MC,19531,69912,88,4377,74377,136742,19531,Sí
2018,24,SAN LUIS POTOSI,6,SAN LUIS POTOSI,PT_MORENA_ES,418,69912,88,4377,74377,136742,17936,Sí
2018,24,SAN LUIS POTOSI,6,SAN LUIS POTOSI,PT_MORENA,117,69912,88,4377,74377,136742,16537,Sí
2018,24,SAN LUIS POTOSI,6,SAN LUIS POTOSI,PT_ES,20,69912,88,4377,74377,136742,2713,Sí
2018,24,SAN LUIS POTOSI,6,SAN LUIS POTOSI,MORENA_ES,182,69912,88,4377,74377,136742,16105,Sí
2018,24,SAN LUIS POTOSI,6,SAN LUIS POTOSI,Candidatura Independiente,3749,69912,88,4377,74377,136742,3749,No
2018,24,SAN LUIS POTOSI,7,SAN LUIS POTOSI,PRI,10614,86602,157,4355,91114,139781,10614,No
2018,24,SAN LUIS POTOSI,7,SAN LUIS POTOSI,PRD,7121,86602,157,4355,91114,139781,7121,No
2018,24,SAN LUIS POTOSI,7,SAN LUIS POTOSI,PT,1744,86602,157,4355,91114,139781,1744,No
2018,24,SAN LUIS POTOSI,7,SAN LUIS POTOSI,PVEM,3631,86602,157,4355,91114,139781,3631,No
2018,24,SAN LUIS POTOSI,7,SAN LUIS POTOSI,CP,1308,86602,157,4355,91114,139781,1308,No
2018,24,SAN LUIS POTOSI,7,SAN LUIS POTOSI,NUAL,3195,86602,157,4355,91114,139781,3195,No
2018,24,SAN LUIS POTOSI,7,SAN LUIS POTOSI,MORENA,15879,86602,157,4355,91114,139781,15879,No
2018,24,SAN LUIS POTOSI,7,SAN LUIS POTOSI,ES,1506,86602,157,4355,91114,139781,1506,No
2018,24,SAN LUIS POTOSI,7,SAN LUIS POTOSI,PAN_MC,41066,86602,157,4355,91114,139781,41066,Sí
2018,24,SAN LUIS POTOSI,7,SAN LUIS POTOSI,PT_MORENA_ES,314,86602,157,4355,91114,139781,19443,Sí
2018,24,SAN LUIS POTOSI,7,SAN LUIS POTOSI,PT_MORENA,100,86602,157,4355,91114,139781,17723,Sí
2018,24,SAN LUIS POTOSI,7,SAN LUIS POTOSI,PT_ES,28,86602,157,4355,91114,139781,3278,Sí
2018,24,SAN LUIS POTOSI,7,SAN LUIS POTOSI,MORENA_ES,96,86602,157,4355,91114,139781,17481,Sí
2018,24,SAN LUIS POTOSI,8,SAN LUIS POTOSI,PRD,12810,69980,122,4896,74998,142670,12810,No
2018,24,SAN LUIS POTOSI,8,SAN LUIS POTOSI,PT,2075,69980,122,4896,74998,142670,2075,No
2018,24,SAN LUIS POTOSI,8,SAN LUIS POTOSI,PVEM,6617,69980,122,4896,74998,142670,6617,No
2018,24,SAN LUIS POTOSI,8,SAN LUIS POTOSI,MORENA,20317,69980,122,4896,74998,142670,20317,No
2018,24,SAN LUIS POTOSI,8,SAN LUIS POTOSI,ES,1661,69980,122,4896,74998,142670,1661,No
2018,24,SAN LUIS POTOSI,8,SAN LUIS POTOSI,PAN_MC,18519,69980,122,4896,74998,142670,18519,Sí
2018,24,SAN LUIS POTOSI,8,SAN LUIS POTOSI,PRI_NUAL_CP,7104,69980,122,4896,74998,142670,7104,Sí
2018,24,SAN LUIS POTOSI,8,SAN LUIS POTOSI,PT_MORENA_ES,512,69980,122,4896,74998,142670,24565,Sí
2018,24,SAN LUIS POTOSI,8,SAN LUIS POTOSI,PT_MORENA,203,69980,122,4896,74998,142670,22595,Sí
2018,24,SAN LUIS POTOSI,8,SAN LUIS POTOSI,PT_ES,26,69980,122,4896,74998,142670,3762,Sí
2018,24,SAN LUIS POTOSI,8,SAN LUIS POTOSI,MORENA_ES,136,69980,122,4896,74998,142670,22114,Sí
2018,24,SAN LUIS POTOSI,9,SOLEDAD DE GRACIANO SANCHEZ,PRD,21313,69459,44,4075,73578,133294,21313,No
2018,24,SAN LUIS POTOSI,9,SOLEDAD DE GRACIANO SANCHEZ,PT,1900,69459,44,4075,73578,133294,1900,No
2018,24,SAN LUIS POTOSI,9,SOLEDAD DE GRACIANO SANCHEZ,PVEM,3990,69459,44,4075,73578,133294,3990,No
2018,24,SAN LUIS POTOSI,9,SOLEDAD DE GRACIANO SANCHEZ,NUAL,4542,69459,44,4075,73578,133294,4542,No
2018,24,SAN LUIS POTOSI,9,SOLEDAD DE GRACIANO SANCHEZ,MORENA,17943,69459,44,4075,73578,133294,17943,No
2018,24,SAN LUIS POTOSI,9,SOLEDAD DE GRACIANO SANCHEZ,ES,1284,69459,44,4075,73578,133294,1284,No
2018,24,SAN LUIS POTOSI,9,SOLEDAD DE GRACIANO SANCHEZ,PAN_MC,10565,69459,44,4075,73578,133294,10565,Sí
2018,24,SAN LUIS POTOSI,9,SOLEDAD DE GRACIANO SANCHEZ,PRI_CP,6628,69459,44,4075,73578,133294,6628,Sí
2018,24,SAN LUIS POTOSI,9,SOLEDAD DE GRACIANO SANCHEZ,PT_MORENA_ES,920,69459,44,4075,73578,133294,22047,Sí
2018,24,SAN LUIS POTOSI,9,SOLEDAD DE GRACIANO SANCHEZ,PT_MORENA,199,69459,44,4075,73578,133294,20042,Sí
2018,24,SAN LUIS POTOSI,9,SOLEDAD DE GRACIANO SANCHEZ,PT_ES,22,69459,44,4075,73578,133294,3206,Sí
2018,24,SAN LUIS POTOSI,9,SOLEDAD DE GRACIANO SANCHEZ,MORENA_ES,153,69459,44,4075,73578,133294,19380,Sí
2018,25,SINALOA,1,EL FUERTE,PAN,7980,60120,13,2340,62473,95228,7980,No
2018,25,SINALOA,1,EL FUERTE,PRI,17361,60120,13,2340,62473,95228,17361,No
2018,25,SINALOA,1,EL FUERTE,PRD,848,60120,13,2340,62473,95228,848,No
2018,25,SINALOA,1,EL FUERTE,PVEM,669,60120,13,2340,62473,95228,669,No
2018,25,SINALOA,1,EL FUERTE,PT,973,60120,13,2340,62473,95228,973,No
2018,25,SINALOA,1,EL FUERTE,MC,1367,60120,13,2340,62473,95228,1367,No
2018,25,SINALOA,1,EL FUERTE,NUAL,1978,60120,13,2340,62473,95228,1978,No
2018,25,SINALOA,1,EL FUERTE,PAS,3890,60120,13,2340,62473,95228,3890,No
2018,25,SINALOA,1,EL FUERTE,MORENA,22162,60120,13,2340,62473,95228,22162,No
2018,25,SINALOA,1,EL FUERTE,ES,693,60120,13,2340,62473,95228,693,No
2018,25,SINALOA,1,EL FUERTE,PAIS,357,60120,13,2340,62473,95228,357,No
2018,25,SINALOA,1,EL FUERTE,PAN_PRD_MC_PAS,45,60120,13,2340,62473,95228,14130,Sí
2018,25,SINALOA,1,EL FUERTE,PAN_PRD_MC,60,60120,13,2340,62473,95228,10255,Sí
2018,25,SINALOA,1,EL FUERTE,PAN_PRD_PAS,37,60120,13,2340,62473,95228,12755,Sí
2018,25,SINALOA,1,EL FUERTE,PAN_MC_PAS,27,60120,13,2340,62473,95228,13264,Sí
2018,25,SINALOA,1,EL FUERTE,PRD_MC_PAS,7,60120,13,2340,62473,95228,6112,Sí
2018,25,SINALOA,1,EL FUERTE,PAN_PRD,49,60120,13,2340,62473,95228,8877,Sí
2018,25,SINALOA,1,EL FUERTE,PAN_MC,36,60120,13,2340,62473,95228,9383,Sí
2018,25,SINALOA,1,EL FUERTE,PAN_PAS,87,60120,13,2340,62473,95228,11957,Sí
2018,25,SINALOA,1,EL FUERTE,PRD_MC,6,60120,13,2340,62473,95228,2221,Sí
2018,25,SINALOA,1,EL FUERTE,PRD_PAS,15,60120,13,2340,62473,95228,4753,Sí
2018,25,SINALOA,1,EL FUERTE,MC_PAS,36,60120,13,2340,62473,95228,5293,Sí
2018,25,SINALOA,1,EL FUERTE,PRI_PVEM_NUAL,282,60120,13,2340,62473,95228,20290,Sí
2018,25,SINALOA,1,EL FUERTE,PRI_PVEM,256,60120,13,2340,62473,95228,18286,Sí
2018,25,SINALOA,1,EL FUERTE,PRI_NUAL,77,60120,13,2340,62473,95228,19416,Sí
2018,25,SINALOA,1,EL FUERTE,PVEM_NUAL,21,60120,13,2340,62473,95228,2668,Sí
2018,25,SINALOA,1,EL FUERTE,PT_MORENA_ES,425,60120,13,2340,62473,95228,24253,Sí
2018,25,SINALOA,1,EL FUERTE,PT_MORENA,154,60120,13,2340,62473,95228,23289,Sí
2018,25,SINALOA,1,EL FUERTE,PT_ES,23,60120,13,2340,62473,95228,1689,Sí
2018,25,SINALOA,1,EL FUERTE,MORENA_ES,199,60120,13,2340,62473,95228,23054,Sí
2018,25,SINALOA,10,MOCORITO,PAN,4129,52367,19,2128,54514,81765,4129,No
2018,25,SINALOA,10,MOCORITO,PRI,18477,52367,19,2128,54514,81765,18477,No
2018,25,SINALOA,10,MOCORITO,PRD,3267,52367,19,2128,54514,81765,3267,No
2018,25,SINALOA,10,MOCORITO,PVEM,915,52367,19,2128,54514,81765,915,No
2018,25,SINALOA,10,MOCORITO,PT,1270,52367,19,2128,54514,81765,1270,No
2018,25,SINALOA,10,MOCORITO,MC,821,52367,19,2128,54514,81765,821,No
2018,25,SINALOA,10,MOCORITO,NUAL,698,52367,19,2128,54514,81765,698,No
2018,25,SINALOA,10,MOCORITO,PAS,7181,52367,19,2128,54514,81765,7181,No
2018,25,SINALOA,10,MOCORITO,MORENA,11631,52367,19,2128,54514,81765,11631,No
2018,25,SINALOA,10,MOCORITO,ES,456,52367,19,2128,54514,81765,456,No
2018,25,SINALOA,10,MOCORITO,PAIS,400,52367,19,2128,54514,81765,400,No
2018,25,SINALOA,10,MOCORITO,PAN_PRD_MC_PAS,279,52367,19,2128,54514,81765,15677,Sí
2018,25,SINALOA,10,MOCORITO,PAN_PRD_MC,96,52367,19,2128,54514,81765,8313,Sí
2018,25,SINALOA,10,MOCORITO,PAN_PRD_PAS,126,52367,19,2128,54514,81765,14703,Sí
2018,25,SINALOA,10,MOCORITO,PAN_MC_PAS,79,52367,19,2128,54514,81765,12210,Sí
2018,25,SINALOA,10,MOCORITO,PRD_MC_PAS,73,52367,19,2128,54514,81765,11342,Sí
2018,25,SINALOA,10,MOCORITO,PAN_PRD,124,52367,19,2128,54514,81765,7520,Sí
2018,25,SINALOA,10,MOCORITO,PAN_MC,46,52367,19,2128,54514,81765,4996,Sí
2018,25,SINALOA,10,MOCORITO,PAN_PAS,161,52367,19,2128,54514,81765,11471,Sí
2018,25,SINALOA,10,MOCORITO,PRD_MC,33,52367,19,2128,54514,81765,4121,Sí
2018,25,SINALOA,10,MOCORITO,PRD_PAS,110,52367,19,2128,54514,81765,10558,Sí
2018,25,SINALOA,10,MOCORITO,MC_PAS,85,52367,19,2128,54514,81765,8087,Sí
2018,25,SINALOA,10,MOCORITO,PT_MORENA_ES,411,52367,19,2128,54514,81765,13768,Sí
2018,25,SINALOA,10,MOCORITO,PT_MORENA,209,52367,19,2128,54514,81765,13110,Sí
2018,25,SINALOA,10,MOCORITO,PT_ES,30,52367,19,2128,54514,81765,1756,Sí
2018,25,SINALOA,10,MOCORITO,MORENA_ES,194,52367,19,2128,54514,81765,12281,Sí
2018,25,SINALOA,10,MOCORITO,C_COMUN_PRI_PVEM_NUAL,431,52367,19,2128,54514,81765,20521,Sí
2018,25,SINALOA,10,MOCORITO,C_COMUN_PRI_PVEM,453,52367,19,2128,54514,81765,19845,Sí
2018,25,SINALOA,10,MOCORITO,C_COMUN_PRI_NUAL,171,52367,19,2128,54514,81765,19346,Sí
2018,25,SINALOA,10,MOCORITO,C_COMUN_PVEM_NUAL,11,52367,19,2128,54514,81765,1624,Sí
2018,25,SINALOA,11,NAVOLATO,PAN,3767,45267,40,1442,46749,79705,3767,No
2018,25,SINALOA,11,NAVOLATO,PRI,9876,45267,40,1442,46749,79705,9876,No
2018,25,SINALOA,11,NAVOLATO,PRD,874,45267,40,1442,46749,79705,874,No
2018,25,SINALOA,11,NAVOLATO,PVEM,838,45267,40,1442,46749,79705,838,No
2018,25,SINALOA,11,NAVOLATO,PT,2801,45267,40,1442,46749,79705,2801,No
2018,25,SINALOA,11,NAVOLATO,MC,807,45267,40,1442,46749,79705,807,No
2018,25,SINALOA,11,NAVOLATO,NUAL,562,45267,40,1442,46749,79705,562,No
2018,25,SINALOA,11,NAVOLATO,PAS,3429,45267,40,1442,46749,79705,3429,No
2018,25,SINALOA,11,NAVOLATO,MORENA,18232,45267,40,1442,46749,79705,18232,No
2018,25,SINALOA,11,NAVOLATO,ES,673,45267,40,1442,46749,79705,673,No
2018,25,SINALOA,11,NAVOLATO,PAIS,1254,45267,40,1442,46749,79705,1254,No
2018,25,SINALOA,11,NAVOLATO,PAN_PRD_MC_PAS,57,45267,40,1442,46749,79705,8934,Sí
2018,25,SINALOA,11,NAVOLATO,PAN_PRD_MC,79,45267,40,1442,46749,79705,5527,Sí
2018,25,SINALOA,11,NAVOLATO,PAN_PRD_PAS,30,45267,40,1442,46749,79705,8100,Sí
2018,25,SINALOA,11,NAVOLATO,PAN_MC_PAS,38,45267,40,1442,46749,79705,8041,Sí
2018,25,SINALOA,11,NAVOLATO,PRD_MC_PAS,10,45267,40,1442,46749,79705,5120,Sí
2018,25,SINALOA,11,NAVOLATO,PAN_PRD,112,45267,40,1442,46749,79705,4753,Sí
2018,25,SINALOA,11,NAVOLATO,PAN_MC,12,45267,40,1442,46749,79705,4586,Sí
2018,25,SINALOA,11,NAVOLATO,PAN_PAS,53,45267,40,1442,46749,79705,7249,Sí
2018,25,SINALOA,11,NAVOLATO,PRD_MC,21,45267,40,1442,46749,79705,1702,Sí
2018,25,SINALOA,11,NAVOLATO,PRD_PAS,11,45267,40,1442,46749,79705,4314,Sí
2018,25,SINALOA,11,NAVOLATO,MC_PAS,29,45267,40,1442,46749,79705,4265,Sí
2018,25,SINALOA,11,NAVOLATO,PRI_PVEM_NUAL,220,45267,40,1442,46749,79705,11496,Sí
2018,25,SINALOA,11,NAVOLATO,PRI_PVEM,253,45267,40,1442,46749,79705,10967,Sí
2018,25,SINALOA,11,NAVOLATO,PRI_NUAL,36,45267,40,1442,46749,79705,10474,Sí
2018,25,SINALOA,11,NAVOLATO,PVEM_NUAL,17,45267,40,1442,46749,79705,1417,Sí
2018,25,SINALOA,11,NAVOLATO,PT_MORENA_ES,664,45267,40,1442,46749,79705,22370,Sí
2018,25,SINALOA,11,NAVOLATO,PT_MORENA,313,45267,40,1442,46749,79705,21346,Sí
2018,25,SINALOA,11,NAVOLATO,PT_ES,42,45267,40,1442,46749,79705,3516,Sí
2018,25,SINALOA,11,NAVOLATO,MORENA_ES,157,45267,40,1442,46749,79705,19062,Sí
2018,25,SINALOA,12,CULIACAN DE ROSALES,PAN,5320,59679,66,1492,61237,98439,5320,No
2018,25,SINALOA,12,CULIACAN DE ROSALES,PRI,11680,59679,66,1492,61237,98439,11680,No
2018,25,SINALOA,12,CULIACAN DE ROSALES,PRD,662,59679,66,1492,61237,98439,662,No
2018,25,SINALOA,12,CULIACAN DE ROSALES,PVEM,1012,59679,66,1492,61237,98439,1012,No
2018,25,SINALOA,12,CULIACAN DE ROSALES,PT,1616,59679,66,1492,61237,98439,1616,No
2018,25,SINALOA,12,CULIACAN DE ROSALES,MC,1225,59679,66,1492,61237,98439,1225,No
2018,25,SINALOA,12,CULIACAN DE ROSALES,NUAL,1457,59679,66,1492,61237,98439,1457,No
2018,25,SINALOA,12,CULIACAN DE ROSALES,PAS,5032,59679,66,1492,61237,98439,5032,No
2018,25,SINALOA,12,CULIACAN DE ROSALES,MORENA,27253,59679,66,1492,61237,98439,27253,No
2018,25,SINALOA,12,CULIACAN DE ROSALES,ES,813,59679,66,1492,61237,98439,813,No
2018,25,SINALOA,12,CULIACAN DE ROSALES,PAIS,1945,59679,66,1492,61237,98439,1945,No
2018,25,SINALOA,12,CULIACAN DE ROSALES,PAN_PRD_MC_PAS,73,59679,66,1492,61237,98439,12312,Sí
2018,25,SINALOA,12,CULIACAN DE ROSALES,PAN_PRD_MC,57,59679,66,1492,61237,98439,7264,Sí
2018,25,SINALOA,12,CULIACAN DE ROSALES,PAN_PRD_PAS,33,59679,66,1492,61237,98439,11047,Sí
2018,25,SINALOA,12,CULIACAN DE ROSALES,PAN_MC_PAS,20,59679,66,1492,61237,98439,11597,Sí
2018,25,SINALOA,12,CULIACAN DE ROSALES,PRD_MC_PAS,2,59679,66,1492,61237,98439,6921,Sí
2018,25,SINALOA,12,CULIACAN DE ROSALES,PAN_PRD,18,59679,66,1492,61237,98439,6000,Sí
2018,25,SINALOA,12,CULIACAN DE ROSALES,PAN_MC,15,59679,66,1492,61237,98439,6560,Sí
2018,25,SINALOA,12,CULIACAN DE ROSALES,PAN_PAS,24,59679,66,1492,61237,98439,10376,Sí
2018,25,SINALOA,12,CULIACAN DE ROSALES,PRD_MC,4,59679,66,1492,61237,98439,1891,Sí
2018,25,SINALOA,12,CULIACAN DE ROSALES,PRD_PAS,8,59679,66,1492,61237,98439,5702,Sí
2018,25,SINALOA,12,CULIACAN DE ROSALES,MC_PAS,30,59679,66,1492,61237,98439,6287,Sí
2018,25,SINALOA,12,CULIACAN DE ROSALES,PRI_PVEM_NUAL,220,59679,66,1492,61237,98439,14369,Sí
2018,25,SINALOA,12,CULIACAN DE ROSALES,PRI_PVEM,167,59679,66,1492,61237,98439,12859,Sí
2018,25,SINALOA,12,CULIACAN DE ROSALES,PRI_NUAL,41,59679,66,1492,61237,98439,13178,Sí
2018,25,SINALOA,12,CULIACAN DE ROSALES,PVEM_NUAL,11,59679,66,1492,61237,98439,2480,Sí
2018,25,SINALOA,12,CULIACAN DE ROSALES,PT_MORENA_ES,554,59679,66,1492,61237,98439,30236,Sí
2018,25,SINALOA,12,CULIACAN DE ROSALES,PT_MORENA,194,59679,66,1492,61237,98439,29063,Sí
2018,25,SINALOA,12,CULIACAN DE ROSALES,PT_ES,23,59679,66,1492,61237,98439,2452,Sí
2018,25,SINALOA,12,CULIACAN DE ROSALES,MORENA_ES,170,59679,66,1492,61237,98439,28236,Sí
2018,25,SINALOA,13,CULIACAN DE ROSALES,PAN,5896,56221,87,1868,57636,98340,5896,No
2018,25,SINALOA,13,CULIACAN DE ROSALES,PRI,13752,56221,87,1868,57636,98340,13752,No
2018,25,SINALOA,13,CULIACAN DE ROSALES,PRD,683,56221,87,1868,57636,98340,683,No
2018,25,SINALOA,13,CULIACAN DE ROSALES,PVEM,1195,56221,87,1868,57636,98340,1195,No
2018,25,SINALOA,13,CULIACAN DE ROSALES,PT,1611,56221,87,1868,57636,98340,1611,No
2018,25,SINALOA,13,CULIACAN DE ROSALES,MC,952,56221,87,1868,57636,98340,952,No
2018,25,SINALOA,13,CULIACAN DE ROSALES,NUAL,807,56221,87,1868,57636,98340,807,No
2018,25,SINALOA,13,CULIACAN DE ROSALES,PAS,3296,56221,87,1868,57636,98340,3296,No
2018,25,SINALOA,13,CULIACAN DE ROSALES,MORENA,23271,56221,87,1868,57636,98340,23271,No
2018,25,SINALOA,13,CULIACAN DE ROSALES,ES,678,56221,87,1868,57636,98340,678,No
2018,25,SINALOA,13,CULIACAN DE ROSALES,PAIS,1831,56221,87,1868,57636,98340,1831,No
2018,25,SINALOA,13,CULIACAN DE ROSALES,PAN_PRD_MC_PAS,603,56221,87,1868,57636,98340,11430,Sí
2018,25,SINALOA,13,CULIACAN DE ROSALES,PAN_PRD_MC,50,56221,87,1868,57636,98340,7581,Sí
2018,25,SINALOA,13,CULIACAN DE ROSALES,PAN_PRD_PAS,22,56221,87,1868,57636,98340,9897,Sí
2018,25,SINALOA,13,CULIACAN DE ROSALES,PAN_MC_PAS,21,56221,87,1868,57636,98340,10165,Sí
2018,25,SINALOA,13,CULIACAN DE ROSALES,PRD_MC_PAS,9,56221,87,1868,57636,98340,4940,Sí
2018,25,SINALOA,13,CULIACAN DE ROSALES,PAN_PRD,18,56221,87,1868,57636,98340,6597,Sí
2018,25,SINALOA,13,CULIACAN DE ROSALES,PAN_MC,12,56221,87,1868,57636,98340,6860,Sí
2018,25,SINALOA,13,CULIACAN DE ROSALES,PAN_PAS,14,56221,87,1868,57636,98340,9206,Sí
2018,25,SINALOA,13,CULIACAN DE ROSALES,PRD_MC,1,56221,87,1868,57636,98340,1636,Sí
2018,25,SINALOA,13,CULIACAN DE ROSALES,PRD_PAS,20,56221,87,1868,57636,98340,3999,Sí
2018,25,SINALOA,13,CULIACAN DE ROSALES,MC_PAS,11,56221,87,1868,57636,98340,4259,Sí
2018,25,SINALOA,13,CULIACAN DE ROSALES,PRI_PVEM_NUAL,299,56221,87,1868,57636,98340,16053,Sí
2018,25,SINALOA,13,CULIACAN DE ROSALES,PRI_PVEM,198,56221,87,1868,57636,98340,15145,Sí
2018,25,SINALOA,13,CULIACAN DE ROSALES,PRI_NUAL,51,56221,87,1868,57636,98340,14610,Sí
2018,25,SINALOA,13,CULIACAN DE ROSALES,PVEM_NUAL,26,56221,87,1868,57636,98340,2028,Sí
2018,25,SINALOA,13,CULIACAN DE ROSALES,PT_MORENA_ES,499,56221,87,1868,57636,98340,26059,Sí
2018,25,SINALOA,13,CULIACAN DE ROSALES,PT_MORENA,201,56221,87,1868,57636,98340,25083,Sí
2018,25,SINALOA,13,CULIACAN DE ROSALES,PT_ES,59,56221,87,1868,57636,98340,2348,Sí
2018,25,SINALOA,13,CULIACAN DE ROSALES,MORENA_ES,135,56221,87,1868,57636,98340,24084,Sí
2018,25,SINALOA,14,CULIACAN DE ROSALES,PAN,6864,65389,80,1690,67159,101818,6864,No
2018,25,SINALOA,14,CULIACAN DE ROSALES,PRI,13304,65389,80,1690,67159,101818,13304,No
2018,25,SINALOA,14,CULIACAN DE ROSALES,PRD,593,65389,80,1690,67159,101818,593,No
2018,25,SINALOA,14,CULIACAN DE ROSALES,PVEM,1319,65389,80,1690,67159,101818,1319,No
2018,25,SINALOA,14,CULIACAN DE ROSALES,PT,1734,65389,80,1690,67159,101818,1734,No
2018,25,SINALOA,14,CULIACAN DE ROSALES,MC,885,65389,80,1690,67159,101818,885,No
2018,25,SINALOA,14,CULIACAN DE ROSALES,NUAL,1803,65389,80,1690,67159,101818,1803,No
2018,25,SINALOA,14,CULIACAN DE ROSALES,PAS,3707,65389,80,1690,67159,101818,3707,No
2018,25,SINALOA,14,CULIACAN DE ROSALES,MORENA,27113,65389,80,1690,67159,101818,27113,No
2018,25,SINALOA,14,CULIACAN DE ROSALES,ES,851,65389,80,1690,67159,101818,851,No
2018,25,SINALOA,14,CULIACAN DE ROSALES,PAIS,823,65389,80,1690,67159,101818,823,No
2018,25,SINALOA,14,CULIACAN DE ROSALES,PAN_PRD_MC_PAS,55,65389,80,1690,67159,101818,12104,Sí
2018,25,SINALOA,14,CULIACAN DE ROSALES,PAN_PRD_MC,63,65389,80,1690,67159,101818,8405,Sí
2018,25,SINALOA,14,CULIACAN DE ROSALES,PAN_PRD_PAS,22,65389,80,1690,67159,101818,11186,Sí
2018,25,SINALOA,14,CULIACAN DE ROSALES,PAN_MC_PAS,14,65389,80,1690,67159,101818,11470,Sí
2018,25,SINALOA,14,CULIACAN DE ROSALES,PRD_MC_PAS,3,65389,80,1690,67159,101818,5188,Sí
2018,25,SINALOA,14,CULIACAN DE ROSALES,PAN_PRD,44,65389,80,1690,67159,101818,7501,Sí
2018,25,SINALOA,14,CULIACAN DE ROSALES,PAN_MC,22,65389,80,1690,67159,101818,7771,Sí
2018,25,SINALOA,14,CULIACAN DE ROSALES,PAN_PAS,26,65389,80,1690,67159,101818,10597,Sí
2018,25,SINALOA,14,CULIACAN DE ROSALES,PRD_MC,6,65389,80,1690,67159,101818,1484,Sí
2018,25,SINALOA,14,CULIACAN DE ROSALES,PRD_PAS,6,65389,80,1690,67159,101818,4306,Sí
2018,25,SINALOA,14,CULIACAN DE ROSALES,MC_PAS,17,65389,80,1690,67159,101818,4609,Sí
2018,25,SINALOA,14,CULIACAN DE ROSALES,PRI_PVEM_NUAL,359,65389,80,1690,67159,101818,16785,Sí
2018,25,SINALOA,14,CULIACAN DE ROSALES,PRI_PVEM,334,65389,80,1690,67159,101818,14957,Sí
2018,25,SINALOA,14,CULIACAN DE ROSALES,PRI_NUAL,81,65389,80,1690,67159,101818,15188,Sí
2018,25,SINALOA,14,CULIACAN DE ROSALES,PVEM_NUAL,10,65389,80,1690,67159,101818,3132,Sí
2018,25,SINALOA,14,CULIACAN DE ROSALES,PT_MORENA_ES,609,65389,80,1690,67159,101818,30307,Sí
2018,25,SINALOA,14,CULIACAN DE ROSALES,PT_MORENA,253,65389,80,1690,67159,101818,29100,Sí
2018,25,SINALOA,14,CULIACAN DE ROSALES,PT_ES,29,65389,80,1690,67159,101818,2614,Sí
2018,25,SINALOA,14,CULIACAN DE ROSALES,MORENA_ES,170,65389,80,1690,67159,101818,28134,Sí
2018,25,SINALOA,14,CULIACAN DE ROSALES,Candidatura Independiente,2704,65389,80,1690,67159,101818,2704,No
2018,25,SINALOA,14,CULIACAN DE ROSALES,Candidatura Independiente,1566,65389,80,1690,67159,101818,1566,No
2018,25,SINALOA,15,CULIACAN DE ROSALES,PAN,3754,46422,37,1037,47496,85823,3754,No
2018,25,SINALOA,15,CULIACAN DE ROSALES,PRI,8128,46422,37,1037,47496,85823,8128,No
2018,25,SINALOA,15,CULIACAN DE ROSALES,PRD,541,46422,37,1037,47496,85823,541,No
2018,25,SINALOA,15,CULIACAN DE ROSALES,PVEM,918,46422,37,1037,47496,85823,918,No
2018,25,SINALOA,15,CULIACAN DE ROSALES,PT,1429,46422,37,1037,47496,85823,1429,No
2018,25,SINALOA,15,CULIACAN DE ROSALES,MC,800,46422,37,1037,47496,85823,800,No
2018,25,SINALOA,15,CULIACAN DE ROSALES,NUAL,588,46422,37,1037,47496,85823,588,No
2018,25,SINALOA,15,CULIACAN DE ROSALES,PAS,2713,46422,37,1037,47496,85823,2713,No
2018,25,SINALOA,15,CULIACAN DE ROSALES,MORENA,21866,46422,37,1037,47496,85823,21866,No
2018,25,SINALOA,15,CULIACAN DE ROSALES,ES,653,46422,37,1037,47496,85823,653,No
2018,25,SINALOA,15,CULIACAN DE ROSALES,PAIS,646,46422,37,1037,47496,85823,646,No
2018,25,SINALOA,15,CULIACAN DE ROSALES,PAN_PRD_MC_PAS,22,46422,37,1037,47496,85823,7830,Sí
2018,25,SINALOA,15,CULIACAN DE ROSALES,PAN_PRD_MC,47,46422,37,1037,47496,85823,5142,Sí
2018,25,SINALOA,15,CULIACAN DE ROSALES,PAN_PRD_PAS,16,46422,37,1037,47496,85823,7024,Sí
2018,25,SINALOA,15,CULIACAN DE ROSALES,PAN_MC_PAS,9,46422,37,1037,47496,85823,7276,Sí
2018,25,SINALOA,15,CULIACAN DE ROSALES,PRD_MC_PAS,6,46422,37,1037,47496,85823,4060,Sí
2018,25,SINALOA,15,CULIACAN DE ROSALES,PAN_PRD,15,46422,37,1037,47496,85823,4310,Sí
2018,25,SINALOA,15,CULIACAN DE ROSALES,PAN_MC,7,46422,37,1037,47496,85823,4561,Sí
2018,25,SINALOA,15,CULIACAN DE ROSALES,PAN_PAS,20,46422,37,1037,47496,85823,6487,Sí
2018,25,SINALOA,15,CULIACAN DE ROSALES,PRD_MC,4,46422,37,1037,47496,85823,1345,Sí
2018,25,SINALOA,15,CULIACAN DE ROSALES,PRD_PAS,6,46422,37,1037,47496,85823,3260,Sí
2018,25,SINALOA,15,CULIACAN DE ROSALES,MC_PAS,9,46422,37,1037,47496,85823,3522,Sí
2018,25,SINALOA,15,CULIACAN DE ROSALES,PRI_PVEM_NUAL,179,46422,37,1037,47496,85823,9813,Sí
2018,25,SINALOA,15,CULIACAN DE ROSALES,PRI_PVEM,200,46422,37,1037,47496,85823,9246,Sí
2018,25,SINALOA,15,CULIACAN DE ROSALES,PRI_NUAL,14,46422,37,1037,47496,85823,8730,Sí
2018,25,SINALOA,15,CULIACAN DE ROSALES,PVEM_NUAL,9,46422,37,1037,47496,85823,1515,Sí
2018,25,SINALOA,15,CULIACAN DE ROSALES,PT_MORENA_ES,535,46422,37,1037,47496,85823,24483,Sí
2018,25,SINALOA,15,CULIACAN DE ROSALES,PT_MORENA,196,46422,37,1037,47496,85823,23491,Sí
2018,25,SINALOA,15,CULIACAN DE ROSALES,PT_ES,24,46422,37,1037,47496,85823,2106,Sí
2018,25,SINALOA,15,CULIACAN DE ROSALES,MORENA_ES,154,46422,37,1037,47496,85823,22673,Sí
2018,25,SINALOA,15,CULIACAN DE ROSALES,Candidatura Independiente,2914,46422,37,1037,47496,85823,2914,No
2018,25,SINALOA,16,CULIACAN DE ROSALES,PAN,2801,43839,29,1032,44900,83586,2801,No
2018,25,SINALOA,16,CULIACAN DE ROSALES,PRI,8012,43839,29,1032,44900,83586,8012,No
2018,25,SINALOA,16,CULIACAN DE ROSALES,PRD,568,43839,29,1032,44900,83586,568,No
2018,25,SINALOA,16,CULIACAN DE ROSALES,PVEM,905,43839,29,1032,44900,83586,905,No
2018,25,SINALOA,16,CULIACAN DE ROSALES,PT,1886,43839,29,1032,44900,83586,1886,No
2018,25,SINALOA,16,CULIACAN DE ROSALES,MC,929,43839,29,1032,44900,83586,929,No
2018,25,SINALOA,16,CULIACAN DE ROSALES,NUAL,709,43839,29,1032,44900,83586,709,No
2018,25,SINALOA,16,CULIACAN DE ROSALES,PAS,2711,43839,29,1032,44900,83586,2711,No
2018,25,SINALOA,16,CULIACAN DE ROSALES,MORENA,22282,43839,29,1032,44900,83586,22282,No
2018,25,SINALOA,16,CULIACAN DE ROSALES,ES,652,43839,29,1032,44900,83586,652,No
2018,25,SINALOA,16,CULIACAN DE ROSALES,PAIS,835,43839,29,1032,44900,83586,835,No
2018,25,SINALOA,16,CULIACAN DE ROSALES,PAN_PRD_MC_PAS,47,43839,29,1032,44900,83586,7056,Sí
2018,25,SINALOA,16,CULIACAN DE ROSALES,PAN_PRD_MC,62,43839,29,1032,44900,83586,4360,Sí
2018,25,SINALOA,16,CULIACAN DE ROSALES,PAN_PRD_PAS,18,43839,29,1032,44900,83586,6098,Sí
2018,25,SINALOA,16,CULIACAN DE ROSALES,PAN_MC_PAS,14,43839,29,1032,44900,83586,6455,Sí
2018,25,SINALOA,16,CULIACAN DE ROSALES,PRD_MC_PAS,5,43839,29,1032,44900,83586,4213,Sí
2018,25,SINALOA,16,CULIACAN DE ROSALES,PAN_PRD,15,43839,29,1032,44900,83586,3384,Sí
2018,25,SINALOA,16,CULIACAN DE ROSALES,PAN_MC,14,43839,29,1032,44900,83586,3744,Sí
2018,25,SINALOA,16,CULIACAN DE ROSALES,PAN_PAS,24,43839,29,1032,44900,83586,5536,Sí
2018,25,SINALOA,16,CULIACAN DE ROSALES,PRD_MC,6,43839,29,1032,44900,83586,1503,Sí
2018,25,SINALOA,16,CULIACAN DE ROSALES,PRD_PAS,6,43839,29,1032,44900,83586,3285,Sí
2018,25,SINALOA,16,CULIACAN DE ROSALES,MC_PAS,17,43839,29,1032,44900,83586,3657,Sí
2018,25,SINALOA,16,CULIACAN DE ROSALES,PRI_PVEM_NUAL,174,43839,29,1032,44900,83586,9800,Sí
2018,25,SINALOA,16,CULIACAN DE ROSALES,PRI_PVEM,160,43839,29,1032,44900,83586,9077,Sí
2018,25,SINALOA,16,CULIACAN DE ROSALES,PRI_NUAL,23,43839,29,1032,44900,83586,8744,Sí
2018,25,SINALOA,16,CULIACAN DE ROSALES,PVEM_NUAL,11,43839,29,1032,44900,83586,1625,Sí
2018,25,SINALOA,16,CULIACAN DE ROSALES,PT_MORENA_ES,568,43839,29,1032,44900,83586,25388,Sí
2018,25,SINALOA,16,CULIACAN DE ROSALES,PT_MORENA,216,43839,29,1032,44900,83586,24384,Sí
2018,25,SINALOA,16,CULIACAN DE ROSALES,PT_ES,26,43839,29,1032,44900,83586,2564,Sí
2018,25,SINALOA,16,CULIACAN DE ROSALES,MORENA_ES,143,43839,29,1032,44900,83586,23077,Sí
2018,25,SINALOA,17,CULIACAN DE ROSALES,PAN,2595,47066,45,2341,49452,92373,2595,No
2018,25,SINALOA,17,CULIACAN DE ROSALES,PRI,9749,47066,45,2341,49452,92373,9749,No
2018,25,SINALOA,17,CULIACAN DE ROSALES,PRD,633,47066,45,2341,49452,92373,633,No
2018,25,SINALOA,17,CULIACAN DE ROSALES,PVEM,926,47066,45,2341,49452,92373,926,No
2018,25,SINALOA,17,CULIACAN DE ROSALES,PT,1726,47066,45,2341,49452,92373,1726,No
2018,25,SINALOA,17,CULIACAN DE ROSALES,MC,816,47066,45,2341,49452,92373,816,No
2018,25,SINALOA,17,CULIACAN DE ROSALES,NUAL,836,47066,45,2341,49452,92373,836,No
2018,25,SINALOA,17,CULIACAN DE ROSALES,PAS,2835,47066,45,2341,49452,92373,2835,No
2018,25,SINALOA,17,CULIACAN DE ROSALES,MORENA,22453,47066,45,2341,49452,92373,22453,No
2018,25,SINALOA,17,CULIACAN DE ROSALES,ES,765,47066,45,2341,49452,92373,765,No
2018,25,SINALOA,17,CULIACAN DE ROSALES,PAIS,1997,47066,45,2341,49452,92373,1997,No
2018,25,SINALOA,17,CULIACAN DE ROSALES,PAN_PRD_MC_PAS,33,47066,45,2341,49452,92373,6912,Sí
2018,25,SINALOA,17,CULIACAN DE ROSALES,PAN_PRD_MC,40,47066,45,2341,49452,92373,4084,Sí
2018,25,SINALOA,17,CULIACAN DE ROSALES,PAN_PRD_PAS,19,47066,45,2341,49452,92373,6082,Sí
2018,25,SINALOA,17,CULIACAN DE ROSALES,PAN_MC_PAS,8,47066,45,2341,49452,92373,6254,Sí
2018,25,SINALOA,17,CULIACAN DE ROSALES,PRD_MC_PAS,3,47066,45,2341,49452,92373,4287,Sí
2018,25,SINALOA,17,CULIACAN DE ROSALES,PAN_PRD,26,47066,45,2341,49452,92373,3254,Sí
2018,25,SINALOA,17,CULIACAN DE ROSALES,PAN_MC,13,47066,45,2341,49452,92373,3424,Sí
2018,25,SINALOA,17,CULIACAN DE ROSALES,PAN_PAS,14,47066,45,2341,49452,92373,5444,Sí
2018,25,SINALOA,17,CULIACAN DE ROSALES,PRD_MC,5,47066,45,2341,49452,92373,1454,Sí
2018,25,SINALOA,17,CULIACAN DE ROSALES,PRD_PAS,8,47066,45,2341,49452,92373,3476,Sí
2018,25,SINALOA,17,CULIACAN DE ROSALES,MC_PAS,10,47066,45,2341,49452,92373,3661,Sí
2018,25,SINALOA,17,CULIACAN DE ROSALES,PRI_PVEM_NUAL,221,47066,45,2341,49452,92373,11732,Sí
2018,25,SINALOA,17,CULIACAN DE ROSALES,PRI_PVEM,191,47066,45,2341,49452,92373,10866,Sí
2018,25,SINALOA,17,CULIACAN DE ROSALES,PRI_NUAL,41,47066,45,2341,49452,92373,10626,Sí
2018,25,SINALOA,17,CULIACAN DE ROSALES,PVEM_NUAL,19,47066,45,2341,49452,92373,1781,Sí
2018,25,SINALOA,17,CULIACAN DE ROSALES,PT_MORENA_ES,665,47066,45,2341,49452,92373,25609,Sí
2018,25,SINALOA,17,CULIACAN DE ROSALES,PT_MORENA,223,47066,45,2341,49452,92373,24402,Sí
2018,25,SINALOA,17,CULIACAN DE ROSALES,PT_ES,37,47066,45,2341,49452,92373,2528,Sí
2018,25,SINALOA,17,CULIACAN DE ROSALES,MORENA_ES,159,47066,45,2341,49452,92373,23377,Sí
2018,25,SINALOA,18,CULIACAN DE ROSALES,PAN,3481,48969,26,1861,50856,94015,3481,No
2018,25,SINALOA,18,CULIACAN DE ROSALES,PRI,10697,48969,26,1861,50856,94015,10697,No
2018,25,SINALOA,18,CULIACAN DE ROSALES,PRD,832,48969,26,1861,50856,94015,832,No
2018,25,SINALOA,18,CULIACAN DE ROSALES,PVEM,882,48969,26,1861,50856,94015,882,No
2018,25,SINALOA,18,CULIACAN DE ROSALES,PT,2008,48969,26,1861,50856,94015,2008,No
2018,25,SINALOA,18,CULIACAN DE ROSALES,MC,837,48969,26,1861,50856,94015,837,No
2018,25,SINALOA,18,CULIACAN DE ROSALES,NUAL,958,48969,26,1861,50856,94015,958,No
2018,25,SINALOA,18,CULIACAN DE ROSALES,PAS,5541,48969,26,1861,50856,94015,5541,No
2018,25,SINALOA,18,CULIACAN DE ROSALES,MORENA,20774,48969,26,1861,50856,94015,20774,No
2018,25,SINALOA,18,CULIACAN DE ROSALES,ES,710,48969,26,1861,50856,94015,710,No
2018,25,SINALOA,18,CULIACAN DE ROSALES,PAIS,789,48969,26,1861,50856,94015,789,No
2018,25,SINALOA,18,CULIACAN DE ROSALES,PAN_PRD_MC_PAS,105,48969,26,1861,50856,94015,10796,Sí
2018,25,SINALOA,18,CULIACAN DE ROSALES,PAN_PRD_MC,41,48969,26,1861,50856,94015,5191,Sí
2018,25,SINALOA,18,CULIACAN DE ROSALES,PAN_PRD_PAS,16,48969,26,1861,50856,94015,9870,Sí
2018,25,SINALOA,18,CULIACAN DE ROSALES,PAN_MC_PAS,25,48969,26,1861,50856,94015,9884,Sí
2018,25,SINALOA,18,CULIACAN DE ROSALES,PRD_MC_PAS,4,48969,26,1861,50856,94015,7214,Sí
2018,25,SINALOA,18,CULIACAN DE ROSALES,PAN_PRD,27,48969,26,1861,50856,94015,4340,Sí
2018,25,SINALOA,18,CULIACAN DE ROSALES,PAN_MC,17,48969,26,1861,50856,94015,4335,Sí
2018,25,SINALOA,18,CULIACAN DE ROSALES,PAN_PAS,47,48969,26,1861,50856,94015,9069,Sí
2018,25,SINALOA,18,CULIACAN DE ROSALES,PRD_MC,6,48969,26,1861,50856,94015,1675,Sí
2018,25,SINALOA,18,CULIACAN DE ROSALES,PRD_PAS,11,48969,26,1861,50856,94015,6384,Sí
2018,25,SINALOA,18,CULIACAN DE ROSALES,MC_PAS,38,48969,26,1861,50856,94015,6416,Sí
2018,25,SINALOA,18,CULIACAN DE ROSALES,PT_MORENA_ES,696,48969,26,1861,50856,94015,24188,Sí
2018,25,SINALOA,18,CULIACAN DE ROSALES,PT_MORENA,200,48969,26,1861,50856,94015,22982,Sí
2018,25,SINALOA,18,CULIACAN DE ROSALES,PT_ES,31,48969,26,1861,50856,94015,2749,Sí
2018,25,SINALOA,18,CULIACAN DE ROSALES,MORENA_ES,196,48969,26,1861,50856,94015,21680,Sí
2018,25,SINALOA,19,LA CRUZ,PAN,3775,50276,128,4424,54828,84969,3775,No
2018,25,SINALOA,19,LA CRUZ,PRI,18835,50276,128,4424,54828,84969,18835,No
2018,25,SINALOA,19,LA CRUZ,PRD,944,50276,128,4424,54828,84969,944,No
2018,25,SINALOA,19,LA CRUZ,PVEM,2787,50276,128,4424,54828,84969,2787,No
2018,25,SINALOA,19,LA CRUZ,PT,1118,50276,128,4424,54828,84969,1118,No
2018,25,SINALOA,19,LA CRUZ,MC,1096,50276,128,4424,54828,84969,1096,No
2018,25,SINALOA,19,LA CRUZ,NUAL,931,50276,128,4424,54828,84969,931,No
2018,25,SINALOA,19,LA CRUZ,PAS,7298,50276,128,4424,54828,84969,7298,No
2018,25,SINALOA,19,LA CRUZ,MORENA,11535,50276,128,4424,54828,84969,11535,No
2018,25,SINALOA,19,LA CRUZ,ES,462,50276,128,4424,54828,84969,462,No
2018,25,SINALOA,19,LA CRUZ,PAIS,364,50276,128,4424,54828,84969,364,No
2018,25,SINALOA,19,LA CRUZ,PAN_PRD_MC_PAS,87,50276,128,4424,54828,84969,13200,Sí
2018,25,SINALOA,19,LA CRUZ,PAN_PRD_MC,54,50276,128,4424,54828,84969,5869,Sí
2018,25,SINALOA,19,LA CRUZ,PAN_PRD_PAS,32,50276,128,4424,54828,84969,12049,Sí
2018,25,SINALOA,19,LA CRUZ,PAN_MC_PAS,50,50276,128,4424,54828,84969,12219,Sí
2018,25,SINALOA,19,LA CRUZ,PRD_MC_PAS,13,50276,128,4424,54828,84969,9351,Sí
2018,25,SINALOA,19,LA CRUZ,PAN_PRD,41,50276,128,4424,54828,84969,4760,Sí
2018,25,SINALOA,19,LA CRUZ,PAN_MC,36,50276,128,4424,54828,84969,4907,Sí
2018,25,SINALOA,19,LA CRUZ,PAN_PAS,199,50276,128,4424,54828,84969,11272,Sí
2018,25,SINALOA,19,LA CRUZ,PRD_MC,14,50276,128,4424,54828,84969,2054,Sí
2018,25,SINALOA,19,LA CRUZ,PRD_PAS,22,50276,128,4424,54828,84969,8264,Sí
2018,25,SINALOA,19,LA CRUZ,MC_PAS,80,50276,128,4424,54828,84969,8474,Sí
2018,25,SINALOA,19,LA CRUZ,PT_MORENA_ES,249,50276,128,4424,54828,84969,13364,Sí
2018,25,SINALOA,19,LA CRUZ,PT_MORENA,122,50276,128,4424,54828,84969,12775,Sí
2018,25,SINALOA,19,LA CRUZ,PT_ES,23,50276,128,4424,54828,84969,1603,Sí
2018,25,SINALOA,19,LA CRUZ,MORENA_ES,109,50276,128,4424,54828,84969,12106,Sí
2018,25,SINALOA,2,LOS MOCHIS,PAN,7298,53967,44,1282,55293,88443,7298,No
2018,25,SINALOA,2,LOS MOCHIS,PRI,11895,53967,44,1282,55293,88443,11895,No
2018,25,SINALOA,2,LOS MOCHIS,PRD,642,53967,44,1282,55293,88443,642,No
2018,25,SINALOA,2,LOS MOCHIS,PVEM,733,53967,44,1282,55293,88443,733,No
2018,25,SINALOA,2,LOS MOCHIS,PT,1312,53967,44,1282,55293,88443,1312,No
2018,25,SINALOA,2,LOS MOCHIS,MC,790,53967,44,1282,55293,88443,790,No
2018,25,SINALOA,2,LOS MOCHIS,NUAL,890,53967,44,1282,55293,88443,890,No
2018,25,SINALOA,2,LOS MOCHIS,PAS,3157,53967,44,1282,55293,88443,3157,No
2018,25,SINALOA,2,LOS MOCHIS,MORENA,23955,53967,44,1282,55293,88443,23955,No
2018,25,SINALOA,2,LOS MOCHIS,ES,893,53967,44,1282,55293,88443,893,No
2018,25,SINALOA,2,LOS MOCHIS,PAIS,745,53967,44,1282,55293,88443,745,No
2018,25,SINALOA,2,LOS MOCHIS,PAN_PRD_MC_PAS,62,53967,44,1282,55293,88443,11949,Sí
2018,25,SINALOA,2,LOS MOCHIS,PAN_PRD_MC,69,53967,44,1282,55293,88443,8799,Sí
2018,25,SINALOA,2,LOS MOCHIS,PAN_PRD_PAS,20,53967,44,1282,55293,88443,11117,Sí
2018,25,SINALOA,2,LOS MOCHIS,PAN_MC_PAS,25,53967,44,1282,55293,88443,11270,Sí
2018,25,SINALOA,2,LOS MOCHIS,PRD_MC_PAS,7,53967,44,1282,55293,88443,4596,Sí
2018,25,SINALOA,2,LOS MOCHIS,PAN_PRD,29,53967,44,1282,55293,88443,7969,Sí
2018,25,SINALOA,2,LOS MOCHIS,PAN_MC,24,53967,44,1282,55293,88443,8112,Sí
2018,25,SINALOA,2,LOS MOCHIS,PAN_PAS,28,53967,44,1282,55293,88443,10483,Sí
2018,25,SINALOA,2,LOS MOCHIS,PRD_MC,4,53967,44,1282,55293,88443,1436,Sí
2018,25,SINALOA,2,LOS MOCHIS,PRD_PAS,6,53967,44,1282,55293,88443,3805,Sí
2018,25,SINALOA,2,LOS MOCHIS,MC_PAS,22,53967,44,1282,55293,88443,3969,Sí
2018,25,SINALOA,2,LOS MOCHIS,PRI_PVEM_NUAL,267,53967,44,1282,55293,88443,13785,Sí
2018,25,SINALOA,2,LOS MOCHIS,PRI_PVEM,163,53967,44,1282,55293,88443,12791,Sí
2018,25,SINALOA,2,LOS MOCHIS,PRI_NUAL,39,53967,44,1282,55293,88443,12824,Sí
2018,25,SINALOA,2,LOS MOCHIS,PVEM_NUAL,19,53967,44,1282,55293,88443,1642,Sí
2018,25,SINALOA,2,LOS MOCHIS,PT_MORENA_ES,540,53967,44,1282,55293,88443,26700,Sí
2018,25,SINALOA,2,LOS MOCHIS,PT_MORENA,164,53967,44,1282,55293,88443,25431,Sí
2018,25,SINALOA,2,LOS MOCHIS,PT_ES,24,53967,44,1282,55293,88443,2229,Sí
2018,25,SINALOA,2,LOS MOCHIS,MORENA_ES,145,53967,44,1282,55293,88443,24993,Sí
2018,25,SINALOA,20,MAZATLAN,PAN,5852,53052,34,2034,55120,97053,5852,No
2018,25,SINALOA,20,MAZATLAN,PRI,11029,53052,34,2034,55120,97053,11029,No
2018,25,SINALOA,20,MAZATLAN,PRD,738,53052,34,2034,55120,97053,738,No
2018,25,SINALOA,20,MAZATLAN,PVEM,1214,53052,34,2034,55120,97053,1214,No
2018,25,SINALOA,20,MAZATLAN,PT,1576,53052,34,2034,55120,97053,1576,No
2018,25,SINALOA,20,MAZATLAN,MC,1172,53052,34,2034,55120,97053,1172,No
2018,25,SINALOA,20,MAZATLAN,NUAL,747,53052,34,2034,55120,97053,747,No
2018,25,SINALOA,20,MAZATLAN,PAS,2538,53052,34,2034,55120,97053,2538,No
2018,25,SINALOA,20,MAZATLAN,MORENA,25061,53052,34,2034,55120,97053,25061,No
2018,25,SINALOA,20,MAZATLAN,ES,528,53052,34,2034,55120,97053,528,No
2018,25,SINALOA,20,MAZATLAN,PAIS,781,53052,34,2034,55120,97053,781,No
2018,25,SINALOA,20,MAZATLAN,PAN_PRD_MC_PAS,71,53052,34,2034,55120,97053,10371,Sí
2018,25,SINALOA,20,MAZATLAN,PAN_PRD_MC,58,53052,34,2034,55120,97053,7820,Sí
2018,25,SINALOA,20,MAZATLAN,PAN_PRD_PAS,23,53052,34,2034,55120,97053,9151,Sí
2018,25,SINALOA,20,MAZATLAN,PAN_MC_PAS,26,53052,34,2034,55120,97053,9588,Sí
2018,25,SINALOA,20,MAZATLAN,PRD_MC_PAS,9,53052,34,2034,55120,97053,4457,Sí
2018,25,SINALOA,20,MAZATLAN,PAN_PRD,28,53052,34,2034,55120,97053,6618,Sí
2018,25,SINALOA,20,MAZATLAN,PAN_MC,134,53052,34,2034,55120,97053,7158,Sí
2018,25,SINALOA,20,MAZATLAN,PAN_PAS,59,53052,34,2034,55120,97053,8449,Sí
2018,25,SINALOA,20,MAZATLAN,PRD_MC,8,53052,34,2034,55120,97053,1918,Sí
2018,25,SINALOA,20,MAZATLAN,PRD_PAS,6,53052,34,2034,55120,97053,3282,Sí
2018,25,SINALOA,20,MAZATLAN,MC_PAS,25,53052,34,2034,55120,97053,3735,Sí
2018,25,SINALOA,20,MAZATLAN,PRI_PVEM_NUAL,194,53052,34,2034,55120,97053,13184,Sí
2018,25,SINALOA,20,MAZATLAN,PRI_PVEM,316,53052,34,2034,55120,97053,12559,Sí
2018,25,SINALOA,20,MAZATLAN,PRI_NUAL,32,53052,34,2034,55120,97053,11808,Sí
2018,25,SINALOA,20,MAZATLAN,PVEM_NUAL,17,53052,34,2034,55120,97053,1978,Sí
2018,25,SINALOA,20,MAZATLAN,PT_MORENA_ES,457,53052,34,2034,55120,97053,27622,Sí
2018,25,SINALOA,20,MAZATLAN,PT_MORENA,200,53052,34,2034,55120,97053,26837,Sí
2018,25,SINALOA,20,MAZATLAN,PT_ES,20,53052,34,2034,55120,97053,2124,Sí
2018,25,SINALOA,20,MAZATLAN,MORENA_ES,133,53052,34,2034,55120,97053,25722,Sí
2018,25,SINALOA,21,MAZATLAN,PAN,7412,51605,124,1240,52969,93155,7412,No
2018,25,SINALOA,21,MAZATLAN,PRI,11159,51605,124,1240,52969,93155,11159,No
2018,25,SINALOA,21,MAZATLAN,PRD,473,51605,124,1240,52969,93155,473,No
2018,25,SINALOA,21,MAZATLAN,PVEM,1065,51605,124,1240,52969,93155,1065,No
2018,25,SINALOA,21,MAZATLAN,PT,1446,51605,124,1240,52969,93155,1446,No
2018,25,SINALOA,21,MAZATLAN,MC,874,51605,124,1240,52969,93155,874,No
2018,25,SINALOA,21,MAZATLAN,NUAL,853,51605,124,1240,52969,93155,853,No
2018,25,SINALOA,21,MAZATLAN,PAS,2036,51605,124,1240,52969,93155,2036,No
2018,25,SINALOA,21,MAZATLAN,MORENA,21830,51605,124,1240,52969,93155,21830,No
2018,25,SINALOA,21,MAZATLAN,ES,426,51605,124,1240,52969,93155,426,No
2018,25,SINALOA,21,MAZATLAN,PAIS,802,51605,124,1240,52969,93155,802,No
2018,25,SINALOA,21,MAZATLAN,PAN_PRD_MC_PAS,94,51605,124,1240,52969,93155,10889,Sí
2018,25,SINALOA,21,MAZATLAN,PAN_PRD_MC,54,51605,124,1240,52969,93155,8813,Sí
2018,25,SINALOA,21,MAZATLAN,PAN_PRD_PAS,18,51605,124,1240,52969,93155,9939,Sí
2018,25,SINALOA,21,MAZATLAN,PAN_MC_PAS,23,51605,124,1240,52969,93155,10345,Sí
2018,25,SINALOA,21,MAZATLAN,PRD_MC_PAS,8,51605,124,1240,52969,93155,3391,Sí
2018,25,SINALOA,21,MAZATLAN,PAN_PRD,27,51605,124,1240,52969,93155,7912,Sí
2018,25,SINALOA,21,MAZATLAN,PAN_MC,26,51605,124,1240,52969,93155,8312,Sí
2018,25,SINALOA,21,MAZATLAN,PAN_PAS,37,51605,124,1240,52969,93155,9485,Sí
2018,25,SINALOA,21,MAZATLAN,PRD_MC,5,51605,124,1240,52969,93155,1352,Sí
2018,25,SINALOA,21,MAZATLAN,PRD_PAS,0,51605,124,1240,52969,93155,2509,Sí
2018,25,SINALOA,21,MAZATLAN,MC_PAS,19,51605,124,1240,52969,93155,2929,Sí
2018,25,SINALOA,21,MAZATLAN,PRI_PVEM_NUAL,218,51605,124,1240,52969,93155,13295,Sí
2018,25,SINALOA,21,MAZATLAN,PRI_PVEM,189,51605,124,1240,52969,93155,12413,Sí
2018,25,SINALOA,21,MAZATLAN,PRI_NUAL,27,51605,124,1240,52969,93155,12039,Sí
2018,25,SINALOA,21,MAZATLAN,PVEM_NUAL,9,51605,124,1240,52969,93155,1927,Sí
2018,25,SINALOA,21,MAZATLAN,PT_MORENA_ES,453,51605,124,1240,52969,93155,24155,Sí
2018,25,SINALOA,21,MAZATLAN,PT_MORENA,182,51605,124,1240,52969,93155,23458,Sí
2018,25,SINALOA,21,MAZATLAN,PT_ES,15,51605,124,1240,52969,93155,1887,Sí
2018,25,SINALOA,21,MAZATLAN,MORENA_ES,98,51605,124,1240,52969,93155,22354,Sí
2018,25,SINALOA,21,MAZATLAN,Candidatura Independiente,1727,51605,124,1240,52969,93155,1727,No
2018,25,SINALOA,22,MAZATLAN,PAN,7139,53942,250,2029,56221,94504,7139,No
2018,25,SINALOA,22,MAZATLAN,PRI,11965,53942,250,2029,56221,94504,11965,No
2018,25,SINALOA,22,MAZATLAN,PRD,549,53942,250,2029,56221,94504,549,No
2018,25,SINALOA,22,MAZATLAN,PVEM,1142,53942,250,2029,56221,94504,1142,No
2018,25,SINALOA,22,MAZATLAN,PT,1549,53942,250,2029,56221,94504,1549,No
2018,25,SINALOA,22,MAZATLAN,MC,1028,53942,250,2029,56221,94504,1028,No
2018,25,SINALOA,22,MAZATLAN,NUAL,669,53942,250,2029,56221,94504,669,No
2018,25,SINALOA,22,MAZATLAN,PAS,2224,53942,250,2029,56221,94504,2224,No
2018,25,SINALOA,22,MAZATLAN,MORENA,23990,53942,250,2029,56221,94504,23990,No
2018,25,SINALOA,22,MAZATLAN,ES,539,53942,250,2029,56221,94504,539,No
2018,25,SINALOA,22,MAZATLAN,PAIS,1167,53942,250,2029,56221,94504,1167,No
2018,25,SINALOA,22,MAZATLAN,PAN_PRD_MC_PAS,51,53942,250,2029,56221,94504,10991,Sí
2018,25,SINALOA,22,MAZATLAN,PAN_PRD_MC,98,53942,250,2029,56221,94504,8814,Sí
2018,25,SINALOA,22,MAZATLAN,PAN_PRD_PAS,14,53942,250,2029,56221,94504,9926,Sí
2018,25,SINALOA,22,MAZATLAN,PAN_MC_PAS,22,53942,250,2029,56221,94504,10413,Sí
2018,25,SINALOA,22,MAZATLAN,PRD_MC_PAS,17,53942,250,2029,56221,94504,3818,Sí
2018,25,SINALOA,22,MAZATLAN,PAN_PRD,48,53942,250,2029,56221,94504,7736,Sí
2018,25,SINALOA,22,MAZATLAN,PAN_MC,27,53942,250,2029,56221,94504,8194,Sí
2018,25,SINALOA,22,MAZATLAN,PAN_PAS,35,53942,250,2029,56221,94504,9398,Sí
2018,25,SINALOA,22,MAZATLAN,PRD_MC,9,53942,250,2029,56221,94504,1586,Sí
2018,25,SINALOA,22,MAZATLAN,PRD_PAS,4,53942,250,2029,56221,94504,2777,Sí
2018,25,SINALOA,22,MAZATLAN,MC_PAS,5,53942,250,2029,56221,94504,3257,Sí
2018,25,SINALOA,22,MAZATLAN,PRI_PVEM_NUAL,231,53942,250,2029,56221,94504,14007,Sí
2018,25,SINALOA,22,MAZATLAN,PRI_PVEM,327,53942,250,2029,56221,94504,13434,Sí
2018,25,SINALOA,22,MAZATLAN,PRI_NUAL,32,53942,250,2029,56221,94504,12666,Sí
2018,25,SINALOA,22,MAZATLAN,PVEM_NUAL,17,53942,250,2029,56221,94504,1828,Sí
2018,25,SINALOA,22,MAZATLAN,PT_MORENA_ES,577,53942,250,2029,56221,94504,26655,Sí
2018,25,SINALOA,22,MAZATLAN,PT_MORENA,281,53942,250,2029,56221,94504,25820,Sí
2018,25,SINALOA,22,MAZATLAN,PT_ES,26,53942,250,2029,56221,94504,2114,Sí
2018,25,SINALOA,22,MAZATLAN,MORENA_ES,160,53942,250,2029,56221,94504,24689,Sí
2018,25,SINALOA,23,MAZATLAN,PAN,8781,47971,35,1886,49892,86381,8781,No
2018,25,SINALOA,23,MAZATLAN,PRI,14304,47971,35,1886,49892,86381,14304,No
2018,25,SINALOA,23,MAZATLAN,PRD,597,47971,35,1886,49892,86381,597,No
2018,25,SINALOA,23,MAZATLAN,PVEM,914,47971,35,1886,49892,86381,914,No
2018,25,SINALOA,23,MAZATLAN,PT,1121,47971,35,1886,49892,86381,1121,No
2018,25,SINALOA,23,MAZATLAN,MC,837,47971,35,1886,49892,86381,837,No
2018,25,SINALOA,23,MAZATLAN,NUAL,775,47971,35,1886,49892,86381,775,No
2018,25,SINALOA,23,MAZATLAN,PAS,2817,47971,35,1886,49892,86381,2817,No
2018,25,SINALOA,23,MAZATLAN,MORENA,15285,47971,35,1886,49892,86381,15285,No
2018,25,SINALOA,23,MAZATLAN,ES,364,47971,35,1886,49892,86381,364,No
2018,25,SINALOA,23,MAZATLAN,PAIS,500,47971,35,1886,49892,86381,500,No
2018,25,SINALOA,23,MAZATLAN,PAN_PRD_MC_PAS,69,47971,35,1886,49892,86381,13101,Sí
2018,25,SINALOA,23,MAZATLAN,PAN_PRD_MC,66,47971,35,1886,49892,86381,10281,Sí
2018,25,SINALOA,23,MAZATLAN,PAN_PRD_PAS,26,47971,35,1886,49892,86381,12221,Sí
2018,25,SINALOA,23,MAZATLAN,PAN_MC_PAS,40,47971,35,1886,49892,86381,12475,Sí
2018,25,SINALOA,23,MAZATLAN,PRD_MC_PAS,7,47971,35,1886,49892,86381,4258,Sí
2018,25,SINALOA,23,MAZATLAN,PAN_PRD,43,47971,35,1886,49892,86381,9421,Sí
2018,25,SINALOA,23,MAZATLAN,PAN_MC,34,47971,35,1886,49892,86381,9652,Sí
2018,25,SINALOA,23,MAZATLAN,PAN_PAS,66,47971,35,1886,49892,86381,11664,Sí
2018,25,SINALOA,23,MAZATLAN,PRD_MC,7,47971,35,1886,49892,86381,1441,Sí
2018,25,SINALOA,23,MAZATLAN,PRD_PAS,10,47971,35,1886,49892,86381,3424,Sí
2018,25,SINALOA,23,MAZATLAN,MC_PAS,15,47971,35,1886,49892,86381,3669,Sí
2018,25,SINALOA,23,MAZATLAN,PRI_PVEM_NUAL,252,47971,35,1886,49892,86381,16245,Sí
2018,25,SINALOA,23,MAZATLAN,PRI_PVEM,318,47971,35,1886,49892,86381,15536,Sí
2018,25,SINALOA,23,MAZATLAN,PRI_NUAL,44,47971,35,1886,49892,86381,15123,Sí
2018,25,SINALOA,23,MAZATLAN,PVEM_NUAL,16,47971,35,1886,49892,86381,1705,Sí
2018,25,SINALOA,23,MAZATLAN,PT_MORENA_ES,381,47971,35,1886,49892,86381,17151,Sí
2018,25,SINALOA,23,MAZATLAN,PT_MORENA,165,47971,35,1886,49892,86381,16571,Sí
2018,25,SINALOA,23,MAZATLAN,PT_ES,17,47971,35,1886,49892,86381,1502,Sí
2018,25,SINALOA,23,MAZATLAN,MORENA_ES,100,47971,35,1886,49892,86381,15749,Sí
2018,25,SINALOA,24,EL ROSARIO,PAN,10339,44405,16,2074,46495,78645,10339,No
2018,25,SINALOA,24,EL ROSARIO,PRI,12317,44405,16,2074,46495,78645,12317,No
2018,25,SINALOA,24,EL ROSARIO,PRD,2858,44405,16,2074,46495,78645,2858,No
2018,25,SINALOA,24,EL ROSARIO,PVEM,714,44405,16,2074,46495,78645,714,No
2018,25,SINALOA,24,EL ROSARIO,PT,348,44405,16,2074,46495,78645,348,No
2018,25,SINALOA,24,EL ROSARIO,MC,650,44405,16,2074,46495,78645,650,No
2018,25,SINALOA,24,EL ROSARIO,NUAL,1667,44405,16,2074,46495,78645,1667,No
2018,25,SINALOA,24,EL ROSARIO,PAS,1293,44405,16,2074,46495,78645,1293,No
2018,25,SINALOA,24,EL ROSARIO,MORENA,12961,44405,16,2074,46495,78645,12961,No
2018,25,SINALOA,24,EL ROSARIO,ES,465,44405,16,2074,46495,78645,465,No
2018,25,SINALOA,24,EL ROSARIO,PAIS,347,44405,16,2074,46495,78645,347,No
2018,25,SINALOA,24,EL ROSARIO,PAN_PRD_MC_PAS,53,44405,16,2074,46495,78645,15193,Sí
2018,25,SINALOA,24,EL ROSARIO,PAN_PRD_MC,70,44405,16,2074,46495,78645,13917,Sí
2018,25,SINALOA,24,EL ROSARIO,PAN_PRD_PAS,30,44405,16,2074,46495,78645,14520,Sí
2018,25,SINALOA,24,EL ROSARIO,PAN_MC_PAS,4,44405,16,2074,46495,78645,12286,Sí
2018,25,SINALOA,24,EL ROSARIO,PRD_MC_PAS,3,44405,16,2074,46495,78645,4804,Sí
2018,25,SINALOA,24,EL ROSARIO,PAN_PRD,171,44405,16,2074,46495,78645,13368,Sí
2018,25,SINALOA,24,EL ROSARIO,PAN_MC,26,44405,16,2074,46495,78645,11015,Sí
2018,25,SINALOA,24,EL ROSARIO,PAN_PAS,56,44405,16,2074,46495,78645,11688,Sí
2018,25,SINALOA,24,EL ROSARIO,PRD_MC,12,44405,16,2074,46495,78645,3520,Sí
2018,25,SINALOA,24,EL ROSARIO,PRD_PAS,8,44405,16,2074,46495,78645,4159,Sí
2018,25,SINALOA,24,EL ROSARIO,MC_PAS,13,44405,16,2074,46495,78645,1956,Sí
2018,25,SINALOA,3,LOS MOCHIS,PAN,6333,49857,20,2676,52553,84242,6333,No
2018,25,SINALOA,3,LOS MOCHIS,PRI,11626,49857,20,2676,52553,84242,11626,No
2018,25,SINALOA,3,LOS MOCHIS,PRD,893,49857,20,2676,52553,84242,893,No
2018,25,SINALOA,3,LOS MOCHIS,PVEM,521,49857,20,2676,52553,84242,521,No
2018,25,SINALOA,3,LOS MOCHIS,PT,2726,49857,20,2676,52553,84242,2726,No
2018,25,SINALOA,3,LOS MOCHIS,MC,752,49857,20,2676,52553,84242,752,No
2018,25,SINALOA,3,LOS MOCHIS,NUAL,900,49857,20,2676,52553,84242,900,No
2018,25,SINALOA,3,LOS MOCHIS,PAS,1770,49857,20,2676,52553,84242,1770,No
2018,25,SINALOA,3,LOS MOCHIS,MORENA,22508,49857,20,2676,52553,84242,22508,No
2018,25,SINALOA,3,LOS MOCHIS,ES,676,49857,20,2676,52553,84242,676,No
2018,25,SINALOA,3,LOS MOCHIS,PAIS,347,49857,20,2676,52553,84242,347,No
2018,25,SINALOA,3,LOS MOCHIS,PAN_PRD_MC_PAS,67,49857,20,2676,52553,84242,9815,Sí
2018,25,SINALOA,3,LOS MOCHIS,PAN_PRD_MC,48,49857,20,2676,52553,84242,8026,Sí
2018,25,SINALOA,3,LOS MOCHIS,PAN_PRD_PAS,11,49857,20,2676,52553,84242,9007,Sí
2018,25,SINALOA,3,LOS MOCHIS,PAN_MC_PAS,46,49857,20,2676,52553,84242,8901,Sí
2018,25,SINALOA,3,LOS MOCHIS,PRD_MC_PAS,6,49857,20,2676,52553,84242,3421,Sí
2018,25,SINALOA,3,LOS MOCHIS,PAN_PRD,41,49857,20,2676,52553,84242,7267,Sí
2018,25,SINALOA,3,LOS MOCHIS,PAN_MC,36,49857,20,2676,52553,84242,7121,Sí
2018,25,SINALOA,3,LOS MOCHIS,PAN_PAS,26,49857,20,2676,52553,84242,8129,Sí
2018,25,SINALOA,3,LOS MOCHIS,PRD_MC,11,49857,20,2676,52553,84242,1656,Sí
2018,25,SINALOA,3,LOS MOCHIS,PRD_PAS,8,49857,20,2676,52553,84242,2671,Sí
2018,25,SINALOA,3,LOS MOCHIS,MC_PAS,12,49857,20,2676,52553,84242,2534,Sí
2018,25,SINALOA,3,LOS MOCHIS,PRI_PVEM_NUAL,265,49857,20,2676,52553,84242,13312,Sí
2018,25,SINALOA,3,LOS MOCHIS,PRI_PVEM,143,49857,20,2676,52553,84242,12290,Sí
2018,25,SINALOA,3,LOS MOCHIS,PRI_NUAL,70,49857,20,2676,52553,84242,12596,Sí
2018,25,SINALOA,3,LOS MOCHIS,PVEM_NUAL,15,49857,20,2676,52553,84242,1436,Sí
2018,25,SINALOA,4,LOS MOCHIS,PAN,6804,51616,52,1295,52963,87048,6804,No
2018,25,SINALOA,4,LOS MOCHIS,PRI,10864,51616,52,1295,52963,87048,10864,No
2018,25,SINALOA,4,LOS MOCHIS,PRD,644,51616,52,1295,52963,87048,644,No
2018,25,SINALOA,4,LOS MOCHIS,PVEM,720,51616,52,1295,52963,87048,720,No
2018,25,SINALOA,4,LOS MOCHIS,PT,1277,51616,52,1295,52963,87048,1277,No
2018,25,SINALOA,4,LOS MOCHIS,MC,784,51616,52,1295,52963,87048,784,No
2018,25,SINALOA,4,LOS MOCHIS,NUAL,716,51616,52,1295,52963,87048,716,No
2018,25,SINALOA,4,LOS MOCHIS,PAS,2442,51616,52,1295,52963,87048,2442,No
2018,25,SINALOA,4,LOS MOCHIS,MORENA,24142,51616,52,1295,52963,87048,24142,No
2018,25,SINALOA,4,LOS MOCHIS,ES,843,51616,52,1295,52963,87048,843,No
2018,25,SINALOA,4,LOS MOCHIS,PAIS,789,51616,52,1295,52963,87048,789,No
2018,25,SINALOA,4,LOS MOCHIS,PAN_PRD_MC_PAS,32,51616,52,1295,52963,87048,10706,Sí
2018,25,SINALOA,4,LOS MOCHIS,PAN_PRD_MC,57,51616,52,1295,52963,87048,8289,Sí
2018,25,SINALOA,4,LOS MOCHIS,PAN_PRD_PAS,15,51616,52,1295,52963,87048,9905,Sí
2018,25,SINALOA,4,LOS MOCHIS,PAN_MC_PAS,17,51616,52,1295,52963,87048,10047,Sí
2018,25,SINALOA,4,LOS MOCHIS,PRD_MC_PAS,1,51616,52,1295,52963,87048,3871,Sí
2018,25,SINALOA,4,LOS MOCHIS,PAN_PRD,36,51616,52,1295,52963,87048,7484,Sí
2018,25,SINALOA,4,LOS MOCHIS,PAN_MC,24,51616,52,1295,52963,87048,7612,Sí
2018,25,SINALOA,4,LOS MOCHIS,PAN_PAS,29,51616,52,1295,52963,87048,9275,Sí
2018,25,SINALOA,4,LOS MOCHIS,PRD_MC,5,51616,52,1295,52963,87048,1433,Sí
2018,25,SINALOA,4,LOS MOCHIS,PRD_PAS,1,51616,52,1295,52963,87048,3087,Sí
2018,25,SINALOA,4,LOS MOCHIS,MC_PAS,14,51616,52,1295,52963,87048,3240,Sí
2018,25,SINALOA,4,LOS MOCHIS,PRI_PVEM_NUAL,197,51616,52,1295,52963,87048,12497,Sí
2018,25,SINALOA,4,LOS MOCHIS,PRI_PVEM,197,51616,52,1295,52963,87048,11781,Sí
2018,25,SINALOA,4,LOS MOCHIS,PRI_NUAL,35,51616,52,1295,52963,87048,11615,Sí
2018,25,SINALOA,4,LOS MOCHIS,PVEM_NUAL,10,51616,52,1295,52963,87048,1446,Sí
2018,25,SINALOA,4,LOS MOCHIS,PT_MORENA_ES,519,51616,52,1295,52963,87048,26781,Sí
2018,25,SINALOA,4,LOS MOCHIS,PT_MORENA,194,51616,52,1295,52963,87048,25613,Sí
2018,25,SINALOA,4,LOS MOCHIS,PT_ES,25,51616,52,1295,52963,87048,2145,Sí
2018,25,SINALOA,4,LOS MOCHIS,MORENA_ES,183,51616,52,1295,52963,87048,25168,Sí
2018,25,SINALOA,5,LOS MOCHIS,PAN,9230,51664,21,1131,52816,87988,9230,No
2018,25,SINALOA,5,LOS MOCHIS,PRI,7983,51664,21,1131,52816,87988,7983,No
2018,25,SINALOA,5,LOS MOCHIS,PRD,654,51664,21,1131,52816,87988,654,No
2018,25,SINALOA,5,LOS MOCHIS,PVEM,602,51664,21,1131,52816,87988,602,No
2018,25,SINALOA,5,LOS MOCHIS,PT,1438,51664,21,1131,52816,87988,1438,No
2018,25,SINALOA,5,LOS MOCHIS,MC,841,51664,21,1131,52816,87988,841,No
2018,25,SINALOA,5,LOS MOCHIS,NUAL,661,51664,21,1131,52816,87988,661,No
2018,25,SINALOA,5,LOS MOCHIS,PAS,2119,51664,21,1131,52816,87988,2119,No
2018,25,SINALOA,5,LOS MOCHIS,MORENA,24954,51664,21,1131,52816,87988,24954,No
2018,25,SINALOA,5,LOS MOCHIS,ES,699,51664,21,1131,52816,87988,699,No
2018,25,SINALOA,5,LOS MOCHIS,PAIS,737,51664,21,1131,52816,87988,737,No
2018,25,SINALOA,5,LOS MOCHIS,PAN_PRD_MC_PAS,97,51664,21,1131,52816,87988,12941,Sí
2018,25,SINALOA,5,LOS MOCHIS,PAN_PRD_MC,76,51664,21,1131,52816,87988,10801,Sí
2018,25,SINALOA,5,LOS MOCHIS,PAN_PRD_PAS,18,51664,21,1131,52816,87988,12021,Sí
2018,25,SINALOA,5,LOS MOCHIS,PAN_MC_PAS,27,51664,21,1131,52816,87988,12217,Sí
2018,25,SINALOA,5,LOS MOCHIS,PRD_MC_PAS,10,51664,21,1131,52816,87988,3624,Sí
2018,25,SINALOA,5,LOS MOCHIS,PAN_PRD,33,51664,21,1131,52816,87988,9917,Sí
2018,25,SINALOA,5,LOS MOCHIS,PAN_MC,15,51664,21,1131,52816,87988,10086,Sí
2018,25,SINALOA,5,LOS MOCHIS,PAN_PAS,21,51664,21,1131,52816,87988,11370,Sí
2018,25,SINALOA,5,LOS MOCHIS,PRD_MC,4,51664,21,1131,52816,87988,1499,Sí
2018,25,SINALOA,5,LOS MOCHIS,PRD_PAS,3,51664,21,1131,52816,87988,2776,Sí
2018,25,SINALOA,5,LOS MOCHIS,MC_PAS,20,51664,21,1131,52816,87988,2980,Sí
2018,25,SINALOA,5,LOS MOCHIS,PRI_PVEM_NUAL,196,51664,21,1131,52816,87988,9442,Sí
2018,25,SINALOA,5,LOS MOCHIS,PRI_PVEM,170,51664,21,1131,52816,87988,8755,Sí
2018,25,SINALOA,5,LOS MOCHIS,PRI_NUAL,40,51664,21,1131,52816,87988,8684,Sí
2018,25,SINALOA,5,LOS MOCHIS,PVEM_NUAL,8,51664,21,1131,52816,87988,1271,Sí
2018,25,SINALOA,5,LOS MOCHIS,PT_MORENA_ES,570,51664,21,1131,52816,87988,27661,Sí
2018,25,SINALOA,5,LOS MOCHIS,PT_MORENA,256,51664,21,1131,52816,87988,26648,Sí
2018,25,SINALOA,5,LOS MOCHIS,PT_ES,26,51664,21,1131,52816,87988,2163,Sí
2018,25,SINALOA,5,LOS MOCHIS,MORENA_ES,156,51664,21,1131,52816,87988,25809,Sí
2018,25,SINALOA,6,SINALOA DE LEYVA,PAN,2472,45518,13,2164,47828,78996,2472,No
2018,25,SINALOA,6,SINALOA DE LEYVA,PRI,17112,45518,13,2164,47828,78996,17112,No
2018,25,SINALOA,6,SINALOA DE LEYVA,PRD,1520,45518,13,2164,47828,78996,1520,No
2018,25,SINALOA,6,SINALOA DE LEYVA,PVEM,495,45518,13,2164,47828,78996,495,No
2018,25,SINALOA,6,SINALOA DE LEYVA,PT,2493,45518,13,2164,47828,78996,2493,No
2018,25,SINALOA,6,SINALOA DE LEYVA,MC,1142,45518,13,2164,47828,78996,1142,No
2018,25,SINALOA,6,SINALOA DE LEYVA,NUAL,857,45518,13,2164,47828,78996,857,No
2018,25,SINALOA,6,SINALOA DE LEYVA,PAS,2097,45518,13,2164,47828,78996,2097,No
2018,25,SINALOA,6,SINALOA DE LEYVA,MORENA,15134,45518,13,2164,47828,78996,15134,No
2018,25,SINALOA,6,SINALOA DE LEYVA,ES,601,45518,13,2164,47828,78996,601,No
2018,25,SINALOA,6,SINALOA DE LEYVA,PAIS,298,45518,13,2164,47828,78996,298,No
2018,25,SINALOA,6,SINALOA DE LEYVA,PAN_PRD_MC_PAS,14,45518,13,2164,47828,78996,7245,Sí
2018,25,SINALOA,6,SINALOA DE LEYVA,PAN_PRD_MC,29,45518,13,2164,47828,78996,5163,Sí
2018,25,SINALOA,6,SINALOA DE LEYVA,PAN_PRD_PAS,7,45518,13,2164,47828,78996,6096,Sí
2018,25,SINALOA,6,SINALOA DE LEYVA,PAN_MC_PAS,5,45518,13,2164,47828,78996,5716,Sí
2018,25,SINALOA,6,SINALOA DE LEYVA,PRD_MC_PAS,4,45518,13,2164,47828,78996,4763,Sí
2018,25,SINALOA,6,SINALOA DE LEYVA,PAN_PRD,36,45518,13,2164,47828,78996,4028,Sí
2018,25,SINALOA,6,SINALOA DE LEYVA,PAN_MC,27,45518,13,2164,47828,78996,3641,Sí
2018,25,SINALOA,6,SINALOA DE LEYVA,PAN_PAS,19,45518,13,2164,47828,78996,4588,Sí
2018,25,SINALOA,6,SINALOA DE LEYVA,PRD_MC,21,45518,13,2164,47828,78996,2683,Sí
2018,25,SINALOA,6,SINALOA DE LEYVA,PRD_PAS,10,45518,13,2164,47828,78996,3627,Sí
2018,25,SINALOA,6,SINALOA DE LEYVA,MC_PAS,44,45518,13,2164,47828,78996,3283,Sí
2018,25,SINALOA,6,SINALOA DE LEYVA,PT_MORENA_ES,316,45518,13,2164,47828,78996,18544,Sí
2018,25,SINALOA,6,SINALOA DE LEYVA,PT_MORENA,238,45518,13,2164,47828,78996,17865,Sí
2018,25,SINALOA,6,SINALOA DE LEYVA,PT_ES,41,45518,13,2164,47828,78996,3135,Sí
2018,25,SINALOA,6,SINALOA DE LEYVA,MORENA_ES,129,45518,13,2164,47828,78996,15864,Sí
2018,25,SINALOA,6,SINALOA DE LEYVA,C_COMUN_PRI_PVEM_NUAL,176,45518,13,2164,47828,78996,18640,Sí
2018,25,SINALOA,6,SINALOA DE LEYVA,C_COMUN_PRI_PVEM,94,45518,13,2164,47828,78996,17701,Sí
2018,25,SINALOA,6,SINALOA DE LEYVA,C_COMUN_PRI_NUAL,62,45518,13,2164,47828,78996,18031,Sí
2018,25,SINALOA,6,SINALOA DE LEYVA,C_COMUN_PVEM_NUAL,25,45518,13,2164,47828,78996,1377,Sí
2018,25,SINALOA,7,GUASAVE,PAN,2978,52393,31,1617,54041,83524,2978,No
2018,25,SINALOA,7,GUASAVE,PRI,14553,52393,31,1617,54041,83524,14553,No
2018,25,SINALOA,7,GUASAVE,PRD,741,52393,31,1617,54041,83524,741,No
2018,25,SINALOA,7,GUASAVE,PVEM,803,52393,31,1617,54041,83524,803,No
2018,25,SINALOA,7,GUASAVE,PT,4068,52393,31,1617,54041,83524,4068,No
2018,25,SINALOA,7,GUASAVE,MC,503,52393,31,1617,54041,83524,503,No
2018,25,SINALOA,7,GUASAVE,NUAL,1379,52393,31,1617,54041,83524,1379,No
2018,25,SINALOA,7,GUASAVE,PAS,1710,52393,31,1617,54041,83524,1710,No
2018,25,SINALOA,7,GUASAVE,MORENA,22045,52393,31,1617,54041,83524,22045,No
2018,25,SINALOA,7,GUASAVE,ES,972,52393,31,1617,54041,83524,972,No
2018,25,SINALOA,7,GUASAVE,PAIS,430,52393,31,1617,54041,83524,430,No
2018,25,SINALOA,7,GUASAVE,PAN_PRD_MC_PAS,16,52393,31,1617,54041,83524,5948,Sí
2018,25,SINALOA,7,GUASAVE,PAN_PRD_MC,33,52393,31,1617,54041,83524,4255,Sí
2018,25,SINALOA,7,GUASAVE,PAN_PRD_PAS,6,52393,31,1617,54041,83524,5435,Sí
2018,25,SINALOA,7,GUASAVE,PAN_MC_PAS,8,52393,31,1617,54041,83524,5199,Sí
2018,25,SINALOA,7,GUASAVE,PRD_MC_PAS,1,52393,31,1617,54041,83524,2955,Sí
2018,25,SINALOA,7,GUASAVE,PAN_PRD,16,52393,31,1617,54041,83524,3735,Sí
2018,25,SINALOA,7,GUASAVE,PAN_MC,8,52393,31,1617,54041,83524,3489,Sí
2018,25,SINALOA,7,GUASAVE,PAN_PAS,10,52393,31,1617,54041,83524,4698,Sí
2018,25,SINALOA,7,GUASAVE,PRD_MC,14,52393,31,1617,54041,83524,1258,Sí
2018,25,SINALOA,7,GUASAVE,PRD_PAS,10,52393,31,1617,54041,83524,2461,Sí
2018,25,SINALOA,7,GUASAVE,MC_PAS,20,52393,31,1617,54041,83524,2233,Sí
2018,25,SINALOA,7,GUASAVE,PRI_PVEM_NUAL,425,52393,31,1617,54041,83524,17160,Sí
2018,25,SINALOA,7,GUASAVE,PRI_PVEM,300,52393,31,1617,54041,83524,15656,Sí
2018,25,SINALOA,7,GUASAVE,PRI_NUAL,107,52393,31,1617,54041,83524,16039,Sí
2018,25,SINALOA,7,GUASAVE,PVEM_NUAL,27,52393,31,1617,54041,83524,2209,Sí
2018,25,SINALOA,7,GUASAVE,PT_MORENA_ES,613,52393,31,1617,54041,83524,27698,Sí
2018,25,SINALOA,7,GUASAVE,PT_MORENA,360,52393,31,1617,54041,83524,26473,Sí
2018,25,SINALOA,7,GUASAVE,PT_ES,48,52393,31,1617,54041,83524,5088,Sí
2018,25,SINALOA,7,GUASAVE,MORENA_ES,189,52393,31,1617,54041,83524,23206,Sí
2018,25,SINALOA,8,GUASAVE,PAN,2414,50585,27,1563,52175,82472,2414,No
2018,25,SINALOA,8,GUASAVE,PRI,15874,50585,27,1563,52175,82472,15874,No
2018,25,SINALOA,8,GUASAVE,PRD,795,50585,27,1563,52175,82472,795,No
2018,25,SINALOA,8,GUASAVE,PVEM,529,50585,27,1563,52175,82472,529,No
2018,25,SINALOA,8,GUASAVE,PT,1827,50585,27,1563,52175,82472,1827,No
2018,25,SINALOA,8,GUASAVE,MC,779,50585,27,1563,52175,82472,779,No
2018,25,SINALOA,8,GUASAVE,NUAL,802,50585,27,1563,52175,82472,802,No
2018,25,SINALOA,8,GUASAVE,PAS,3080,50585,27,1563,52175,82472,3080,No
2018,25,SINALOA,8,GUASAVE,MORENA,21382,50585,27,1563,52175,82472,21382,No
2018,25,SINALOA,8,GUASAVE,ES,708,50585,27,1563,52175,82472,708,No
2018,25,SINALOA,8,GUASAVE,PAIS,539,50585,27,1563,52175,82472,539,No
2018,25,SINALOA,8,GUASAVE,PAN_PRD_MC_PAS,22,50585,27,1563,52175,82472,7090,Sí
2018,25,SINALOA,8,GUASAVE,PAN_PRD_MC,33,50585,27,1563,52175,82472,4021,Sí
2018,25,SINALOA,8,GUASAVE,PAN_PRD_PAS,13,50585,27,1563,52175,82472,6302,Sí
2018,25,SINALOA,8,GUASAVE,PAN_MC_PAS,3,50585,27,1563,52175,82472,6276,Sí
2018,25,SINALOA,8,GUASAVE,PRD_MC_PAS,1,50585,27,1563,52175,82472,4655,Sí
2018,25,SINALOA,8,GUASAVE,PAN_PRD,18,50585,27,1563,52175,82472,3227,Sí
2018,25,SINALOA,8,GUASAVE,PAN_MC,11,50585,27,1563,52175,82472,3204,Sí
2018,25,SINALOA,8,GUASAVE,PAN_PAS,14,50585,27,1563,52175,82472,5508,Sí
2018,25,SINALOA,8,GUASAVE,PRD_MC,7,50585,27,1563,52175,82472,1581,Sí
2018,25,SINALOA,8,GUASAVE,PRD_PAS,4,50585,27,1563,52175,82472,3879,Sí
2018,25,SINALOA,8,GUASAVE,MC_PAS,18,50585,27,1563,52175,82472,3877,Sí
2018,25,SINALOA,8,GUASAVE,PRI_PVEM_NUAL,329,50585,27,1563,52175,82472,17534,Sí
2018,25,SINALOA,8,GUASAVE,PRI_PVEM,295,50585,27,1563,52175,82472,16698,Sí
2018,25,SINALOA,8,GUASAVE,PRI_NUAL,79,50585,27,1563,52175,82472,16755,Sí
2018,25,SINALOA,8,GUASAVE,PVEM_NUAL,20,50585,27,1563,52175,82472,1351,Sí
2018,25,SINALOA,8,GUASAVE,PT_MORENA_ES,534,50585,27,1563,52175,82472,24451,Sí
2018,25,SINALOA,8,GUASAVE,PT_MORENA,220,50585,27,1563,52175,82472,23429,Sí
2018,25,SINALOA,8,GUASAVE,PT_ES,39,50585,27,1563,52175,82472,2574,Sí
2018,25,SINALOA,8,GUASAVE,MORENA_ES,196,50585,27,1563,52175,82472,22286,Sí
2018,25,SINALOA,9,GUAMUCHIL,PAN,10968,62068,10,2217,64395,96746,10968,No
2018,25,SINALOA,9,GUAMUCHIL,PRI,14145,62068,10,2217,64395,96746,14145,No
2018,25,SINALOA,9,GUAMUCHIL,PRD,4042,62068,10,2217,64395,96746,4042,No
2018,25,SINALOA,9,GUAMUCHIL,PVEM,861,62068,10,2217,64395,96746,861,No
2018,25,SINALOA,9,GUAMUCHIL,PT,922,62068,10,2217,64395,96746,922,No
2018,25,SINALOA,9,GUAMUCHIL,MC,2517,62068,10,2217,64395,96746,2517,No
2018,25,SINALOA,9,GUAMUCHIL,NUAL,962,62068,10,2217,64395,96746,962,No
2018,25,SINALOA,9,GUAMUCHIL,PAS,8332,62068,10,2217,64395,96746,8332,No
2018,25,SINALOA,9,GUAMUCHIL,MORENA,15357,62068,10,2217,64395,96746,15357,No
2018,25,SINALOA,9,GUAMUCHIL,ES,1299,62068,10,2217,64395,96746,1299,No
2018,25,SINALOA,9,GUAMUCHIL,PAIS,420,62068,10,2217,64395,96746,420,No
2018,25,SINALOA,9,GUAMUCHIL,PAN_PRD_MC_PAS,321,62068,10,2217,64395,96746,26180,Sí
2018,25,SINALOA,9,GUAMUCHIL,PAN_PRD_MC,125,62068,10,2217,64395,96746,17652,Sí
2018,25,SINALOA,9,GUAMUCHIL,PAN_PRD_PAS,105,62068,10,2217,64395,96746,23447,Sí
2018,25,SINALOA,9,GUAMUCHIL,PAN_MC_PAS,46,62068,10,2217,64395,96746,21863,Sí
2018,25,SINALOA,9,GUAMUCHIL,PRD_MC_PAS,48,62068,10,2217,64395,96746,14939,Sí
2018,25,SINALOA,9,GUAMUCHIL,PAN_PRD,58,62068,10,2217,64395,96746,15068,Sí
2018,25,SINALOA,9,GUAMUCHIL,PAN_MC,60,62068,10,2217,64395,96746,13545,Sí
2018,25,SINALOA,9,GUAMUCHIL,PAN_PAS,117,62068,10,2217,64395,96746,19417,Sí
2018,25,SINALOA,9,GUAMUCHIL,PRD_MC,26,62068,10,2217,64395,96746,6585,Sí
2018,25,SINALOA,9,GUAMUCHIL,PRD_PAS,49,62068,10,2217,64395,96746,12423,Sí
2018,25,SINALOA,9,GUAMUCHIL,MC_PAS,68,62068,10,2217,64395,96746,10917,Sí
2018,25,SINALOA,9,GUAMUCHIL,PRI_PVEM_NUAL,250,62068,10,2217,64395,96746,16218,Sí
2018,25,SINALOA,9,GUAMUCHIL,PRI_PVEM,281,62068,10,2217,64395,96746,15287,Sí
2018,25,SINALOA,9,GUAMUCHIL,PRI_NUAL,65,62068,10,2217,64395,96746,15172,Sí
2018,25,SINALOA,9,GUAMUCHIL,PVEM_NUAL,19,62068,10,2217,64395,96746,1842,Sí
2018,25,SINALOA,9,GUAMUCHIL,PT_MORENA_ES,304,62068,10,2217,64395,96746,17882,Sí
2018,25,SINALOA,9,GUAMUCHIL,PT_MORENA,116,62068,10,2217,64395,96746,16395,Sí
2018,25,SINALOA,9,GUAMUCHIL,PT_ES,24,62068,10,2217,64395,96746,2245,Sí
2018,25,SINALOA,9,GUAMUCHIL,MORENA_ES,161,62068,10,2217,64395,96746,16817,Sí
2018,26,Sonora,1,SAN LUIS RÍO COLORADO,PAN,8918,42206,53,1300,43559,101463,8918,No
2018,26,Sonora,1,SAN LUIS RÍO COLORADO,PRI,0,42206,53,1300,43559,101463,0,No
2018,26,Sonora,1,SAN LUIS RÍO COLORADO,PRD,721,42206,53,1300,43559,101463,721,No
2018,26,Sonora,1,SAN LUIS RÍO COLORADO,PVEM,0,42206,53,1300,43559,101463,0,No
2018,26,Sonora,1,SAN LUIS RÍO COLORADO,PT,1508,42206,53,1300,43559,101463,1508,No
2018,26,Sonora,1,SAN LUIS RÍO COLORADO,MC,1048,42206,53,1300,43559,101463,1048,No
2018,26,Sonora,1,SAN LUIS RÍO COLORADO,NUAL,0,42206,53,1300,43559,101463,0,No
2018,26,Sonora,1,SAN LUIS RÍO COLORADO,MORENA,15207,42206,53,1300,43559,101463,15207,No
2018,26,Sonora,1,SAN LUIS RÍO COLORADO,ES,931,42206,53,1300,43559,101463,931,No
2018,26,Sonora,1,SAN LUIS RÍO COLORADO,MAS,601,42206,53,1300,43559,101463,601,No
2018,26,Sonora,1,SAN LUIS RÍO COLORADO,PAN_PRD,153,42206,53,1300,43559,101463,9792,Sí
2018,26,Sonora,1,SAN LUIS RÍO COLORADO,PT_MORENA_ES,371,42206,53,1300,43559,101463,18017,Sí
2018,26,Sonora,1,SAN LUIS RÍO COLORADO,PT_MORENA,195,42206,53,1300,43559,101463,16910,Sí
2018,26,Sonora,1,SAN LUIS RÍO COLORADO,PT_ES,38,42206,53,1300,43559,101463,2477,Sí
2018,26,Sonora,1,SAN LUIS RÍO COLORADO,MORENA_ES,134,42206,53,1300,43559,101463,16272,Sí
2018,26,Sonora,1,SAN LUIS RÍO COLORADO,C_COMUN_PRI_PVEM_NUAL,10248,42206,53,1300,43559,101463,10248,Sí
2018,26,Sonora,1,SAN LUIS RÍO COLORADO,Candidatura Independiente,2133,42206,53,1300,43559,101463,2133,No
2018,26,Sonora,10,HERMOSILLO,PAN,7373,49849,34,1740,51623,99598,7373,No
2018,26,Sonora,10,HERMOSILLO,PRI,12389,49849,34,1740,51623,99598,12389,No
2018,26,Sonora,10,HERMOSILLO,PRD,547,49849,34,1740,51623,99598,547,No
2018,26,Sonora,10,HERMOSILLO,PVEM,1162,49849,34,1740,51623,99598,1162,No
2018,26,Sonora,10,HERMOSILLO,PT,1258,49849,34,1740,51623,99598,1258,No
2018,26,Sonora,10,HERMOSILLO,MC,3579,49849,34,1740,51623,99598,3579,No
2018,26,Sonora,10,HERMOSILLO,NUAL,1055,49849,34,1740,51623,99598,1055,No
2018,26,Sonora,10,HERMOSILLO,MORENA,19176,49849,34,1740,51623,99598,19176,No
2018,26,Sonora,10,HERMOSILLO,ES,632,49849,34,1740,51623,99598,632,No
2018,26,Sonora,10,HERMOSILLO,MAS,1233,49849,34,1740,51623,99598,1233,No
2018,26,Sonora,10,HERMOSILLO,PAN_PRD,126,49849,34,1740,51623,99598,8046,Sí
2018,26,Sonora,10,HERMOSILLO,PRI_PVEM_NUAL,321,49849,34,1740,51623,99598,14927,Sí
2018,26,Sonora,10,HERMOSILLO,PRI_PVEM,296,49849,34,1740,51623,99598,13847,Sí
2018,26,Sonora,10,HERMOSILLO,PRI_NUAL,46,49849,34,1740,51623,99598,13490,Sí
2018,26,Sonora,10,HERMOSILLO,PVEM_NUAL,17,49849,34,1740,51623,99598,2234,Sí
2018,26,Sonora,10,HERMOSILLO,PT_MORENA_ES,358,49849,34,1740,51623,99598,21424,Sí
2018,26,Sonora,10,HERMOSILLO,PT_MORENA,174,49849,34,1740,51623,99598,20608,Sí
2018,26,Sonora,10,HERMOSILLO,PT_ES,10,49849,34,1740,51623,99598,1900,Sí
2018,26,Sonora,10,HERMOSILLO,MORENA_ES,97,49849,34,1740,51623,99598,19905,Sí
2018,26,Sonora,11,HERMOSILLO,PAN,4262,41025,60,1305,42390,94849,4262,No
2018,26,Sonora,11,HERMOSILLO,PRI,11550,41025,60,1305,42390,94849,11550,No
2018,26,Sonora,11,HERMOSILLO,PRD,449,41025,60,1305,42390,94849,449,No
2018,26,Sonora,11,HERMOSILLO,PVEM,991,41025,60,1305,42390,94849,991,No
2018,26,Sonora,11,HERMOSILLO,PT,1261,41025,60,1305,42390,94849,1261,No
2018,26,Sonora,11,HERMOSILLO,MC,2344,41025,60,1305,42390,94849,2344,No
2018,26,Sonora,11,HERMOSILLO,NUAL,940,41025,60,1305,42390,94849,940,No
2018,26,Sonora,11,HERMOSILLO,MORENA,16668,41025,60,1305,42390,94849,16668,No
2018,26,Sonora,11,HERMOSILLO,ES,503,41025,60,1305,42390,94849,503,No
2018,26,Sonora,11,HERMOSILLO,MAS,729,41025,60,1305,42390,94849,729,No
2018,26,Sonora,11,HERMOSILLO,PAN_PRD,68,41025,60,1305,42390,94849,4779,Sí
2018,26,Sonora,11,HERMOSILLO,PRI_PVEM_NUAL,275,41025,60,1305,42390,94849,13756,Sí
2018,26,Sonora,11,HERMOSILLO,PRI_PVEM,252,41025,60,1305,42390,94849,12793,Sí
2018,26,Sonora,11,HERMOSILLO,PRI_NUAL,65,41025,60,1305,42390,94849,12555,Sí
2018,26,Sonora,11,HERMOSILLO,PVEM_NUAL,17,41025,60,1305,42390,94849,1948,Sí
2018,26,Sonora,11,HERMOSILLO,PT_MORENA_ES,378,41025,60,1305,42390,94849,18810,Sí
2018,26,Sonora,11,HERMOSILLO,PT_MORENA,170,41025,60,1305,42390,94849,18099,Sí
2018,26,Sonora,11,HERMOSILLO,PT_ES,20,41025,60,1305,42390,94849,1784,Sí
2018,26,Sonora,11,HERMOSILLO,MORENA_ES,83,41025,60,1305,42390,94849,17254,Sí
2018,26,Sonora,12,HERMOSILLO,PAN,7467,45894,35,1349,47278,96441,7467,No
2018,26,Sonora,12,HERMOSILLO,PRI,10839,45894,35,1349,47278,96441,10839,No
2018,26,Sonora,12,HERMOSILLO,PRD,490,45894,35,1349,47278,96441,490,No
2018,26,Sonora,12,HERMOSILLO,PVEM,951,45894,35,1349,47278,96441,951,No
2018,26,Sonora,12,HERMOSILLO,PT,1306,45894,35,1349,47278,96441,1306,No
2018,26,Sonora,12,HERMOSILLO,MC,3491,45894,35,1349,47278,96441,3491,No
2018,26,Sonora,12,HERMOSILLO,NUAL,978,45894,35,1349,47278,96441,978,No
2018,26,Sonora,12,HERMOSILLO,MORENA,17324,45894,35,1349,47278,96441,17324,No
2018,26,Sonora,12,HERMOSILLO,ES,558,45894,35,1349,47278,96441,558,No
2018,26,Sonora,12,HERMOSILLO,MAS,1254,45894,35,1349,47278,96441,1254,No
2018,26,Sonora,12,HERMOSILLO,PAN_PRD,137,45894,35,1349,47278,96441,8094,Sí
2018,26,Sonora,12,HERMOSILLO,PRI_PVEM_NUAL,214,45894,35,1349,47278,96441,12982,Sí
2018,26,Sonora,12,HERMOSILLO,PRI_PVEM,222,45894,35,1349,47278,96441,12012,Sí
2018,26,Sonora,12,HERMOSILLO,PRI_NUAL,45,45894,35,1349,47278,96441,11862,Sí
2018,26,Sonora,12,HERMOSILLO,PVEM_NUAL,20,45894,35,1349,47278,96441,1949,Sí
2018,26,Sonora,12,HERMOSILLO,PT_MORENA_ES,271,45894,35,1349,47278,96441,19459,Sí
2018,26,Sonora,12,HERMOSILLO,PT_MORENA,192,45894,35,1349,47278,96441,18822,Sí
2018,26,Sonora,12,HERMOSILLO,PT_ES,15,45894,35,1349,47278,96441,1879,Sí
2018,26,Sonora,12,HERMOSILLO,MORENA_ES,120,45894,35,1349,47278,96441,18002,Sí
2018,26,Sonora,13,GUAYMAS,PAN,6506,48347,43,1273,49663,96727,6506,No
2018,26,Sonora,13,GUAYMAS,PRI,0,48347,43,1273,49663,96727,0,No
2018,26,Sonora,13,GUAYMAS,PRD,1136,48347,43,1273,49663,96727,1136,No
2018,26,Sonora,13,GUAYMAS,PVEM,0,48347,43,1273,49663,96727,0,No
2018,26,Sonora,13,GUAYMAS,PT,2989,48347,43,1273,49663,96727,2989,No
2018,26,Sonora,13,GUAYMAS,MC,1812,48347,43,1273,49663,96727,1812,No
2018,26,Sonora,13,GUAYMAS,NUAL,0,48347,43,1273,49663,96727,0,No
2018,26,Sonora,13,GUAYMAS,MORENA,18938,48347,43,1273,49663,96727,18938,No
2018,26,Sonora,13,GUAYMAS,ES,548,48347,43,1273,49663,96727,548,No
2018,26,Sonora,13,GUAYMAS,MAS,1335,48347,43,1273,49663,96727,1335,No
2018,26,Sonora,13,GUAYMAS,PAN_PRD,186,48347,43,1273,49663,96727,7828,Sí
2018,26,Sonora,13,GUAYMAS,PT_MORENA_ES,488,48347,43,1273,49663,96727,22963,Sí
2018,26,Sonora,13,GUAYMAS,PT_MORENA,374,48347,43,1273,49663,96727,22301,Sí
2018,26,Sonora,13,GUAYMAS,PT_ES,50,48347,43,1273,49663,96727,3587,Sí
2018,26,Sonora,13,GUAYMAS,MORENA_ES,144,48347,43,1273,49663,96727,19630,Sí
2018,26,Sonora,13,GUAYMAS,C_COMUN_PRI_PVEM_NUAL,10753,48347,43,1273,49663,96727,10753,Sí
2018,26,Sonora,13,GUAYMAS,Candidatura Independiente,3088,48347,43,1273,49663,96727,3088,No
2018,26,Sonora,14,EMPALME,PAN,3021,37319,11,1323,38653,88292,3021,No
2018,26,Sonora,14,EMPALME,PRI,0,37319,11,1323,38653,88292,0,No
2018,26,Sonora,14,EMPALME,PRD,2603,37319,11,1323,38653,88292,2603,No
2018,26,Sonora,14,EMPALME,PVEM,0,37319,11,1323,38653,88292,0,No
2018,26,Sonora,14,EMPALME,PT,1748,37319,11,1323,38653,88292,1748,No
2018,26,Sonora,14,EMPALME,MC,2218,37319,11,1323,38653,88292,2218,No
2018,26,Sonora,14,EMPALME,NUAL,0,37319,11,1323,38653,88292,0,No
2018,26,Sonora,14,EMPALME,MORENA,17356,37319,11,1323,38653,88292,17356,No
2018,26,Sonora,14,EMPALME,ES,494,37319,11,1323,38653,88292,494,No
2018,26,Sonora,14,EMPALME,MAS,1303,37319,11,1323,38653,88292,1303,No
2018,26,Sonora,14,EMPALME,PAN_PRD,206,37319,11,1323,38653,88292,5830,Sí
2018,26,Sonora,14,EMPALME,PT_MORENA_ES,416,37319,11,1323,38653,88292,20014,Sí
2018,26,Sonora,14,EMPALME,PT_MORENA,263,37319,11,1323,38653,88292,19367,Sí
2018,26,Sonora,14,EMPALME,PT_ES,28,37319,11,1323,38653,88292,2270,Sí
2018,26,Sonora,14,EMPALME,MORENA_ES,108,37319,11,1323,38653,88292,17958,Sí
2018,26,Sonora,14,EMPALME,C_COMUN_PRI_PVEM_NUAL,7555,37319,11,1323,38653,88292,7555,Sí
2018,26,Sonora,15,CD. OBREGÓN,PAN,1887,52020,41,1556,53617,107171,1887,No
2018,26,Sonora,15,CD. OBREGÓN,PRI,11270,52020,41,1556,53617,107171,11270,No
2018,26,Sonora,15,CD. OBREGÓN,PRD,548,52020,41,1556,53617,107171,548,No
2018,26,Sonora,15,CD. OBREGÓN,PVEM,1085,52020,41,1556,53617,107171,1085,No
2018,26,Sonora,15,CD. OBREGÓN,PT,1188,52020,41,1556,53617,107171,1188,No
2018,26,Sonora,15,CD. OBREGÓN,MC,3412,52020,41,1556,53617,107171,3412,No
2018,26,Sonora,15,CD. OBREGÓN,NUAL,1170,52020,41,1556,53617,107171,1170,No
2018,26,Sonora,15,CD. OBREGÓN,MORENA,24279,52020,41,1556,53617,107171,24279,No
2018,26,Sonora,15,CD. OBREGÓN,ES,505,52020,41,1556,53617,107171,505,No
2018,26,Sonora,15,CD. OBREGÓN,MAS,863,52020,41,1556,53617,107171,863,No
2018,26,Sonora,15,CD. OBREGÓN,PAN_PRD,67,52020,41,1556,53617,107171,2502,Sí
2018,26,Sonora,15,CD. OBREGÓN,PRI_PVEM_NUAL,356,52020,41,1556,53617,107171,13881,Sí
2018,26,Sonora,15,CD. OBREGÓN,PRI_PVEM,210,52020,41,1556,53617,107171,12565,Sí
2018,26,Sonora,15,CD. OBREGÓN,PRI_NUAL,59,52020,41,1556,53617,107171,12499,Sí
2018,26,Sonora,15,CD. OBREGÓN,PVEM_NUAL,19,52020,41,1556,53617,107171,2274,Sí
2018,26,Sonora,15,CD. OBREGÓN,PT_MORENA_ES,540,52020,41,1556,53617,107171,26512,Sí
2018,26,Sonora,15,CD. OBREGÓN,PT_MORENA,221,52020,41,1556,53617,107171,25688,Sí
2018,26,Sonora,15,CD. OBREGÓN,PT_ES,24,52020,41,1556,53617,107171,1717,Sí
2018,26,Sonora,15,CD. OBREGÓN,MORENA_ES,181,52020,41,1556,53617,107171,24965,Sí
2018,26,Sonora,15,CD. OBREGÓN,Candidatura Independiente,4136,52020,41,1556,53617,107171,4136,No
2018,26,Sonora,16,CD. OBREGÓN,PAN,3539,52014,91,1666,53771,105320,3539,No
2018,26,Sonora,16,CD. OBREGÓN,PRI,9145,52014,91,1666,53771,105320,9145,No
2018,26,Sonora,16,CD. OBREGÓN,PRD,552,52014,91,1666,53771,105320,552,No
2018,26,Sonora,16,CD. OBREGÓN,PVEM,1127,52014,91,1666,53771,105320,1127,No
2018,26,Sonora,16,CD. OBREGÓN,PT,1319,52014,91,1666,53771,105320,1319,No
2018,26,Sonora,16,CD. OBREGÓN,MC,5939,52014,91,1666,53771,105320,5939,No
2018,26,Sonora,16,CD. OBREGÓN,NUAL,728,52014,91,1666,53771,105320,728,No
2018,26,Sonora,16,CD. OBREGÓN,MORENA,19262,52014,91,1666,53771,105320,19262,No
2018,26,Sonora,16,CD. OBREGÓN,ES,416,52014,91,1666,53771,105320,416,No
2018,26,Sonora,16,CD. OBREGÓN,MAS,411,52014,91,1666,53771,105320,411,No
2018,26,Sonora,16,CD. OBREGÓN,PAN_PRD,61,52014,91,1666,53771,105320,4152,Sí
2018,26,Sonora,16,CD. OBREGÓN,PRI_PVEM_NUAL,225,52014,91,1666,53771,105320,11225,Sí
2018,26,Sonora,16,CD. OBREGÓN,PRI_PVEM,199,52014,91,1666,53771,105320,10471,Sí
2018,26,Sonora,16,CD. OBREGÓN,PRI_NUAL,35,52014,91,1666,53771,105320,9908,Sí
2018,26,Sonora,16,CD. OBREGÓN,PVEM_NUAL,37,52014,91,1666,53771,105320,1892,Sí
2018,26,Sonora,16,CD. OBREGÓN,PT_MORENA_ES,435,52014,91,1666,53771,105320,21432,Sí
2018,26,Sonora,16,CD. OBREGÓN,PT_MORENA,235,52014,91,1666,53771,105320,20816,Sí
2018,26,Sonora,16,CD. OBREGÓN,PT_ES,22,52014,91,1666,53771,105320,1757,Sí
2018,26,Sonora,16,CD. OBREGÓN,MORENA_ES,144,52014,91,1666,53771,105320,19822,Sí
2018,26,Sonora,16,CD. OBREGÓN,Candidatura Independiente,8183,52014,91,1666,53771,105320,8183,No
2018,26,Sonora,17,CD. OBREGÓN,PAN,2459,54230,39,1463,55732,107956,2459,No
2018,26,Sonora,17,CD. OBREGÓN,PRI,8774,54230,39,1463,55732,107956,8774,No
2018,26,Sonora,17,CD. OBREGÓN,PRD,593,54230,39,1463,55732,107956,593,No
2018,26,Sonora,17,CD. OBREGÓN,PVEM,810,54230,39,1463,55732,107956,810,No
2018,26,Sonora,17,CD. OBREGÓN,PT,1196,54230,39,1463,55732,107956,1196,No
2018,26,Sonora,17,CD. OBREGÓN,MC,3985,54230,39,1463,55732,107956,3985,No
2018,26,Sonora,17,CD. OBREGÓN,NUAL,910,54230,39,1463,55732,107956,910,No
2018,26,Sonora,17,CD. OBREGÓN,MORENA,26853,54230,39,1463,55732,107956,26853,No
2018,26,Sonora,17,CD. OBREGÓN,ES,487,54230,39,1463,55732,107956,487,No
2018,26,Sonora,17,CD. OBREGÓN,MAS,581,54230,39,1463,55732,107956,581,No
2018,26,Sonora,17,CD. OBREGÓN,PAN_PRD,58,54230,39,1463,55732,107956,3110,Sí
2018,26,Sonora,17,CD. OBREGÓN,PRI_PVEM_NUAL,200,54230,39,1463,55732,107956,10694,Sí
2018,26,Sonora,17,CD. OBREGÓN,PRI_PVEM,134,54230,39,1463,55732,107956,9718,Sí
2018,26,Sonora,17,CD. OBREGÓN,PRI_NUAL,33,54230,39,1463,55732,107956,9717,Sí
2018,26,Sonora,17,CD. OBREGÓN,PVEM_NUAL,10,54230,39,1463,55732,107956,1730,Sí
2018,26,Sonora,17,CD. OBREGÓN,PT_MORENA_ES,486,54230,39,1463,55732,107956,29022,Sí
2018,26,Sonora,17,CD. OBREGÓN,PT_MORENA,230,54230,39,1463,55732,107956,28279,Sí
2018,26,Sonora,17,CD. OBREGÓN,PT_ES,15,54230,39,1463,55732,107956,1698,Sí
2018,26,Sonora,17,CD. OBREGÓN,MORENA_ES,121,54230,39,1463,55732,107956,27461,Sí
2018,26,Sonora,17,CD. OBREGÓN,Candidatura Independiente,6295,54230,39,1463,55732,107956,6295,No
2018,26,Sonora,18,SANTA ANA,PAN,17650,73635,25,3485,77145,114519,17650,No
2018,26,Sonora,18,SANTA ANA,PRI,0,73635,25,3485,77145,114519,0,No
2018,26,Sonora,18,SANTA ANA,PRD,2019,73635,25,3485,77145,114519,2019,No
2018,26,Sonora,18,SANTA ANA,PVEM,0,73635,25,3485,77145,114519,0,No
2018,26,Sonora,18,SANTA ANA,PT,2842,73635,25,3485,77145,114519,2842,No
2018,26,Sonora,18,SANTA ANA,MC,2757,73635,25,3485,77145,114519,2757,No
2018,26,Sonora,18,SANTA ANA,NUAL,0,73635,25,3485,77145,114519,0,No
2018,26,Sonora,18,SANTA ANA,MORENA,15397,73635,25,3485,77145,114519,15397,No
2018,26,Sonora,18,SANTA ANA,ES,610,73635,25,3485,77145,114519,610,No
2018,26,Sonora,18,SANTA ANA,MAS,1912,73635,25,3485,77145,114519,1912,No
2018,26,Sonora,18,SANTA ANA,PAN_PRD,553,73635,25,3485,77145,114519,20222,Sí
2018,26,Sonora,18,SANTA ANA,C_COMUN_PRI_PVEM_NUAL,29895,73635,25,3485,77145,114519,29895,Sí
2018,26,Sonora,19,NAVOJOA,PAN,4728,47639,19,1285,48943,93366,4728,No
2018,26,Sonora,19,NAVOJOA,PRI,14019,47639,19,1285,48943,93366,14019,No
2018,26,Sonora,19,NAVOJOA,PRD,644,47639,19,1285,48943,93366,644,No
2018,26,Sonora,19,NAVOJOA,PVEM,862,47639,19,1285,48943,93366,862,No
2018,26,Sonora,19,NAVOJOA,PT,1096,47639,19,1285,48943,93366,1096,No
2018,26,Sonora,19,NAVOJOA,MC,868,47639,19,1285,48943,93366,868,No
2018,26,Sonora,19,NAVOJOA,NUAL,876,47639,19,1285,48943,93366,876,No
2018,26,Sonora,19,NAVOJOA,MORENA,22234,47639,19,1285,48943,93366,22234,No
2018,26,Sonora,19,NAVOJOA,ES,368,47639,19,1285,48943,93366,368,No
2018,26,Sonora,19,NAVOJOA,MAS,521,47639,19,1285,48943,93366,521,No
2018,26,Sonora,19,NAVOJOA,PAN_PRD,93,47639,19,1285,48943,93366,5465,Sí
2018,26,Sonora,19,NAVOJOA,PRI_PVEM_NUAL,266,47639,19,1285,48943,93366,16023,Sí
2018,26,Sonora,19,NAVOJOA,PRI_PVEM,233,47639,19,1285,48943,93366,15114,Sí
2018,26,Sonora,19,NAVOJOA,PRI_NUAL,53,47639,19,1285,48943,93366,14948,Sí
2018,26,Sonora,19,NAVOJOA,PVEM_NUAL,20,47639,19,1285,48943,93366,1758,Sí
2018,26,Sonora,19,NAVOJOA,PT_MORENA_ES,360,47639,19,1285,48943,93366,24058,Sí
2018,26,Sonora,19,NAVOJOA,PT_MORENA,254,47639,19,1285,48943,93366,23584,Sí
2018,26,Sonora,19,NAVOJOA,PT_ES,27,47639,19,1285,48943,93366,1491,Sí
2018,26,Sonora,19,NAVOJOA,MORENA_ES,117,47639,19,1285,48943,93366,22719,Sí
2018,26,Sonora,2,PUERTO PEÑASCO,PAN,9562,37318,58,1417,38793,94602,9562,No
2018,26,Sonora,2,PUERTO PEÑASCO,PRI,0,37318,58,1417,38793,94602,0,No
2018,26,Sonora,2,PUERTO PEÑASCO,PRD,715,37318,58,1417,38793,94602,715,No
2018,26,Sonora,2,PUERTO PEÑASCO,PVEM,0,37318,58,1417,38793,94602,0,No
2018,26,Sonora,2,PUERTO PEÑASCO,PT,1285,37318,58,1417,38793,94602,1285,No
2018,26,Sonora,2,PUERTO PEÑASCO,MC,1140,37318,58,1417,38793,94602,1140,No
2018,26,Sonora,2,PUERTO PEÑASCO,NUAL,0,37318,58,1417,38793,94602,0,No
2018,26,Sonora,2,PUERTO PEÑASCO,MORENA,12652,37318,58,1417,38793,94602,12652,No
2018,26,Sonora,2,PUERTO PEÑASCO,ES,669,37318,58,1417,38793,94602,669,No
2018,26,Sonora,2,PUERTO PEÑASCO,MAS,1031,37318,58,1417,38793,94602,1031,No
2018,26,Sonora,2,PUERTO PEÑASCO,PAN_PRD,174,37318,58,1417,38793,94602,10451,Sí
2018,26,Sonora,2,PUERTO PEÑASCO,PT_MORENA_ES,274,37318,58,1417,38793,94602,14880,Sí
2018,26,Sonora,2,PUERTO PEÑASCO,PT_MORENA,167,37318,58,1417,38793,94602,14104,Sí
2018,26,Sonora,2,PUERTO PEÑASCO,PT_ES,28,37318,58,1417,38793,94602,1982,Sí
2018,26,Sonora,2,PUERTO PEÑASCO,MORENA_ES,98,37318,58,1417,38793,94602,13419,Sí
2018,26,Sonora,2,PUERTO PEÑASCO,C_COMUN_PRI_PVEM_NUAL,9523,37318,58,1417,38793,94602,9523,Sí
2018,26,Sonora,20,ETCHOJOA,PAN,5007,48668,14,1795,50477,87674,5007,No
2018,26,Sonora,20,ETCHOJOA,PRI,13805,48668,14,1795,50477,87674,13805,No
2018,26,Sonora,20,ETCHOJOA,PRD,1728,48668,14,1795,50477,87674,1728,No
2018,26,Sonora,20,ETCHOJOA,PVEM,520,48668,14,1795,50477,87674,520,No
2018,26,Sonora,20,ETCHOJOA,PT,1412,48668,14,1795,50477,87674,1412,No
2018,26,Sonora,20,ETCHOJOA,MC,979,48668,14,1795,50477,87674,979,No
2018,26,Sonora,20,ETCHOJOA,NUAL,947,48668,14,1795,50477,87674,947,No
2018,26,Sonora,20,ETCHOJOA,MORENA,21555,48668,14,1795,50477,87674,21555,No
2018,26,Sonora,20,ETCHOJOA,ES,444,48668,14,1795,50477,87674,444,No
2018,26,Sonora,20,ETCHOJOA,MAS,290,48668,14,1795,50477,87674,290,No
2018,26,Sonora,20,ETCHOJOA,PAN_PRD,209,48668,14,1795,50477,87674,6944,Sí
2018,26,Sonora,20,ETCHOJOA,PRI_PVEM_NUAL,397,48668,14,1795,50477,87674,15669,Sí
2018,26,Sonora,20,ETCHOJOA,PRI_PVEM,331,48668,14,1795,50477,87674,14656,Sí
2018,26,Sonora,20,ETCHOJOA,PRI_NUAL,83,48668,14,1795,50477,87674,14835,Sí
2018,26,Sonora,20,ETCHOJOA,PVEM_NUAL,16,48668,14,1795,50477,87674,1483,Sí
2018,26,Sonora,20,ETCHOJOA,PT_MORENA_ES,468,48668,14,1795,50477,87674,23879,Sí
2018,26,Sonora,20,ETCHOJOA,PT_MORENA,287,48668,14,1795,50477,87674,23254,Sí
2018,26,Sonora,20,ETCHOJOA,PT_ES,30,48668,14,1795,50477,87674,1886,Sí
2018,26,Sonora,20,ETCHOJOA,MORENA_ES,160,48668,14,1795,50477,87674,22159,Sí
2018,26,Sonora,21,HUATABAMPO,PAN,5640,54141,6,2705,56852,92378,5640,No
2018,26,Sonora,21,HUATABAMPO,PRI,0,54141,6,2705,56852,92378,0,No
2018,26,Sonora,21,HUATABAMPO,PRD,618,54141,6,2705,56852,92378,618,No
2018,26,Sonora,21,HUATABAMPO,PVEM,0,54141,6,2705,56852,92378,0,No
2018,26,Sonora,21,HUATABAMPO,PT,835,54141,6,2705,56852,92378,835,No
2018,26,Sonora,21,HUATABAMPO,MC,4815,54141,6,2705,56852,92378,4815,No
2018,26,Sonora,21,HUATABAMPO,NUAL,0,54141,6,2705,56852,92378,0,No
2018,26,Sonora,21,HUATABAMPO,MORENA,7341,54141,6,2705,56852,92378,7341,No
2018,26,Sonora,21,HUATABAMPO,ES,175,54141,6,2705,56852,92378,175,No
2018,26,Sonora,21,HUATABAMPO,MAS,626,54141,6,2705,56852,92378,626,No
2018,26,Sonora,21,HUATABAMPO,PAN_PRD,7082,54141,6,2705,56852,92378,13340,Sí
2018,26,Sonora,21,HUATABAMPO,PT_MORENA_ES,10642,54141,6,2705,56852,92378,18993,Sí
2018,26,Sonora,21,HUATABAMPO,PT_MORENA,105,54141,6,2705,56852,92378,8281,Sí
2018,26,Sonora,21,HUATABAMPO,PT_ES,23,54141,6,2705,56852,92378,1033,Sí
2018,26,Sonora,21,HUATABAMPO,MORENA_ES,53,54141,6,2705,56852,92378,7569,Sí
2018,26,Sonora,21,HUATABAMPO,C_COMUN_PRI_PVEM_NUAL,16186,54141,6,2705,56852,92378,16186,Sí
2018,26,Sonora,3,CABORCA,PAN,6314,46854,33,2234,49121,92005,6314,No
2018,26,Sonora,3,CABORCA,PRI,11672,46854,33,2234,49121,92005,11672,No
2018,26,Sonora,3,CABORCA,PRD,915,46854,33,2234,49121,92005,915,No
2018,26,Sonora,3,CABORCA,PVEM,1032,46854,33,2234,49121,92005,1032,No
2018,26,Sonora,3,CABORCA,PT,1301,46854,33,2234,49121,92005,1301,No
2018,26,Sonora,3,CABORCA,MC,3824,46854,33,2234,49121,92005,3824,No
2018,26,Sonora,3,CABORCA,NUAL,798,46854,33,2234,49121,92005,798,No
2018,26,Sonora,3,CABORCA,MORENA,18199,46854,33,2234,49121,92005,18199,No
2018,26,Sonora,3,CABORCA,ES,602,46854,33,2234,49121,92005,602,No
2018,26,Sonora,3,CABORCA,MAS,576,46854,33,2234,49121,92005,576,No
2018,26,Sonora,3,CABORCA,PAN_PRD,212,46854,33,2234,49121,92005,7441,Sí
2018,26,Sonora,3,CABORCA,PRI_PVEM_NUAL,344,46854,33,2234,49121,92005,13846,Sí
2018,26,Sonora,3,CABORCA,PRI_PVEM,257,46854,33,2234,49121,92005,12961,Sí
2018,26,Sonora,3,CABORCA,PRI_NUAL,47,46854,33,2234,49121,92005,12517,Sí
2018,26,Sonora,3,CABORCA,PVEM_NUAL,21,46854,33,2234,49121,92005,1851,Sí
2018,26,Sonora,3,CABORCA,PT_MORENA_ES,370,46854,33,2234,49121,92005,20472,Sí
2018,26,Sonora,3,CABORCA,PT_MORENA,239,46854,33,2234,49121,92005,19739,Sí
2018,26,Sonora,3,CABORCA,PT_ES,28,46854,33,2234,49121,92005,1931,Sí
2018,26,Sonora,3,CABORCA,MORENA_ES,103,46854,33,2234,49121,92005,18904,Sí
2018,26,Sonora,4,NOGALES,PAN,9825,48389,16,1611,50016,108586,9825,No
2018,26,Sonora,4,NOGALES,PRI,9964,48389,16,1611,50016,108586,9964,No
2018,26,Sonora,4,NOGALES,PRD,939,48389,16,1611,50016,108586,939,No
2018,26,Sonora,4,NOGALES,PVEM,811,48389,16,1611,50016,108586,811,No
2018,26,Sonora,4,NOGALES,PT,1384,48389,16,1611,50016,108586,1384,No
2018,26,Sonora,4,NOGALES,MC,4739,48389,16,1611,50016,108586,4739,No
2018,26,Sonora,4,NOGALES,NUAL,843,48389,16,1611,50016,108586,843,No
2018,26,Sonora,4,NOGALES,MORENA,17393,48389,16,1611,50016,108586,17393,No
2018,26,Sonora,4,NOGALES,ES,668,48389,16,1611,50016,108586,668,No
2018,26,Sonora,4,NOGALES,MAS,581,48389,16,1611,50016,108586,581,No
2018,26,Sonora,4,NOGALES,PAN_PRD,238,48389,16,1611,50016,108586,11002,Sí
2018,26,Sonora,4,NOGALES,PRI_PVEM_NUAL,278,48389,16,1611,50016,108586,11896,Sí
2018,26,Sonora,4,NOGALES,PRI_PVEM,169,48389,16,1611,50016,108586,10944,Sí
2018,26,Sonora,4,NOGALES,PRI_NUAL,68,48389,16,1611,50016,108586,10875,Sí
2018,26,Sonora,4,NOGALES,PVEM_NUAL,11,48389,16,1611,50016,108586,1665,Sí
2018,26,Sonora,4,NOGALES,PT_MORENA_ES,249,48389,16,1611,50016,108586,19694,Sí
2018,26,Sonora,4,NOGALES,PT_MORENA,162,48389,16,1611,50016,108586,18939,Sí
2018,26,Sonora,4,NOGALES,PT_ES,27,48389,16,1611,50016,108586,2079,Sí
2018,26,Sonora,4,NOGALES,MORENA_ES,40,48389,16,1611,50016,108586,18101,Sí
2018,26,Sonora,5,NOGALES,PAN,10146,43191,39,1515,44745,106168,10146,No
2018,26,Sonora,5,NOGALES,PRI,8916,43191,39,1515,44745,106168,8916,No
2018,26,Sonora,5,NOGALES,PRD,992,43191,39,1515,44745,106168,992,No
2018,26,Sonora,5,NOGALES,PVEM,675,43191,39,1515,44745,106168,675,No
2018,26,Sonora,5,NOGALES,PT,1073,43191,39,1515,44745,106168,1073,No
2018,26,Sonora,5,NOGALES,MC,4297,43191,39,1515,44745,106168,4297,No
2018,26,Sonora,5,NOGALES,NUAL,547,43191,39,1515,44745,106168,547,No
2018,26,Sonora,5,NOGALES,MORENA,14466,43191,39,1515,44745,106168,14466,No
2018,26,Sonora,5,NOGALES,ES,327,43191,39,1515,44745,106168,327,No
2018,26,Sonora,5,NOGALES,MAS,553,43191,39,1515,44745,106168,553,No
2018,26,Sonora,5,NOGALES,PAN_PRD,266,43191,39,1515,44745,106168,11404,Sí
2018,26,Sonora,5,NOGALES,PRI_PVEM_NUAL,218,43191,39,1515,44745,106168,10356,Sí
2018,26,Sonora,5,NOGALES,PRI_PVEM,168,43191,39,1515,44745,106168,9759,Sí
2018,26,Sonora,5,NOGALES,PRI_NUAL,45,43191,39,1515,44745,106168,9508,Sí
2018,26,Sonora,5,NOGALES,PVEM_NUAL,10,43191,39,1515,44745,106168,1232,Sí
2018,26,Sonora,5,NOGALES,PT_MORENA_ES,227,43191,39,1515,44745,106168,16093,Sí
2018,26,Sonora,5,NOGALES,PT_MORENA,186,43191,39,1515,44745,106168,15725,Sí
2018,26,Sonora,5,NOGALES,PT_ES,22,43191,39,1515,44745,106168,1422,Sí
2018,26,Sonora,5,NOGALES,MORENA_ES,57,43191,39,1515,44745,106168,14850,Sí
2018,26,Sonora,6,HERMOSILLO,PAN,7521,51701,59,1621,53381,100321,7521,No
2018,26,Sonora,6,HERMOSILLO,PRI,14729,51701,59,1621,53381,100321,14729,No
2018,26,Sonora,6,HERMOSILLO,PRD,568,51701,59,1621,53381,100321,568,No
2018,26,Sonora,6,HERMOSILLO,PVEM,1094,51701,59,1621,53381,100321,1094,No
2018,26,Sonora,6,HERMOSILLO,PT,1242,51701,59,1621,53381,100321,1242,No
2018,26,Sonora,6,HERMOSILLO,MC,3569,51701,59,1621,53381,100321,3569,No
2018,26,Sonora,6,HERMOSILLO,NUAL,1025,51701,59,1621,53381,100321,1025,No
2018,26,Sonora,6,HERMOSILLO,MORENA,18725,51701,59,1621,53381,100321,18725,No
2018,26,Sonora,6,HERMOSILLO,ES,691,51701,59,1621,53381,100321,691,No
2018,26,Sonora,6,HERMOSILLO,MAS,1138,51701,59,1621,53381,100321,1138,No
2018,26,Sonora,6,HERMOSILLO,PAN_PRD,139,51701,59,1621,53381,100321,8228,Sí
2018,26,Sonora,6,HERMOSILLO,PRI_PVEM_NUAL,288,51701,59,1621,53381,100321,17136,Sí
2018,26,Sonora,6,HERMOSILLO,PRI_PVEM,263,51701,59,1621,53381,100321,16086,Sí
2018,26,Sonora,6,HERMOSILLO,PRI_NUAL,49,51701,59,1621,53381,100321,15803,Sí
2018,26,Sonora,6,HERMOSILLO,PVEM_NUAL,23,51701,59,1621,53381,100321,2142,Sí
2018,26,Sonora,6,HERMOSILLO,PT_MORENA_ES,332,51701,59,1621,53381,100321,20990,Sí
2018,26,Sonora,6,HERMOSILLO,PT_MORENA,195,51701,59,1621,53381,100321,20162,Sí
2018,26,Sonora,6,HERMOSILLO,PT_ES,17,51701,59,1621,53381,100321,1950,Sí
2018,26,Sonora,6,HERMOSILLO,MORENA_ES,93,51701,59,1621,53381,100321,19509,Sí
2018,26,Sonora,7,AGUA PRIETA,PAN,13495,50935,11,1847,52793,105423,13495,No
2018,26,Sonora,7,AGUA PRIETA,PRI,12873,50935,11,1847,52793,105423,12873,No
2018,26,Sonora,7,AGUA PRIETA,PRD,1133,50935,11,1847,52793,105423,1133,No
2018,26,Sonora,7,AGUA PRIETA,PVEM,869,50935,11,1847,52793,105423,869,No
2018,26,Sonora,7,AGUA PRIETA,PT,2316,50935,11,1847,52793,105423,2316,No
2018,26,Sonora,7,AGUA PRIETA,MC,2200,50935,11,1847,52793,105423,2200,No
2018,26,Sonora,7,AGUA PRIETA,NUAL,1067,50935,11,1847,52793,105423,1067,No
2018,26,Sonora,7,AGUA PRIETA,MORENA,13726,50935,11,1847,52793,105423,13726,No
2018,26,Sonora,7,AGUA PRIETA,ES,559,50935,11,1847,52793,105423,559,No
2018,26,Sonora,7,AGUA PRIETA,MAS,1118,50935,11,1847,52793,105423,1118,No
2018,26,Sonora,7,AGUA PRIETA,PAN_PRD,238,50935,11,1847,52793,105423,14866,Sí
2018,26,Sonora,7,AGUA PRIETA,PRI_PVEM_NUAL,382,50935,11,1847,52793,105423,15191,Sí
2018,26,Sonora,7,AGUA PRIETA,PRI_PVEM,289,50935,11,1847,52793,105423,14031,Sí
2018,26,Sonora,7,AGUA PRIETA,PRI_NUAL,91,50935,11,1847,52793,105423,14031,Sí
2018,26,Sonora,7,AGUA PRIETA,PVEM_NUAL,27,50935,11,1847,52793,105423,1963,Sí
2018,26,Sonora,7,AGUA PRIETA,PT_MORENA_ES,211,50935,11,1847,52793,105423,16812,Sí
2018,26,Sonora,7,AGUA PRIETA,PT_MORENA,237,50935,11,1847,52793,105423,16279,Sí
2018,26,Sonora,7,AGUA PRIETA,PT_ES,36,50935,11,1847,52793,105423,2911,Sí
2018,26,Sonora,7,AGUA PRIETA,MORENA_ES,68,50935,11,1847,52793,105423,14353,Sí
2018,26,Sonora,8,HERMOSILLO,PAN,5815,41294,80,1234,42608,97314,5815,No
2018,26,Sonora,8,HERMOSILLO,PRI,7113,41294,80,1234,42608,97314,7113,No
2018,26,Sonora,8,HERMOSILLO,PRD,522,41294,80,1234,42608,97314,522,No
2018,26,Sonora,8,HERMOSILLO,PVEM,777,41294,80,1234,42608,97314,777,No
2018,26,Sonora,8,HERMOSILLO,PT,1081,41294,80,1234,42608,97314,1081,No
2018,26,Sonora,8,HERMOSILLO,MC,3493,41294,80,1234,42608,97314,3493,No
2018,26,Sonora,8,HERMOSILLO,NUAL,663,41294,80,1234,42608,97314,663,No
2018,26,Sonora,8,HERMOSILLO,MORENA,18243,41294,80,1234,42608,97314,18243,No
2018,26,Sonora,8,HERMOSILLO,ES,513,41294,80,1234,42608,97314,513,No
2018,26,Sonora,8,HERMOSILLO,MAS,615,41294,80,1234,42608,97314,615,No
2018,26,Sonora,8,HERMOSILLO,PAN_PRD,97,41294,80,1234,42608,97314,6434,Sí
2018,26,Sonora,8,HERMOSILLO,PRI_PVEM_NUAL,157,41294,80,1234,42608,97314,8710,Sí
2018,26,Sonora,8,HERMOSILLO,PRI_PVEM,160,41294,80,1234,42608,97314,8050,Sí
2018,26,Sonora,8,HERMOSILLO,PRI_NUAL,18,41294,80,1234,42608,97314,7794,Sí
2018,26,Sonora,8,HERMOSILLO,PVEM_NUAL,13,41294,80,1234,42608,97314,1453,Sí
2018,26,Sonora,8,HERMOSILLO,PT_MORENA_ES,286,41294,80,1234,42608,97314,20123,Sí
2018,26,Sonora,8,HERMOSILLO,PT_MORENA,139,41294,80,1234,42608,97314,19463,Sí
2018,26,Sonora,8,HERMOSILLO,PT_ES,13,41294,80,1234,42608,97314,1607,Sí
2018,26,Sonora,8,HERMOSILLO,MORENA_ES,92,41294,80,1234,42608,97314,18848,Sí
2018,26,Sonora,8,HERMOSILLO,Candidatura Independiente,1484,41294,80,1234,42608,97314,1484,No
2018,26,Sonora,9,HERMOSILLO,PAN,8617,49788,24,1677,51489,111515,8617,No
2018,26,Sonora,9,HERMOSILLO,PRI,13355,49788,24,1677,51489,111515,13355,No
2018,26,Sonora,9,HERMOSILLO,PRD,450,49788,24,1677,51489,111515,450,No
2018,26,Sonora,9,HERMOSILLO,PVEM,1276,49788,24,1677,51489,111515,1276,No
2018,26,Sonora,9,HERMOSILLO,PT,976,49788,24,1677,51489,111515,976,No
2018,26,Sonora,9,HERMOSILLO,MC,4084,49788,24,1677,51489,111515,4084,No
2018,26,Sonora,9,HERMOSILLO,NUAL,1398,49788,24,1677,51489,111515,1398,No
2018,26,Sonora,9,HERMOSILLO,MORENA,16656,49788,24,1677,51489,111515,16656,No
2018,26,Sonora,9,HERMOSILLO,ES,554,49788,24,1677,51489,111515,554,No
2018,26,Sonora,9,HERMOSILLO,MAS,1143,49788,24,1677,51489,111515,1143,No
2018,26,Sonora,9,HERMOSILLO,PAN_PRD,192,49788,24,1677,51489,111515,9259,Sí
2018,26,Sonora,9,HERMOSILLO,PRI_PVEM_NUAL,297,49788,24,1677,51489,111515,16326,Sí
2018,26,Sonora,9,HERMOSILLO,PRI_PVEM,200,49788,24,1677,51489,111515,14831,Sí
2018,26,Sonora,9,HERMOSILLO,PRI_NUAL,52,49788,24,1677,51489,111515,14805,Sí
2018,26,Sonora,9,HERMOSILLO,PVEM_NUAL,26,49788,24,1677,51489,111515,2700,Sí
2018,26,Sonora,9,HERMOSILLO,PT_MORENA_ES,271,49788,24,1677,51489,111515,18457,Sí
2018,26,Sonora,9,HERMOSILLO,PT_MORENA,141,49788,24,1677,51489,111515,17773,Sí
2018,26,Sonora,9,HERMOSILLO,PT_ES,14,49788,24,1677,51489,111515,1544,Sí
2018,26,Sonora,9,HERMOSILLO,MORENA_ES,86,49788,24,1677,51489,111515,17296,Sí
2018,27,TABASCO,1,TENOSIQUE,PAN,1236,56386,38,2451,58875,82753,1236,No
2018,27,TABASCO,1,TENOSIQUE,PRI,11976,56386,38,2451,58875,82753,11976,No
2018,27,TABASCO,1,TENOSIQUE,PRD,3583,56386,38,2451,58875,82753,3583,No
2018,27,TABASCO,1,TENOSIQUE,PVEM,5946,56386,38,2451,58875,82753,5946,No
2018,27,TABASCO,1,TENOSIQUE,PT,598,56386,38,2451,58875,82753,598,No
2018,27,TABASCO,1,TENOSIQUE,MC,1260,56386,38,2451,58875,82753,1260,No
2018,27,TABASCO,1,TENOSIQUE,NUAL,504,56386,38,2451,58875,82753,504,No
2018,27,TABASCO,1,TENOSIQUE,MORENA,25592,56386,38,2451,58875,82753,25592,No
2018,27,TABASCO,1,TENOSIQUE,ES,4789,56386,38,2451,58875,82753,4789,No
2018,27,TABASCO,1,TENOSIQUE,PAN_PRD_MC,160,56386,38,2451,58875,82753,6239,Sí
2018,27,TABASCO,1,TENOSIQUE,PAN_PRD,30,56386,38,2451,58875,82753,4849,Sí
2018,27,TABASCO,1,TENOSIQUE,PAN_MC,8,56386,38,2451,58875,82753,2504,Sí
2018,27,TABASCO,1,TENOSIQUE,PRD_MC,34,56386,38,2451,58875,82753,4877,Sí
2018,27,TABASCO,1,TENOSIQUE,Candidatura Independiente,670,56386,38,2451,58875,82753,670,No
2018,27,TABASCO,10,CENTRO,PAN,814,54492,32,2291,56815,81767,814,No
2018,27,TABASCO,10,CENTRO,PRI,3081,54492,32,2291,56815,81767,3081,No
2018,27,TABASCO,10,CENTRO,PRD,3634,54492,32,2291,56815,81767,3634,No
2018,27,TABASCO,10,CENTRO,PVEM,1791,54492,32,2291,56815,81767,1791,No
2018,27,TABASCO,10,CENTRO,PT,1241,54492,32,2291,56815,81767,1241,No
2018,27,TABASCO,10,CENTRO,MC,1362,54492,32,2291,56815,81767,1362,No
2018,27,TABASCO,10,CENTRO,NUAL,702,54492,32,2291,56815,81767,702,No
2018,27,TABASCO,10,CENTRO,MORENA,39599,54492,32,2291,56815,81767,39599,No
2018,27,TABASCO,10,CENTRO,ES,1994,54492,32,2291,56815,81767,1994,No
2018,27,TABASCO,10,CENTRO,PAN_PRD_MC,205,54492,32,2291,56815,81767,6015,Sí
2018,27,TABASCO,10,CENTRO,PAN_PRD,35,54492,32,2291,56815,81767,4483,Sí
2018,27,TABASCO,10,CENTRO,PAN_MC,13,54492,32,2291,56815,81767,2189,Sí
2018,27,TABASCO,10,CENTRO,PRD_MC,21,54492,32,2291,56815,81767,5017,Sí
2018,27,TABASCO,11,TACOTALPA,PAN,846,49912,68,3066,53046,73544,846,No
2018,27,TABASCO,11,TACOTALPA,PRI,7017,49912,68,3066,53046,73544,7017,No
2018,27,TABASCO,11,TACOTALPA,PRD,6259,49912,68,3066,53046,73544,6259,No
2018,27,TABASCO,11,TACOTALPA,PVEM,6763,49912,68,3066,53046,73544,6763,No
2018,27,TABASCO,11,TACOTALPA,PT,1527,49912,68,3066,53046,73544,1527,No
2018,27,TABASCO,11,TACOTALPA,MC,2424,49912,68,3066,53046,73544,2424,No
2018,27,TABASCO,11,TACOTALPA,NUAL,1648,49912,68,3066,53046,73544,1648,No
2018,27,TABASCO,11,TACOTALPA,MORENA,22161,49912,68,3066,53046,73544,22161,No
2018,27,TABASCO,11,TACOTALPA,ES,821,49912,68,3066,53046,73544,821,No
2018,27,TABASCO,11,TACOTALPA,PAN_PRD_MC,280,49912,68,3066,53046,73544,9809,Sí
2018,27,TABASCO,11,TACOTALPA,PAN_PRD,45,49912,68,3066,53046,73544,7150,Sí
2018,27,TABASCO,11,TACOTALPA,PAN_MC,17,49912,68,3066,53046,73544,3287,Sí
2018,27,TABASCO,11,TACOTALPA,PRD_MC,104,49912,68,3066,53046,73544,8787,Sí
2018,27,TABASCO,12,CENTRO,PAN,1569,53941,39,2318,56298,83021,1569,No
2018,27,TABASCO,12,CENTRO,PRI,4833,53941,39,2318,56298,83021,4833,No
2018,27,TABASCO,12,CENTRO,PRD,2962,53941,39,2318,56298,83021,2962,No
2018,27,TABASCO,12,CENTRO,PVEM,1994,53941,39,2318,56298,83021,1994,No
2018,27,TABASCO,12,CENTRO,PT,1117,53941,39,2318,56298,83021,1117,No
2018,27,TABASCO,12,CENTRO,MC,1288,53941,39,2318,56298,83021,1288,No
2018,27,TABASCO,12,CENTRO,NUAL,551,53941,39,2318,56298,83021,551,No
2018,27,TABASCO,12,CENTRO,MORENA,38489,53941,39,2318,56298,83021,38489,No
2018,27,TABASCO,12,CENTRO,ES,699,53941,39,2318,56298,83021,699,No
2018,27,TABASCO,12,CENTRO,PAN_PRD_MC,235,53941,39,2318,56298,83021,6054,Sí
2018,27,TABASCO,12,CENTRO,PAN_PRD,79,53941,39,2318,56298,83021,4610,Sí
2018,27,TABASCO,12,CENTRO,PAN_MC,39,53941,39,2318,56298,83021,2896,Sí
2018,27,TABASCO,12,CENTRO,PRD_MC,86,53941,39,2318,56298,83021,4336,Sí
2018,27,TABASCO,13,COMALCALCO,PAN,920,68116,37,2299,70452,94695,920,No
2018,27,TABASCO,13,COMALCALCO,PRI,8997,68116,37,2299,70452,94695,8997,No
2018,27,TABASCO,13,COMALCALCO,PRD,14946,68116,37,2299,70452,94695,14946,No
2018,27,TABASCO,13,COMALCALCO,PVEM,1452,68116,37,2299,70452,94695,1452,No
2018,27,TABASCO,13,COMALCALCO,PT,840,68116,37,2299,70452,94695,840,No
2018,27,TABASCO,13,COMALCALCO,MC,742,68116,37,2299,70452,94695,742,No
2018,27,TABASCO,13,COMALCALCO,NUAL,374,68116,37,2299,70452,94695,374,No
2018,27,TABASCO,13,COMALCALCO,MORENA,38583,68116,37,2299,70452,94695,38583,No
2018,27,TABASCO,13,COMALCALCO,ES,657,68116,37,2299,70452,94695,657,No
2018,27,TABASCO,13,COMALCALCO,PAN_PRD_MC,407,68116,37,2299,70452,94695,17015,Sí
2018,27,TABASCO,13,COMALCALCO,PAN_PRD,101,68116,37,2299,70452,94695,15967,Sí
2018,27,TABASCO,13,COMALCALCO,PAN_MC,13,68116,37,2299,70452,94695,1675,Sí
2018,27,TABASCO,13,COMALCALCO,PRD_MC,84,68116,37,2299,70452,94695,15772,Sí
2018,27,TABASCO,14,CUNDUACAN,PAN,1027,45287,45,2507,47839,73298,1027,No
2018,27,TABASCO,14,CUNDUACAN,PRI,6031,45287,45,2507,47839,73298,6031,No
2018,27,TABASCO,14,CUNDUACAN,PRD,6743,45287,45,2507,47839,73298,6743,No
2018,27,TABASCO,14,CUNDUACAN,PVEM,1652,45287,45,2507,47839,73298,1652,No
2018,27,TABASCO,14,CUNDUACAN,PT,1074,45287,45,2507,47839,73298,1074,No
2018,27,TABASCO,14,CUNDUACAN,MC,1163,45287,45,2507,47839,73298,1163,No
2018,27,TABASCO,14,CUNDUACAN,NUAL,552,45287,45,2507,47839,73298,552,No
2018,27,TABASCO,14,CUNDUACAN,MORENA,25146,45287,45,2507,47839,73298,25146,No
2018,27,TABASCO,14,CUNDUACAN,ES,462,45287,45,2507,47839,73298,462,No
2018,27,TABASCO,14,CUNDUACAN,PAN_PRD_MC,257,45287,45,2507,47839,73298,9190,Sí
2018,27,TABASCO,14,CUNDUACAN,PAN_PRD,59,45287,45,2507,47839,73298,7829,Sí
2018,27,TABASCO,14,CUNDUACAN,PAN_MC,15,45287,45,2507,47839,73298,2205,Sí
2018,27,TABASCO,14,CUNDUACAN,PRD_MC,59,45287,45,2507,47839,73298,7965,Sí
2018,27,TABASCO,14,CUNDUACAN,PT_MORENA,238,45287,45,2507,47839,73298,26458,Sí
2018,27,TABASCO,14,CUNDUACAN,Candidatura Independiente,809,45287,45,2507,47839,73298,809,No
2018,27,TABASCO,15,EMILIANO ZAPATA,PAN,2279,52278,103,2718,55099,74505,2279,No
2018,27,TABASCO,15,EMILIANO ZAPATA,PRI,6134,52278,103,2718,55099,74505,6134,No
2018,27,TABASCO,15,EMILIANO ZAPATA,PRD,7516,52278,103,2718,55099,74505,7516,No
2018,27,TABASCO,15,EMILIANO ZAPATA,PVEM,5203,52278,103,2718,55099,74505,5203,No
2018,27,TABASCO,15,EMILIANO ZAPATA,PT,1105,52278,103,2718,55099,74505,1105,No
2018,27,TABASCO,15,EMILIANO ZAPATA,MC,1045,52278,103,2718,55099,74505,1045,No
2018,27,TABASCO,15,EMILIANO ZAPATA,NUAL,2610,52278,103,2718,55099,74505,2610,No
2018,27,TABASCO,15,EMILIANO ZAPATA,MORENA,24794,52278,103,2718,55099,74505,24794,No
2018,27,TABASCO,15,EMILIANO ZAPATA,ES,942,52278,103,2718,55099,74505,942,No
2018,27,TABASCO,15,EMILIANO ZAPATA,PAN_PRD_MC,353,52278,103,2718,55099,74505,11193,Sí
2018,27,TABASCO,15,EMILIANO ZAPATA,PAN_PRD,137,52278,103,2718,55099,74505,9932,Sí
2018,27,TABASCO,15,EMILIANO ZAPATA,PAN_MC,52,52278,103,2718,55099,74505,3376,Sí
2018,27,TABASCO,15,EMILIANO ZAPATA,PRD_MC,108,52278,103,2718,55099,74505,8669,Sí
2018,27,TABASCO,16,HUIMANGUILLO,PAN,404,52126,72,2882,55080,78982,404,No
2018,27,TABASCO,16,HUIMANGUILLO,PRI,8068,52126,72,2882,55080,78982,8068,No
2018,27,TABASCO,16,HUIMANGUILLO,PRD,13516,52126,72,2882,55080,78982,13516,No
2018,27,TABASCO,16,HUIMANGUILLO,PVEM,753,52126,72,2882,55080,78982,753,No
2018,27,TABASCO,16,HUIMANGUILLO,PT,933,52126,72,2882,55080,78982,933,No
2018,27,TABASCO,16,HUIMANGUILLO,MC,528,52126,72,2882,55080,78982,528,No
2018,27,TABASCO,16,HUIMANGUILLO,NUAL,387,52126,72,2882,55080,78982,387,No
2018,27,TABASCO,16,HUIMANGUILLO,MORENA,25897,52126,72,2882,55080,78982,25897,No
2018,27,TABASCO,16,HUIMANGUILLO,ES,573,52126,72,2882,55080,78982,573,No
2018,27,TABASCO,16,HUIMANGUILLO,PAN_PRD_MC,171,52126,72,2882,55080,78982,14619,Sí
2018,27,TABASCO,16,HUIMANGUILLO,PAN_PRD,70,52126,72,2882,55080,78982,13990,Sí
2018,27,TABASCO,16,HUIMANGUILLO,PAN_MC,15,52126,72,2882,55080,78982,947,Sí
2018,27,TABASCO,16,HUIMANGUILLO,PRD_MC,66,52126,72,2882,55080,78982,14110,Sí
2018,27,TABASCO,16,HUIMANGUILLO,Candidatura Independiente,745,52126,72,2882,55080,78982,745,No
2018,27,TABASCO,17,JALPA DE MENDEZ,PAN,831,67385,31,2456,69872,91359,831,No
2018,27,TABASCO,17,JALPA DE MENDEZ,PRI,7104,67385,31,2456,69872,91359,7104,No
2018,27,TABASCO,17,JALPA DE MENDEZ,PRD,10130,67385,31,2456,69872,91359,10130,No
2018,27,TABASCO,17,JALPA DE MENDEZ,PVEM,6597,67385,31,2456,69872,91359,6597,No
2018,27,TABASCO,17,JALPA DE MENDEZ,PT,1096,67385,31,2456,69872,91359,1096,No
2018,27,TABASCO,17,JALPA DE MENDEZ,MC,1024,67385,31,2456,69872,91359,1024,No
2018,27,TABASCO,17,JALPA DE MENDEZ,NUAL,1026,67385,31,2456,69872,91359,1026,No
2018,27,TABASCO,17,JALPA DE MENDEZ,MORENA,38507,67385,31,2456,69872,91359,38507,No
2018,27,TABASCO,17,JALPA DE MENDEZ,PAN_PRD_MC,221,67385,31,2456,69872,91359,12206,Sí
2018,27,TABASCO,17,JALPA DE MENDEZ,PAN_PRD,57,67385,31,2456,69872,91359,11018,Sí
2018,27,TABASCO,17,JALPA DE MENDEZ,PAN_MC,9,67385,31,2456,69872,91359,1864,Sí
2018,27,TABASCO,17,JALPA DE MENDEZ,PRD_MC,56,67385,31,2456,69872,91359,11210,Sí
2018,27,TABASCO,17,JALPA DE MENDEZ,Candidatura Independiente,727,67385,31,2456,69872,91359,727,No
2018,27,TABASCO,18,MACUSPANA,PAN,570,46799,60,2551,49410,74787,570,No
2018,27,TABASCO,18,MACUSPANA,PRI,4353,46799,60,2551,49410,74787,4353,No
2018,27,TABASCO,18,MACUSPANA,PRD,2857,46799,60,2551,49410,74787,2857,No
2018,27,TABASCO,18,MACUSPANA,PVEM,3766,46799,60,2551,49410,74787,3766,No
2018,27,TABASCO,18,MACUSPANA,PT,945,46799,60,2551,49410,74787,945,No
2018,27,TABASCO,18,MACUSPANA,MC,570,46799,60,2551,49410,74787,570,No
2018,27,TABASCO,18,MACUSPANA,NUAL,504,46799,60,2551,49410,74787,504,No
2018,27,TABASCO,18,MACUSPANA,MORENA,30250,46799,60,2551,49410,74787,30250,No
2018,27,TABASCO,18,MACUSPANA,ES,1561,46799,60,2551,49410,74787,1561,No
2018,27,TABASCO,18,MACUSPANA,PAN_PRD_MC,145,46799,60,2551,49410,74787,4142,Sí
2018,27,TABASCO,18,MACUSPANA,PAN_PRD,19,46799,60,2551,49410,74787,3446,Sí
2018,27,TABASCO,18,MACUSPANA,PAN_MC,5,46799,60,2551,49410,74787,1145,Sí
2018,27,TABASCO,18,MACUSPANA,PRD_MC,24,46799,60,2551,49410,74787,3451,Sí
2018,27,TABASCO,18,MACUSPANA,Candidatura Independiente,1230,46799,60,2551,49410,74787,1230,No
2018,27,TABASCO,19,NACAJUCA,PAN,2253,65006,10,3124,68140,92145,2253,No
2018,27,TABASCO,19,NACAJUCA,PRI,4788,65006,10,3124,68140,92145,4788,No
2018,27,TABASCO,19,NACAJUCA,PRD,3505,65006,10,3124,68140,92145,3505,No
2018,27,TABASCO,19,NACAJUCA,PVEM,6114,65006,10,3124,68140,92145,6114,No
2018,27,TABASCO,19,NACAJUCA,PT,1264,65006,10,3124,68140,92145,1264,No
2018,27,TABASCO,19,NACAJUCA,MC,1107,65006,10,3124,68140,92145,1107,No
2018,27,TABASCO,19,NACAJUCA,NUAL,725,65006,10,3124,68140,92145,725,No
2018,27,TABASCO,19,NACAJUCA,MORENA,44372,65006,10,3124,68140,92145,44372,No
2018,27,TABASCO,19,NACAJUCA,ES,537,65006,10,3124,68140,92145,537,No
2018,27,TABASCO,19,NACAJUCA,PAN_PRD_MC,203,65006,10,3124,68140,92145,7068,Sí
2018,27,TABASCO,19,NACAJUCA,PAN_PRD,61,65006,10,3124,68140,92145,5819,Sí
2018,27,TABASCO,19,NACAJUCA,PAN_MC,29,65006,10,3124,68140,92145,3389,Sí
2018,27,TABASCO,19,NACAJUCA,PRD_MC,48,65006,10,3124,68140,92145,4660,Sí
2018,27,TABASCO,2,CARDENAS,PAN,417,48905,38,1593,50536,76228,417,No
2018,27,TABASCO,2,CARDENAS,PRI,1696,48905,38,1593,50536,76228,1696,No
2018,27,TABASCO,2,CARDENAS,PRD,5495,48905,38,1593,50536,76228,5495,No
2018,27,TABASCO,2,CARDENAS,PVEM,7131,48905,38,1593,50536,76228,7131,No
2018,27,TABASCO,2,CARDENAS,PT,558,48905,38,1593,50536,76228,558,No
2018,27,TABASCO,2,CARDENAS,MC,508,48905,38,1593,50536,76228,508,No
2018,27,TABASCO,2,CARDENAS,NUAL,364,48905,38,1593,50536,76228,364,No
2018,27,TABASCO,2,CARDENAS,MORENA,30364,48905,38,1593,50536,76228,30364,No
2018,27,TABASCO,2,CARDENAS,ES,599,48905,38,1593,50536,76228,599,No
2018,27,TABASCO,2,CARDENAS,PAN_PRD_MC,341,48905,38,1593,50536,76228,6761,Sí
2018,27,TABASCO,2,CARDENAS,PAN_PRD,48,48905,38,1593,50536,76228,5960,Sí
2018,27,TABASCO,2,CARDENAS,PAN_MC,9,48905,38,1593,50536,76228,934,Sí
2018,27,TABASCO,2,CARDENAS,PRD_MC,51,48905,38,1593,50536,76228,6054,Sí
2018,27,TABASCO,2,CARDENAS,PT_MORENA,233,48905,38,1593,50536,76228,31155,Sí
2018,27,TABASCO,2,CARDENAS,Candidatura Independiente,1091,48905,38,1593,50536,76228,1091,No
2018,27,TABASCO,20,PARAISO,PAN,978,67307,42,2719,70068,93468,978,No
2018,27,TABASCO,20,PARAISO,PRI,7401,67307,42,2719,70068,93468,7401,No
2018,27,TABASCO,20,PARAISO,PRD,13559,67307,42,2719,70068,93468,13559,No
2018,27,TABASCO,20,PARAISO,PVEM,2378,67307,42,2719,70068,93468,2378,No
2018,27,TABASCO,20,PARAISO,PT,1416,67307,42,2719,70068,93468,1416,No
2018,27,TABASCO,20,PARAISO,MC,1134,67307,42,2719,70068,93468,1134,No
2018,27,TABASCO,20,PARAISO,NUAL,871,67307,42,2719,70068,93468,871,No
2018,27,TABASCO,20,PARAISO,MORENA,38804,67307,42,2719,70068,93468,38804,No
2018,27,TABASCO,20,PARAISO,ES,436,67307,42,2719,70068,93468,436,No
2018,27,TABASCO,20,PARAISO,PAN_PRD_MC,197,67307,42,2719,70068,93468,15868,Sí
2018,27,TABASCO,20,PARAISO,PAN_PRD,67,67307,42,2719,70068,93468,14604,Sí
2018,27,TABASCO,20,PARAISO,PAN_MC,11,67307,42,2719,70068,93468,2123,Sí
2018,27,TABASCO,20,PARAISO,PRD_MC,55,67307,42,2719,70068,93468,14748,Sí
2018,27,TABASCO,21,CENTRO,PAN,993,50146,45,2886,53077,81318,993,No
2018,27,TABASCO,21,CENTRO,PRI,6355,50146,45,2886,53077,81318,6355,No
2018,27,TABASCO,21,CENTRO,PRD,5226,50146,45,2886,53077,81318,5226,No
2018,27,TABASCO,21,CENTRO,PVEM,4140,50146,45,2886,53077,81318,4140,No
2018,27,TABASCO,21,CENTRO,PT,1598,50146,45,2886,53077,81318,1598,No
2018,27,TABASCO,21,CENTRO,MC,1612,50146,45,2886,53077,81318,1612,No
2018,27,TABASCO,21,CENTRO,NUAL,1851,50146,45,2886,53077,81318,1851,No
2018,27,TABASCO,21,CENTRO,MORENA,27494,50146,45,2886,53077,81318,27494,No
2018,27,TABASCO,21,CENTRO,ES,647,50146,45,2886,53077,81318,647,No
2018,27,TABASCO,21,CENTRO,PAN_PRD_MC,139,50146,45,2886,53077,81318,7970,Sí
2018,27,TABASCO,21,CENTRO,PAN_PRD,33,50146,45,2886,53077,81318,6252,Sí
2018,27,TABASCO,21,CENTRO,PAN_MC,5,50146,45,2886,53077,81318,2610,Sí
2018,27,TABASCO,21,CENTRO,PRD_MC,53,50146,45,2886,53077,81318,6891,Sí
2018,27,TABASCO,3,CARDENAS,PAN,286,45145,9,2211,47365,70580,286,No
2018,27,TABASCO,3,CARDENAS,PRI,3650,45145,9,2211,47365,70580,3650,No
2018,27,TABASCO,3,CARDENAS,PRD,9179,45145,9,2211,47365,70580,9179,No
2018,27,TABASCO,3,CARDENAS,PVEM,1797,45145,9,2211,47365,70580,1797,No
2018,27,TABASCO,3,CARDENAS,PT,807,45145,9,2211,47365,70580,807,No
2018,27,TABASCO,3,CARDENAS,MC,823,45145,9,2211,47365,70580,823,No
2018,27,TABASCO,3,CARDENAS,NUAL,460,45145,9,2211,47365,70580,460,No
2018,27,TABASCO,3,CARDENAS,MORENA,27219,45145,9,2211,47365,70580,27219,No
2018,27,TABASCO,3,CARDENAS,ES,427,45145,9,2211,47365,70580,427,No
2018,27,TABASCO,3,CARDENAS,PAN_PRD_MC,110,45145,9,2211,47365,70580,10398,Sí
2018,27,TABASCO,3,CARDENAS,PAN_PRD,65,45145,9,2211,47365,70580,9530,Sí
2018,27,TABASCO,3,CARDENAS,PAN_MC,9,45145,9,2211,47365,70580,1118,Sí
2018,27,TABASCO,3,CARDENAS,PRD_MC,87,45145,9,2211,47365,70580,10089,Sí
2018,27,TABASCO,3,CARDENAS,PT_MORENA,226,45145,9,2211,47365,70580,28252,Sí
2018,27,TABASCO,4,HUIMANGUILLO,PAN,322,49775,40,2567,52382,75030,322,No
2018,27,TABASCO,4,HUIMANGUILLO,PRI,5349,49775,40,2567,52382,75030,5349,No
2018,27,TABASCO,4,HUIMANGUILLO,PRD,11043,49775,40,2567,52382,75030,11043,No
2018,27,TABASCO,4,HUIMANGUILLO,PVEM,1623,49775,40,2567,52382,75030,1623,No
2018,27,TABASCO,4,HUIMANGUILLO,PT,735,49775,40,2567,52382,75030,735,No
2018,27,TABASCO,4,HUIMANGUILLO,MC,666,49775,40,2567,52382,75030,666,No
2018,27,TABASCO,4,HUIMANGUILLO,NUAL,303,49775,40,2567,52382,75030,303,No
2018,27,TABASCO,4,HUIMANGUILLO,MORENA,27883,49775,40,2567,52382,75030,27883,No
2018,27,TABASCO,4,HUIMANGUILLO,ES,1296,49775,40,2567,52382,75030,1296,No
2018,27,TABASCO,4,HUIMANGUILLO,PAN_PRD_MC,262,49775,40,2567,52382,75030,12293,Sí
2018,27,TABASCO,4,HUIMANGUILLO,PAN_PRD,135,49775,40,2567,52382,75030,11500,Sí
2018,27,TABASCO,4,HUIMANGUILLO,PAN_MC,13,49775,40,2567,52382,75030,1001,Sí
2018,27,TABASCO,4,HUIMANGUILLO,PRD_MC,145,49775,40,2567,52382,75030,11854,Sí
2018,27,TABASCO,5,CENTLA,PAN,1221,51053,20,2420,53493,72426,1221,No
2018,27,TABASCO,5,CENTLA,PRI,4585,51053,20,2420,53493,72426,4585,No
2018,27,TABASCO,5,CENTLA,PRD,7195,51053,20,2420,53493,72426,7195,No
2018,27,TABASCO,5,CENTLA,PVEM,7504,51053,20,2420,53493,72426,7504,No
2018,27,TABASCO,5,CENTLA,PT,1020,51053,20,2420,53493,72426,1020,No
2018,27,TABASCO,5,CENTLA,MC,1186,51053,20,2420,53493,72426,1186,No
2018,27,TABASCO,5,CENTLA,NUAL,716,51053,20,2420,53493,72426,716,No
2018,27,TABASCO,5,CENTLA,MORENA,23698,51053,20,2420,53493,72426,23698,No
2018,27,TABASCO,5,CENTLA,ES,3520,51053,20,2420,53493,72426,3520,No
2018,27,TABASCO,5,CENTLA,PAN_PRD_MC,144,51053,20,2420,53493,72426,9746,Sí
2018,27,TABASCO,5,CENTLA,PAN_PRD,47,51053,20,2420,53493,72426,8463,Sí
2018,27,TABASCO,5,CENTLA,PAN_MC,10,51053,20,2420,53493,72426,2417,Sí
2018,27,TABASCO,5,CENTLA,PRD_MC,49,51053,20,2420,53493,72426,8430,Sí
2018,27,TABASCO,5,CENTLA,PT_MORENA,158,51053,20,2420,53493,72426,24876,Sí
2018,27,TABASCO,6,CENTRO,PAN,1292,56685,46,2063,58794,83103,1292,No
2018,27,TABASCO,6,CENTRO,PRI,4793,56685,46,2063,58794,83103,4793,No
2018,27,TABASCO,6,CENTRO,PRD,2084,56685,46,2063,58794,83103,2084,No
2018,27,TABASCO,6,CENTRO,PVEM,3680,56685,46,2063,58794,83103,3680,No
2018,27,TABASCO,6,CENTRO,PT,912,56685,46,2063,58794,83103,912,No
2018,27,TABASCO,6,CENTRO,MC,1047,56685,46,2063,58794,83103,1047,No
2018,27,TABASCO,6,CENTRO,NUAL,594,56685,46,2063,58794,83103,594,No
2018,27,TABASCO,6,CENTRO,MORENA,38609,56685,46,2063,58794,83103,38609,No
2018,27,TABASCO,6,CENTRO,ES,831,56685,46,2063,58794,83103,831,No
2018,27,TABASCO,6,CENTRO,PAN_PRD_MC,109,56685,46,2063,58794,83103,4532,Sí
2018,27,TABASCO,6,CENTRO,PAN_PRD,22,56685,46,2063,58794,83103,3398,Sí
2018,27,TABASCO,6,CENTRO,PAN_MC,6,56685,46,2063,58794,83103,2345,Sí
2018,27,TABASCO,6,CENTRO,PRD_MC,26,56685,46,2063,58794,83103,3157,Sí
2018,27,TABASCO,6,CENTRO,Candidatura Independiente,2680,56685,46,2063,58794,83103,2680,No
2018,27,TABASCO,7,CENTRO,PAN,600,47274,10,2332,49616,74728,600,No
2018,27,TABASCO,7,CENTRO,PRI,8652,47274,10,2332,49616,74728,8652,No
2018,27,TABASCO,7,CENTRO,PRD,1933,47274,10,2332,49616,74728,1933,No
2018,27,TABASCO,7,CENTRO,PVEM,757,47274,10,2332,49616,74728,757,No
2018,27,TABASCO,7,CENTRO,PT,1418,47274,10,2332,49616,74728,1418,No
2018,27,TABASCO,7,CENTRO,MC,1095,47274,10,2332,49616,74728,1095,No
2018,27,TABASCO,7,CENTRO,NUAL,392,47274,10,2332,49616,74728,392,No
2018,27,TABASCO,7,CENTRO,MORENA,30682,47274,10,2332,49616,74728,30682,No
2018,27,TABASCO,7,CENTRO,ES,548,47274,10,2332,49616,74728,548,No
2018,27,TABASCO,7,CENTRO,PAN_PRD_MC,68,47274,10,2332,49616,74728,3696,Sí
2018,27,TABASCO,7,CENTRO,PAN_PRD,16,47274,10,2332,49616,74728,2549,Sí
2018,27,TABASCO,7,CENTRO,PAN_MC,11,47274,10,2332,49616,74728,1706,Sí
2018,27,TABASCO,7,CENTRO,PRD_MC,38,47274,10,2332,49616,74728,3066,Sí
2018,27,TABASCO,7,CENTRO,Candidatura Independiente,1064,47274,10,2332,49616,74728,1064,No
2018,27,TABASCO,8,CENTRO,PAN,1337,52748,50,2011,54809,80597,1337,No
2018,27,TABASCO,8,CENTRO,PRI,4645,52748,50,2011,54809,80597,4645,No
2018,27,TABASCO,8,CENTRO,PRD,1995,52748,50,2011,54809,80597,1995,No
2018,27,TABASCO,8,CENTRO,PVEM,1645,52748,50,2011,54809,80597,1645,No
2018,27,TABASCO,8,CENTRO,PT,895,52748,50,2011,54809,80597,895,No
2018,27,TABASCO,8,CENTRO,MC,981,52748,50,2011,54809,80597,981,No
2018,27,TABASCO,8,CENTRO,NUAL,605,52748,50,2011,54809,80597,605,No
2018,27,TABASCO,8,CENTRO,MORENA,38138,52748,50,2011,54809,80597,38138,No
2018,27,TABASCO,8,CENTRO,ES,1963,52748,50,2011,54809,80597,1963,No
2018,27,TABASCO,8,CENTRO,PAN_PRD_MC,93,52748,50,2011,54809,80597,4406,Sí
2018,27,TABASCO,8,CENTRO,PAN_PRD,29,52748,50,2011,54809,80597,3361,Sí
2018,27,TABASCO,8,CENTRO,PAN_MC,32,52748,50,2011,54809,80597,2350,Sí
2018,27,TABASCO,8,CENTRO,PRD_MC,16,52748,50,2011,54809,80597,2992,Sí
2018,27,TABASCO,8,CENTRO,PT_MORENA,374,52748,50,2011,54809,80597,39407,Sí
2018,27,TABASCO,9,CENTRO,PAN,1391,52021,90,2123,54234,79284,1391,No
2018,27,TABASCO,9,CENTRO,PRI,4442,52021,90,2123,54234,79284,4442,No
2018,27,TABASCO,9,CENTRO,PRD,2007,52021,90,2123,54234,79284,2007,No
2018,27,TABASCO,9,CENTRO,PVEM,2062,52021,90,2123,54234,79284,2062,No
2018,27,TABASCO,9,CENTRO,PT,1319,52021,90,2123,54234,79284,1319,No
2018,27,TABASCO,9,CENTRO,MC,1148,52021,90,2123,54234,79284,1148,No
2018,27,TABASCO,9,CENTRO,NUAL,588,52021,90,2123,54234,79284,588,No
2018,27,TABASCO,9,CENTRO,MORENA,38251,52021,90,2123,54234,79284,38251,No
2018,27,TABASCO,9,CENTRO,ES,634,52021,90,2123,54234,79284,634,No
2018,27,TABASCO,9,CENTRO,PAN_PRD_MC,101,52021,90,2123,54234,79284,4647,Sí
2018,27,TABASCO,9,CENTRO,PAN_PRD,30,52021,90,2123,54234,79284,3428,Sí
2018,27,TABASCO,9,CENTRO,PAN_MC,22,52021,90,2123,54234,79284,2561,Sí
2018,27,TABASCO,9,CENTRO,PRD_MC,26,52021,90,2123,54234,79284,3181,Sí
2018,29,TLAXCALA,1,SAN ANTONIO CALPULALPAN,PAN,4508,33978,11,1386,35375,57924,4508,No
2018,29,TLAXCALA,1,SAN ANTONIO CALPULALPAN,C_COMUN_PRI_PVEM_NUAL_PS,7138,33978,11,1386,35375,57924,7138,Sí
2018,29,TLAXCALA,1,SAN ANTONIO CALPULALPAN,PRD,1071,33978,11,1386,35375,57924,1071,No
2018,29,TLAXCALA,1,SAN ANTONIO CALPULALPAN,PT,1621,33978,11,1386,35375,57924,1621,No
2018,29,TLAXCALA,1,SAN ANTONIO CALPULALPAN,MC,877,33978,11,1386,35375,57924,877,No
2018,29,TLAXCALA,1,SAN ANTONIO CALPULALPAN,PAC,2173,33978,11,1386,35375,57924,2173,No
2018,29,TLAXCALA,1,SAN ANTONIO CALPULALPAN,MORENA,14558,33978,11,1386,35375,57924,14558,No
2018,29,TLAXCALA,1,SAN ANTONIO CALPULALPAN,ES,954,33978,11,1386,35375,57924,954,No
2018,29,TLAXCALA,1,SAN ANTONIO CALPULALPAN,PAN_PRD_PAC,125,33978,11,1386,35375,57924,7877,Sí
2018,29,TLAXCALA,1,SAN ANTONIO CALPULALPAN,PAN_PRD,54,33978,11,1386,35375,57924,5633,Sí
2018,29,TLAXCALA,1,SAN ANTONIO CALPULALPAN,PAN_PAC,43,33978,11,1386,35375,57924,6724,Sí
2018,29,TLAXCALA,1,SAN ANTONIO CALPULALPAN,PRD_PAC,14,33978,11,1386,35375,57924,3258,Sí
2018,29,TLAXCALA,1,SAN ANTONIO CALPULALPAN,PT_MORENA_ES,480,33978,11,1386,35375,57924,17613,Sí
2018,29,TLAXCALA,1,SAN ANTONIO CALPULALPAN,PT_MORENA,164,33978,11,1386,35375,57924,16343,Sí
2018,29,TLAXCALA,1,SAN ANTONIO CALPULALPAN,PT_ES,25,33978,11,1386,35375,57924,2600,Sí
2018,29,TLAXCALA,1,SAN ANTONIO CALPULALPAN,MORENA_ES,173,33978,11,1386,35375,57924,15685,Sí
2018,29,TLAXCALA,10,HUAMANTLA,PAN,4309,33091,26,1835,34952,55655,4309,No
2018,29,TLAXCALA,10,HUAMANTLA,C_COMUN_PRI_PVEM_NUAL_PS,9630,33091,26,1835,34952,55655,9630,Sí
2018,29,TLAXCALA,10,HUAMANTLA,PRD,744,33091,26,1835,34952,55655,744,No
2018,29,TLAXCALA,10,HUAMANTLA,PT,1515,33091,26,1835,34952,55655,1515,No
2018,29,TLAXCALA,10,HUAMANTLA,MC,1101,33091,26,1835,34952,55655,1101,No
2018,29,TLAXCALA,10,HUAMANTLA,PAC,624,33091,26,1835,34952,55655,624,No
2018,29,TLAXCALA,10,HUAMANTLA,MORENA,13873,33091,26,1835,34952,55655,13873,No
2018,29,TLAXCALA,10,HUAMANTLA,ES,667,33091,26,1835,34952,55655,667,No
2018,29,TLAXCALA,10,HUAMANTLA,PAN_PRD_PAC,70,33091,26,1835,34952,55655,5747,Sí
2018,29,TLAXCALA,10,HUAMANTLA,PAN_PRD,39,33091,26,1835,34952,55655,5092,Sí
2018,29,TLAXCALA,10,HUAMANTLA,PAN_PAC,19,33091,26,1835,34952,55655,4952,Sí
2018,29,TLAXCALA,10,HUAMANTLA,PRD_PAC,3,33091,26,1835,34952,55655,1371,Sí
2018,29,TLAXCALA,10,HUAMANTLA,PT_MORENA_ES,273,33091,26,1835,34952,55655,16328,Sí
2018,29,TLAXCALA,10,HUAMANTLA,PT_MORENA,132,33091,26,1835,34952,55655,15520,Sí
2018,29,TLAXCALA,10,HUAMANTLA,PT_ES,20,33091,26,1835,34952,55655,2202,Sí
2018,29,TLAXCALA,10,HUAMANTLA,MORENA_ES,72,33091,26,1835,34952,55655,14612,Sí
2018,29,TLAXCALA,11,HUAMANTLA,PAN,3519,30901,14,2077,32992,53580,3519,No
2018,29,TLAXCALA,11,HUAMANTLA,C_COMUN_PRI_PVEM_NUAL_PS,7267,30901,14,2077,32992,53580,7267,Sí
2018,29,TLAXCALA,11,HUAMANTLA,PRD,1146,30901,14,2077,32992,53580,1146,No
2018,29,TLAXCALA,11,HUAMANTLA,PT,4838,30901,14,2077,32992,53580,4838,No
2018,29,TLAXCALA,11,HUAMANTLA,MC,517,30901,14,2077,32992,53580,517,No
2018,29,TLAXCALA,11,HUAMANTLA,PAC,459,30901,14,2077,32992,53580,459,No
2018,29,TLAXCALA,11,HUAMANTLA,MORENA,12390,30901,14,2077,32992,53580,12390,No
2018,29,TLAXCALA,11,HUAMANTLA,ES,629,30901,14,2077,32992,53580,629,No
2018,29,TLAXCALA,11,HUAMANTLA,PAN_PRD_PAC,42,30901,14,2077,32992,53580,5166,Sí
2018,29,TLAXCALA,11,HUAMANTLA,PAN_PRD,78,30901,14,2077,32992,53580,4743,Sí
2018,29,TLAXCALA,11,HUAMANTLA,PAN_PAC,15,30901,14,2077,32992,53580,3993,Sí
2018,29,TLAXCALA,11,HUAMANTLA,PRD_PAC,1,30901,14,2077,32992,53580,1606,Sí
2018,29,TLAXCALA,12,SAN LUIS TEOLOCHOLCO,PAN,2722,44448,12,1649,46109,66955,2722,No
2018,29,TLAXCALA,12,SAN LUIS TEOLOCHOLCO,C_COMUN_PRI_PVEM_NUAL_PS,6569,44448,12,1649,46109,66955,6569,Sí
2018,29,TLAXCALA,12,SAN LUIS TEOLOCHOLCO,PRD,2973,44448,12,1649,46109,66955,2973,No
2018,29,TLAXCALA,12,SAN LUIS TEOLOCHOLCO,PT,1653,44448,12,1649,46109,66955,1653,No
2018,29,TLAXCALA,12,SAN LUIS TEOLOCHOLCO,MC,5156,44448,12,1649,46109,66955,5156,No
2018,29,TLAXCALA,12,SAN LUIS TEOLOCHOLCO,PAC,741,44448,12,1649,46109,66955,741,No
2018,29,TLAXCALA,12,SAN LUIS TEOLOCHOLCO,MORENA,22531,44448,12,1649,46109,66955,22531,No
2018,29,TLAXCALA,12,SAN LUIS TEOLOCHOLCO,ES,791,44448,12,1649,46109,66955,791,No
2018,29,TLAXCALA,12,SAN LUIS TEOLOCHOLCO,PAN_PRD_PAC,86,44448,12,1649,46109,66955,6522,Sí
2018,29,TLAXCALA,12,SAN LUIS TEOLOCHOLCO,PAN_PRD,94,44448,12,1649,46109,66955,5789,Sí
2018,29,TLAXCALA,12,SAN LUIS TEOLOCHOLCO,PAN_PAC,11,44448,12,1649,46109,66955,3474,Sí
2018,29,TLAXCALA,12,SAN LUIS TEOLOCHOLCO,PRD_PAC,12,44448,12,1649,46109,66955,3726,Sí
2018,29,TLAXCALA,12,SAN LUIS TEOLOCHOLCO,PT_MORENA_ES,660,44448,12,1649,46109,66955,25635,Sí
2018,29,TLAXCALA,12,SAN LUIS TEOLOCHOLCO,PT_MORENA,209,44448,12,1649,46109,66955,24393,Sí
2018,29,TLAXCALA,12,SAN LUIS TEOLOCHOLCO,PT_ES,25,44448,12,1649,46109,66955,2469,Sí
2018,29,TLAXCALA,12,SAN LUIS TEOLOCHOLCO,MORENA_ES,215,44448,12,1649,46109,66955,23537,Sí
2018,29,TLAXCALA,13,ZACATELCO,PAN,3167,41690,14,1738,43442,62749,3167,No
2018,29,TLAXCALA,13,ZACATELCO,C_COMUN_PRI_PVEM_NUAL_PS,8570,41690,14,1738,43442,62749,8570,Sí
2018,29,TLAXCALA,13,ZACATELCO,PRD,3786,41690,14,1738,43442,62749,3786,No
2018,29,TLAXCALA,13,ZACATELCO,PT,1433,41690,14,1738,43442,62749,1433,No
2018,29,TLAXCALA,13,ZACATELCO,MC,4605,41690,14,1738,43442,62749,4605,No
2018,29,TLAXCALA,13,ZACATELCO,PAC,1105,41690,14,1738,43442,62749,1105,No
2018,29,TLAXCALA,13,ZACATELCO,MORENA,18101,41690,14,1738,43442,62749,18101,No
2018,29,TLAXCALA,13,ZACATELCO,ES,636,41690,14,1738,43442,62749,636,No
2018,29,TLAXCALA,13,ZACATELCO,PAN_PRD_PAC,139,41690,14,1738,43442,62749,8197,Sí
2018,29,TLAXCALA,13,ZACATELCO,PAN_PRD,100,41690,14,1738,43442,62749,7053,Sí
2018,29,TLAXCALA,13,ZACATELCO,PAN_PAC,27,41690,14,1738,43442,62749,4299,Sí
2018,29,TLAXCALA,13,ZACATELCO,PRD_PAC,21,41690,14,1738,43442,62749,4912,Sí
2018,29,TLAXCALA,14,SANTA MARIA NATIVITAS,PAN,4704,39180,6,1269,40455,64097,4704,No
2018,29,TLAXCALA,14,SANTA MARIA NATIVITAS,C_COMUN_PRI_PVEM_NUAL_PS,3896,39180,6,1269,40455,64097,3896,Sí
2018,29,TLAXCALA,14,SANTA MARIA NATIVITAS,PRD,8376,39180,6,1269,40455,64097,8376,No
2018,29,TLAXCALA,14,SANTA MARIA NATIVITAS,PT,1222,39180,6,1269,40455,64097,1222,No
2018,29,TLAXCALA,14,SANTA MARIA NATIVITAS,MC,949,39180,6,1269,40455,64097,949,No
2018,29,TLAXCALA,14,SANTA MARIA NATIVITAS,PAC,3743,39180,6,1269,40455,64097,3743,No
2018,29,TLAXCALA,14,SANTA MARIA NATIVITAS,MORENA,14803,39180,6,1269,40455,64097,14803,No
2018,29,TLAXCALA,14,SANTA MARIA NATIVITAS,ES,550,39180,6,1269,40455,64097,550,No
2018,29,TLAXCALA,14,SANTA MARIA NATIVITAS,PAN_PRD_PAC,139,39180,6,1269,40455,64097,16962,Sí
2018,29,TLAXCALA,14,SANTA MARIA NATIVITAS,PAN_PRD,110,39180,6,1269,40455,64097,13190,Sí
2018,29,TLAXCALA,14,SANTA MARIA NATIVITAS,PAN_PAC,41,39180,6,1269,40455,64097,8488,Sí
2018,29,TLAXCALA,14,SANTA MARIA NATIVITAS,PRD_PAC,59,39180,6,1269,40455,64097,12178,Sí
2018,29,TLAXCALA,14,SANTA MARIA NATIVITAS,PT_MORENA_ES,308,39180,6,1269,40455,64097,16883,Sí
2018,29,TLAXCALA,14,SANTA MARIA NATIVITAS,PT_MORENA,147,39180,6,1269,40455,64097,16172,Sí
2018,29,TLAXCALA,14,SANTA MARIA NATIVITAS,PT_ES,14,39180,6,1269,40455,64097,1786,Sí
2018,29,TLAXCALA,14,SANTA MARIA NATIVITAS,MORENA_ES,119,39180,6,1269,40455,64097,15472,Sí
2018,29,TLAXCALA,15,VICENTE GUERRERO,PAN,3538,38271,15,2370,40656,63162,3538,No
2018,29,TLAXCALA,15,VICENTE GUERRERO,C_COMUN_PRI_PVEM_NUAL_PS,4071,38271,15,2370,40656,63162,4071,Sí
2018,29,TLAXCALA,15,VICENTE GUERRERO,PRD,769,38271,15,2370,40656,63162,769,No
2018,29,TLAXCALA,15,VICENTE GUERRERO,PT,5664,38271,15,2370,40656,63162,5664,No
2018,29,TLAXCALA,15,VICENTE GUERRERO,MC,6465,38271,15,2370,40656,63162,6465,No
2018,29,TLAXCALA,15,VICENTE GUERRERO,PAC,413,38271,15,2370,40656,63162,413,No
2018,29,TLAXCALA,15,VICENTE GUERRERO,MORENA,13859,38271,15,2370,40656,63162,13859,No
2018,29,TLAXCALA,15,VICENTE GUERRERO,ES,3374,38271,15,2370,40656,63162,3374,No
2018,29,TLAXCALA,15,VICENTE GUERRERO,PAN_PRD_PAC,55,38271,15,2370,40656,63162,4775,Sí
2018,29,TLAXCALA,15,VICENTE GUERRERO,PAN_PRD,42,38271,15,2370,40656,63162,4349,Sí
2018,29,TLAXCALA,15,VICENTE GUERRERO,PAN_PAC,16,38271,15,2370,40656,63162,3967,Sí
2018,29,TLAXCALA,15,VICENTE GUERRERO,PRD_PAC,5,38271,15,2370,40656,63162,1187,Sí
2018,29,TLAXCALA,15,VICENTE GUERRERO,PT_MORENA_ES,0,38271,15,2370,40656,63162,22897,Sí
2018,29,TLAXCALA,15,VICENTE GUERRERO,PT_MORENA,0,38271,15,2370,40656,63162,19523,Sí
2018,29,TLAXCALA,15,VICENTE GUERRERO,PT_ES,0,38271,15,2370,40656,63162,9038,Sí
2018,29,TLAXCALA,15,VICENTE GUERRERO,MORENA_ES,0,38271,15,2370,40656,63162,17233,Sí
2018,29,TLAXCALA,2,TLAXCO DE MORELOS,PAN,4962,31106,3743,1919,36768,57606,4962,No
2018,29,TLAXCALA,2,TLAXCO DE MORELOS,C_COMUN_PRI_PVEM_PS,3832,31106,3743,1919,36768,57606,3832,Sí
2018,29,TLAXCALA,2,TLAXCO DE MORELOS,PRD,1158,31106,3743,1919,36768,57606,1158,No
2018,29,TLAXCALA,2,TLAXCO DE MORELOS,PT,1602,31106,3743,1919,36768,57606,1602,No
2018,29,TLAXCALA,2,TLAXCO DE MORELOS,MC,356,31106,3743,1919,36768,57606,356,No
2018,29,TLAXCALA,2,TLAXCO DE MORELOS,NUAL,2662,31106,3743,1919,36768,57606,2662,No
2018,29,TLAXCALA,2,TLAXCO DE MORELOS,PAC,453,31106,3743,1919,36768,57606,453,No
2018,29,TLAXCALA,2,TLAXCO DE MORELOS,MORENA,10178,31106,3743,1919,36768,57606,10178,No
2018,29,TLAXCALA,2,TLAXCO DE MORELOS,ES,404,31106,3743,1919,36768,57606,404,No
2018,29,TLAXCALA,2,TLAXCO DE MORELOS,PAN_PRD_PAC,74,31106,3743,1919,36768,57606,6647,Sí
2018,29,TLAXCALA,2,TLAXCO DE MORELOS,PAN_PRD,66,31106,3743,1919,36768,57606,6186,Sí
2018,29,TLAXCALA,2,TLAXCO DE MORELOS,PAN_PAC,19,31106,3743,1919,36768,57606,5434,Sí
2018,29,TLAXCALA,2,TLAXCO DE MORELOS,PRD_PAC,10,31106,3743,1919,36768,57606,1621,Sí
2018,29,TLAXCALA,2,TLAXCO DE MORELOS,PT_MORENA_ES,287,31106,3743,1919,36768,57606,12471,Sí
2018,29,TLAXCALA,2,TLAXCO DE MORELOS,PT_MORENA,166,31106,3743,1919,36768,57606,11946,Sí
2018,29,TLAXCALA,2,TLAXCO DE MORELOS,PT_ES,22,31106,3743,1919,36768,57606,2028,Sí
2018,29,TLAXCALA,2,TLAXCO DE MORELOS,MORENA_ES,118,31106,3743,1919,36768,57606,10700,Sí
2018,29,TLAXCALA,2,TLAXCO DE MORELOS,Candidatura Independiente,2237,31106,3743,1919,36768,57606,2237,No
2018,29,TLAXCALA,2,TLAXCO DE MORELOS,Candidatura Independiente,2500,31106,3743,1919,36768,57606,2500,No
2018,29,TLAXCALA,3,SAN COSME XALOSTOC,PAN,2256,35639,23,1444,37106,56120,2256,No
2018,29,TLAXCALA,3,SAN COSME XALOSTOC,C_COMUN_PRI_PVEM_NUAL_PS,9344,35639,23,1444,37106,56120,9344,Sí
2018,29,TLAXCALA,3,SAN COSME XALOSTOC,PRD,629,35639,23,1444,37106,56120,629,No
2018,29,TLAXCALA,3,SAN COSME XALOSTOC,PT,2458,35639,23,1444,37106,56120,2458,No
2018,29,TLAXCALA,3,SAN COSME XALOSTOC,MC,5384,35639,23,1444,37106,56120,5384,No
2018,29,TLAXCALA,3,SAN COSME XALOSTOC,PAC,606,35639,23,1444,37106,56120,606,No
2018,29,TLAXCALA,3,SAN COSME XALOSTOC,MORENA,10798,35639,23,1444,37106,56120,10798,No
2018,29,TLAXCALA,3,SAN COSME XALOSTOC,ES,600,35639,23,1444,37106,56120,600,No
2018,29,TLAXCALA,3,SAN COSME XALOSTOC,PAN_PRD_PAC,29,35639,23,1444,37106,56120,3520,Sí
2018,29,TLAXCALA,3,SAN COSME XALOSTOC,PAN_PRD,26,35639,23,1444,37106,56120,2911,Sí
2018,29,TLAXCALA,3,SAN COSME XALOSTOC,PAN_PAC,11,35639,23,1444,37106,56120,2873,Sí
2018,29,TLAXCALA,3,SAN COSME XALOSTOC,PRD_PAC,7,35639,23,1444,37106,56120,1242,Sí
2018,29,TLAXCALA,3,SAN COSME XALOSTOC,PT_MORENA_ES,366,35639,23,1444,37106,56120,14222,Sí
2018,29,TLAXCALA,3,SAN COSME XALOSTOC,PT_MORENA,189,35639,23,1444,37106,56120,13445,Sí
2018,29,TLAXCALA,3,SAN COSME XALOSTOC,PT_ES,27,35639,23,1444,37106,56120,3085,Sí
2018,29,TLAXCALA,3,SAN COSME XALOSTOC,MORENA_ES,105,35639,23,1444,37106,56120,11503,Sí
2018,29,TLAXCALA,3,SAN COSME XALOSTOC,Candidatura Independiente,2804,35639,23,1444,37106,56120,2804,No
2018,29,TLAXCALA,4,APIZACO,PAN,8010,40196,44,1922,42162,63601,8010,No
2018,29,TLAXCALA,4,APIZACO,C_COMUN_PRI_PVEM_NUAL_PS,6566,40196,44,1922,42162,63601,6566,Sí
2018,29,TLAXCALA,4,APIZACO,PRD,790,40196,44,1922,42162,63601,790,No
2018,29,TLAXCALA,4,APIZACO,PT,6993,40196,44,1922,42162,63601,6993,No
2018,29,TLAXCALA,4,APIZACO,MC,1015,40196,44,1922,42162,63601,1015,No
2018,29,TLAXCALA,4,APIZACO,PAC,685,40196,44,1922,42162,63601,685,No
2018,29,TLAXCALA,4,APIZACO,MORENA,14560,40196,44,1922,42162,63601,14560,No
2018,29,TLAXCALA,4,APIZACO,ES,1375,40196,44,1922,42162,63601,1375,No
2018,29,TLAXCALA,4,APIZACO,PAN_PRD_PAC,99,40196,44,1922,42162,63601,9584,Sí
2018,29,TLAXCALA,4,APIZACO,PAN_PRD,62,40196,44,1922,42162,63601,8862,Sí
2018,29,TLAXCALA,4,APIZACO,PAN_PAC,34,40196,44,1922,42162,63601,8729,Sí
2018,29,TLAXCALA,4,APIZACO,PRD_PAC,7,40196,44,1922,42162,63601,1482,Sí
2018,29,TLAXCALA,5,SAN DIONICIO YAUHQUEMEHCAN,PAN,8405,34465,16,2004,36485,56642,8405,No
2018,29,TLAXCALA,5,SAN DIONICIO YAUHQUEMEHCAN,C_COMUN_PRI_PVEM_NUAL_PS,3676,34465,16,2004,36485,56642,3676,Sí
2018,29,TLAXCALA,5,SAN DIONICIO YAUHQUEMEHCAN,PRD,942,34465,16,2004,36485,56642,942,No
2018,29,TLAXCALA,5,SAN DIONICIO YAUHQUEMEHCAN,PT,7868,34465,16,2004,36485,56642,7868,No
2018,29,TLAXCALA,5,SAN DIONICIO YAUHQUEMEHCAN,MC,509,34465,16,2004,36485,56642,509,No
2018,29,TLAXCALA,5,SAN DIONICIO YAUHQUEMEHCAN,PAC,992,34465,16,2004,36485,56642,992,No
2018,29,TLAXCALA,5,SAN DIONICIO YAUHQUEMEHCAN,MORENA,11160,34465,16,2004,36485,56642,11160,No
2018,29,TLAXCALA,5,SAN DIONICIO YAUHQUEMEHCAN,ES,640,34465,16,2004,36485,56642,640,No
2018,29,TLAXCALA,5,SAN DIONICIO YAUHQUEMEHCAN,PAN_PRD_PAC,125,34465,16,2004,36485,56642,10464,Sí
2018,29,TLAXCALA,5,SAN DIONICIO YAUHQUEMEHCAN,PAN_PRD,98,34465,16,2004,36485,56642,9445,Sí
2018,29,TLAXCALA,5,SAN DIONICIO YAUHQUEMEHCAN,PAN_PAC,42,34465,16,2004,36485,56642,9439,Sí
2018,29,TLAXCALA,5,SAN DIONICIO YAUHQUEMEHCAN,PRD_PAC,8,34465,16,2004,36485,56642,1942,Sí
2018,29,TLAXCALA,6,IXTACUIXTLA DE MARIANO MATAMOROS,PAN,1759,39978,74,2252,42304,64806,1759,No
2018,29,TLAXCALA,6,IXTACUIXTLA DE MARIANO MATAMOROS,C_COMUN_PRI_PVEM_NUAL_PS,5458,39978,74,2252,42304,64806,5458,Sí
2018,29,TLAXCALA,6,IXTACUIXTLA DE MARIANO MATAMOROS,PRD,1453,39978,74,2252,42304,64806,1453,No
2018,29,TLAXCALA,6,IXTACUIXTLA DE MARIANO MATAMOROS,PT,4139,39978,74,2252,42304,64806,4139,No
2018,29,TLAXCALA,6,IXTACUIXTLA DE MARIANO MATAMOROS,MC,1802,39978,74,2252,42304,64806,1802,No
2018,29,TLAXCALA,6,IXTACUIXTLA DE MARIANO MATAMOROS,PAC,1416,39978,74,2252,42304,64806,1416,No
2018,29,TLAXCALA,6,IXTACUIXTLA DE MARIANO MATAMOROS,MORENA,18796,39978,74,2252,42304,64806,18796,No
2018,29,TLAXCALA,6,IXTACUIXTLA DE MARIANO MATAMOROS,ES,2171,39978,74,2252,42304,64806,2171,No
2018,29,TLAXCALA,6,IXTACUIXTLA DE MARIANO MATAMOROS,PAN_PRD_PAC,58,39978,74,2252,42304,64806,4686,Sí
2018,29,TLAXCALA,6,IXTACUIXTLA DE MARIANO MATAMOROS,PAN_PRD,34,39978,74,2252,42304,64806,3246,Sí
2018,29,TLAXCALA,6,IXTACUIXTLA DE MARIANO MATAMOROS,PAN_PAC,20,39978,74,2252,42304,64806,3195,Sí
2018,29,TLAXCALA,6,IXTACUIXTLA DE MARIANO MATAMOROS,PRD_PAC,11,39978,74,2252,42304,64806,2880,Sí
2018,29,TLAXCALA,6,IXTACUIXTLA DE MARIANO MATAMOROS,Candidatura Independiente,2861,39978,74,2252,42304,64806,2861,No
2018,29,TLAXCALA,7,TLAXCALA DE XICOHTENCATL,PAN,6426,50016,31,1675,51722,73408,6426,No
2018,29,TLAXCALA,7,TLAXCALA DE XICOHTENCATL,C_COMUN_PRI_PVEM_NUAL_PS,8468,50016,31,1675,51722,73408,8468,Sí
2018,29,TLAXCALA,7,TLAXCALA DE XICOHTENCATL,PRD,1375,50016,31,1675,51722,73408,1375,No
2018,29,TLAXCALA,7,TLAXCALA DE XICOHTENCATL,PT,1351,50016,31,1675,51722,73408,1351,No
2018,29,TLAXCALA,7,TLAXCALA DE XICOHTENCATL,MC,925,50016,31,1675,51722,73408,925,No
2018,29,TLAXCALA,7,TLAXCALA DE XICOHTENCATL,PAC,4230,50016,31,1675,51722,73408,4230,No
2018,29,TLAXCALA,7,TLAXCALA DE XICOHTENCATL,MORENA,22126,50016,31,1675,51722,73408,22126,No
2018,29,TLAXCALA,7,TLAXCALA DE XICOHTENCATL,ES,1129,50016,31,1675,51722,73408,1129,No
2018,29,TLAXCALA,7,TLAXCALA DE XICOHTENCATL,PAN_PRD_PAC,285,50016,31,1675,51722,73408,12316,Sí
2018,29,TLAXCALA,7,TLAXCALA DE XICOHTENCATL,PAN_PRD,78,50016,31,1675,51722,73408,7879,Sí
2018,29,TLAXCALA,7,TLAXCALA DE XICOHTENCATL,PAN_PAC,95,50016,31,1675,51722,73408,10751,Sí
2018,29,TLAXCALA,7,TLAXCALA DE XICOHTENCATL,PRD_PAC,27,50016,31,1675,51722,73408,5632,Sí
2018,29,TLAXCALA,7,TLAXCALA DE XICOHTENCATL,PT_MORENA_ES,487,50016,31,1675,51722,73408,25093,Sí
2018,29,TLAXCALA,7,TLAXCALA DE XICOHTENCATL,PT_MORENA,187,50016,31,1675,51722,73408,23664,Sí
2018,29,TLAXCALA,7,TLAXCALA DE XICOHTENCATL,PT_ES,16,50016,31,1675,51722,73408,2496,Sí
2018,29,TLAXCALA,7,TLAXCALA DE XICOHTENCATL,MORENA_ES,150,50016,31,1675,51722,73408,23405,Sí
2018,29,TLAXCALA,7,TLAXCALA DE XICOHTENCATL,Candidatura Independiente,2661,50016,31,1675,51722,73408,2661,No
2018,29,TLAXCALA,8,SAN BERNARDINO CONTLA,PAN,2587,40656,19,1763,42438,59913,2587,No
2018,29,TLAXCALA,8,SAN BERNARDINO CONTLA,C_COMUN_PRI_PVEM_NUAL_PS,7211,40656,19,1763,42438,59913,7211,Sí
2018,29,TLAXCALA,8,SAN BERNARDINO CONTLA,PRD,2831,40656,19,1763,42438,59913,2831,No
2018,29,TLAXCALA,8,SAN BERNARDINO CONTLA,PT,2027,40656,19,1763,42438,59913,2027,No
2018,29,TLAXCALA,8,SAN BERNARDINO CONTLA,MC,1888,40656,19,1763,42438,59913,1888,No
2018,29,TLAXCALA,8,SAN BERNARDINO CONTLA,PAC,737,40656,19,1763,42438,59913,737,No
2018,29,TLAXCALA,8,SAN BERNARDINO CONTLA,MORENA,16093,40656,19,1763,42438,59913,16093,No
2018,29,TLAXCALA,8,SAN BERNARDINO CONTLA,ES,4044,40656,19,1763,42438,59913,4044,No
2018,29,TLAXCALA,8,SAN BERNARDINO CONTLA,PAN_PRD_PAC,93,40656,19,1763,42438,59913,6248,Sí
2018,29,TLAXCALA,8,SAN BERNARDINO CONTLA,PAN_PRD,56,40656,19,1763,42438,59913,5474,Sí
2018,29,TLAXCALA,8,SAN BERNARDINO CONTLA,PAN_PAC,12,40656,19,1763,42438,59913,3336,Sí
2018,29,TLAXCALA,8,SAN BERNARDINO CONTLA,PRD_PAC,13,40656,19,1763,42438,59913,3581,Sí
2018,29,TLAXCALA,8,SAN BERNARDINO CONTLA,Candidatura Independiente,3064,40656,19,1763,42438,59913,3064,No
2018,29,TLAXCALA,9,SANTA ANA CHIAUTEMPAN,PAN,6449,42530,25,1583,44138,65798,6449,No
2018,29,TLAXCALA,9,SANTA ANA CHIAUTEMPAN,C_COMUN_PRI_PVEM_NUAL_PS,4661,42530,25,1583,44138,65798,4661,Sí
2018,29,TLAXCALA,9,SANTA ANA CHIAUTEMPAN,PRD,1537,42530,25,1583,44138,65798,1537,No
2018,29,TLAXCALA,9,SANTA ANA CHIAUTEMPAN,PT,3135,42530,25,1583,44138,65798,3135,No
2018,29,TLAXCALA,9,SANTA ANA CHIAUTEMPAN,MC,1291,42530,25,1583,44138,65798,1291,No
2018,29,TLAXCALA,9,SANTA ANA CHIAUTEMPAN,PAC,1399,42530,25,1583,44138,65798,1399,No
2018,29,TLAXCALA,9,SANTA ANA CHIAUTEMPAN,MORENA,17803,42530,25,1583,44138,65798,17803,No
2018,29,TLAXCALA,9,SANTA ANA CHIAUTEMPAN,ES,875,42530,25,1583,44138,65798,875,No
2018,29,TLAXCALA,9,SANTA ANA CHIAUTEMPAN,PAN_PRD_PAC,126,42530,25,1583,44138,65798,9511,Sí
2018,29,TLAXCALA,9,SANTA ANA CHIAUTEMPAN,PAN_PRD,71,42530,25,1583,44138,65798,8057,Sí
2018,29,TLAXCALA,9,SANTA ANA CHIAUTEMPAN,PAN_PAC,44,42530,25,1583,44138,65798,7892,Sí
2018,29,TLAXCALA,9,SANTA ANA CHIAUTEMPAN,PRD_PAC,24,42530,25,1583,44138,65798,2960,Sí
2018,29,TLAXCALA,9,SANTA ANA CHIAUTEMPAN,PT_MORENA_ES,518,42530,25,1583,44138,65798,22331,Sí
2018,29,TLAXCALA,9,SANTA ANA CHIAUTEMPAN,PT_MORENA,262,42530,25,1583,44138,65798,21200,Sí
2018,29,TLAXCALA,9,SANTA ANA CHIAUTEMPAN,PT_ES,18,42530,25,1583,44138,65798,4028,Sí
2018,29,TLAXCALA,9,SANTA ANA CHIAUTEMPAN,MORENA_ES,119,42530,25,1583,44138,65798,18797,Sí
2018,29,TLAXCALA,9,SANTA ANA CHIAUTEMPAN,Candidatura Independiente,4198,42530,25,1583,44138,65798,4198,No
2018,3,BAJA CALIFORNIA SUR,1,SAN JOSE DEL CABO,C_COMUN_PAN_PRD_PRS_PHBCS,5165,17896,7,642,18545,35350,5165,Sí
2018,3,BAJA CALIFORNIA SUR,1,SAN JOSE DEL CABO,PRI,850,17896,7,642,18545,35350,850,No
2018,3,BAJA CALIFORNIA SUR,1,SAN JOSE DEL CABO,PT,2120,17896,7,642,18545,35350,2120,No
2018,3,BAJA CALIFORNIA SUR,1,SAN JOSE DEL CABO,PVEM,1042,17896,7,642,18545,35350,1042,No
2018,3,BAJA CALIFORNIA SUR,1,SAN JOSE DEL CABO,MC,0,17896,7,642,18545,35350,0,No
2018,3,BAJA CALIFORNIA SUR,1,SAN JOSE DEL CABO,NUAL,168,17896,7,642,18545,35350,168,No
2018,3,BAJA CALIFORNIA SUR,1,SAN JOSE DEL CABO,MORENA,5819,17896,7,642,18545,35350,5819,No
2018,3,BAJA CALIFORNIA SUR,1,SAN JOSE DEL CABO,ES,236,17896,7,642,18545,35350,236,No
2018,3,BAJA CALIFORNIA SUR,1,SAN JOSE DEL CABO,BCSC,608,17896,7,642,18545,35350,608,No
2018,3,BAJA CALIFORNIA SUR,1,SAN JOSE DEL CABO,MORENA_ES,71,17896,7,642,18545,35350,6126,Sí
2018,3,BAJA CALIFORNIA SUR,1,SAN JOSE DEL CABO,Candidatura Independiente,1817,17896,7,642,18545,35350,1817,No
2018,3,BAJA CALIFORNIA SUR,10,CD. CONSTITUCION,C_COMUN_PAN_PRD_PRS_PHBCS,4112,15076,8,783,15867,27571,4112,Sí
2018,3,BAJA CALIFORNIA SUR,10,CD. CONSTITUCION,PRI,2366,15076,8,783,15867,27571,2366,No
2018,3,BAJA CALIFORNIA SUR,10,CD. CONSTITUCION,PT,310,15076,8,783,15867,27571,310,No
2018,3,BAJA CALIFORNIA SUR,10,CD. CONSTITUCION,PVEM,232,15076,8,783,15867,27571,232,No
2018,3,BAJA CALIFORNIA SUR,10,CD. CONSTITUCION,MC,174,15076,8,783,15867,27571,174,No
2018,3,BAJA CALIFORNIA SUR,10,CD. CONSTITUCION,NUAL,1253,15076,8,783,15867,27571,1253,No
2018,3,BAJA CALIFORNIA SUR,10,CD. CONSTITUCION,MORENA,5693,15076,8,783,15867,27571,5693,No
2018,3,BAJA CALIFORNIA SUR,10,CD. CONSTITUCION,ES,380,15076,8,783,15867,27571,380,No
2018,3,BAJA CALIFORNIA SUR,10,CD. CONSTITUCION,BCSC,292,15076,8,783,15867,27571,292,No
2018,3,BAJA CALIFORNIA SUR,10,CD. CONSTITUCION,MORENA_ES,264,15076,8,783,15867,27571,6337,Sí
2018,3,BAJA CALIFORNIA SUR,11,CD. CONSTITUCION,C_COMUN_PAN_PRD_PRS_PHBCS,4805,16316,15,787,17118,26095,4805,Sí
2018,3,BAJA CALIFORNIA SUR,11,CD. CONSTITUCION,PRI,3782,16316,15,787,17118,26095,3782,No
2018,3,BAJA CALIFORNIA SUR,11,CD. CONSTITUCION,PT,338,16316,15,787,17118,26095,338,No
2018,3,BAJA CALIFORNIA SUR,11,CD. CONSTITUCION,PVEM,335,16316,15,787,17118,26095,335,No
2018,3,BAJA CALIFORNIA SUR,11,CD. CONSTITUCION,MC,463,16316,15,787,17118,26095,463,No
2018,3,BAJA CALIFORNIA SUR,11,CD. CONSTITUCION,NUAL,211,16316,15,787,17118,26095,211,No
2018,3,BAJA CALIFORNIA SUR,11,CD. CONSTITUCION,MORENA,5617,16316,15,787,17118,26095,5617,No
2018,3,BAJA CALIFORNIA SUR,11,CD. CONSTITUCION,ES,363,16316,15,787,17118,26095,363,No
2018,3,BAJA CALIFORNIA SUR,11,CD. CONSTITUCION,BCSC,222,16316,15,787,17118,26095,222,No
2018,3,BAJA CALIFORNIA SUR,11,CD. CONSTITUCION,MORENA_ES,180,16316,15,787,17118,26095,6160,Sí
2018,3,BAJA CALIFORNIA SUR,12,SAN JOSE DEL CABO,C_COMUN_PAN_PRD_PRS_PHBCS,3982,17533,10,752,18295,31767,3982,Sí
2018,3,BAJA CALIFORNIA SUR,12,SAN JOSE DEL CABO,PRI,1772,17533,10,752,18295,31767,1772,No
2018,3,BAJA CALIFORNIA SUR,12,SAN JOSE DEL CABO,PT,4840,17533,10,752,18295,31767,4840,No
2018,3,BAJA CALIFORNIA SUR,12,SAN JOSE DEL CABO,PVEM,784,17533,10,752,18295,31767,784,No
2018,3,BAJA CALIFORNIA SUR,12,SAN JOSE DEL CABO,MC,0,17533,10,752,18295,31767,0,No
2018,3,BAJA CALIFORNIA SUR,12,SAN JOSE DEL CABO,NUAL,384,17533,10,752,18295,31767,384,No
2018,3,BAJA CALIFORNIA SUR,12,SAN JOSE DEL CABO,MORENA,5135,17533,10,752,18295,31767,5135,No
2018,3,BAJA CALIFORNIA SUR,12,SAN JOSE DEL CABO,ES,235,17533,10,752,18295,31767,235,No
2018,3,BAJA CALIFORNIA SUR,12,SAN JOSE DEL CABO,BCSC,310,17533,10,752,18295,31767,310,No
2018,3,BAJA CALIFORNIA SUR,12,SAN JOSE DEL CABO,MORENA_ES,91,17533,10,752,18295,31767,5461,Sí
2018,3,BAJA CALIFORNIA SUR,13,LORETO,C_COMUN_PAN_PRD_PRS_PHBCS,7044,17846,4,1264,19114,28804,7044,Sí
2018,3,BAJA CALIFORNIA SUR,13,LORETO,PRI,2173,17846,4,1264,19114,28804,2173,No
2018,3,BAJA CALIFORNIA SUR,13,LORETO,PT,626,17846,4,1264,19114,28804,626,No
2018,3,BAJA CALIFORNIA SUR,13,LORETO,PVEM,1578,17846,4,1264,19114,28804,1578,No
2018,3,BAJA CALIFORNIA SUR,13,LORETO,MC,0,17846,4,1264,19114,28804,0,No
2018,3,BAJA CALIFORNIA SUR,13,LORETO,NUAL,2621,17846,4,1264,19114,28804,2621,No
2018,3,BAJA CALIFORNIA SUR,13,LORETO,MORENA,3139,17846,4,1264,19114,28804,3139,No
2018,3,BAJA CALIFORNIA SUR,13,LORETO,ES,316,17846,4,1264,19114,28804,316,No
2018,3,BAJA CALIFORNIA SUR,13,LORETO,BCSC,349,17846,4,1264,19114,28804,349,No
2018,3,BAJA CALIFORNIA SUR,13,LORETO,MORENA_ES,0,17846,4,1264,19114,28804,3455,Sí
2018,3,BAJA CALIFORNIA SUR,14,GUERRERO NEGRO,C_COMUN_PAN_PRD_PRS_PHBCS,3528,13149,0,726,13875,24179,3528,Sí
2018,3,BAJA CALIFORNIA SUR,14,GUERRERO NEGRO,PRI,1378,13149,0,726,13875,24179,1378,No
2018,3,BAJA CALIFORNIA SUR,14,GUERRERO NEGRO,PT,361,13149,0,726,13875,24179,361,No
2018,3,BAJA CALIFORNIA SUR,14,GUERRERO NEGRO,PVEM,397,13149,0,726,13875,24179,397,No
2018,3,BAJA CALIFORNIA SUR,14,GUERRERO NEGRO,MC,0,13149,0,726,13875,24179,0,No
2018,3,BAJA CALIFORNIA SUR,14,GUERRERO NEGRO,NUAL,1873,13149,0,726,13875,24179,1873,No
2018,3,BAJA CALIFORNIA SUR,14,GUERRERO NEGRO,MORENA,4787,13149,0,726,13875,24179,4787,No
2018,3,BAJA CALIFORNIA SUR,14,GUERRERO NEGRO,ES,721,13149,0,726,13875,24179,721,No
2018,3,BAJA CALIFORNIA SUR,14,GUERRERO NEGRO,BCSC,104,13149,0,726,13875,24179,104,No
2018,3,BAJA CALIFORNIA SUR,14,GUERRERO NEGRO,MORENA_ES,0,13149,0,726,13875,24179,5508,Sí
2018,3,BAJA CALIFORNIA SUR,15,LA PAZ,C_COMUN_PAN_PRD_PRS_PHBCS,5793,21810,17,818,22645,33424,5793,Sí
2018,3,BAJA CALIFORNIA SUR,15,LA PAZ,PRI,2215,21810,17,818,22645,33424,2215,No
2018,3,BAJA CALIFORNIA SUR,15,LA PAZ,PT,390,21810,17,818,22645,33424,390,No
2018,3,BAJA CALIFORNIA SUR,15,LA PAZ,PVEM,614,21810,17,818,22645,33424,614,No
2018,3,BAJA CALIFORNIA SUR,15,LA PAZ,MC,394,21810,17,818,22645,33424,394,No
2018,3,BAJA CALIFORNIA SUR,15,LA PAZ,NUAL,1468,21810,17,818,22645,33424,1468,No
2018,3,BAJA CALIFORNIA SUR,15,LA PAZ,MORENA,7624,21810,17,818,22645,33424,7624,No
2018,3,BAJA CALIFORNIA SUR,15,LA PAZ,ES,446,21810,17,818,22645,33424,446,No
2018,3,BAJA CALIFORNIA SUR,15,LA PAZ,BCSC,1447,21810,17,818,22645,33424,1447,No
2018,3,BAJA CALIFORNIA SUR,15,LA PAZ,MORENA_ES,199,21810,17,818,22645,33424,8269,Sí
2018,3,BAJA CALIFORNIA SUR,15,LA PAZ,Candidatura Independiente,1220,21810,17,818,22645,33424,1220,No
2018,3,BAJA CALIFORNIA SUR,16,CABO SAN LUCAS,C_COMUN_PAN_PRD_PRS_PHBCS,3998,19076,18,675,19769,38082,3998,Sí
2018,3,BAJA CALIFORNIA SUR,16,CABO SAN LUCAS,PRI,787,19076,18,675,19769,38082,787,No
2018,3,BAJA CALIFORNIA SUR,16,CABO SAN LUCAS,PT,3572,19076,18,675,19769,38082,3572,No
2018,3,BAJA CALIFORNIA SUR,16,CABO SAN LUCAS,PVEM,740,19076,18,675,19769,38082,740,No
2018,3,BAJA CALIFORNIA SUR,16,CABO SAN LUCAS,MC,0,19076,18,675,19769,38082,0,No
2018,3,BAJA CALIFORNIA SUR,16,CABO SAN LUCAS,NUAL,350,19076,18,675,19769,38082,350,No
2018,3,BAJA CALIFORNIA SUR,16,CABO SAN LUCAS,MORENA,6679,19076,18,675,19769,38082,6679,No
2018,3,BAJA CALIFORNIA SUR,16,CABO SAN LUCAS,ES,254,19076,18,675,19769,38082,254,No
2018,3,BAJA CALIFORNIA SUR,16,CABO SAN LUCAS,BCSC,1573,19076,18,675,19769,38082,1573,No
2018,3,BAJA CALIFORNIA SUR,16,CABO SAN LUCAS,MORENA_ES,47,19076,18,675,19769,38082,6980,Sí
2018,3,BAJA CALIFORNIA SUR,16,CABO SAN LUCAS,Candidatura Independiente,1076,19076,18,675,19769,38082,1076,No
2018,3,BAJA CALIFORNIA SUR,2,LA PAZ,C_COMUN_PAN_PRD_PRS_PHBCS,4941,20162,14,1004,21180,34497,4941,Sí
2018,3,BAJA CALIFORNIA SUR,2,LA PAZ,PRI,2070,20162,14,1004,21180,34497,2070,No
2018,3,BAJA CALIFORNIA SUR,2,LA PAZ,PT,362,20162,14,1004,21180,34497,362,No
2018,3,BAJA CALIFORNIA SUR,2,LA PAZ,PVEM,1471,20162,14,1004,21180,34497,1471,No
2018,3,BAJA CALIFORNIA SUR,2,LA PAZ,MC,1075,20162,14,1004,21180,34497,1075,No
2018,3,BAJA CALIFORNIA SUR,2,LA PAZ,NUAL,302,20162,14,1004,21180,34497,302,No
2018,3,BAJA CALIFORNIA SUR,2,LA PAZ,MORENA,6607,20162,14,1004,21180,34497,6607,No
2018,3,BAJA CALIFORNIA SUR,2,LA PAZ,ES,374,20162,14,1004,21180,34497,374,No
2018,3,BAJA CALIFORNIA SUR,2,LA PAZ,BCSC,583,20162,14,1004,21180,34497,583,No
2018,3,BAJA CALIFORNIA SUR,2,LA PAZ,MORENA_ES,134,20162,14,1004,21180,34497,7115,Sí
2018,3,BAJA CALIFORNIA SUR,2,LA PAZ,Candidatura Independiente,2243,20162,14,1004,21180,34497,2243,No
2018,3,BAJA CALIFORNIA SUR,3,LA PAZ,C_COMUN_PAN_PRD_PRS_PHBCS,5485,18801,17,991,19809,32336,5485,Sí
2018,3,BAJA CALIFORNIA SUR,3,LA PAZ,PRI,1506,18801,17,991,19809,32336,1506,No
2018,3,BAJA CALIFORNIA SUR,3,LA PAZ,PT,553,18801,17,991,19809,32336,553,No
2018,3,BAJA CALIFORNIA SUR,3,LA PAZ,PVEM,698,18801,17,991,19809,32336,698,No
2018,3,BAJA CALIFORNIA SUR,3,LA PAZ,MC,352,18801,17,991,19809,32336,352,No
2018,3,BAJA CALIFORNIA SUR,3,LA PAZ,NUAL,462,18801,17,991,19809,32336,462,No
2018,3,BAJA CALIFORNIA SUR,3,LA PAZ,MORENA,8014,18801,17,991,19809,32336,8014,No
2018,3,BAJA CALIFORNIA SUR,3,LA PAZ,ES,459,18801,17,991,19809,32336,459,No
2018,3,BAJA CALIFORNIA SUR,3,LA PAZ,BCSC,1093,18801,17,991,19809,32336,1093,No
2018,3,BAJA CALIFORNIA SUR,3,LA PAZ,MORENA_ES,179,18801,17,991,19809,32336,8652,Sí
2018,3,BAJA CALIFORNIA SUR,4,LA PAZ,C_COMUN_PAN_PRD_PRS_PHBCS,4831,19493,21,702,20216,37466,4831,Sí
2018,3,BAJA CALIFORNIA SUR,4,LA PAZ,PRI,1157,19493,21,702,20216,37466,1157,No
2018,3,BAJA CALIFORNIA SUR,4,LA PAZ,PT,442,19493,21,702,20216,37466,442,No
2018,3,BAJA CALIFORNIA SUR,4,LA PAZ,PVEM,712,19493,21,702,20216,37466,712,No
2018,3,BAJA CALIFORNIA SUR,4,LA PAZ,MC,471,19493,21,702,20216,37466,471,No
2018,3,BAJA CALIFORNIA SUR,4,LA PAZ,NUAL,569,19493,21,702,20216,37466,569,No
2018,3,BAJA CALIFORNIA SUR,4,LA PAZ,MORENA,9598,19493,21,702,20216,37466,9598,No
2018,3,BAJA CALIFORNIA SUR,4,LA PAZ,ES,575,19493,21,702,20216,37466,575,No
2018,3,BAJA CALIFORNIA SUR,4,LA PAZ,BCSC,937,19493,21,702,20216,37466,937,No
2018,3,BAJA CALIFORNIA SUR,4,LA PAZ,MORENA_ES,201,19493,21,702,20216,37466,10374,Sí
2018,3,BAJA CALIFORNIA SUR,5,LA PAZ,C_COMUN_PAN_PRD_PRS_PHBCS,5027,19590,39,909,20538,33423,5027,Sí
2018,3,BAJA CALIFORNIA SUR,5,LA PAZ,PRI,1906,19590,39,909,20538,33423,1906,No
2018,3,BAJA CALIFORNIA SUR,5,LA PAZ,PT,384,19590,39,909,20538,33423,384,No
2018,3,BAJA CALIFORNIA SUR,5,LA PAZ,PVEM,1135,19590,39,909,20538,33423,1135,No
2018,3,BAJA CALIFORNIA SUR,5,LA PAZ,MC,469,19590,39,909,20538,33423,469,No
2018,3,BAJA CALIFORNIA SUR,5,LA PAZ,NUAL,470,19590,39,909,20538,33423,470,No
2018,3,BAJA CALIFORNIA SUR,5,LA PAZ,MORENA,7948,19590,39,909,20538,33423,7948,No
2018,3,BAJA CALIFORNIA SUR,5,LA PAZ,ES,692,19590,39,909,20538,33423,692,No
2018,3,BAJA CALIFORNIA SUR,5,LA PAZ,BCSC,1077,19590,39,909,20538,33423,1077,No
2018,3,BAJA CALIFORNIA SUR,5,LA PAZ,MORENA_ES,482,19590,39,909,20538,33423,9122,Sí
2018,3,BAJA CALIFORNIA SUR,6,LA PAZ,C_COMUN_PAN_PRD_PRS_PHBCS,3441,17194,0,881,18075,31884,3441,Sí
2018,3,BAJA CALIFORNIA SUR,6,LA PAZ,PRI,1139,17194,0,881,18075,31884,1139,No
2018,3,BAJA CALIFORNIA SUR,6,LA PAZ,PT,474,17194,0,881,18075,31884,474,No
2018,3,BAJA CALIFORNIA SUR,6,LA PAZ,PVEM,3149,17194,0,881,18075,31884,3149,No
2018,3,BAJA CALIFORNIA SUR,6,LA PAZ,MC,246,17194,0,881,18075,31884,246,No
2018,3,BAJA CALIFORNIA SUR,6,LA PAZ,NUAL,486,17194,0,881,18075,31884,486,No
2018,3,BAJA CALIFORNIA SUR,6,LA PAZ,MORENA,7126,17194,0,881,18075,31884,7126,No
2018,3,BAJA CALIFORNIA SUR,6,LA PAZ,ES,315,17194,0,881,18075,31884,315,No
2018,3,BAJA CALIFORNIA SUR,6,LA PAZ,BCSC,636,17194,0,881,18075,31884,636,No
2018,3,BAJA CALIFORNIA SUR,6,LA PAZ,MORENA_ES,182,17194,0,881,18075,31884,7623,Sí
2018,3,BAJA CALIFORNIA SUR,7,SAN JOSE DEL CABO,C_COMUN_PAN_PRD_PRS_PHBCS,2915,15431,14,654,16099,33173,2915,Sí
2018,3,BAJA CALIFORNIA SUR,7,SAN JOSE DEL CABO,PRI,1578,15431,14,654,16099,33173,1578,No
2018,3,BAJA CALIFORNIA SUR,7,SAN JOSE DEL CABO,PT,2494,15431,14,654,16099,33173,2494,No
2018,3,BAJA CALIFORNIA SUR,7,SAN JOSE DEL CABO,PVEM,1045,15431,14,654,16099,33173,1045,No
2018,3,BAJA CALIFORNIA SUR,7,SAN JOSE DEL CABO,MC,0,15431,14,654,16099,33173,0,No
2018,3,BAJA CALIFORNIA SUR,7,SAN JOSE DEL CABO,NUAL,299,15431,14,654,16099,33173,299,No
2018,3,BAJA CALIFORNIA SUR,7,SAN JOSE DEL CABO,MORENA,6380,15431,14,654,16099,33173,6380,No
2018,3,BAJA CALIFORNIA SUR,7,SAN JOSE DEL CABO,ES,210,15431,14,654,16099,33173,210,No
2018,3,BAJA CALIFORNIA SUR,7,SAN JOSE DEL CABO,BCSC,450,15431,14,654,16099,33173,450,No
2018,3,BAJA CALIFORNIA SUR,7,SAN JOSE DEL CABO,MORENA_ES,60,15431,14,654,16099,33173,6650,Sí
2018,3,BAJA CALIFORNIA SUR,8,CABO SAN LUCAS,C_COMUN_PAN_PRD_PRS_PHBCS,3806,17842,34,598,18474,35147,3806,Sí
2018,3,BAJA CALIFORNIA SUR,8,CABO SAN LUCAS,PRI,710,17842,34,598,18474,35147,710,No
2018,3,BAJA CALIFORNIA SUR,8,CABO SAN LUCAS,PT,4122,17842,34,598,18474,35147,4122,No
2018,3,BAJA CALIFORNIA SUR,8,CABO SAN LUCAS,PVEM,693,17842,34,598,18474,35147,693,No
2018,3,BAJA CALIFORNIA SUR,8,CABO SAN LUCAS,MC,0,17842,34,598,18474,35147,0,No
2018,3,BAJA CALIFORNIA SUR,8,CABO SAN LUCAS,NUAL,233,17842,34,598,18474,35147,233,No
2018,3,BAJA CALIFORNIA SUR,8,CABO SAN LUCAS,MORENA,6723,17842,34,598,18474,35147,6723,No
2018,3,BAJA CALIFORNIA SUR,8,CABO SAN LUCAS,ES,247,17842,34,598,18474,35147,247,No
2018,3,BAJA CALIFORNIA SUR,8,CABO SAN LUCAS,BCSC,1261,17842,34,598,18474,35147,1261,No
2018,3,BAJA CALIFORNIA SUR,8,CABO SAN LUCAS,MORENA_ES,47,17842,34,598,18474,35147,7017,Sí
2018,3,BAJA CALIFORNIA SUR,9,CABO SAN LUCAS,C_COMUN_PAN_PRD_PRS_PHBCS,2827,14692,6,804,15502,32948,2827,Sí
2018,3,BAJA CALIFORNIA SUR,9,CABO SAN LUCAS,PRI,529,14692,6,804,15502,32948,529,No
2018,3,BAJA CALIFORNIA SUR,9,CABO SAN LUCAS,PT,3758,14692,6,804,15502,32948,3758,No
2018,3,BAJA CALIFORNIA SUR,9,CABO SAN LUCAS,PVEM,705,14692,6,804,15502,32948,705,No
2018,3,BAJA CALIFORNIA SUR,9,CABO SAN LUCAS,MC,0,14692,6,804,15502,32948,0,No
2018,3,BAJA CALIFORNIA SUR,9,CABO SAN LUCAS,NUAL,185,14692,6,804,15502,32948,185,No
2018,3,BAJA CALIFORNIA SUR,9,CABO SAN LUCAS,MORENA,5729,14692,6,804,15502,32948,5729,No
2018,3,BAJA CALIFORNIA SUR,9,CABO SAN LUCAS,ES,216,14692,6,804,15502,32948,216,No
2018,3,BAJA CALIFORNIA SUR,9,CABO SAN LUCAS,BCSC,699,14692,6,804,15502,32948,699,No
2018,3,BAJA CALIFORNIA SUR,9,CABO SAN LUCAS,MORENA_ES,44,14692,6,804,15502,32948,5989,Sí
2018,30,VERACRUZ,1,PANUCO,PAN,44931,122445,22,4196,126663,193272,44931,No
2018,30,VERACRUZ,1,PANUCO,PRI,17455,122445,22,4196,126663,193272,17455,No
2018,30,VERACRUZ,1,PANUCO,PRD,2364,122445,22,4196,126663,193272,2364,No
2018,30,VERACRUZ,1,PANUCO,PVEM,2336,122445,22,4196,126663,193272,2336,No
2018,30,VERACRUZ,1,PANUCO,PT,2643,122445,22,4196,126663,193272,2643,No
2018,30,VERACRUZ,1,PANUCO,MC,2879,122445,22,4196,126663,193272,2879,No
2018,30,VERACRUZ,1,PANUCO,NUAL,2103,122445,22,4196,126663,193272,2103,No
2018,30,VERACRUZ,1,PANUCO,MORENA,40007,122445,22,4196,126663,193272,40007,No
2018,30,VERACRUZ,1,PANUCO,ES,4535,122445,22,4196,126663,193272,4535,No
2018,30,VERACRUZ,1,PANUCO,PAN_PRD_MC,556,122445,22,4196,126663,193272,50730,Sí
2018,30,VERACRUZ,1,PANUCO,PAN_PRD,328,122445,22,4196,126663,193272,47623,Sí
2018,30,VERACRUZ,1,PANUCO,PAN_MC,147,122445,22,4196,126663,193272,47957,Sí
2018,30,VERACRUZ,1,PANUCO,PRD_MC,22,122445,22,4196,126663,193272,5265,Sí
2018,30,VERACRUZ,1,PANUCO,PRI_PVEM,441,122445,22,4196,126663,193272,20232,Sí
2018,30,VERACRUZ,1,PANUCO,PT_MORENA_ES,877,122445,22,4196,126663,193272,48062,Sí
2018,30,VERACRUZ,1,PANUCO,PT_MORENA,344,122445,22,4196,126663,193272,42994,Sí
2018,30,VERACRUZ,1,PANUCO,PT_ES,49,122445,22,4196,126663,193272,7227,Sí
2018,30,VERACRUZ,1,PANUCO,MORENA_ES,428,122445,22,4196,126663,193272,44970,Sí
2018,30,VERACRUZ,10,XALAPA I,PAN,25380,115111,85,4167,119363,180810,25380,No
2018,30,VERACRUZ,10,XALAPA I,PRI,11686,115111,85,4167,119363,180810,11686,No
2018,30,VERACRUZ,10,XALAPA I,PRD,2252,115111,85,4167,119363,180810,2252,No
2018,30,VERACRUZ,10,XALAPA I,PVEM,4695,115111,85,4167,119363,180810,4695,No
2018,30,VERACRUZ,10,XALAPA I,PT,2019,115111,85,4167,119363,180810,2019,No
2018,30,VERACRUZ,10,XALAPA I,MC,2665,115111,85,4167,119363,180810,2665,No
2018,30,VERACRUZ,10,XALAPA I,NUAL,2676,115111,85,4167,119363,180810,2676,No
2018,30,VERACRUZ,10,XALAPA I,MORENA,59170,115111,85,4167,119363,180810,59170,No
2018,30,VERACRUZ,10,XALAPA I,ES,1785,115111,85,4167,119363,180810,1785,No
2018,30,VERACRUZ,10,XALAPA I,PAN_PRD_MC,497,115111,85,4167,119363,180810,30794,Sí
2018,30,VERACRUZ,10,XALAPA I,PAN_PRD,265,115111,85,4167,119363,180810,27897,Sí
2018,30,VERACRUZ,10,XALAPA I,PAN_MC,67,115111,85,4167,119363,180810,28112,Sí
2018,30,VERACRUZ,10,XALAPA I,PRD_MC,20,115111,85,4167,119363,180810,4937,Sí
2018,30,VERACRUZ,10,XALAPA I,PRI_PVEM,393,115111,85,4167,119363,180810,16774,Sí
2018,30,VERACRUZ,10,XALAPA I,PT_MORENA_ES,884,115111,85,4167,119363,180810,63858,Sí
2018,30,VERACRUZ,10,XALAPA I,PT_MORENA,338,115111,85,4167,119363,180810,61527,Sí
2018,30,VERACRUZ,10,XALAPA I,PT_ES,28,115111,85,4167,119363,180810,3832,Sí
2018,30,VERACRUZ,10,XALAPA I,MORENA_ES,291,115111,85,4167,119363,180810,61246,Sí
2018,30,VERACRUZ,11,XALAPA II,PAN,37710,124590,85,4322,128997,191121,37710,No
2018,30,VERACRUZ,11,XALAPA II,PRI,13783,124590,85,4322,128997,191121,13783,No
2018,30,VERACRUZ,11,XALAPA II,PRD,2527,124590,85,4322,128997,191121,2527,No
2018,30,VERACRUZ,11,XALAPA II,PVEM,3393,124590,85,4322,128997,191121,3393,No
2018,30,VERACRUZ,11,XALAPA II,PT,2072,124590,85,4322,128997,191121,2072,No
2018,30,VERACRUZ,11,XALAPA II,MC,2642,124590,85,4322,128997,191121,2642,No
2018,30,VERACRUZ,11,XALAPA II,NUAL,2758,124590,85,4322,128997,191121,2758,No
2018,30,VERACRUZ,11,XALAPA II,MORENA,55110,124590,85,4322,128997,191121,55110,No
2018,30,VERACRUZ,11,XALAPA II,ES,1718,124590,85,4322,128997,191121,1718,No
2018,30,VERACRUZ,11,XALAPA II,PAN_PRD_MC,635,124590,85,4322,128997,191121,43514,Sí
2018,30,VERACRUZ,11,XALAPA II,PAN_PRD,297,124590,85,4322,128997,191121,40534,Sí
2018,30,VERACRUZ,11,XALAPA II,PAN_MC,94,124590,85,4322,128997,191121,40446,Sí
2018,30,VERACRUZ,11,XALAPA II,PRD_MC,24,124590,85,4322,128997,191121,5193,Sí
2018,30,VERACRUZ,11,XALAPA II,PRI_PVEM,411,124590,85,4322,128997,191121,17587,Sí
2018,30,VERACRUZ,11,XALAPA II,PT_MORENA_ES,859,124590,85,4322,128997,191121,59759,Sí
2018,30,VERACRUZ,11,XALAPA II,PT_MORENA,305,124590,85,4322,128997,191121,57487,Sí
2018,30,VERACRUZ,11,XALAPA II,PT_ES,27,124590,85,4322,128997,191121,3817,Sí
2018,30,VERACRUZ,11,XALAPA II,MORENA_ES,225,124590,85,4322,128997,191121,57053,Sí
2018,30,VERACRUZ,12,COATEPEC,PAN,32227,117920,32,4641,122593,182314,32227,No
2018,30,VERACRUZ,12,COATEPEC,PRI,21430,117920,32,4641,122593,182314,21430,No
2018,30,VERACRUZ,12,COATEPEC,PRD,5842,117920,32,4641,122593,182314,5842,No
2018,30,VERACRUZ,12,COATEPEC,PVEM,2212,117920,32,4641,122593,182314,2212,No
2018,30,VERACRUZ,12,COATEPEC,PT,2328,117920,32,4641,122593,182314,2328,No
2018,30,VERACRUZ,12,COATEPEC,MC,2288,117920,32,4641,122593,182314,2288,No
2018,30,VERACRUZ,12,COATEPEC,NUAL,1803,117920,32,4641,122593,182314,1803,No
2018,30,VERACRUZ,12,COATEPEC,MORENA,45241,117920,32,4641,122593,182314,45241,No
2018,30,VERACRUZ,12,COATEPEC,ES,1409,117920,32,4641,122593,182314,1409,No
2018,30,VERACRUZ,12,COATEPEC,PAN_PRD_MC,677,117920,32,4641,122593,182314,41034,Sí
2018,30,VERACRUZ,12,COATEPEC,PAN_PRD,628,117920,32,4641,122593,182314,38697,Sí
2018,30,VERACRUZ,12,COATEPEC,PAN_MC,105,117920,32,4641,122593,182314,34620,Sí
2018,30,VERACRUZ,12,COATEPEC,PRD_MC,45,117920,32,4641,122593,182314,8175,Sí
2018,30,VERACRUZ,12,COATEPEC,PRI_PVEM,541,117920,32,4641,122593,182314,24183,Sí
2018,30,VERACRUZ,12,COATEPEC,PT_MORENA_ES,644,117920,32,4641,122593,182314,49622,Sí
2018,30,VERACRUZ,12,COATEPEC,PT_MORENA,251,117920,32,4641,122593,182314,47820,Sí
2018,30,VERACRUZ,12,COATEPEC,PT_ES,22,117920,32,4641,122593,182314,3759,Sí
2018,30,VERACRUZ,12,COATEPEC,MORENA_ES,227,117920,32,4641,122593,182314,46877,Sí
2018,30,VERACRUZ,13,EMILIANO ZAPATA,PAN,33001,117770,66,3702,121538,187355,33001,No
2018,30,VERACRUZ,13,EMILIANO ZAPATA,PRI,19293,117770,66,3702,121538,187355,19293,No
2018,30,VERACRUZ,13,EMILIANO ZAPATA,PRD,4719,117770,66,3702,121538,187355,4719,No
2018,30,VERACRUZ,13,EMILIANO ZAPATA,PVEM,3924,117770,66,3702,121538,187355,3924,No
2018,30,VERACRUZ,13,EMILIANO ZAPATA,PT,2118,117770,66,3702,121538,187355,2118,No
2018,30,VERACRUZ,13,EMILIANO ZAPATA,MC,2404,117770,66,3702,121538,187355,2404,No
2018,30,VERACRUZ,13,EMILIANO ZAPATA,NUAL,2019,117770,66,3702,121538,187355,2019,No
2018,30,VERACRUZ,13,EMILIANO ZAPATA,MORENA,45832,117770,66,3702,121538,187355,45832,No
2018,30,VERACRUZ,13,EMILIANO ZAPATA,ES,1213,117770,66,3702,121538,187355,1213,No
2018,30,VERACRUZ,13,EMILIANO ZAPATA,PAN_PRD_MC,734,117770,66,3702,121538,187355,40858,Sí
2018,30,VERACRUZ,13,EMILIANO ZAPATA,PAN_PRD,552,117770,66,3702,121538,187355,38272,Sí
2018,30,VERACRUZ,13,EMILIANO ZAPATA,PAN_MC,140,117770,66,3702,121538,187355,35545,Sí
2018,30,VERACRUZ,13,EMILIANO ZAPATA,PRD_MC,31,117770,66,3702,121538,187355,7154,Sí
2018,30,VERACRUZ,13,EMILIANO ZAPATA,PRI_PVEM,621,117770,66,3702,121538,187355,23838,Sí
2018,30,VERACRUZ,13,EMILIANO ZAPATA,PT_MORENA_ES,662,117770,66,3702,121538,187355,49825,Sí
2018,30,VERACRUZ,13,EMILIANO ZAPATA,PT_MORENA,283,117770,66,3702,121538,187355,48233,Sí
2018,30,VERACRUZ,13,EMILIANO ZAPATA,PT_ES,34,117770,66,3702,121538,187355,3365,Sí
2018,30,VERACRUZ,13,EMILIANO ZAPATA,MORENA_ES,190,117770,66,3702,121538,187355,47235,Sí
2018,30,VERACRUZ,14,VERACRUZ I,PAN,54463,130099,64,3417,133580,224971,54463,No
2018,30,VERACRUZ,14,VERACRUZ I,PRI,10177,130099,64,3417,133580,224971,10177,No
2018,30,VERACRUZ,14,VERACRUZ I,PRD,2452,130099,64,3417,133580,224971,2452,No
2018,30,VERACRUZ,14,VERACRUZ I,PVEM,3280,130099,64,3417,133580,224971,3280,No
2018,30,VERACRUZ,14,VERACRUZ I,PT,1844,130099,64,3417,133580,224971,1844,No
2018,30,VERACRUZ,14,VERACRUZ I,MC,2433,130099,64,3417,133580,224971,2433,No
2018,30,VERACRUZ,14,VERACRUZ I,NUAL,2498,130099,64,3417,133580,224971,2498,No
2018,30,VERACRUZ,14,VERACRUZ I,MORENA,47706,130099,64,3417,133580,224971,47706,No
2018,30,VERACRUZ,14,VERACRUZ I,ES,1495,130099,64,3417,133580,224971,1495,No
2018,30,VERACRUZ,14,VERACRUZ I,PAN_PRD_MC,1164,130099,64,3417,133580,224971,60512,Sí
2018,30,VERACRUZ,14,VERACRUZ I,PAN_PRD,641,130099,64,3417,133580,224971,57556,Sí
2018,30,VERACRUZ,14,VERACRUZ I,PAN_MC,203,130099,64,3417,133580,224971,57099,Sí
2018,30,VERACRUZ,14,VERACRUZ I,PRD_MC,41,130099,64,3417,133580,224971,4926,Sí
2018,30,VERACRUZ,14,VERACRUZ I,PRI_PVEM,375,130099,64,3417,133580,224971,13832,Sí
2018,30,VERACRUZ,14,VERACRUZ I,PT_MORENA_ES,783,130099,64,3417,133580,224971,51828,Sí
2018,30,VERACRUZ,14,VERACRUZ I,PT_MORENA,310,130099,64,3417,133580,224971,49860,Sí
2018,30,VERACRUZ,14,VERACRUZ I,PT_ES,24,130099,64,3417,133580,224971,3363,Sí
2018,30,VERACRUZ,14,VERACRUZ I,MORENA_ES,210,130099,64,3417,133580,224971,49411,Sí
2018,30,VERACRUZ,15,VERACRUZ II,PAN,61486,137451,63,3839,141353,231992,61486,No
2018,30,VERACRUZ,15,VERACRUZ II,PRI,10586,137451,63,3839,141353,231992,10586,No
2018,30,VERACRUZ,15,VERACRUZ II,PRD,2039,137451,63,3839,141353,231992,2039,No
2018,30,VERACRUZ,15,VERACRUZ II,PVEM,3664,137451,63,3839,141353,231992,3664,No
2018,30,VERACRUZ,15,VERACRUZ II,PT,2095,137451,63,3839,141353,231992,2095,No
2018,30,VERACRUZ,15,VERACRUZ II,MC,2248,137451,63,3839,141353,231992,2248,No
2018,30,VERACRUZ,15,VERACRUZ II,NUAL,1420,137451,63,3839,141353,231992,1420,No
2018,30,VERACRUZ,15,VERACRUZ II,MORENA,48392,137451,63,3839,141353,231992,48392,No
2018,30,VERACRUZ,15,VERACRUZ II,ES,1653,137451,63,3839,141353,231992,1653,No
2018,30,VERACRUZ,15,VERACRUZ II,PAN_PRD_MC,1182,137451,63,3839,141353,231992,66955,Sí
2018,30,VERACRUZ,15,VERACRUZ II,PAN_PRD,663,137451,63,3839,141353,231992,64188,Sí
2018,30,VERACRUZ,15,VERACRUZ II,PAN_MC,222,137451,63,3839,141353,231992,63956,Sí
2018,30,VERACRUZ,15,VERACRUZ II,PRD_MC,20,137451,63,3839,141353,231992,4307,Sí
2018,30,VERACRUZ,15,VERACRUZ II,PRI_PVEM,416,137451,63,3839,141353,231992,14666,Sí
2018,30,VERACRUZ,15,VERACRUZ II,PT_MORENA_ES,779,137451,63,3839,141353,231992,52919,Sí
2018,30,VERACRUZ,15,VERACRUZ II,PT_MORENA,349,137451,63,3839,141353,231992,50836,Sí
2018,30,VERACRUZ,15,VERACRUZ II,PT_ES,25,137451,63,3839,141353,231992,3773,Sí
2018,30,VERACRUZ,15,VERACRUZ II,MORENA_ES,212,137451,63,3839,141353,231992,50257,Sí
2018,30,VERACRUZ,16,BOCA DEL RIO,PAN,64022,132593,54,4315,136962,210308,64022,No
2018,30,VERACRUZ,16,BOCA DEL RIO,PRI,13195,132593,54,4315,136962,210308,13195,No
2018,30,VERACRUZ,16,BOCA DEL RIO,PRD,1660,132593,54,4315,136962,210308,1660,No
2018,30,VERACRUZ,16,BOCA DEL RIO,PVEM,4649,132593,54,4315,136962,210308,4649,No
2018,30,VERACRUZ,16,BOCA DEL RIO,PT,1560,132593,54,4315,136962,210308,1560,No
2018,30,VERACRUZ,16,BOCA DEL RIO,MC,2459,132593,54,4315,136962,210308,2459,No
2018,30,VERACRUZ,16,BOCA DEL RIO,NUAL,1615,132593,54,4315,136962,210308,1615,No
2018,30,VERACRUZ,16,BOCA DEL RIO,MORENA,39057,132593,54,4315,136962,210308,39057,No
2018,30,VERACRUZ,16,BOCA DEL RIO,ES,1202,132593,54,4315,136962,210308,1202,No
2018,30,VERACRUZ,16,BOCA DEL RIO,PAN_PRD_MC,992,132593,54,4315,136962,210308,69133,Sí
2018,30,VERACRUZ,16,BOCA DEL RIO,PAN_PRD,549,132593,54,4315,136962,210308,66231,Sí
2018,30,VERACRUZ,16,BOCA DEL RIO,PAN_MC,214,132593,54,4315,136962,210308,66695,Sí
2018,30,VERACRUZ,16,BOCA DEL RIO,PRD_MC,26,132593,54,4315,136962,210308,4145,Sí
2018,30,VERACRUZ,16,BOCA DEL RIO,PRI_PVEM,510,132593,54,4315,136962,210308,18354,Sí
2018,30,VERACRUZ,16,BOCA DEL RIO,PT_MORENA_ES,499,132593,54,4315,136962,210308,42318,Sí
2018,30,VERACRUZ,16,BOCA DEL RIO,PT_MORENA,207,132593,54,4315,136962,210308,40824,Sí
2018,30,VERACRUZ,16,BOCA DEL RIO,PT_ES,18,132593,54,4315,136962,210308,2780,Sí
2018,30,VERACRUZ,16,BOCA DEL RIO,MORENA_ES,159,132593,54,4315,136962,210308,40418,Sí
2018,30,VERACRUZ,17,MEDELLIN DE BRAVO,PAN,33350,118776,30,4088,122894,190476,33350,No
2018,30,VERACRUZ,17,MEDELLIN DE BRAVO,PRI,12300,118776,30,4088,122894,190476,12300,No
2018,30,VERACRUZ,17,MEDELLIN DE BRAVO,PRD,3835,118776,30,4088,122894,190476,3835,No
2018,30,VERACRUZ,17,MEDELLIN DE BRAVO,PVEM,8479,118776,30,4088,122894,190476,8479,No
2018,30,VERACRUZ,17,MEDELLIN DE BRAVO,PT,2121,118776,30,4088,122894,190476,2121,No
2018,30,VERACRUZ,17,MEDELLIN DE BRAVO,MC,3498,118776,30,4088,122894,190476,3498,No
2018,30,VERACRUZ,17,MEDELLIN DE BRAVO,NUAL,5066,118776,30,4088,122894,190476,5066,No
2018,30,VERACRUZ,17,MEDELLIN DE BRAVO,MORENA,45480,118776,30,4088,122894,190476,45480,No
2018,30,VERACRUZ,17,MEDELLIN DE BRAVO,ES,1577,118776,30,4088,122894,190476,1577,No
2018,30,VERACRUZ,17,MEDELLIN DE BRAVO,PAN_PRD_MC,589,118776,30,4088,122894,190476,41272,Sí
2018,30,VERACRUZ,17,MEDELLIN DE BRAVO,PAN_PRD,346,118776,30,4088,122894,190476,37531,Sí
2018,30,VERACRUZ,17,MEDELLIN DE BRAVO,PAN_MC,240,118776,30,4088,122894,190476,37088,Sí
2018,30,VERACRUZ,17,MEDELLIN DE BRAVO,PRD_MC,32,118776,30,4088,122894,190476,7365,Sí
2018,30,VERACRUZ,17,MEDELLIN DE BRAVO,PRI_PVEM,560,118776,30,4088,122894,190476,21339,Sí
2018,30,VERACRUZ,17,MEDELLIN DE BRAVO,PT_MORENA_ES,718,118776,30,4088,122894,190476,49896,Sí
2018,30,VERACRUZ,17,MEDELLIN DE BRAVO,PT_MORENA,236,118776,30,4088,122894,190476,47837,Sí
2018,30,VERACRUZ,17,MEDELLIN DE BRAVO,PT_ES,69,118776,30,4088,122894,190476,3767,Sí
2018,30,VERACRUZ,17,MEDELLIN DE BRAVO,MORENA_ES,280,118776,30,4088,122894,190476,47337,Sí
2018,30,VERACRUZ,18,HUATUSCO,PAN,35781,113026,70,5865,118961,177978,35781,No
2018,30,VERACRUZ,18,HUATUSCO,PRI,23342,113026,70,5865,118961,177978,23342,No
2018,30,VERACRUZ,18,HUATUSCO,PRD,7353,113026,70,5865,118961,177978,7353,No
2018,30,VERACRUZ,18,HUATUSCO,PVEM,3997,113026,70,5865,118961,177978,3997,No
2018,30,VERACRUZ,18,HUATUSCO,PT,1986,113026,70,5865,118961,177978,1986,No
2018,30,VERACRUZ,18,HUATUSCO,MC,1953,113026,70,5865,118961,177978,1953,No
2018,30,VERACRUZ,18,HUATUSCO,NUAL,2198,113026,70,5865,118961,177978,2198,No
2018,30,VERACRUZ,18,HUATUSCO,MORENA,31610,113026,70,5865,118961,177978,31610,No
2018,30,VERACRUZ,18,HUATUSCO,ES,2168,113026,70,5865,118961,177978,2168,No
2018,30,VERACRUZ,18,HUATUSCO,PAN_PRD_MC,809,113026,70,5865,118961,177978,45896,Sí
2018,30,VERACRUZ,18,HUATUSCO,PAN_PRD,763,113026,70,5865,118961,177978,43897,Sí
2018,30,VERACRUZ,18,HUATUSCO,PAN_MC,134,113026,70,5865,118961,177978,37868,Sí
2018,30,VERACRUZ,18,HUATUSCO,PRD_MC,63,113026,70,5865,118961,177978,9369,Sí
2018,30,VERACRUZ,18,HUATUSCO,PRI_PVEM,869,113026,70,5865,118961,177978,28208,Sí
2018,30,VERACRUZ,18,HUATUSCO,PT_MORENA_ES,0,113026,70,5865,118961,177978,35764,Sí
2018,30,VERACRUZ,18,HUATUSCO,PT_MORENA,0,113026,70,5865,118961,177978,33596,Sí
2018,30,VERACRUZ,18,HUATUSCO,PT_ES,0,113026,70,5865,118961,177978,4154,Sí
2018,30,VERACRUZ,18,HUATUSCO,MORENA_ES,0,113026,70,5865,118961,177978,33778,Sí
2018,30,VERACRUZ,19,CORDOBA,PAN,22217,129144,109,4470,133723,198192,22217,No
2018,30,VERACRUZ,19,CORDOBA,PRI,23085,129144,109,4470,133723,198192,23085,No
2018,30,VERACRUZ,19,CORDOBA,PRD,1785,129144,109,4470,133723,198192,1785,No
2018,30,VERACRUZ,19,CORDOBA,PVEM,3349,129144,109,4470,133723,198192,3349,No
2018,30,VERACRUZ,19,CORDOBA,PT,2506,129144,109,4470,133723,198192,2506,No
2018,30,VERACRUZ,19,CORDOBA,MC,1904,129144,109,4470,133723,198192,1904,No
2018,30,VERACRUZ,19,CORDOBA,NUAL,6315,129144,109,4470,133723,198192,6315,No
2018,30,VERACRUZ,19,CORDOBA,MORENA,62991,129144,109,4470,133723,198192,62991,No
2018,30,VERACRUZ,19,CORDOBA,ES,1747,129144,109,4470,133723,198192,1747,No
2018,30,VERACRUZ,19,CORDOBA,PAN_PRD_MC,426,129144,109,4470,133723,198192,26332,Sí
2018,30,VERACRUZ,19,CORDOBA,PAN_PRD,197,129144,109,4470,133723,198192,24199,Sí
2018,30,VERACRUZ,19,CORDOBA,PAN_MC,81,129144,109,4470,133723,198192,24202,Sí
2018,30,VERACRUZ,19,CORDOBA,PRD_MC,39,129144,109,4470,133723,198192,3728,Sí
2018,30,VERACRUZ,19,CORDOBA,PRI_PVEM,687,129144,109,4470,133723,198192,27121,Sí
2018,30,VERACRUZ,19,CORDOBA,PT_MORENA_ES,1077,129144,109,4470,133723,198192,68321,Sí
2018,30,VERACRUZ,19,CORDOBA,PT_MORENA,347,129144,109,4470,133723,198192,65844,Sí
2018,30,VERACRUZ,19,CORDOBA,PT_ES,44,129144,109,4470,133723,198192,4297,Sí
2018,30,VERACRUZ,19,CORDOBA,MORENA_ES,347,129144,109,4470,133723,198192,65085,Sí
2018,30,VERACRUZ,2,TANTOYUCA,PAN,45000,133392,20,5312,138724,192632,45000,No
2018,30,VERACRUZ,2,TANTOYUCA,PRI,17943,133392,20,5312,138724,192632,17943,No
2018,30,VERACRUZ,2,TANTOYUCA,PRD,8854,133392,20,5312,138724,192632,8854,No
2018,30,VERACRUZ,2,TANTOYUCA,PVEM,11000,133392,20,5312,138724,192632,11000,No
2018,30,VERACRUZ,2,TANTOYUCA,PT,2349,133392,20,5312,138724,192632,2349,No
2018,30,VERACRUZ,2,TANTOYUCA,MC,1961,133392,20,5312,138724,192632,1961,No
2018,30,VERACRUZ,2,TANTOYUCA,NUAL,2118,133392,20,5312,138724,192632,2118,No
2018,30,VERACRUZ,2,TANTOYUCA,MORENA,40999,133392,20,5312,138724,192632,40999,No
2018,30,VERACRUZ,2,TANTOYUCA,ES,1298,133392,20,5312,138724,192632,1298,No
2018,30,VERACRUZ,2,TANTOYUCA,PAN_PRD_MC,530,133392,20,5312,138724,192632,56345,Sí
2018,30,VERACRUZ,2,TANTOYUCA,PAN_PRD,374,133392,20,5312,138724,192632,54228,Sí
2018,30,VERACRUZ,2,TANTOYUCA,PAN_MC,53,133392,20,5312,138724,192632,47014,Sí
2018,30,VERACRUZ,2,TANTOYUCA,PRD_MC,35,133392,20,5312,138724,192632,10850,Sí
2018,30,VERACRUZ,2,TANTOYUCA,PRI_PVEM,878,133392,20,5312,138724,192632,29821,Sí
2018,30,VERACRUZ,2,TANTOYUCA,PT_MORENA_ES,0,133392,20,5312,138724,192632,44646,Sí
2018,30,VERACRUZ,2,TANTOYUCA,PT_MORENA,0,133392,20,5312,138724,192632,43348,Sí
2018,30,VERACRUZ,2,TANTOYUCA,PT_ES,0,133392,20,5312,138724,192632,3647,Sí
2018,30,VERACRUZ,2,TANTOYUCA,MORENA_ES,0,133392,20,5312,138724,192632,42297,Sí
2018,30,VERACRUZ,20,ORIZABA,PAN,28520,136204,91,4358,140653,204624,28520,No
2018,30,VERACRUZ,20,ORIZABA,PRI,15293,136204,91,4358,140653,204624,15293,No
2018,30,VERACRUZ,20,ORIZABA,PRD,3174,136204,91,4358,140653,204624,3174,No
2018,30,VERACRUZ,20,ORIZABA,PVEM,7373,136204,91,4358,140653,204624,7373,No
2018,30,VERACRUZ,20,ORIZABA,PT,2600,136204,91,4358,140653,204624,2600,No
2018,30,VERACRUZ,20,ORIZABA,MC,3119,136204,91,4358,140653,204624,3119,No
2018,30,VERACRUZ,20,ORIZABA,NUAL,2335,136204,91,4358,140653,204624,2335,No
2018,30,VERACRUZ,20,ORIZABA,MORENA,68116,136204,91,4358,140653,204624,68116,No
2018,30,VERACRUZ,20,ORIZABA,ES,1979,136204,91,4358,140653,204624,1979,No
2018,30,VERACRUZ,20,ORIZABA,PAN_PRD_MC,631,136204,91,4358,140653,204624,35444,Sí
2018,30,VERACRUZ,20,ORIZABA,PAN_PRD,324,136204,91,4358,140653,204624,32018,Sí
2018,30,VERACRUZ,20,ORIZABA,PAN_MC,120,136204,91,4358,140653,204624,31759,Sí
2018,30,VERACRUZ,20,ORIZABA,PRD_MC,48,136204,91,4358,140653,204624,6341,Sí
2018,30,VERACRUZ,20,ORIZABA,PRI_PVEM,569,136204,91,4358,140653,204624,23235,Sí
2018,30,VERACRUZ,20,ORIZABA,PT_MORENA_ES,1206,136204,91,4358,140653,204624,73901,Sí
2018,30,VERACRUZ,20,ORIZABA,PT_MORENA,416,136204,91,4358,140653,204624,71132,Sí
2018,30,VERACRUZ,20,ORIZABA,PT_ES,41,136204,91,4358,140653,204624,4620,Sí
2018,30,VERACRUZ,20,ORIZABA,MORENA_ES,340,136204,91,4358,140653,204624,70435,Sí
2018,30,VERACRUZ,21,CAMERINO Z. MENDOZA,PAN,22314,108488,72,4925,113485,173420,22314,No
2018,30,VERACRUZ,21,CAMERINO Z. MENDOZA,PRI,7546,108488,72,4925,113485,173420,7546,No
2018,30,VERACRUZ,21,CAMERINO Z. MENDOZA,PRD,7760,108488,72,4925,113485,173420,7760,No
2018,30,VERACRUZ,21,CAMERINO Z. MENDOZA,PVEM,5870,108488,72,4925,113485,173420,5870,No
2018,30,VERACRUZ,21,CAMERINO Z. MENDOZA,PT,2335,108488,72,4925,113485,173420,2335,No
2018,30,VERACRUZ,21,CAMERINO Z. MENDOZA,MC,3543,108488,72,4925,113485,173420,3543,No
2018,30,VERACRUZ,21,CAMERINO Z. MENDOZA,NUAL,2326,108488,72,4925,113485,173420,2326,No
2018,30,VERACRUZ,21,CAMERINO Z. MENDOZA,MORENA,50839,108488,72,4925,113485,173420,50839,No
2018,30,VERACRUZ,21,CAMERINO Z. MENDOZA,ES,2152,108488,72,4925,113485,173420,2152,No
2018,30,VERACRUZ,21,CAMERINO Z. MENDOZA,PAN_PRD_MC,734,108488,72,4925,113485,173420,34351,Sí
2018,30,VERACRUZ,21,CAMERINO Z. MENDOZA,PAN_PRD,512,108488,72,4925,113485,173420,30586,Sí
2018,30,VERACRUZ,21,CAMERINO Z. MENDOZA,PAN_MC,139,108488,72,4925,113485,173420,25996,Sí
2018,30,VERACRUZ,21,CAMERINO Z. MENDOZA,PRD_MC,84,108488,72,4925,113485,173420,11387,Sí
2018,30,VERACRUZ,21,CAMERINO Z. MENDOZA,PRI_PVEM,493,108488,72,4925,113485,173420,13909,Sí
2018,30,VERACRUZ,21,CAMERINO Z. MENDOZA,PT_MORENA_ES,1077,108488,72,4925,113485,173420,56403,Sí
2018,30,VERACRUZ,21,CAMERINO Z. MENDOZA,PT_MORENA,341,108488,72,4925,113485,173420,53515,Sí
2018,30,VERACRUZ,21,CAMERINO Z. MENDOZA,PT_ES,64,108488,72,4925,113485,173420,4551,Sí
2018,30,VERACRUZ,21,CAMERINO Z. MENDOZA,MORENA_ES,359,108488,72,4925,113485,173420,53350,Sí
2018,30,VERACRUZ,22,ZONGOLICA,PAN,24934,113598,20,6192,119810,169694,24934,No
2018,30,VERACRUZ,22,ZONGOLICA,PRI,18385,113598,20,6192,119810,169694,18385,No
2018,30,VERACRUZ,22,ZONGOLICA,PRD,10726,113598,20,6192,119810,169694,10726,No
2018,30,VERACRUZ,22,ZONGOLICA,PVEM,5745,113598,20,6192,119810,169694,5745,No
2018,30,VERACRUZ,22,ZONGOLICA,PT,4609,113598,20,6192,119810,169694,4609,No
2018,30,VERACRUZ,22,ZONGOLICA,MC,9167,113598,20,6192,119810,169694,9167,No
2018,30,VERACRUZ,22,ZONGOLICA,NUAL,1874,113598,20,6192,119810,169694,1874,No
2018,30,VERACRUZ,22,ZONGOLICA,MORENA,33152,113598,20,6192,119810,169694,33152,No
2018,30,VERACRUZ,22,ZONGOLICA,ES,1325,113598,20,6192,119810,169694,1325,No
2018,30,VERACRUZ,22,ZONGOLICA,PAN_PRD_MC,702,113598,20,6192,119810,169694,45529,Sí
2018,30,VERACRUZ,22,ZONGOLICA,PAN_PRD,721,113598,20,6192,119810,169694,36381,Sí
2018,30,VERACRUZ,22,ZONGOLICA,PAN_MC,260,113598,20,6192,119810,169694,34361,Sí
2018,30,VERACRUZ,22,ZONGOLICA,PRD_MC,121,113598,20,6192,119810,169694,20014,Sí
2018,30,VERACRUZ,22,ZONGOLICA,PRI_PVEM,877,113598,20,6192,119810,169694,25007,Sí
2018,30,VERACRUZ,22,ZONGOLICA,PT_MORENA_ES,526,113598,20,6192,119810,169694,39612,Sí
2018,30,VERACRUZ,22,ZONGOLICA,PT_MORENA,258,113598,20,6192,119810,169694,38019,Sí
2018,30,VERACRUZ,22,ZONGOLICA,PT_ES,59,113598,20,6192,119810,169694,5993,Sí
2018,30,VERACRUZ,22,ZONGOLICA,MORENA_ES,157,113598,20,6192,119810,169694,34634,Sí
2018,30,VERACRUZ,23,COSAMALOAPAN,PAN,31970,119575,31,4032,123638,196612,31970,No
2018,30,VERACRUZ,23,COSAMALOAPAN,PRI,21983,119575,31,4032,123638,196612,21983,No
2018,30,VERACRUZ,23,COSAMALOAPAN,PRD,2851,119575,31,4032,123638,196612,2851,No
2018,30,VERACRUZ,23,COSAMALOAPAN,PVEM,1657,119575,31,4032,123638,196612,1657,No
2018,30,VERACRUZ,23,COSAMALOAPAN,PT,3060,119575,31,4032,123638,196612,3060,No
2018,30,VERACRUZ,23,COSAMALOAPAN,MC,2269,119575,31,4032,123638,196612,2269,No
2018,30,VERACRUZ,23,COSAMALOAPAN,NUAL,1339,119575,31,4032,123638,196612,1339,No
2018,30,VERACRUZ,23,COSAMALOAPAN,MORENA,50469,119575,31,4032,123638,196612,50469,No
2018,30,VERACRUZ,23,COSAMALOAPAN,ES,943,119575,31,4032,123638,196612,943,No
2018,30,VERACRUZ,23,COSAMALOAPAN,PAN_PRD_MC,431,119575,31,4032,123638,196612,37521,Sí
2018,30,VERACRUZ,23,COSAMALOAPAN,PAN_PRD,420,119575,31,4032,123638,196612,35241,Sí
2018,30,VERACRUZ,23,COSAMALOAPAN,PAN_MC,95,119575,31,4032,123638,196612,34334,Sí
2018,30,VERACRUZ,23,COSAMALOAPAN,PRD_MC,46,119575,31,4032,123638,196612,5166,Sí
2018,30,VERACRUZ,23,COSAMALOAPAN,PRI_PVEM,551,119575,31,4032,123638,196612,24191,Sí
2018,30,VERACRUZ,23,COSAMALOAPAN,PT_MORENA_ES,768,119575,31,4032,123638,196612,55240,Sí
2018,30,VERACRUZ,23,COSAMALOAPAN,PT_MORENA,407,119575,31,4032,123638,196612,53936,Sí
2018,30,VERACRUZ,23,COSAMALOAPAN,PT_ES,39,119575,31,4032,123638,196612,4042,Sí
2018,30,VERACRUZ,23,COSAMALOAPAN,MORENA_ES,277,119575,31,4032,123638,196612,51689,Sí
2018,30,VERACRUZ,24,SANTIAGO TUXTLA,PAN,29116,112166,26,5025,117217,194489,29116,No
2018,30,VERACRUZ,24,SANTIAGO TUXTLA,PRI,12072,112166,26,5025,117217,194489,12072,No
2018,30,VERACRUZ,24,SANTIAGO TUXTLA,PRD,13229,112166,26,5025,117217,194489,13229,No
2018,30,VERACRUZ,24,SANTIAGO TUXTLA,PVEM,5046,112166,26,5025,117217,194489,5046,No
2018,30,VERACRUZ,24,SANTIAGO TUXTLA,PT,2458,112166,26,5025,117217,194489,2458,No
2018,30,VERACRUZ,24,SANTIAGO TUXTLA,MC,1966,112166,26,5025,117217,194489,1966,No
2018,30,VERACRUZ,24,SANTIAGO TUXTLA,NUAL,2667,112166,26,5025,117217,194489,2667,No
2018,30,VERACRUZ,24,SANTIAGO TUXTLA,MORENA,40693,112166,26,5025,117217,194489,40693,No
2018,30,VERACRUZ,24,SANTIAGO TUXTLA,ES,969,112166,26,5025,117217,194489,969,No
2018,30,VERACRUZ,24,SANTIAGO TUXTLA,PAN_PRD_MC,781,112166,26,5025,117217,194489,45092,Sí
2018,30,VERACRUZ,24,SANTIAGO TUXTLA,PAN_PRD,878,112166,26,5025,117217,194489,43223,Sí
2018,30,VERACRUZ,24,SANTIAGO TUXTLA,PAN_MC,130,112166,26,5025,117217,194489,31212,Sí
2018,30,VERACRUZ,24,SANTIAGO TUXTLA,PRD_MC,58,112166,26,5025,117217,194489,15253,Sí
2018,30,VERACRUZ,24,SANTIAGO TUXTLA,PRI_PVEM,658,112166,26,5025,117217,194489,17776,Sí
2018,30,VERACRUZ,24,SANTIAGO TUXTLA,PT_MORENA_ES,780,112166,26,5025,117217,194489,44900,Sí
2018,30,VERACRUZ,24,SANTIAGO TUXTLA,PT_MORENA,363,112166,26,5025,117217,194489,43514,Sí
2018,30,VERACRUZ,24,SANTIAGO TUXTLA,PT_ES,53,112166,26,5025,117217,194489,3480,Sí
2018,30,VERACRUZ,24,SANTIAGO TUXTLA,MORENA_ES,249,112166,26,5025,117217,194489,41911,Sí
2018,30,VERACRUZ,25,SAN ANDRES TUXTLA,PAN,31930,104665,14,4904,109583,181928,31930,No
2018,30,VERACRUZ,25,SAN ANDRES TUXTLA,PRI,9416,104665,14,4904,109583,181928,9416,No
2018,30,VERACRUZ,25,SAN ANDRES TUXTLA,PRD,4740,104665,14,4904,109583,181928,4740,No
2018,30,VERACRUZ,25,SAN ANDRES TUXTLA,PVEM,3201,104665,14,4904,109583,181928,3201,No
2018,30,VERACRUZ,25,SAN ANDRES TUXTLA,PT,2751,104665,14,4904,109583,181928,2751,No
2018,30,VERACRUZ,25,SAN ANDRES TUXTLA,MC,2227,104665,14,4904,109583,181928,2227,No
2018,30,VERACRUZ,25,SAN ANDRES TUXTLA,NUAL,2666,104665,14,4904,109583,181928,2666,No
2018,30,VERACRUZ,25,SAN ANDRES TUXTLA,MORENA,42317,104665,14,4904,109583,181928,42317,No
2018,30,VERACRUZ,25,SAN ANDRES TUXTLA,ES,1304,104665,14,4904,109583,181928,1304,No
2018,30,VERACRUZ,25,SAN ANDRES TUXTLA,PAN_PRD_MC,1006,104665,14,4904,109583,181928,39903,Sí
2018,30,VERACRUZ,25,SAN ANDRES TUXTLA,PAN_PRD,635,104665,14,4904,109583,181928,37305,Sí
2018,30,VERACRUZ,25,SAN ANDRES TUXTLA,PAN_MC,142,104665,14,4904,109583,181928,34299,Sí
2018,30,VERACRUZ,25,SAN ANDRES TUXTLA,PRD_MC,57,104665,14,4904,109583,181928,7024,Sí
2018,30,VERACRUZ,25,SAN ANDRES TUXTLA,PRI_PVEM,483,104665,14,4904,109583,181928,13100,Sí
2018,30,VERACRUZ,25,SAN ANDRES TUXTLA,PT_MORENA_ES,1110,104665,14,4904,109583,181928,47482,Sí
2018,30,VERACRUZ,25,SAN ANDRES TUXTLA,PT_MORENA,342,104665,14,4904,109583,181928,45410,Sí
2018,30,VERACRUZ,25,SAN ANDRES TUXTLA,PT_ES,83,104665,14,4904,109583,181928,4138,Sí
2018,30,VERACRUZ,25,SAN ANDRES TUXTLA,MORENA_ES,255,104665,14,4904,109583,181928,43876,Sí
2018,30,VERACRUZ,26,COSOLEACAQUE,PAN,19029,131458,23,4280,135761,208399,19029,No
2018,30,VERACRUZ,26,COSOLEACAQUE,PRI,20834,131458,23,4280,135761,208399,20834,No
2018,30,VERACRUZ,26,COSOLEACAQUE,PRD,5778,131458,23,4280,135761,208399,5778,No
2018,30,VERACRUZ,26,COSOLEACAQUE,PVEM,1784,131458,23,4280,135761,208399,1784,No
2018,30,VERACRUZ,26,COSOLEACAQUE,PT,2752,131458,23,4280,135761,208399,2752,No
2018,30,VERACRUZ,26,COSOLEACAQUE,MC,1725,131458,23,4280,135761,208399,1725,No
2018,30,VERACRUZ,26,COSOLEACAQUE,NUAL,1641,131458,23,4280,135761,208399,1641,No
2018,30,VERACRUZ,26,COSOLEACAQUE,MORENA,72681,131458,23,4280,135761,208399,72681,No
2018,30,VERACRUZ,26,COSOLEACAQUE,ES,1610,131458,23,4280,135761,208399,1610,No
2018,30,VERACRUZ,26,COSOLEACAQUE,PAN_PRD_MC,486,131458,23,4280,135761,208399,27018,Sí
2018,30,VERACRUZ,26,COSOLEACAQUE,PAN_PRD,472,131458,23,4280,135761,208399,25279,Sí
2018,30,VERACRUZ,26,COSOLEACAQUE,PAN_MC,63,131458,23,4280,135761,208399,20817,Sí
2018,30,VERACRUZ,26,COSOLEACAQUE,PRD_MC,40,131458,23,4280,135761,208399,7543,Sí
2018,30,VERACRUZ,26,COSOLEACAQUE,PRI_PVEM,522,131458,23,4280,135761,208399,23140,Sí
2018,30,VERACRUZ,26,COSOLEACAQUE,PT_MORENA_ES,1239,131458,23,4280,135761,208399,78282,Sí
2018,30,VERACRUZ,26,COSOLEACAQUE,PT_MORENA,391,131458,23,4280,135761,208399,75824,Sí
2018,30,VERACRUZ,26,COSOLEACAQUE,PT_ES,73,131458,23,4280,135761,208399,4435,Sí
2018,30,VERACRUZ,26,COSOLEACAQUE,MORENA_ES,338,131458,23,4280,135761,208399,74629,Sí
2018,30,VERACRUZ,27,ACAYUCAN,PAN,26086,113529,30,3915,117474,182957,26086,No
2018,30,VERACRUZ,27,ACAYUCAN,PRI,13046,113529,30,3915,117474,182957,13046,No
2018,30,VERACRUZ,27,ACAYUCAN,PRD,14462,113529,30,3915,117474,182957,14462,No
2018,30,VERACRUZ,27,ACAYUCAN,PVEM,1419,113529,30,3915,117474,182957,1419,No
2018,30,VERACRUZ,27,ACAYUCAN,PT,2151,113529,30,3915,117474,182957,2151,No
2018,30,VERACRUZ,27,ACAYUCAN,MC,2498,113529,30,3915,117474,182957,2498,No
2018,30,VERACRUZ,27,ACAYUCAN,NUAL,1014,113529,30,3915,117474,182957,1014,No
2018,30,VERACRUZ,27,ACAYUCAN,MORENA,48663,113529,30,3915,117474,182957,48663,No
2018,30,VERACRUZ,27,ACAYUCAN,ES,986,113529,30,3915,117474,182957,986,No
2018,30,VERACRUZ,27,ACAYUCAN,PAN_PRD_MC,624,113529,30,3915,117474,182957,43670,Sí
2018,30,VERACRUZ,27,ACAYUCAN,PAN_PRD,725,113529,30,3915,117474,182957,41273,Sí
2018,30,VERACRUZ,27,ACAYUCAN,PAN_MC,100,113529,30,3915,117474,182957,28684,Sí
2018,30,VERACRUZ,27,ACAYUCAN,PRD_MC,42,113529,30,3915,117474,182957,17002,Sí
2018,30,VERACRUZ,27,ACAYUCAN,PRI_PVEM,380,113529,30,3915,117474,182957,14845,Sí
2018,30,VERACRUZ,27,ACAYUCAN,PT_MORENA_ES,748,113529,30,3915,117474,182957,52548,Sí
2018,30,VERACRUZ,27,ACAYUCAN,PT_MORENA,309,113529,30,3915,117474,182957,51123,Sí
2018,30,VERACRUZ,27,ACAYUCAN,PT_ES,41,113529,30,3915,117474,182957,3178,Sí
2018,30,VERACRUZ,27,ACAYUCAN,MORENA_ES,235,113529,30,3915,117474,182957,49884,Sí
2018,30,VERACRUZ,28,MINATITLAN,PAN,24864,111669,30,3105,114804,174248,24864,No
2018,30,VERACRUZ,28,MINATITLAN,PRI,11454,111669,30,3105,114804,174248,11454,No
2018,30,VERACRUZ,28,MINATITLAN,PRD,5300,111669,30,3105,114804,174248,5300,No
2018,30,VERACRUZ,28,MINATITLAN,PVEM,1112,111669,30,3105,114804,174248,1112,No
2018,30,VERACRUZ,28,MINATITLAN,PT,2189,111669,30,3105,114804,174248,2189,No
2018,30,VERACRUZ,28,MINATITLAN,MC,2079,111669,30,3105,114804,174248,2079,No
2018,30,VERACRUZ,28,MINATITLAN,NUAL,3545,111669,30,3105,114804,174248,3545,No
2018,30,VERACRUZ,28,MINATITLAN,MORENA,56724,111669,30,3105,114804,174248,56724,No
2018,30,VERACRUZ,28,MINATITLAN,ES,974,111669,30,3105,114804,174248,974,No
2018,30,VERACRUZ,28,MINATITLAN,PAN_PRD_MC,869,111669,30,3105,114804,174248,33112,Sí
2018,30,VERACRUZ,28,MINATITLAN,PAN_PRD,548,111669,30,3105,114804,174248,30712,Sí
2018,30,VERACRUZ,28,MINATITLAN,PAN_MC,85,111669,30,3105,114804,174248,27028,Sí
2018,30,VERACRUZ,28,MINATITLAN,PRD_MC,49,111669,30,3105,114804,174248,7428,Sí
2018,30,VERACRUZ,28,MINATITLAN,PRI_PVEM,223,111669,30,3105,114804,174248,12789,Sí
2018,30,VERACRUZ,28,MINATITLAN,PT_MORENA_ES,1028,111669,30,3105,114804,174248,60915,Sí
2018,30,VERACRUZ,28,MINATITLAN,PT_MORENA,332,111669,30,3105,114804,174248,59245,Sí
2018,30,VERACRUZ,28,MINATITLAN,PT_ES,51,111669,30,3105,114804,174248,3214,Sí
2018,30,VERACRUZ,28,MINATITLAN,MORENA_ES,243,111669,30,3105,114804,174248,57941,Sí
2018,30,VERACRUZ,29,COATZACOALCOS I,PAN,16367,124946,125,2870,127941,198507,16367,No
2018,30,VERACRUZ,29,COATZACOALCOS I,PRI,9809,124946,125,2870,127941,198507,9809,No
2018,30,VERACRUZ,29,COATZACOALCOS I,PRD,1985,124946,125,2870,127941,198507,1985,No
2018,30,VERACRUZ,29,COATZACOALCOS I,PVEM,1023,124946,125,2870,127941,198507,1023,No
2018,30,VERACRUZ,29,COATZACOALCOS I,PT,1846,124946,125,2870,127941,198507,1846,No
2018,30,VERACRUZ,29,COATZACOALCOS I,MC,2091,124946,125,2870,127941,198507,2091,No
2018,30,VERACRUZ,29,COATZACOALCOS I,NUAL,3168,124946,125,2870,127941,198507,3168,No
2018,30,VERACRUZ,29,COATZACOALCOS I,MORENA,80073,124946,125,2870,127941,198507,80073,No
2018,30,VERACRUZ,29,COATZACOALCOS I,ES,1716,124946,125,2870,127941,198507,1716,No
2018,30,VERACRUZ,29,COATZACOALCOS I,PAN_PRD_MC,543,124946,125,2870,127941,198507,20986,Sí
2018,30,VERACRUZ,29,COATZACOALCOS I,PAN_PRD,173,124946,125,2870,127941,198507,18525,Sí
2018,30,VERACRUZ,29,COATZACOALCOS I,PAN_MC,76,124946,125,2870,127941,198507,18534,Sí
2018,30,VERACRUZ,29,COATZACOALCOS I,PRD_MC,23,124946,125,2870,127941,198507,4099,Sí
2018,30,VERACRUZ,29,COATZACOALCOS I,PRI_PVEM,279,124946,125,2870,127941,198507,11111,Sí
2018,30,VERACRUZ,29,COATZACOALCOS I,PT_MORENA_ES,2000,124946,125,2870,127941,198507,85635,Sí
2018,30,VERACRUZ,29,COATZACOALCOS I,PT_MORENA,408,124946,125,2870,127941,198507,82327,Sí
2018,30,VERACRUZ,29,COATZACOALCOS I,PT_ES,51,124946,125,2870,127941,198507,3613,Sí
2018,30,VERACRUZ,29,COATZACOALCOS I,MORENA_ES,537,124946,125,2870,127941,198507,82326,Sí
2018,30,VERACRUZ,29,COATZACOALCOS I,Candidatura Independiente,2778,124946,125,2870,127941,198507,2778,No
2018,30,VERACRUZ,3,TUXPAN,PAN,31497,126872,46,4610,131528,209730,31497,No
2018,30,VERACRUZ,3,TUXPAN,PRI,16022,126872,46,4610,131528,209730,16022,No
2018,30,VERACRUZ,3,TUXPAN,PRD,13484,126872,46,4610,131528,209730,13484,No
2018,30,VERACRUZ,3,TUXPAN,PVEM,4868,126872,46,4610,131528,209730,4868,No
2018,30,VERACRUZ,3,TUXPAN,PT,2280,126872,46,4610,131528,209730,2280,No
2018,30,VERACRUZ,3,TUXPAN,MC,1718,126872,46,4610,131528,209730,1718,No
2018,30,VERACRUZ,3,TUXPAN,NUAL,2414,126872,46,4610,131528,209730,2414,No
2018,30,VERACRUZ,3,TUXPAN,MORENA,49944,126872,46,4610,131528,209730,49944,No
2018,30,VERACRUZ,3,TUXPAN,ES,1051,126872,46,4610,131528,209730,1051,No
2018,30,VERACRUZ,3,TUXPAN,PAN_PRD_MC,750,126872,46,4610,131528,209730,47449,Sí
2018,30,VERACRUZ,3,TUXPAN,PAN_PRD,877,126872,46,4610,131528,209730,45858,Sí
2018,30,VERACRUZ,3,TUXPAN,PAN_MC,89,126872,46,4610,131528,209730,33304,Sí
2018,30,VERACRUZ,3,TUXPAN,PRD_MC,48,126872,46,4610,131528,209730,15250,Sí
2018,30,VERACRUZ,3,TUXPAN,PRI_PVEM,402,126872,46,4610,131528,209730,21292,Sí
2018,30,VERACRUZ,3,TUXPAN,PT_MORENA_ES,792,126872,46,4610,131528,209730,54067,Sí
2018,30,VERACRUZ,3,TUXPAN,PT_MORENA,353,126872,46,4610,131528,209730,52577,Sí
2018,30,VERACRUZ,3,TUXPAN,PT_ES,32,126872,46,4610,131528,209730,3363,Sí
2018,30,VERACRUZ,3,TUXPAN,MORENA_ES,251,126872,46,4610,131528,209730,51246,Sí
2018,30,VERACRUZ,30,COATZACOALCOS II,PAN,19745,113216,28,3739,116983,184825,19745,No
2018,30,VERACRUZ,30,COATZACOALCOS II,PRI,11458,113216,28,3739,116983,184825,11458,No
2018,30,VERACRUZ,30,COATZACOALCOS II,PRD,3471,113216,28,3739,116983,184825,3471,No
2018,30,VERACRUZ,30,COATZACOALCOS II,PVEM,1045,113216,28,3739,116983,184825,1045,No
2018,30,VERACRUZ,30,COATZACOALCOS II,PT,2467,113216,28,3739,116983,184825,2467,No
2018,30,VERACRUZ,30,COATZACOALCOS II,MC,2070,113216,28,3739,116983,184825,2070,No
2018,30,VERACRUZ,30,COATZACOALCOS II,NUAL,1204,113216,28,3739,116983,184825,1204,No
2018,30,VERACRUZ,30,COATZACOALCOS II,MORENA,65318,113216,28,3739,116983,184825,65318,No
2018,30,VERACRUZ,30,COATZACOALCOS II,ES,1510,113216,28,3739,116983,184825,1510,No
2018,30,VERACRUZ,30,COATZACOALCOS II,PAN_PRD_MC,955,113216,28,3739,116983,184825,26241,Sí
2018,30,VERACRUZ,30,COATZACOALCOS II,PAN_PRD,366,113216,28,3739,116983,184825,23582,Sí
2018,30,VERACRUZ,30,COATZACOALCOS II,PAN_MC,121,113216,28,3739,116983,184825,21936,Sí
2018,30,VERACRUZ,30,COATZACOALCOS II,PRD_MC,41,113216,28,3739,116983,184825,5582,Sí
2018,30,VERACRUZ,30,COATZACOALCOS II,PRI_PVEM,301,113216,28,3739,116983,184825,12804,Sí
2018,30,VERACRUZ,30,COATZACOALCOS II,PT_MORENA_ES,2117,113216,28,3739,116983,184825,71412,Sí
2018,30,VERACRUZ,30,COATZACOALCOS II,PT_MORENA,448,113216,28,3739,116983,184825,68233,Sí
2018,30,VERACRUZ,30,COATZACOALCOS II,PT_ES,76,113216,28,3739,116983,184825,4053,Sí
2018,30,VERACRUZ,30,COATZACOALCOS II,MORENA_ES,503,113216,28,3739,116983,184825,67331,Sí
2018,30,VERACRUZ,4,ALAMO,PAN,41670,137558,21,5635,143214,205499,41670,No
2018,30,VERACRUZ,4,ALAMO,PRI,25225,137558,21,5635,143214,205499,25225,No
2018,30,VERACRUZ,4,ALAMO,PRD,7307,137558,21,5635,143214,205499,7307,No
2018,30,VERACRUZ,4,ALAMO,PVEM,4404,137558,21,5635,143214,205499,4404,No
2018,30,VERACRUZ,4,ALAMO,PT,4223,137558,21,5635,143214,205499,4223,No
2018,30,VERACRUZ,4,ALAMO,MC,4714,137558,21,5635,143214,205499,4714,No
2018,30,VERACRUZ,4,ALAMO,NUAL,1970,137558,21,5635,143214,205499,1970,No
2018,30,VERACRUZ,4,ALAMO,MORENA,43498,137558,21,5635,143214,205499,43498,No
2018,30,VERACRUZ,4,ALAMO,ES,1319,137558,21,5635,143214,205499,1319,No
2018,30,VERACRUZ,4,ALAMO,PAN_PRD_MC,622,137558,21,5635,143214,205499,54313,Sí
2018,30,VERACRUZ,4,ALAMO,PAN_PRD,725,137558,21,5635,143214,205499,49702,Sí
2018,30,VERACRUZ,4,ALAMO,PAN_MC,128,137558,21,5635,143214,205499,46512,Sí
2018,30,VERACRUZ,4,ALAMO,PRD_MC,46,137558,21,5635,143214,205499,12067,Sí
2018,30,VERACRUZ,4,ALAMO,PRI_PVEM,467,137558,21,5635,143214,205499,30096,Sí
2018,30,VERACRUZ,4,ALAMO,PT_MORENA_ES,645,137558,21,5635,143214,205499,49685,Sí
2018,30,VERACRUZ,4,ALAMO,PT_MORENA,314,137558,21,5635,143214,205499,48035,Sí
2018,30,VERACRUZ,4,ALAMO,PT_ES,52,137558,21,5635,143214,205499,5594,Sí
2018,30,VERACRUZ,4,ALAMO,MORENA_ES,229,137558,21,5635,143214,205499,45046,Sí
2018,30,VERACRUZ,5,POZA RICA DE HIDALGO,PAN,18376,118798,40,3113,121951,185736,18376,No
2018,30,VERACRUZ,5,POZA RICA DE HIDALGO,PRI,10469,118798,40,3113,121951,185736,10469,No
2018,30,VERACRUZ,5,POZA RICA DE HIDALGO,PRD,15691,118798,40,3113,121951,185736,15691,No
2018,30,VERACRUZ,5,POZA RICA DE HIDALGO,PVEM,1585,118798,40,3113,121951,185736,1585,No
2018,30,VERACRUZ,5,POZA RICA DE HIDALGO,PT,2367,118798,40,3113,121951,185736,2367,No
2018,30,VERACRUZ,5,POZA RICA DE HIDALGO,MC,1996,118798,40,3113,121951,185736,1996,No
2018,30,VERACRUZ,5,POZA RICA DE HIDALGO,NUAL,4157,118798,40,3113,121951,185736,4157,No
2018,30,VERACRUZ,5,POZA RICA DE HIDALGO,MORENA,59399,118798,40,3113,121951,185736,59399,No
2018,30,VERACRUZ,5,POZA RICA DE HIDALGO,ES,1004,118798,40,3113,121951,185736,1004,No
2018,30,VERACRUZ,5,POZA RICA DE HIDALGO,PAN_PRD_MC,948,118798,40,3113,121951,185736,37011,Sí
2018,30,VERACRUZ,5,POZA RICA DE HIDALGO,PAN_PRD,672,118798,40,3113,121951,185736,34739,Sí
2018,30,VERACRUZ,5,POZA RICA DE HIDALGO,PAN_MC,82,118798,40,3113,121951,185736,20454,Sí
2018,30,VERACRUZ,5,POZA RICA DE HIDALGO,PRD_MC,75,118798,40,3113,121951,185736,17762,Sí
2018,30,VERACRUZ,5,POZA RICA DE HIDALGO,PRI_PVEM,220,118798,40,3113,121951,185736,12274,Sí
2018,30,VERACRUZ,5,POZA RICA DE HIDALGO,PT_MORENA_ES,1001,118798,40,3113,121951,185736,63771,Sí
2018,30,VERACRUZ,5,POZA RICA DE HIDALGO,PT_MORENA,494,118798,40,3113,121951,185736,62260,Sí
2018,30,VERACRUZ,5,POZA RICA DE HIDALGO,PT_ES,26,118798,40,3113,121951,185736,3397,Sí
2018,30,VERACRUZ,5,POZA RICA DE HIDALGO,MORENA_ES,236,118798,40,3113,121951,185736,60639,Sí
2018,30,VERACRUZ,6,PAPANTLA,PAN,28456,124883,27,4212,129122,199389,28456,No
2018,30,VERACRUZ,6,PAPANTLA,PRI,17019,124883,27,4212,129122,199389,17019,No
2018,30,VERACRUZ,6,PAPANTLA,PRD,11469,124883,27,4212,129122,199389,11469,No
2018,30,VERACRUZ,6,PAPANTLA,PVEM,3105,124883,27,4212,129122,199389,3105,No
2018,30,VERACRUZ,6,PAPANTLA,PT,3787,124883,27,4212,129122,199389,3787,No
2018,30,VERACRUZ,6,PAPANTLA,MC,5559,124883,27,4212,129122,199389,5559,No
2018,30,VERACRUZ,6,PAPANTLA,NUAL,2493,124883,27,4212,129122,199389,2493,No
2018,30,VERACRUZ,6,PAPANTLA,MORENA,48262,124883,27,4212,129122,199389,48262,No
2018,30,VERACRUZ,6,PAPANTLA,ES,1400,124883,27,4212,129122,199389,1400,No
2018,30,VERACRUZ,6,PAPANTLA,PAN_PRD_MC,740,124883,27,4212,129122,199389,46224,Sí
2018,30,VERACRUZ,6,PAPANTLA,PAN_PRD,538,124883,27,4212,129122,199389,40463,Sí
2018,30,VERACRUZ,6,PAPANTLA,PAN_MC,112,124883,27,4212,129122,199389,34127,Sí
2018,30,VERACRUZ,6,PAPANTLA,PRD_MC,57,124883,27,4212,129122,199389,17085,Sí
2018,30,VERACRUZ,6,PAPANTLA,PRI_PVEM,445,124883,27,4212,129122,199389,20569,Sí
2018,30,VERACRUZ,6,PAPANTLA,PT_MORENA_ES,886,124883,27,4212,129122,199389,54335,Sí
2018,30,VERACRUZ,6,PAPANTLA,PT_MORENA,273,124883,27,4212,129122,199389,52322,Sí
2018,30,VERACRUZ,6,PAPANTLA,PT_ES,45,124883,27,4212,129122,199389,5232,Sí
2018,30,VERACRUZ,6,PAPANTLA,MORENA_ES,237,124883,27,4212,129122,199389,49899,Sí
2018,30,VERACRUZ,7,MARTINEZ DE LA TORRE,PAN,22880,107118,64,3506,110688,179304,22880,No
2018,30,VERACRUZ,7,MARTINEZ DE LA TORRE,PRI,11217,107118,64,3506,110688,179304,11217,No
2018,30,VERACRUZ,7,MARTINEZ DE LA TORRE,PRD,7017,107118,64,3506,110688,179304,7017,No
2018,30,VERACRUZ,7,MARTINEZ DE LA TORRE,PVEM,2594,107118,64,3506,110688,179304,2594,No
2018,30,VERACRUZ,7,MARTINEZ DE LA TORRE,PT,1997,107118,64,3506,110688,179304,1997,No
2018,30,VERACRUZ,7,MARTINEZ DE LA TORRE,MC,5574,107118,64,3506,110688,179304,5574,No
2018,30,VERACRUZ,7,MARTINEZ DE LA TORRE,NUAL,5649,107118,64,3506,110688,179304,5649,No
2018,30,VERACRUZ,7,MARTINEZ DE LA TORRE,MORENA,46360,107118,64,3506,110688,179304,46360,No
2018,30,VERACRUZ,7,MARTINEZ DE LA TORRE,ES,1104,107118,64,3506,110688,179304,1104,No
2018,30,VERACRUZ,7,MARTINEZ DE LA TORRE,PAN_PRD_MC,578,107118,64,3506,110688,179304,36049,Sí
2018,30,VERACRUZ,7,MARTINEZ DE LA TORRE,PAN_PRD,358,107118,64,3506,110688,179304,30255,Sí
2018,30,VERACRUZ,7,MARTINEZ DE LA TORRE,PAN_MC,156,107118,64,3506,110688,179304,28610,Sí
2018,30,VERACRUZ,7,MARTINEZ DE LA TORRE,PRD_MC,45,107118,64,3506,110688,179304,12636,Sí
2018,30,VERACRUZ,7,MARTINEZ DE LA TORRE,PRI_PVEM,271,107118,64,3506,110688,179304,14082,Sí
2018,30,VERACRUZ,7,MARTINEZ DE LA TORRE,PT_MORENA_ES,723,107118,64,3506,110688,179304,50184,Sí
2018,30,VERACRUZ,7,MARTINEZ DE LA TORRE,PT_MORENA,310,107118,64,3506,110688,179304,48667,Sí
2018,30,VERACRUZ,7,MARTINEZ DE LA TORRE,PT_ES,31,107118,64,3506,110688,179304,3132,Sí
2018,30,VERACRUZ,7,MARTINEZ DE LA TORRE,MORENA_ES,254,107118,64,3506,110688,179304,47718,Sí
2018,30,VERACRUZ,8,MISANTLA,PAN,29558,122458,20,4185,126663,188812,29558,No
2018,30,VERACRUZ,8,MISANTLA,PRI,12631,122458,20,4185,126663,188812,12631,No
2018,30,VERACRUZ,8,MISANTLA,PRD,10294,122458,20,4185,126663,188812,10294,No
2018,30,VERACRUZ,8,MISANTLA,PVEM,14567,122458,20,4185,126663,188812,14567,No
2018,30,VERACRUZ,8,MISANTLA,PT,2517,122458,20,4185,126663,188812,2517,No
2018,30,VERACRUZ,8,MISANTLA,MC,3464,122458,20,4185,126663,188812,3464,No
2018,30,VERACRUZ,8,MISANTLA,NUAL,2508,122458,20,4185,126663,188812,2508,No
2018,30,VERACRUZ,8,MISANTLA,MORENA,42380,122458,20,4185,126663,188812,42380,No
2018,30,VERACRUZ,8,MISANTLA,ES,1115,122458,20,4185,126663,188812,1115,No
2018,30,VERACRUZ,8,MISANTLA,PAN_PRD_MC,570,122458,20,4185,126663,188812,43886,Sí
2018,30,VERACRUZ,8,MISANTLA,PAN_PRD,712,122458,20,4185,126663,188812,40564,Sí
2018,30,VERACRUZ,8,MISANTLA,PAN_MC,121,122458,20,4185,126663,188812,33143,Sí
2018,30,VERACRUZ,8,MISANTLA,PRD_MC,40,122458,20,4185,126663,188812,13798,Sí
2018,30,VERACRUZ,8,MISANTLA,PRI_PVEM,895,122458,20,4185,126663,188812,28093,Sí
2018,30,VERACRUZ,8,MISANTLA,PT_MORENA_ES,576,122458,20,4185,126663,188812,46588,Sí
2018,30,VERACRUZ,8,MISANTLA,PT_MORENA,264,122458,20,4185,126663,188812,45161,Sí
2018,30,VERACRUZ,8,MISANTLA,PT_ES,35,122458,20,4185,126663,188812,3667,Sí
2018,30,VERACRUZ,8,MISANTLA,MORENA_ES,211,122458,20,4185,126663,188812,43706,Sí
2018,30,VERACRUZ,9,PEROTE,PAN,29946,113738,19,4739,118496,176324,29946,No
2018,30,VERACRUZ,9,PEROTE,PRI,24210,113738,19,4739,118496,176324,24210,No
2018,30,VERACRUZ,9,PEROTE,PRD,4446,113738,19,4739,118496,176324,4446,No
2018,30,VERACRUZ,9,PEROTE,PVEM,3878,113738,19,4739,118496,176324,3878,No
2018,30,VERACRUZ,9,PEROTE,PT,2714,113738,19,4739,118496,176324,2714,No
2018,30,VERACRUZ,9,PEROTE,MC,6774,113738,19,4739,118496,176324,6774,No
2018,30,VERACRUZ,9,PEROTE,NUAL,1741,113738,19,4739,118496,176324,1741,No
2018,30,VERACRUZ,9,PEROTE,MORENA,35749,113738,19,4739,118496,176324,35749,No
2018,30,VERACRUZ,9,PEROTE,ES,1129,113738,19,4739,118496,176324,1129,No
2018,30,VERACRUZ,9,PEROTE,PAN_PRD_MC,636,113738,19,4739,118496,176324,41802,Sí
2018,30,VERACRUZ,9,PEROTE,PAN_PRD,471,113738,19,4739,118496,176324,34863,Sí
2018,30,VERACRUZ,9,PEROTE,PAN_MC,195,113738,19,4739,118496,176324,36915,Sí
2018,30,VERACRUZ,9,PEROTE,PRD_MC,53,113738,19,4739,118496,176324,11273,Sí
2018,30,VERACRUZ,9,PEROTE,PRI_PVEM,838,113738,19,4739,118496,176324,28926,Sí
2018,30,VERACRUZ,9,PEROTE,PT_MORENA_ES,486,113738,19,4739,118496,176324,40078,Sí
2018,30,VERACRUZ,9,PEROTE,PT_MORENA,241,113738,19,4739,118496,176324,38704,Sí
2018,30,VERACRUZ,9,PEROTE,PT_ES,39,113738,19,4739,118496,176324,3882,Sí
2018,30,VERACRUZ,9,PEROTE,MORENA_ES,192,113738,19,4739,118496,176324,37070,Sí
2018,31,YUCATAN,1,MERIDA,PAN,25053,75489,43,2450,77982,109953,25053,No
2018,31,YUCATAN,1,MERIDA,PRI,22077,75489,43,2450,77982,109953,22077,No
2018,31,YUCATAN,1,MERIDA,PRD,1043,75489,43,2450,77982,109953,1043,No
2018,31,YUCATAN,1,MERIDA,PVEM,1260,75489,43,2450,77982,109953,1260,No
2018,31,YUCATAN,1,MERIDA,PT,1040,75489,43,2450,77982,109953,1040,No
2018,31,YUCATAN,1,MERIDA,MC,1155,75489,43,2450,77982,109953,1155,No
2018,31,YUCATAN,1,MERIDA,NUAL,800,75489,43,2450,77982,109953,800,No
2018,31,YUCATAN,1,MERIDA,MORENA,20371,75489,43,2450,77982,109953,20371,No
2018,31,YUCATAN,1,MERIDA,ES,944,75489,43,2450,77982,109953,944,No
2018,31,YUCATAN,1,MERIDA,PAN_MC,360,75489,43,2450,77982,109953,26568,Sí
2018,31,YUCATAN,1,MERIDA,PRI_PVEM_NUAL,261,75489,43,2450,77982,109953,24398,Sí
2018,31,YUCATAN,1,MERIDA,PRI_PVEM,354,75489,43,2450,77982,109953,23691,Sí
2018,31,YUCATAN,1,MERIDA,PRI_NUAL,45,75489,43,2450,77982,109953,22922,Sí
2018,31,YUCATAN,1,MERIDA,PVEM_NUAL,16,75489,43,2450,77982,109953,2076,Sí
2018,31,YUCATAN,1,MERIDA,PT_MORENA_ES,437,75489,43,2450,77982,109953,22792,Sí
2018,31,YUCATAN,1,MERIDA,PT_MORENA,134,75489,43,2450,77982,109953,21545,Sí
2018,31,YUCATAN,1,MERIDA,PT_ES,13,75489,43,2450,77982,109953,1997,Sí
2018,31,YUCATAN,1,MERIDA,MORENA_ES,126,75489,43,2450,77982,109953,21441,Sí
2018,31,YUCATAN,10,TIZIMIN,PAN,17432,68030,11,1666,69707,90495,17432,No
2018,31,YUCATAN,10,TIZIMIN,PRI,27649,68030,11,1666,69707,90495,27649,No
2018,31,YUCATAN,10,TIZIMIN,PRD,503,68030,11,1666,69707,90495,503,No
2018,31,YUCATAN,10,TIZIMIN,PVEM,1859,68030,11,1666,69707,90495,1859,No
2018,31,YUCATAN,10,TIZIMIN,PT,793,68030,11,1666,69707,90495,793,No
2018,31,YUCATAN,10,TIZIMIN,MC,581,68030,11,1666,69707,90495,581,No
2018,31,YUCATAN,10,TIZIMIN,NUAL,1099,68030,11,1666,69707,90495,1099,No
2018,31,YUCATAN,10,TIZIMIN,MORENA,16884,68030,11,1666,69707,90495,16884,No
2018,31,YUCATAN,10,TIZIMIN,ES,443,68030,11,1666,69707,90495,443,No
2018,31,YUCATAN,10,TIZIMIN,PAN_MC,93,68030,11,1666,69707,90495,18106,Sí
2018,31,YUCATAN,10,TIZIMIN,PRI_PVEM_NUAL,88,68030,11,1666,69707,90495,30695,Sí
2018,31,YUCATAN,10,TIZIMIN,PRI_PVEM,217,68030,11,1666,69707,90495,29725,Sí
2018,31,YUCATAN,10,TIZIMIN,PRI_NUAL,30,68030,11,1666,69707,90495,28778,Sí
2018,31,YUCATAN,10,TIZIMIN,PVEM_NUAL,12,68030,11,1666,69707,90495,2970,Sí
2018,31,YUCATAN,10,TIZIMIN,PT_MORENA_ES,184,68030,11,1666,69707,90495,18304,Sí
2018,31,YUCATAN,10,TIZIMIN,PT_MORENA,74,68030,11,1666,69707,90495,17751,Sí
2018,31,YUCATAN,10,TIZIMIN,PT_ES,11,68030,11,1666,69707,90495,1247,Sí
2018,31,YUCATAN,10,TIZIMIN,MORENA_ES,78,68030,11,1666,69707,90495,17405,Sí
2018,31,YUCATAN,11,VALLADOLID,PAN,18978,71760,13,1774,73547,92739,18978,No
2018,31,YUCATAN,11,VALLADOLID,PRI,24525,71760,13,1774,73547,92739,24525,No
2018,31,YUCATAN,11,VALLADOLID,PRD,745,71760,13,1774,73547,92739,745,No
2018,31,YUCATAN,11,VALLADOLID,PVEM,723,71760,13,1774,73547,92739,723,No
2018,31,YUCATAN,11,VALLADOLID,PT,4287,71760,13,1774,73547,92739,4287,No
2018,31,YUCATAN,11,VALLADOLID,MC,1056,71760,13,1774,73547,92739,1056,No
2018,31,YUCATAN,11,VALLADOLID,NUAL,262,71760,13,1774,73547,92739,262,No
2018,31,YUCATAN,11,VALLADOLID,MORENA,20196,71760,13,1774,73547,92739,20196,No
2018,31,YUCATAN,11,VALLADOLID,ES,354,71760,13,1774,73547,92739,354,No
2018,31,YUCATAN,11,VALLADOLID,PRI_PVEM_NUAL,56,71760,13,1774,73547,92739,25566,Sí
2018,31,YUCATAN,11,VALLADOLID,PRI_PVEM,185,71760,13,1774,73547,92739,25433,Sí
2018,31,YUCATAN,11,VALLADOLID,PRI_NUAL,23,71760,13,1774,73547,92739,24810,Sí
2018,31,YUCATAN,11,VALLADOLID,PVEM_NUAL,29,71760,13,1774,73547,92739,1014,Sí
2018,31,YUCATAN,11,VALLADOLID,PT_MORENA_ES,187,71760,13,1774,73547,92739,25024,Sí
2018,31,YUCATAN,11,VALLADOLID,PT_MORENA,65,71760,13,1774,73547,92739,24548,Sí
2018,31,YUCATAN,11,VALLADOLID,PT_ES,13,71760,13,1774,73547,92739,4654,Sí
2018,31,YUCATAN,11,VALLADOLID,MORENA_ES,76,71760,13,1774,73547,92739,20626,Sí
2018,31,YUCATAN,12,TEKAX,PAN,22085,71070,29,3006,74105,94571,22085,No
2018,31,YUCATAN,12,TEKAX,PRI,24121,71070,29,3006,74105,94571,24121,No
2018,31,YUCATAN,12,TEKAX,PRD,7894,71070,29,3006,74105,94571,7894,No
2018,31,YUCATAN,12,TEKAX,PVEM,4274,71070,29,3006,74105,94571,4274,No
2018,31,YUCATAN,12,TEKAX,PT,1931,71070,29,3006,74105,94571,1931,No
2018,31,YUCATAN,12,TEKAX,MC,635,71070,29,3006,74105,94571,635,No
2018,31,YUCATAN,12,TEKAX,NUAL,1062,71070,29,3006,74105,94571,1062,No
2018,31,YUCATAN,12,TEKAX,MORENA,8283,71070,29,3006,74105,94571,8283,No
2018,31,YUCATAN,12,TEKAX,ES,166,71070,29,3006,74105,94571,166,No
2018,31,YUCATAN,12,TEKAX,PAN_MC,146,71070,29,3006,74105,94571,22866,Sí
2018,31,YUCATAN,12,TEKAX,PRI_PVEM_NUAL,90,71070,29,3006,74105,94571,29547,Sí
2018,31,YUCATAN,12,TEKAX,PRI_PVEM,139,71070,29,3006,74105,94571,28534,Sí
2018,31,YUCATAN,12,TEKAX,PRI_NUAL,69,71070,29,3006,74105,94571,25252,Sí
2018,31,YUCATAN,12,TEKAX,PVEM_NUAL,23,71070,29,3006,74105,94571,5359,Sí
2018,31,YUCATAN,12,TEKAX,PT_MORENA_ES,79,71070,29,3006,74105,94571,10459,Sí
2018,31,YUCATAN,12,TEKAX,PT_MORENA,47,71070,29,3006,74105,94571,10261,Sí
2018,31,YUCATAN,12,TEKAX,PT_ES,8,71070,29,3006,74105,94571,2105,Sí
2018,31,YUCATAN,12,TEKAX,MORENA_ES,18,71070,29,3006,74105,94571,8467,Sí
2018,31,YUCATAN,13,TICUL,PAN,18165,78588,8,2240,80836,96496,18165,No
2018,31,YUCATAN,13,TICUL,PRI,28271,78588,8,2240,80836,96496,28271,No
2018,31,YUCATAN,13,TICUL,PRD,6725,78588,8,2240,80836,96496,6725,No
2018,31,YUCATAN,13,TICUL,PVEM,2027,78588,8,2240,80836,96496,2027,No
2018,31,YUCATAN,13,TICUL,PT,711,78588,8,2240,80836,96496,711,No
2018,31,YUCATAN,13,TICUL,MC,2566,78588,8,2240,80836,96496,2566,No
2018,31,YUCATAN,13,TICUL,NUAL,5682,78588,8,2240,80836,96496,5682,No
2018,31,YUCATAN,13,TICUL,MORENA,13947,78588,8,2240,80836,96496,13947,No
2018,31,YUCATAN,13,TICUL,ES,257,78588,8,2240,80836,96496,257,No
2018,31,YUCATAN,13,TICUL,PRI_NUAL,63,78588,8,2240,80836,96496,34016,Sí
2018,31,YUCATAN,13,TICUL,PT_MORENA_ES,88,78588,8,2240,80836,96496,15003,Sí
2018,31,YUCATAN,13,TICUL,PT_MORENA,52,78588,8,2240,80836,96496,14710,Sí
2018,31,YUCATAN,13,TICUL,PT_ES,6,78588,8,2240,80836,96496,974,Sí
2018,31,YUCATAN,13,TICUL,MORENA_ES,28,78588,8,2240,80836,96496,14232,Sí
2018,31,YUCATAN,14,TECOH,PAN,22392,72699,6,1857,74562,94010,22392,No
2018,31,YUCATAN,14,TECOH,PRI,29630,72699,6,1857,74562,94010,29630,No
2018,31,YUCATAN,14,TECOH,PRD,2512,72699,6,1857,74562,94010,2512,No
2018,31,YUCATAN,14,TECOH,PVEM,2062,72699,6,1857,74562,94010,2062,No
2018,31,YUCATAN,14,TECOH,PT,350,72699,6,1857,74562,94010,350,No
2018,31,YUCATAN,14,TECOH,MC,2596,72699,6,1857,74562,94010,2596,No
2018,31,YUCATAN,14,TECOH,NUAL,4052,72699,6,1857,74562,94010,4052,No
2018,31,YUCATAN,14,TECOH,MORENA,7734,72699,6,1857,74562,94010,7734,No
2018,31,YUCATAN,14,TECOH,ES,1257,72699,6,1857,74562,94010,1257,No
2018,31,YUCATAN,14,TECOH,PRI_NUAL,34,72699,6,1857,74562,94010,33716,Sí
2018,31,YUCATAN,14,TECOH,PT_MORENA_ES,42,72699,6,1857,74562,94010,9383,Sí
2018,31,YUCATAN,14,TECOH,PT_MORENA,13,72699,6,1857,74562,94010,8097,Sí
2018,31,YUCATAN,14,TECOH,PT_ES,6,72699,6,1857,74562,94010,1613,Sí
2018,31,YUCATAN,14,TECOH,MORENA_ES,19,72699,6,1857,74562,94010,9010,Sí
2018,31,YUCATAN,15,IZAMAL,PAN,28345,83673,3,2236,85912,101683,28345,No
2018,31,YUCATAN,15,IZAMAL,PRI,35188,83673,3,2236,85912,101683,35188,No
2018,31,YUCATAN,15,IZAMAL,PRD,1746,83673,3,2236,85912,101683,1746,No
2018,31,YUCATAN,15,IZAMAL,PVEM,2852,83673,3,2236,85912,101683,2852,No
2018,31,YUCATAN,15,IZAMAL,PT,439,83673,3,2236,85912,101683,439,No
2018,31,YUCATAN,15,IZAMAL,MC,2187,83673,3,2236,85912,101683,2187,No
2018,31,YUCATAN,15,IZAMAL,NUAL,932,83673,3,2236,85912,101683,932,No
2018,31,YUCATAN,15,IZAMAL,MORENA,11165,83673,3,2236,85912,101683,11165,No
2018,31,YUCATAN,15,IZAMAL,ES,246,83673,3,2236,85912,101683,246,No
2018,31,YUCATAN,15,IZAMAL,PAN_MC,130,83673,3,2236,85912,101683,30662,Sí
2018,31,YUCATAN,15,IZAMAL,PRI_PVEM_NUAL,1,83673,3,2236,85912,101683,38973,Sí
2018,31,YUCATAN,15,IZAMAL,PRI_PVEM,209,83673,3,2236,85912,101683,38249,Sí
2018,31,YUCATAN,15,IZAMAL,PT_MORENA_ES,128,83673,3,2236,85912,101683,11978,Sí
2018,31,YUCATAN,15,IZAMAL,PT_MORENA,41,83673,3,2236,85912,101683,11645,Sí
2018,31,YUCATAN,15,IZAMAL,PT_ES,8,83673,3,2236,85912,101683,693,Sí
2018,31,YUCATAN,15,IZAMAL,MORENA_ES,56,83673,3,2236,85912,101683,11467,Sí
2018,31,YUCATAN,2,MERIDA,PAN,29850,81313,68,2508,83889,115737,29850,No
2018,31,YUCATAN,2,MERIDA,PRI,22796,81313,68,2508,83889,115737,22796,No
2018,31,YUCATAN,2,MERIDA,PRD,1430,81313,68,2508,83889,115737,1430,No
2018,31,YUCATAN,2,MERIDA,PVEM,1340,81313,68,2508,83889,115737,1340,No
2018,31,YUCATAN,2,MERIDA,PT,1033,81313,68,2508,83889,115737,1033,No
2018,31,YUCATAN,2,MERIDA,MC,1113,81313,68,2508,83889,115737,1113,No
2018,31,YUCATAN,2,MERIDA,NUAL,929,81313,68,2508,83889,115737,929,No
2018,31,YUCATAN,2,MERIDA,MORENA,20038,81313,68,2508,83889,115737,20038,No
2018,31,YUCATAN,2,MERIDA,ES,941,81313,68,2508,83889,115737,941,No
2018,31,YUCATAN,2,MERIDA,PAN_MC,433,81313,68,2508,83889,115737,31396,Sí
2018,31,YUCATAN,2,MERIDA,PRI_PVEM_NUAL,315,81313,68,2508,83889,115737,25380,Sí
2018,31,YUCATAN,2,MERIDA,PRI_PVEM,371,81313,68,2508,83889,115737,24507,Sí
2018,31,YUCATAN,2,MERIDA,PRI_NUAL,44,81313,68,2508,83889,115737,23769,Sí
2018,31,YUCATAN,2,MERIDA,PVEM_NUAL,21,81313,68,2508,83889,115737,2290,Sí
2018,31,YUCATAN,2,MERIDA,PT_MORENA_ES,378,81313,68,2508,83889,115737,22390,Sí
2018,31,YUCATAN,2,MERIDA,PT_MORENA,127,81313,68,2508,83889,115737,21198,Sí
2018,31,YUCATAN,2,MERIDA,PT_ES,31,81313,68,2508,83889,115737,2005,Sí
2018,31,YUCATAN,2,MERIDA,MORENA_ES,123,81313,68,2508,83889,115737,21102,Sí
2018,31,YUCATAN,3,MERIDA,PAN,21982,74896,58,2092,77046,118833,21982,No
2018,31,YUCATAN,3,MERIDA,PRI,19521,74896,58,2092,77046,118833,19521,No
2018,31,YUCATAN,3,MERIDA,PRD,1045,74896,58,2092,77046,118833,1045,No
2018,31,YUCATAN,3,MERIDA,PVEM,1573,74896,58,2092,77046,118833,1573,No
2018,31,YUCATAN,3,MERIDA,PT,1185,74896,58,2092,77046,118833,1185,No
2018,31,YUCATAN,3,MERIDA,MC,1311,74896,58,2092,77046,118833,1311,No
2018,31,YUCATAN,3,MERIDA,NUAL,849,74896,58,2092,77046,118833,849,No
2018,31,YUCATAN,3,MERIDA,MORENA,24602,74896,58,2092,77046,118833,24602,No
2018,31,YUCATAN,3,MERIDA,ES,1174,74896,58,2092,77046,118833,1174,No
2018,31,YUCATAN,3,MERIDA,PAN_MC,274,74896,58,2092,77046,118833,23567,Sí
2018,31,YUCATAN,3,MERIDA,PRI_PVEM_NUAL,228,74896,58,2092,77046,118833,22171,Sí
2018,31,YUCATAN,3,MERIDA,PRI_PVEM,277,74896,58,2092,77046,118833,21371,Sí
2018,31,YUCATAN,3,MERIDA,PRI_NUAL,32,74896,58,2092,77046,118833,20402,Sí
2018,31,YUCATAN,3,MERIDA,PVEM_NUAL,10,74896,58,2092,77046,118833,2432,Sí
2018,31,YUCATAN,3,MERIDA,PT_MORENA_ES,514,74896,58,2092,77046,118833,27475,Sí
2018,31,YUCATAN,3,MERIDA,PT_MORENA,159,74896,58,2092,77046,118833,25946,Sí
2018,31,YUCATAN,3,MERIDA,PT_ES,25,74896,58,2092,77046,118833,2384,Sí
2018,31,YUCATAN,3,MERIDA,MORENA_ES,135,74896,58,2092,77046,118833,25911,Sí
2018,31,YUCATAN,4,MERIDA,PAN,28883,84188,28,2175,86391,117468,28883,No
2018,31,YUCATAN,4,MERIDA,PRI,20495,84188,28,2175,86391,117468,20495,No
2018,31,YUCATAN,4,MERIDA,PRD,777,84188,28,2175,86391,117468,777,No
2018,31,YUCATAN,4,MERIDA,PVEM,1345,84188,28,2175,86391,117468,1345,No
2018,31,YUCATAN,4,MERIDA,PT,818,84188,28,2175,86391,117468,818,No
2018,31,YUCATAN,4,MERIDA,MC,1077,84188,28,2175,86391,117468,1077,No
2018,31,YUCATAN,4,MERIDA,NUAL,657,84188,28,2175,86391,117468,657,No
2018,31,YUCATAN,4,MERIDA,MORENA,17204,84188,28,2175,86391,117468,17204,No
2018,31,YUCATAN,4,MERIDA,ES,719,84188,28,2175,86391,117468,719,No
2018,31,YUCATAN,4,MERIDA,PAN_MC,351,84188,28,2175,86391,117468,30311,Sí
2018,31,YUCATAN,4,MERIDA,PRI_PVEM,434,84188,28,2175,86391,117468,22274,Sí
2018,31,YUCATAN,4,MERIDA,PT_MORENA_ES,313,84188,28,2175,86391,117468,19054,Sí
2018,31,YUCATAN,4,MERIDA,PT_MORENA,78,84188,28,2175,86391,117468,18100,Sí
2018,31,YUCATAN,4,MERIDA,PT_ES,9,84188,28,2175,86391,117468,1546,Sí
2018,31,YUCATAN,4,MERIDA,MORENA_ES,71,84188,28,2175,86391,117468,17994,Sí
2018,31,YUCATAN,4,MERIDA,Candidatura Independiente,10957,84188,28,2175,86391,117468,10957,No
2018,31,YUCATAN,5,MERIDA,PAN,34520,79653,82,2160,81895,111563,34520,No
2018,31,YUCATAN,5,MERIDA,PRI,21259,79653,82,2160,81895,111563,21259,No
2018,31,YUCATAN,5,MERIDA,PRD,900,79653,82,2160,81895,111563,900,No
2018,31,YUCATAN,5,MERIDA,PVEM,1384,79653,82,2160,81895,111563,1384,No
2018,31,YUCATAN,5,MERIDA,PT,859,79653,82,2160,81895,111563,859,No
2018,31,YUCATAN,5,MERIDA,MC,1168,79653,82,2160,81895,111563,1168,No
2018,31,YUCATAN,5,MERIDA,NUAL,811,79653,82,2160,81895,111563,811,No
2018,31,YUCATAN,5,MERIDA,MORENA,16633,79653,82,2160,81895,111563,16633,No
2018,31,YUCATAN,5,MERIDA,ES,728,79653,82,2160,81895,111563,728,No
2018,31,YUCATAN,5,MERIDA,PAN_MC,365,79653,82,2160,81895,111563,36053,Sí
2018,31,YUCATAN,5,MERIDA,PRI_PVEM,473,79653,82,2160,81895,111563,23116,Sí
2018,31,YUCATAN,5,MERIDA,PT_MORENA_ES,342,79653,82,2160,81895,111563,18562,Sí
2018,31,YUCATAN,5,MERIDA,PT_MORENA,105,79653,82,2160,81895,111563,17597,Sí
2018,31,YUCATAN,5,MERIDA,PT_ES,12,79653,82,2160,81895,111563,1599,Sí
2018,31,YUCATAN,5,MERIDA,MORENA_ES,94,79653,82,2160,81895,111563,17455,Sí
2018,31,YUCATAN,6,KANASIN,PAN,15968,62129,20,2521,64670,94775,15968,No
2018,31,YUCATAN,6,KANASIN,PRI,18087,62129,20,2521,64670,94775,18087,No
2018,31,YUCATAN,6,KANASIN,PRD,3569,62129,20,2521,64670,94775,3569,No
2018,31,YUCATAN,6,KANASIN,PVEM,4063,62129,20,2521,64670,94775,4063,No
2018,31,YUCATAN,6,KANASIN,PT,823,62129,20,2521,64670,94775,823,No
2018,31,YUCATAN,6,KANASIN,MC,2570,62129,20,2521,64670,94775,2570,No
2018,31,YUCATAN,6,KANASIN,NUAL,2119,62129,20,2521,64670,94775,2119,No
2018,31,YUCATAN,6,KANASIN,MORENA,13469,62129,20,2521,64670,94775,13469,No
2018,31,YUCATAN,6,KANASIN,ES,717,62129,20,2521,64670,94775,717,No
2018,31,YUCATAN,6,KANASIN,PAN_MC,150,62129,20,2521,64670,94775,18688,Sí
2018,31,YUCATAN,6,KANASIN,PRI_NUAL,57,62129,20,2521,64670,94775,20263,Sí
2018,31,YUCATAN,6,KANASIN,PT_MORENA_ES,341,62129,20,2521,64670,94775,15350,Sí
2018,31,YUCATAN,6,KANASIN,PT_MORENA,83,62129,20,2521,64670,94775,14375,Sí
2018,31,YUCATAN,6,KANASIN,PT_ES,18,62129,20,2521,64670,94775,1558,Sí
2018,31,YUCATAN,6,KANASIN,MORENA_ES,95,62129,20,2521,64670,94775,14281,Sí
2018,31,YUCATAN,7,MERIDA,PAN,20481,61598,14,2383,63995,106292,20481,No
2018,31,YUCATAN,7,MERIDA,PRI,18532,61598,14,2383,63995,106292,18532,No
2018,31,YUCATAN,7,MERIDA,PRD,728,61598,14,2383,63995,106292,728,No
2018,31,YUCATAN,7,MERIDA,PVEM,1117,61598,14,2383,63995,106292,1117,No
2018,31,YUCATAN,7,MERIDA,PT,1137,61598,14,2383,63995,106292,1137,No
2018,31,YUCATAN,7,MERIDA,MC,915,61598,14,2383,63995,106292,915,No
2018,31,YUCATAN,7,MERIDA,NUAL,481,61598,14,2383,63995,106292,481,No
2018,31,YUCATAN,7,MERIDA,MORENA,15969,61598,14,2383,63995,106292,15969,No
2018,31,YUCATAN,7,MERIDA,ES,771,61598,14,2383,63995,106292,771,No
2018,31,YUCATAN,7,MERIDA,PRI_PVEM_NUAL,258,61598,14,2383,63995,106292,20388,Sí
2018,31,YUCATAN,7,MERIDA,PRI_PVEM,392,61598,14,2383,63995,106292,20041,Sí
2018,31,YUCATAN,7,MERIDA,PRI_NUAL,45,61598,14,2383,63995,106292,19058,Sí
2018,31,YUCATAN,7,MERIDA,PVEM_NUAL,7,61598,14,2383,63995,106292,1605,Sí
2018,31,YUCATAN,7,MERIDA,PT_MORENA_ES,433,61598,14,2383,63995,106292,18310,Sí
2018,31,YUCATAN,7,MERIDA,PT_MORENA,178,61598,14,2383,63995,106292,17284,Sí
2018,31,YUCATAN,7,MERIDA,PT_ES,8,61598,14,2383,63995,106292,1916,Sí
2018,31,YUCATAN,7,MERIDA,MORENA_ES,146,61598,14,2383,63995,106292,16886,Sí
2018,31,YUCATAN,8,UMAN,PAN,22266,71213,18,2331,73562,95388,22266,No
2018,31,YUCATAN,8,UMAN,PRI,24555,71213,18,2331,73562,95388,24555,No
2018,31,YUCATAN,8,UMAN,PRD,2605,71213,18,2331,73562,95388,2605,No
2018,31,YUCATAN,8,UMAN,PVEM,4050,71213,18,2331,73562,95388,4050,No
2018,31,YUCATAN,8,UMAN,PT,769,71213,18,2331,73562,95388,769,No
2018,31,YUCATAN,8,UMAN,MC,1701,71213,18,2331,73562,95388,1701,No
2018,31,YUCATAN,8,UMAN,NUAL,1565,71213,18,2331,73562,95388,1565,No
2018,31,YUCATAN,8,UMAN,MORENA,12282,71213,18,2331,73562,95388,12282,No
2018,31,YUCATAN,8,UMAN,ES,715,71213,18,2331,73562,95388,715,No
2018,31,YUCATAN,8,UMAN,PAN_MC,157,71213,18,2331,73562,95388,24124,Sí
2018,31,YUCATAN,8,UMAN,PRI_PVEM_NUAL,78,71213,18,2331,73562,95388,30248,Sí
2018,31,YUCATAN,8,UMAN,PRI_PVEM,145,71213,18,2331,73562,95388,28750,Sí
2018,31,YUCATAN,8,UMAN,PRI_NUAL,39,71213,18,2331,73562,95388,26159,Sí
2018,31,YUCATAN,8,UMAN,PVEM_NUAL,25,71213,18,2331,73562,95388,5640,Sí
2018,31,YUCATAN,8,UMAN,PT_MORENA_ES,128,71213,18,2331,73562,95388,13894,Sí
2018,31,YUCATAN,8,UMAN,PT_MORENA,64,71213,18,2331,73562,95388,13115,Sí
2018,31,YUCATAN,8,UMAN,PT_ES,12,71213,18,2331,73562,95388,1496,Sí
2018,31,YUCATAN,8,UMAN,MORENA_ES,57,71213,18,2331,73562,95388,13054,Sí
2018,31,YUCATAN,9,PROGRESO,PAN,21852,75674,26,2733,78433,104059,21852,No
2018,31,YUCATAN,9,PROGRESO,PRI,30830,75674,26,2733,78433,104059,30830,No
2018,31,YUCATAN,9,PROGRESO,PRD,1251,75674,26,2733,78433,104059,1251,No
2018,31,YUCATAN,9,PROGRESO,PVEM,3526,75674,26,2733,78433,104059,3526,No
2018,31,YUCATAN,9,PROGRESO,PT,688,75674,26,2733,78433,104059,688,No
2018,31,YUCATAN,9,PROGRESO,MC,1390,75674,26,2733,78433,104059,1390,No
2018,31,YUCATAN,9,PROGRESO,NUAL,3055,75674,26,2733,78433,104059,3055,No
2018,31,YUCATAN,9,PROGRESO,MORENA,11553,75674,26,2733,78433,104059,11553,No
2018,31,YUCATAN,9,PROGRESO,ES,634,75674,26,2733,78433,104059,634,No
2018,31,YUCATAN,9,PROGRESO,PAN_MC,287,75674,26,2733,78433,104059,23529,Sí
2018,31,YUCATAN,9,PROGRESO,PRI_NUAL,192,75674,26,2733,78433,104059,34077,Sí
2018,31,YUCATAN,9,PROGRESO,PT_MORENA_ES,189,75674,26,2733,78433,104059,13064,Sí
2018,31,YUCATAN,9,PROGRESO,PT_MORENA,136,75674,26,2733,78433,104059,12377,Sí
2018,31,YUCATAN,9,PROGRESO,PT_ES,15,75674,26,2733,78433,104059,1337,Sí
2018,31,YUCATAN,9,PROGRESO,MORENA_ES,76,75674,26,2733,78433,104059,12263,Sí
2018,32,ZACATECAS,1,ZACATECAS,PAN,5895,46618,59,1653,48330,74371,5895,No
2018,32,ZACATECAS,1,ZACATECAS,PRI,7338,46618,59,1653,48330,74371,7338,No
2018,32,ZACATECAS,1,ZACATECAS,PRD,1284,46618,59,1653,48330,74371,1284,No
2018,32,ZACATECAS,1,ZACATECAS,PT,2010,46618,59,1653,48330,74371,2010,No
2018,32,ZACATECAS,1,ZACATECAS,PVEM,4001,46618,59,1653,48330,74371,4001,No
2018,32,ZACATECAS,1,ZACATECAS,MC,813,46618,59,1653,48330,74371,813,No
2018,32,ZACATECAS,1,ZACATECAS,NUAL,901,46618,59,1653,48330,74371,901,No
2018,32,ZACATECAS,1,ZACATECAS,MORENA,20151,46618,59,1653,48330,74371,20151,No
2018,32,ZACATECAS,1,ZACATECAS,ES,695,46618,59,1653,48330,74371,695,No
2018,32,ZACATECAS,1,ZACATECAS,PAZ,1367,46618,59,1653,48330,74371,1367,No
2018,32,ZACATECAS,1,ZACATECAS,MDZ,802,46618,59,1653,48330,74371,802,No
2018,32,ZACATECAS,1,ZACATECAS,PP,598,46618,59,1653,48330,74371,598,No
2018,32,ZACATECAS,1,ZACATECAS,PAN_PRD_MC,113,46618,59,1653,48330,74371,8105,Sí
2018,32,ZACATECAS,1,ZACATECAS,PAN_PRD,51,46618,59,1653,48330,74371,7230,Sí
2018,32,ZACATECAS,1,ZACATECAS,PAN_MC,19,46618,59,1653,48330,74371,6727,Sí
2018,32,ZACATECAS,1,ZACATECAS,PRD_MC,8,46618,59,1653,48330,74371,2105,Sí
2018,32,ZACATECAS,1,ZACATECAS,PT_MORENA_ES,321,46618,59,1653,48330,74371,23177,Sí
2018,32,ZACATECAS,1,ZACATECAS,PT_MORENA,158,46618,59,1653,48330,74371,22319,Sí
2018,32,ZACATECAS,1,ZACATECAS,PT_ES,21,46618,59,1653,48330,74371,2726,Sí
2018,32,ZACATECAS,1,ZACATECAS,MORENA_ES,72,46618,59,1653,48330,74371,20918,Sí
2018,32,ZACATECAS,10,JEREZ,PAN,7797,38151,14,1732,39897,66601,7797,No
2018,32,ZACATECAS,10,JEREZ,PRI,10515,38151,14,1732,39897,66601,10515,No
2018,32,ZACATECAS,10,JEREZ,PRD,460,38151,14,1732,39897,66601,460,No
2018,32,ZACATECAS,10,JEREZ,PT,1080,38151,14,1732,39897,66601,1080,No
2018,32,ZACATECAS,10,JEREZ,PVEM,5555,38151,14,1732,39897,66601,5555,No
2018,32,ZACATECAS,10,JEREZ,MC,428,38151,14,1732,39897,66601,428,No
2018,32,ZACATECAS,10,JEREZ,NUAL,3327,38151,14,1732,39897,66601,3327,No
2018,32,ZACATECAS,10,JEREZ,MORENA,7343,38151,14,1732,39897,66601,7343,No
2018,32,ZACATECAS,10,JEREZ,ES,311,38151,14,1732,39897,66601,311,No
2018,32,ZACATECAS,10,JEREZ,PAZ,311,38151,14,1732,39897,66601,311,No
2018,32,ZACATECAS,10,JEREZ,MDZ,470,38151,14,1732,39897,66601,470,No
2018,32,ZACATECAS,10,JEREZ,PP,185,38151,14,1732,39897,66601,185,No
2018,32,ZACATECAS,10,JEREZ,PAN_PRD_MC,113,38151,14,1732,39897,66601,8798,Sí
2018,32,ZACATECAS,10,JEREZ,PAN_PRD,67,38151,14,1732,39897,66601,8324,Sí
2018,32,ZACATECAS,10,JEREZ,PAN_MC,23,38151,14,1732,39897,66601,8248,Sí
2018,32,ZACATECAS,10,JEREZ,PRD_MC,3,38151,14,1732,39897,66601,891,Sí
2018,32,ZACATECAS,10,JEREZ,PT_MORENA_ES,72,38151,14,1732,39897,66601,8806,Sí
2018,32,ZACATECAS,10,JEREZ,PT_MORENA,52,38151,14,1732,39897,66601,8475,Sí
2018,32,ZACATECAS,10,JEREZ,PT_ES,7,38151,14,1732,39897,66601,1398,Sí
2018,32,ZACATECAS,10,JEREZ,MORENA_ES,32,38151,14,1732,39897,66601,7686,Sí
2018,32,ZACATECAS,11,VILLANUEVA,PAN,3121,39202,9,2118,41329,60674,3121,No
2018,32,ZACATECAS,11,VILLANUEVA,PRI,10800,39202,9,2118,41329,60674,10800,No
2018,32,ZACATECAS,11,VILLANUEVA,PRD,6388,39202,9,2118,41329,60674,6388,No
2018,32,ZACATECAS,11,VILLANUEVA,PT,1987,39202,9,2118,41329,60674,1987,No
2018,32,ZACATECAS,11,VILLANUEVA,PVEM,5573,39202,9,2118,41329,60674,5573,No
2018,32,ZACATECAS,11,VILLANUEVA,MC,1131,39202,9,2118,41329,60674,1131,No
2018,32,ZACATECAS,11,VILLANUEVA,NUAL,963,39202,9,2118,41329,60674,963,No
2018,32,ZACATECAS,11,VILLANUEVA,MORENA,7106,39202,9,2118,41329,60674,7106,No
2018,32,ZACATECAS,11,VILLANUEVA,ES,874,39202,9,2118,41329,60674,874,No
2018,32,ZACATECAS,11,VILLANUEVA,PAZ,240,39202,9,2118,41329,60674,240,No
2018,32,ZACATECAS,11,VILLANUEVA,MDZ,79,39202,9,2118,41329,60674,79,No
2018,32,ZACATECAS,11,VILLANUEVA,PP,444,39202,9,2118,41329,60674,444,No
2018,32,ZACATECAS,11,VILLANUEVA,PAN_PRD_MC,194,39202,9,2118,41329,60674,10834,Sí
2018,32,ZACATECAS,11,VILLANUEVA,PAN_PRD,255,39202,9,2118,41329,60674,9764,Sí
2018,32,ZACATECAS,11,VILLANUEVA,PAN_MC,25,39202,9,2118,41329,60674,4277,Sí
2018,32,ZACATECAS,11,VILLANUEVA,PRD_MC,22,39202,9,2118,41329,60674,7541,Sí
2018,32,ZACATECAS,11,VILLANUEVA,PT_ES,0,39202,9,2118,41329,60674,2861,Sí
2018,32,ZACATECAS,11,VILLANUEVA,MORENA_ES,0,39202,9,2118,41329,60674,7980,Sí
2018,32,ZACATECAS,12,VILLA DE COS,PAN,1326,46145,24,2109,48278,65938,1326,No
2018,32,ZACATECAS,12,VILLA DE COS,PRI,14857,46145,24,2109,48278,65938,14857,No
2018,32,ZACATECAS,12,VILLA DE COS,PRD,1084,46145,24,2109,48278,65938,1084,No
2018,32,ZACATECAS,12,VILLA DE COS,PT,2552,46145,24,2109,48278,65938,2552,No
2018,32,ZACATECAS,12,VILLA DE COS,PVEM,2806,46145,24,2109,48278,65938,2806,No
2018,32,ZACATECAS,12,VILLA DE COS,MC,356,46145,24,2109,48278,65938,356,No
2018,32,ZACATECAS,12,VILLA DE COS,NUAL,13712,46145,24,2109,48278,65938,13712,No
2018,32,ZACATECAS,12,VILLA DE COS,MORENA,8344,46145,24,2109,48278,65938,8344,No
2018,32,ZACATECAS,12,VILLA DE COS,ES,256,46145,24,2109,48278,65938,256,No
2018,32,ZACATECAS,12,VILLA DE COS,PAZ,26,46145,24,2109,48278,65938,26,No
2018,32,ZACATECAS,12,VILLA DE COS,MDZ,170,46145,24,2109,48278,65938,170,No
2018,32,ZACATECAS,12,VILLA DE COS,PP,188,46145,24,2109,48278,65938,188,No
2018,32,ZACATECAS,12,VILLA DE COS,PAN_PRD_MC,57,46145,24,2109,48278,65938,2823,Sí
2018,32,ZACATECAS,12,VILLA DE COS,PAN_PRD,47,46145,24,2109,48278,65938,2457,Sí
2018,32,ZACATECAS,12,VILLA DE COS,PAN_MC,6,46145,24,2109,48278,65938,1688,Sí
2018,32,ZACATECAS,12,VILLA DE COS,PRD_MC,5,46145,24,2109,48278,65938,1445,Sí
2018,32,ZACATECAS,12,VILLA DE COS,PT_MORENA_ES,163,46145,24,2109,48278,65938,11315,Sí
2018,32,ZACATECAS,12,VILLA DE COS,PT_MORENA,146,46145,24,2109,48278,65938,11042,Sí
2018,32,ZACATECAS,12,VILLA DE COS,PT_ES,14,46145,24,2109,48278,65938,2822,Sí
2018,32,ZACATECAS,12,VILLA DE COS,MORENA_ES,30,46145,24,2109,48278,65938,8630,Sí
2018,32,ZACATECAS,13,JALPA,PAN,11729,38462,7,2063,40532,66964,11729,No
2018,32,ZACATECAS,13,JALPA,PRI,8624,38462,7,2063,40532,66964,8624,No
2018,32,ZACATECAS,13,JALPA,PRD,1509,38462,7,2063,40532,66964,1509,No
2018,32,ZACATECAS,13,JALPA,PT,3754,38462,7,2063,40532,66964,3754,No
2018,32,ZACATECAS,13,JALPA,PVEM,1305,38462,7,2063,40532,66964,1305,No
2018,32,ZACATECAS,13,JALPA,MC,1776,38462,7,2063,40532,66964,1776,No
2018,32,ZACATECAS,13,JALPA,NUAL,1160,38462,7,2063,40532,66964,1160,No
2018,32,ZACATECAS,13,JALPA,MORENA,6031,38462,7,2063,40532,66964,6031,No
2018,32,ZACATECAS,13,JALPA,ES,778,38462,7,2063,40532,66964,778,No
2018,32,ZACATECAS,13,JALPA,PAZ,211,38462,7,2063,40532,66964,211,No
2018,32,ZACATECAS,13,JALPA,MDZ,585,38462,7,2063,40532,66964,585,No
2018,32,ZACATECAS,13,JALPA,PP,92,38462,7,2063,40532,66964,92,No
2018,32,ZACATECAS,13,JALPA,PAN_PRD_MC,318,38462,7,2063,40532,66964,15332,Sí
2018,32,ZACATECAS,13,JALPA,PAN_PRD,144,38462,7,2063,40532,66964,13382,Sí
2018,32,ZACATECAS,13,JALPA,PAN_MC,96,38462,7,2063,40532,66964,13601,Sí
2018,32,ZACATECAS,13,JALPA,PRD_MC,16,38462,7,2063,40532,66964,3301,Sí
2018,32,ZACATECAS,13,JALPA,PT_MORENA_ES,177,38462,7,2063,40532,66964,10740,Sí
2018,32,ZACATECAS,13,JALPA,PT_MORENA,110,38462,7,2063,40532,66964,9895,Sí
2018,32,ZACATECAS,13,JALPA,PT_ES,16,38462,7,2063,40532,66964,4548,Sí
2018,32,ZACATECAS,13,JALPA,MORENA_ES,31,38462,7,2063,40532,66964,6840,Sí
2018,32,ZACATECAS,14,TLALTENANGO,PAN,13346,41986,9,1648,43643,67776,13346,No
2018,32,ZACATECAS,14,TLALTENANGO,PRI,10939,41986,9,1648,43643,67776,10939,No
2018,32,ZACATECAS,14,TLALTENANGO,PRD,2161,41986,9,1648,43643,67776,2161,No
2018,32,ZACATECAS,14,TLALTENANGO,PT,1020,41986,9,1648,43643,67776,1020,No
2018,32,ZACATECAS,14,TLALTENANGO,PVEM,2967,41986,9,1648,43643,67776,2967,No
2018,32,ZACATECAS,14,TLALTENANGO,MC,449,41986,9,1648,43643,67776,449,No
2018,32,ZACATECAS,14,TLALTENANGO,NUAL,838,41986,9,1648,43643,67776,838,No
2018,32,ZACATECAS,14,TLALTENANGO,MORENA,8617,41986,9,1648,43643,67776,8617,No
2018,32,ZACATECAS,14,TLALTENANGO,ES,405,41986,9,1648,43643,67776,405,No
2018,32,ZACATECAS,14,TLALTENANGO,PAZ,495,41986,9,1648,43643,67776,495,No
2018,32,ZACATECAS,14,TLALTENANGO,MDZ,60,41986,9,1648,43643,67776,60,No
2018,32,ZACATECAS,14,TLALTENANGO,PP,4,41986,9,1648,43643,67776,4,No
2018,32,ZACATECAS,14,TLALTENANGO,PAN_PRD_MC,208,41986,9,1648,43643,67776,16164,Sí
2018,32,ZACATECAS,14,TLALTENANGO,PAN_PRD,196,41986,9,1648,43643,67776,15703,Sí
2018,32,ZACATECAS,14,TLALTENANGO,PAN_MC,43,41986,9,1648,43643,67776,13838,Sí
2018,32,ZACATECAS,14,TLALTENANGO,PRD_MC,10,41986,9,1648,43643,67776,2620,Sí
2018,32,ZACATECAS,14,TLALTENANGO,PT_MORENA_ES,107,41986,9,1648,43643,67776,10149,Sí
2018,32,ZACATECAS,14,TLALTENANGO,PT_MORENA,47,41986,9,1648,43643,67776,9684,Sí
2018,32,ZACATECAS,14,TLALTENANGO,PT_ES,11,41986,9,1648,43643,67776,1436,Sí
2018,32,ZACATECAS,14,TLALTENANGO,MORENA_ES,63,41986,9,1648,43643,67776,9085,Sí
2018,32,ZACATECAS,15,PINOS,PAN,2232,42105,26,1676,43807,62937,2232,No
2018,32,ZACATECAS,15,PINOS,PRI,19457,42105,26,1676,43807,62937,19457,No
2018,32,ZACATECAS,15,PINOS,PRD,5304,42105,26,1676,43807,62937,5304,No
2018,32,ZACATECAS,15,PINOS,PT,1165,42105,26,1676,43807,62937,1165,No
2018,32,ZACATECAS,15,PINOS,PVEM,943,42105,26,1676,43807,62937,943,No
2018,32,ZACATECAS,15,PINOS,MC,525,42105,26,1676,43807,62937,525,No
2018,32,ZACATECAS,15,PINOS,NUAL,432,42105,26,1676,43807,62937,432,No
2018,32,ZACATECAS,15,PINOS,MORENA,9656,42105,26,1676,43807,62937,9656,No
2018,32,ZACATECAS,15,PINOS,ES,312,42105,26,1676,43807,62937,312,No
2018,32,ZACATECAS,15,PINOS,PAZ,129,42105,26,1676,43807,62937,129,No
2018,32,ZACATECAS,15,PINOS,MDZ,104,42105,26,1676,43807,62937,104,No
2018,32,ZACATECAS,15,PINOS,PP,1351,42105,26,1676,43807,62937,1351,No
2018,32,ZACATECAS,15,PINOS,PAN_PRD_MC,92,42105,26,1676,43807,62937,8153,Sí
2018,32,ZACATECAS,15,PINOS,PAN_PRD,118,42105,26,1676,43807,62937,7654,Sí
2018,32,ZACATECAS,15,PINOS,PAN_MC,7,42105,26,1676,43807,62937,2764,Sí
2018,32,ZACATECAS,15,PINOS,PRD_MC,31,42105,26,1676,43807,62937,5860,Sí
2018,32,ZACATECAS,15,PINOS,PT_MORENA_ES,126,42105,26,1676,43807,62937,11259,Sí
2018,32,ZACATECAS,15,PINOS,PT_MORENA,75,42105,26,1676,43807,62937,10896,Sí
2018,32,ZACATECAS,15,PINOS,PT_ES,6,42105,26,1676,43807,62937,1483,Sí
2018,32,ZACATECAS,15,PINOS,MORENA_ES,40,42105,26,1676,43807,62937,10008,Sí
2018,32,ZACATECAS,16,RIO GRANDE,PAN,3940,35751,6,1774,37531,61223,3940,No
2018,32,ZACATECAS,16,RIO GRANDE,PRI,10449,35751,6,1774,37531,61223,10449,No
2018,32,ZACATECAS,16,RIO GRANDE,PRD,6634,35751,6,1774,37531,61223,6634,No
2018,32,ZACATECAS,16,RIO GRANDE,PT,1662,35751,6,1774,37531,61223,1662,No
2018,32,ZACATECAS,16,RIO GRANDE,PVEM,2330,35751,6,1774,37531,61223,2330,No
2018,32,ZACATECAS,16,RIO GRANDE,MC,504,35751,6,1774,37531,61223,504,No
2018,32,ZACATECAS,16,RIO GRANDE,NUAL,1217,35751,6,1774,37531,61223,1217,No
2018,32,ZACATECAS,16,RIO GRANDE,MORENA,6742,35751,6,1774,37531,61223,6742,No
2018,32,ZACATECAS,16,RIO GRANDE,ES,360,35751,6,1774,37531,61223,360,No
2018,32,ZACATECAS,16,RIO GRANDE,PAZ,415,35751,6,1774,37531,61223,415,No
2018,32,ZACATECAS,16,RIO GRANDE,MDZ,430,35751,6,1774,37531,61223,430,No
2018,32,ZACATECAS,16,RIO GRANDE,PP,142,35751,6,1774,37531,61223,142,No
2018,32,ZACATECAS,16,RIO GRANDE,PAN_PRD_MC,193,35751,6,1774,37531,61223,11271,Sí
2018,32,ZACATECAS,16,RIO GRANDE,PAN_PRD,340,35751,6,1774,37531,61223,10914,Sí
2018,32,ZACATECAS,16,RIO GRANDE,PAN_MC,10,35751,6,1774,37531,61223,4454,Sí
2018,32,ZACATECAS,16,RIO GRANDE,PRD_MC,26,35751,6,1774,37531,61223,7164,Sí
2018,32,ZACATECAS,16,RIO GRANDE,PT_MORENA_ES,158,35751,6,1774,37531,61223,8922,Sí
2018,32,ZACATECAS,16,RIO GRANDE,PT_MORENA,116,35751,6,1774,37531,61223,8520,Sí
2018,32,ZACATECAS,16,RIO GRANDE,PT_ES,23,35751,6,1774,37531,61223,2045,Sí
2018,32,ZACATECAS,16,RIO GRANDE,MORENA_ES,60,35751,6,1774,37531,61223,7162,Sí
2018,32,ZACATECAS,17,SOMBRERETE,PAN,5400,33497,5,1430,34932,58489,5400,No
2018,32,ZACATECAS,17,SOMBRERETE,PRI,9826,33497,5,1430,34932,58489,9826,No
2018,32,ZACATECAS,17,SOMBRERETE,PRD,3045,33497,5,1430,34932,58489,3045,No
2018,32,ZACATECAS,17,SOMBRERETE,PT,1111,33497,5,1430,34932,58489,1111,No
2018,32,ZACATECAS,17,SOMBRERETE,PVEM,1418,33497,5,1430,34932,58489,1418,No
2018,32,ZACATECAS,17,SOMBRERETE,MC,569,33497,5,1430,34932,58489,569,No
2018,32,ZACATECAS,17,SOMBRERETE,NUAL,615,33497,5,1430,34932,58489,615,No
2018,32,ZACATECAS,17,SOMBRERETE,MORENA,6887,33497,5,1430,34932,58489,6887,No
2018,32,ZACATECAS,17,SOMBRERETE,ES,335,33497,5,1430,34932,58489,335,No
2018,32,ZACATECAS,17,SOMBRERETE,PAZ,3330,33497,5,1430,34932,58489,3330,No
2018,32,ZACATECAS,17,SOMBRERETE,MDZ,82,33497,5,1430,34932,58489,82,No
2018,32,ZACATECAS,17,SOMBRERETE,PP,97,33497,5,1430,34932,58489,97,No
2018,32,ZACATECAS,17,SOMBRERETE,PAN_PRD_MC,205,33497,5,1430,34932,58489,9219,Sí
2018,32,ZACATECAS,17,SOMBRERETE,PAN_PRD,248,33497,5,1430,34932,58489,8693,Sí
2018,32,ZACATECAS,17,SOMBRERETE,PAN_MC,22,33497,5,1430,34932,58489,5991,Sí
2018,32,ZACATECAS,17,SOMBRERETE,PRD_MC,19,33497,5,1430,34932,58489,3633,Sí
2018,32,ZACATECAS,17,SOMBRERETE,PT_MORENA_ES,150,33497,5,1430,34932,58489,8483,Sí
2018,32,ZACATECAS,17,SOMBRERETE,PT_MORENA,84,33497,5,1430,34932,58489,8082,Sí
2018,32,ZACATECAS,17,SOMBRERETE,PT_ES,12,33497,5,1430,34932,58489,1458,Sí
2018,32,ZACATECAS,17,SOMBRERETE,MORENA_ES,42,33497,5,1430,34932,58489,7264,Sí
2018,32,ZACATECAS,18,JUAN ALDAMA,PAN,5382,37287,10,1500,38797,61054,5382,No
2018,32,ZACATECAS,18,JUAN ALDAMA,PRI,12740,37287,10,1500,38797,61054,12740,No
2018,32,ZACATECAS,18,JUAN ALDAMA,PRD,668,37287,10,1500,38797,61054,668,No
2018,32,ZACATECAS,18,JUAN ALDAMA,PT,3534,37287,10,1500,38797,61054,3534,No
2018,32,ZACATECAS,18,JUAN ALDAMA,PVEM,833,37287,10,1500,38797,61054,833,No
2018,32,ZACATECAS,18,JUAN ALDAMA,MC,305,37287,10,1500,38797,61054,305,No
2018,32,ZACATECAS,18,JUAN ALDAMA,NUAL,577,37287,10,1500,38797,61054,577,No
2018,32,ZACATECAS,18,JUAN ALDAMA,MORENA,10932,37287,10,1500,38797,61054,10932,No
2018,32,ZACATECAS,18,JUAN ALDAMA,ES,323,37287,10,1500,38797,61054,323,No
2018,32,ZACATECAS,18,JUAN ALDAMA,PAZ,738,37287,10,1500,38797,61054,738,No
2018,32,ZACATECAS,18,JUAN ALDAMA,MDZ,218,37287,10,1500,38797,61054,218,No
2018,32,ZACATECAS,18,JUAN ALDAMA,PP,396,37287,10,1500,38797,61054,396,No
2018,32,ZACATECAS,18,JUAN ALDAMA,PAN_PRD_MC,73,37287,10,1500,38797,61054,6428,Sí
2018,32,ZACATECAS,18,JUAN ALDAMA,PAN_PRD,78,37287,10,1500,38797,61054,6128,Sí
2018,32,ZACATECAS,18,JUAN ALDAMA,PAN_MC,14,37287,10,1500,38797,61054,5701,Sí
2018,32,ZACATECAS,18,JUAN ALDAMA,PRD_MC,4,37287,10,1500,38797,61054,977,Sí
2018,32,ZACATECAS,18,JUAN ALDAMA,PT_MORENA_ES,185,37287,10,1500,38797,61054,14974,Sí
2018,32,ZACATECAS,18,JUAN ALDAMA,PT_MORENA,208,37287,10,1500,38797,61054,14674,Sí
2018,32,ZACATECAS,18,JUAN ALDAMA,PT_ES,22,37287,10,1500,38797,61054,3879,Sí
2018,32,ZACATECAS,18,JUAN ALDAMA,MORENA_ES,57,37287,10,1500,38797,61054,11312,Sí
2018,32,ZACATECAS,2,ZACATECAS,PAN,8567,45858,20,1811,47689,71666,8567,No
2018,32,ZACATECAS,2,ZACATECAS,PRI,8277,45858,20,1811,47689,71666,8277,No
2018,32,ZACATECAS,2,ZACATECAS,PRD,1011,45858,20,1811,47689,71666,1011,No
2018,32,ZACATECAS,2,ZACATECAS,PT,1580,45858,20,1811,47689,71666,1580,No
2018,32,ZACATECAS,2,ZACATECAS,PVEM,4840,45858,20,1811,47689,71666,4840,No
2018,32,ZACATECAS,2,ZACATECAS,MC,781,45858,20,1811,47689,71666,781,No
2018,32,ZACATECAS,2,ZACATECAS,NUAL,1879,45858,20,1811,47689,71666,1879,No
2018,32,ZACATECAS,2,ZACATECAS,MORENA,14831,45858,20,1811,47689,71666,14831,No
2018,32,ZACATECAS,2,ZACATECAS,ES,626,45858,20,1811,47689,71666,626,No
2018,32,ZACATECAS,2,ZACATECAS,PAZ,1351,45858,20,1811,47689,71666,1351,No
2018,32,ZACATECAS,2,ZACATECAS,MDZ,608,45858,20,1811,47689,71666,608,No
2018,32,ZACATECAS,2,ZACATECAS,PP,715,45858,20,1811,47689,71666,715,No
2018,32,ZACATECAS,2,ZACATECAS,PAN_PRD_MC,194,45858,20,1811,47689,71666,10553,Sí
2018,32,ZACATECAS,2,ZACATECAS,PAN_PRD,137,45858,20,1811,47689,71666,9715,Sí
2018,32,ZACATECAS,2,ZACATECAS,PAN_MC,28,45858,20,1811,47689,71666,9376,Sí
2018,32,ZACATECAS,2,ZACATECAS,PRD_MC,10,45858,20,1811,47689,71666,1802,Sí
2018,32,ZACATECAS,2,ZACATECAS,PT_MORENA_ES,223,45858,20,1811,47689,71666,17260,Sí
2018,32,ZACATECAS,2,ZACATECAS,PT_MORENA,125,45858,20,1811,47689,71666,16536,Sí
2018,32,ZACATECAS,2,ZACATECAS,PT_ES,11,45858,20,1811,47689,71666,2217,Sí
2018,32,ZACATECAS,2,ZACATECAS,MORENA_ES,64,45858,20,1811,47689,71666,15521,Sí
2018,32,ZACATECAS,3,GUADALUPE,PAN,3988,41328,27,1481,42836,66104,3988,No
2018,32,ZACATECAS,3,GUADALUPE,PRI,9805,41328,27,1481,42836,66104,9805,No
2018,32,ZACATECAS,3,GUADALUPE,PRD,679,41328,27,1481,42836,66104,679,No
2018,32,ZACATECAS,3,GUADALUPE,PT,2051,41328,27,1481,42836,66104,2051,No
2018,32,ZACATECAS,3,GUADALUPE,PVEM,1315,41328,27,1481,42836,66104,1315,No
2018,32,ZACATECAS,3,GUADALUPE,MC,813,41328,27,1481,42836,66104,813,No
2018,32,ZACATECAS,3,GUADALUPE,NUAL,1039,41328,27,1481,42836,66104,1039,No
2018,32,ZACATECAS,3,GUADALUPE,MORENA,17385,41328,27,1481,42836,66104,17385,No
2018,32,ZACATECAS,3,GUADALUPE,ES,606,41328,27,1481,42836,66104,606,No
2018,32,ZACATECAS,3,GUADALUPE,PAZ,1987,41328,27,1481,42836,66104,1987,No
2018,32,ZACATECAS,3,GUADALUPE,MDZ,703,41328,27,1481,42836,66104,703,No
2018,32,ZACATECAS,3,GUADALUPE,PP,363,41328,27,1481,42836,66104,363,No
2018,32,ZACATECAS,3,GUADALUPE,PAN_PRD_MC,62,41328,27,1481,42836,66104,5542,Sí
2018,32,ZACATECAS,3,GUADALUPE,PAN_PRD,22,41328,27,1481,42836,66104,4689,Sí
2018,32,ZACATECAS,3,GUADALUPE,PAN_MC,12,41328,27,1481,42836,66104,4813,Sí
2018,32,ZACATECAS,3,GUADALUPE,PRD_MC,1,41328,27,1481,42836,66104,1493,Sí
2018,32,ZACATECAS,3,GUADALUPE,PT_MORENA_ES,285,41328,27,1481,42836,66104,20327,Sí
2018,32,ZACATECAS,3,GUADALUPE,PT_MORENA,127,41328,27,1481,42836,66104,19563,Sí
2018,32,ZACATECAS,3,GUADALUPE,PT_ES,23,41328,27,1481,42836,66104,2680,Sí
2018,32,ZACATECAS,3,GUADALUPE,MORENA_ES,62,41328,27,1481,42836,66104,18053,Sí
2018,32,ZACATECAS,4,GUADALUPE,PAN,3149,42132,23,1247,43402,68242,3149,No
2018,32,ZACATECAS,4,GUADALUPE,PRI,11221,42132,23,1247,43402,68242,11221,No
2018,32,ZACATECAS,4,GUADALUPE,PRD,613,42132,23,1247,43402,68242,613,No
2018,32,ZACATECAS,4,GUADALUPE,PT,2908,42132,23,1247,43402,68242,2908,No
2018,32,ZACATECAS,4,GUADALUPE,PVEM,1056,42132,23,1247,43402,68242,1056,No
2018,32,ZACATECAS,4,GUADALUPE,MC,583,42132,23,1247,43402,68242,583,No
2018,32,ZACATECAS,4,GUADALUPE,NUAL,1721,42132,23,1247,43402,68242,1721,No
2018,32,ZACATECAS,4,GUADALUPE,MORENA,17486,42132,23,1247,43402,68242,17486,No
2018,32,ZACATECAS,4,GUADALUPE,ES,577,42132,23,1247,43402,68242,577,No
2018,32,ZACATECAS,4,GUADALUPE,PAZ,1388,42132,23,1247,43402,68242,1388,No
2018,32,ZACATECAS,4,GUADALUPE,MDZ,421,42132,23,1247,43402,68242,421,No
2018,32,ZACATECAS,4,GUADALUPE,PP,308,42132,23,1247,43402,68242,308,No
2018,32,ZACATECAS,4,GUADALUPE,PAN_PRD_MC,37,42132,23,1247,43402,68242,4382,Sí
2018,32,ZACATECAS,4,GUADALUPE,PAN_PRD,12,42132,23,1247,43402,68242,3774,Sí
2018,32,ZACATECAS,4,GUADALUPE,PAN_MC,11,42132,23,1247,43402,68242,3743,Sí
2018,32,ZACATECAS,4,GUADALUPE,PRD_MC,11,42132,23,1247,43402,68242,1207,Sí
2018,32,ZACATECAS,4,GUADALUPE,PT_MORENA_ES,351,42132,23,1247,43402,68242,21322,Sí
2018,32,ZACATECAS,4,GUADALUPE,PT_MORENA,177,42132,23,1247,43402,68242,20571,Sí
2018,32,ZACATECAS,4,GUADALUPE,PT_ES,30,42132,23,1247,43402,68242,3515,Sí
2018,32,ZACATECAS,4,GUADALUPE,MORENA_ES,72,42132,23,1247,43402,68242,18135,Sí
2018,32,ZACATECAS,5,FRESNILLO,PAN,3322,36756,48,1332,38136,61894,3322,No
2018,32,ZACATECAS,5,FRESNILLO,PRI,7336,36756,48,1332,38136,61894,7336,No
2018,32,ZACATECAS,5,FRESNILLO,PRD,876,36756,48,1332,38136,61894,876,No
2018,32,ZACATECAS,5,FRESNILLO,PT,4216,36756,48,1332,38136,61894,4216,No
2018,32,ZACATECAS,5,FRESNILLO,PVEM,928,36756,48,1332,38136,61894,928,No
2018,32,ZACATECAS,5,FRESNILLO,MC,445,36756,48,1332,38136,61894,445,No
2018,32,ZACATECAS,5,FRESNILLO,NUAL,988,36756,48,1332,38136,61894,988,No
2018,32,ZACATECAS,5,FRESNILLO,MORENA,15826,36756,48,1332,38136,61894,15826,No
2018,32,ZACATECAS,5,FRESNILLO,ES,560,36756,48,1332,38136,61894,560,No
2018,32,ZACATECAS,5,FRESNILLO,PAZ,638,36756,48,1332,38136,61894,638,No
2018,32,ZACATECAS,5,FRESNILLO,MDZ,358,36756,48,1332,38136,61894,358,No
2018,32,ZACATECAS,5,FRESNILLO,PP,290,36756,48,1332,38136,61894,290,No
2018,32,ZACATECAS,5,FRESNILLO,PAN_PRD_MC,60,36756,48,1332,38136,61894,4703,Sí
2018,32,ZACATECAS,5,FRESNILLO,PAN_PRD,38,36756,48,1332,38136,61894,4236,Sí
2018,32,ZACATECAS,5,FRESNILLO,PAN_MC,16,36756,48,1332,38136,61894,3783,Sí
2018,32,ZACATECAS,5,FRESNILLO,PRD_MC,3,36756,48,1332,38136,61894,1324,Sí
2018,32,ZACATECAS,5,FRESNILLO,PT_MORENA_ES,400,36756,48,1332,38136,61894,21002,Sí
2018,32,ZACATECAS,5,FRESNILLO,PT_MORENA,360,36756,48,1332,38136,61894,20402,Sí
2018,32,ZACATECAS,5,FRESNILLO,PT_ES,20,36756,48,1332,38136,61894,4796,Sí
2018,32,ZACATECAS,5,FRESNILLO,MORENA_ES,76,36756,48,1332,38136,61894,16462,Sí
2018,32,ZACATECAS,6,FRESNILLO,PAN,4175,41871,23,1035,42929,66283,4175,No
2018,32,ZACATECAS,6,FRESNILLO,PRI,5842,41871,23,1035,42929,66283,5842,No
2018,32,ZACATECAS,6,FRESNILLO,PRD,693,41871,23,1035,42929,66283,693,No
2018,32,ZACATECAS,6,FRESNILLO,PT,2991,41871,23,1035,42929,66283,2991,No
2018,32,ZACATECAS,6,FRESNILLO,PVEM,1200,41871,23,1035,42929,66283,1200,No
2018,32,ZACATECAS,6,FRESNILLO,MC,430,41871,23,1035,42929,66283,430,No
2018,32,ZACATECAS,6,FRESNILLO,NUAL,757,41871,23,1035,42929,66283,757,No
2018,32,ZACATECAS,6,FRESNILLO,MORENA,15902,41871,23,1035,42929,66283,15902,No
2018,32,ZACATECAS,6,FRESNILLO,ES,676,41871,23,1035,42929,66283,676,No
2018,32,ZACATECAS,6,FRESNILLO,PAZ,1163,41871,23,1035,42929,66283,1163,No
2018,32,ZACATECAS,6,FRESNILLO,MDZ,216,41871,23,1035,42929,66283,216,No
2018,32,ZACATECAS,6,FRESNILLO,PP,397,41871,23,1035,42929,66283,397,No
2018,32,ZACATECAS,6,FRESNILLO,PAN_PRD_MC,67,41871,23,1035,42929,66283,5365,Sí
2018,32,ZACATECAS,6,FRESNILLO,PAN_PRD,43,41871,23,1035,42929,66283,4911,Sí
2018,32,ZACATECAS,6,FRESNILLO,PAN_MC,11,41871,23,1035,42929,66283,4616,Sí
2018,32,ZACATECAS,6,FRESNILLO,PRD_MC,6,41871,23,1035,42929,66283,1129,Sí
2018,32,ZACATECAS,6,FRESNILLO,PT_MORENA_ES,341,41871,23,1035,42929,66283,19910,Sí
2018,32,ZACATECAS,6,FRESNILLO,PT_MORENA,222,41871,23,1035,42929,66283,19115,Sí
2018,32,ZACATECAS,6,FRESNILLO,PT_ES,26,41871,23,1035,42929,66283,3693,Sí
2018,32,ZACATECAS,6,FRESNILLO,MORENA_ES,64,41871,23,1035,42929,66283,16642,Sí
2018,32,ZACATECAS,6,FRESNILLO,Candidatura Independiente,6649,41871,23,1035,42929,66283,6649,No
2018,32,ZACATECAS,7,FRESNILLO,PAN,3146,39755,15,1552,41322,66448,3146,No
2018,32,ZACATECAS,7,FRESNILLO,PRI,7075,39755,15,1552,41322,66448,7075,No
2018,32,ZACATECAS,7,FRESNILLO,PRD,4230,39755,15,1552,41322,66448,4230,No
2018,32,ZACATECAS,7,FRESNILLO,PT,2601,39755,15,1552,41322,66448,2601,No
2018,32,ZACATECAS,7,FRESNILLO,PVEM,7910,39755,15,1552,41322,66448,7910,No
2018,32,ZACATECAS,7,FRESNILLO,MC,523,39755,15,1552,41322,66448,523,No
2018,32,ZACATECAS,7,FRESNILLO,NUAL,699,39755,15,1552,41322,66448,699,No
2018,32,ZACATECAS,7,FRESNILLO,MORENA,11170,39755,15,1552,41322,66448,11170,No
2018,32,ZACATECAS,7,FRESNILLO,ES,458,39755,15,1552,41322,66448,458,No
2018,32,ZACATECAS,7,FRESNILLO,PAZ,465,39755,15,1552,41322,66448,465,No
2018,32,ZACATECAS,7,FRESNILLO,MDZ,213,39755,15,1552,41322,66448,213,No
2018,32,ZACATECAS,7,FRESNILLO,PP,267,39755,15,1552,41322,66448,267,No
2018,32,ZACATECAS,7,FRESNILLO,PAN_PRD_MC,202,39755,15,1552,41322,66448,8101,Sí
2018,32,ZACATECAS,7,FRESNILLO,PAN_PRD,181,39755,15,1552,41322,66448,7557,Sí
2018,32,ZACATECAS,7,FRESNILLO,PAN_MC,8,39755,15,1552,41322,66448,3677,Sí
2018,32,ZACATECAS,7,FRESNILLO,PRD_MC,16,39755,15,1552,41322,66448,4769,Sí
2018,32,ZACATECAS,7,FRESNILLO,PT_MORENA_ES,287,39755,15,1552,41322,66448,14516,Sí
2018,32,ZACATECAS,7,FRESNILLO,PT_MORENA,242,39755,15,1552,41322,66448,14013,Sí
2018,32,ZACATECAS,7,FRESNILLO,PT_ES,12,39755,15,1552,41322,66448,3071,Sí
2018,32,ZACATECAS,7,FRESNILLO,MORENA_ES,50,39755,15,1552,41322,66448,11678,Sí
2018,32,ZACATECAS,8,OJOCALIENTE,PAN,2337,38016,16,1867,39899,58193,2337,No
2018,32,ZACATECAS,8,OJOCALIENTE,PRI,13927,38016,16,1867,39899,58193,13927,No
2018,32,ZACATECAS,8,OJOCALIENTE,PRD,5081,38016,16,1867,39899,58193,5081,No
2018,32,ZACATECAS,8,OJOCALIENTE,PT,4596,38016,16,1867,39899,58193,4596,No
2018,32,ZACATECAS,8,OJOCALIENTE,PVEM,2300,38016,16,1867,39899,58193,2300,No
2018,32,ZACATECAS,8,OJOCALIENTE,MC,353,38016,16,1867,39899,58193,353,No
2018,32,ZACATECAS,8,OJOCALIENTE,NUAL,1305,38016,16,1867,39899,58193,1305,No
2018,32,ZACATECAS,8,OJOCALIENTE,MORENA,5963,38016,16,1867,39899,58193,5963,No
2018,32,ZACATECAS,8,OJOCALIENTE,ES,659,38016,16,1867,39899,58193,659,No
2018,32,ZACATECAS,8,OJOCALIENTE,PAZ,319,38016,16,1867,39899,58193,319,No
2018,32,ZACATECAS,8,OJOCALIENTE,MDZ,113,38016,16,1867,39899,58193,113,No
2018,32,ZACATECAS,8,OJOCALIENTE,PP,129,38016,16,1867,39899,58193,129,No
2018,32,ZACATECAS,8,OJOCALIENTE,PAN_PRD_MC,171,38016,16,1867,39899,58193,7942,Sí
2018,32,ZACATECAS,8,OJOCALIENTE,PAN_PRD,156,38016,16,1867,39899,58193,7574,Sí
2018,32,ZACATECAS,8,OJOCALIENTE,PAN_MC,13,38016,16,1867,39899,58193,2703,Sí
2018,32,ZACATECAS,8,OJOCALIENTE,PRD_MC,40,38016,16,1867,39899,58193,5474,Sí
2018,32,ZACATECAS,8,OJOCALIENTE,PT_MORENA_ES,246,38016,16,1867,39899,58193,11464,Sí
2018,32,ZACATECAS,8,OJOCALIENTE,PT_MORENA,223,38016,16,1867,39899,58193,10782,Sí
2018,32,ZACATECAS,8,OJOCALIENTE,PT_ES,35,38016,16,1867,39899,58193,5290,Sí
2018,32,ZACATECAS,8,OJOCALIENTE,MORENA_ES,50,38016,16,1867,39899,58193,6672,Sí
2018,32,ZACATECAS,9,LORETO,PAN,1490,37491,15,1733,39239,57602,1490,No
2018,32,ZACATECAS,9,LORETO,PRI,10053,37491,15,1733,39239,57602,10053,No
2018,32,ZACATECAS,9,LORETO,PRD,1068,37491,15,1733,39239,57602,1068,No
2018,32,ZACATECAS,9,LORETO,PT,8331,37491,15,1733,39239,57602,8331,No
2018,32,ZACATECAS,9,LORETO,PVEM,2245,37491,15,1733,39239,57602,2245,No
2018,32,ZACATECAS,9,LORETO,MC,3132,37491,15,1733,39239,57602,3132,No
2018,32,ZACATECAS,9,LORETO,NUAL,494,37491,15,1733,39239,57602,494,No
2018,32,ZACATECAS,9,LORETO,MORENA,8551,37491,15,1733,39239,57602,8551,No
2018,32,ZACATECAS,9,LORETO,ES,578,37491,15,1733,39239,57602,578,No
2018,32,ZACATECAS,9,LORETO,PAZ,421,37491,15,1733,39239,57602,421,No
2018,32,ZACATECAS,9,LORETO,MDZ,881,37491,15,1733,39239,57602,881,No
2018,32,ZACATECAS,9,LORETO,PP,125,37491,15,1733,39239,57602,125,No
2018,32,ZACATECAS,9,LORETO,PAN_PRD_MC,71,37491,15,1733,39239,57602,5761,Sí
2018,32,ZACATECAS,9,LORETO,PAN_PRD,14,37491,15,1733,39239,57602,2572,Sí
2018,32,ZACATECAS,9,LORETO,PAN_MC,17,37491,15,1733,39239,57602,4639,Sí
2018,32,ZACATECAS,9,LORETO,PRD_MC,20,37491,15,1733,39239,57602,4220,Sí
2018,32,ZACATECAS,9,LORETO,PT_ES,0,37491,15,1733,39239,57602,8909,Sí
2018,32,ZACATECAS,9,LORETO,MORENA_ES,0,37491,15,1733,39239,57602,9129,Sí
2018,4,CAMPECHE,1,SAN FRANCISCO DE CAMPECHE,PAN,7137,18121,16,879,19016,28856,7137,No
2018,4,CAMPECHE,1,SAN FRANCISCO DE CAMPECHE,PRI,3693,18121,16,879,19016,28856,3693,No
2018,4,CAMPECHE,1,SAN FRANCISCO DE CAMPECHE,PRD,850,18121,16,879,19016,28856,850,No
2018,4,CAMPECHE,1,SAN FRANCISCO DE CAMPECHE,PVEM,247,18121,16,879,19016,28856,247,No
2018,4,CAMPECHE,1,SAN FRANCISCO DE CAMPECHE,PT,779,18121,16,879,19016,28856,779,No
2018,4,CAMPECHE,1,SAN FRANCISCO DE CAMPECHE,MC,345,18121,16,879,19016,28856,345,No
2018,4,CAMPECHE,1,SAN FRANCISCO DE CAMPECHE,NUAL,300,18121,16,879,19016,28856,300,No
2018,4,CAMPECHE,1,SAN FRANCISCO DE CAMPECHE,MORENA,3566,18121,16,879,19016,28856,3566,No
2018,4,CAMPECHE,1,SAN FRANCISCO DE CAMPECHE,ES,233,18121,16,879,19016,28856,233,No
2018,4,CAMPECHE,1,SAN FRANCISCO DE CAMPECHE,PLC,142,18121,16,879,19016,28856,142,No
2018,4,CAMPECHE,1,SAN FRANCISCO DE CAMPECHE,PAN_MC,370,18121,16,879,19016,28856,7852,Sí
2018,4,CAMPECHE,1,SAN FRANCISCO DE CAMPECHE,PRI_PVEM_NUAL,148,18121,16,879,19016,28856,4388,Sí
2018,4,CAMPECHE,1,SAN FRANCISCO DE CAMPECHE,PRI_PVEM,98,18121,16,879,19016,28856,4038,Sí
2018,4,CAMPECHE,1,SAN FRANCISCO DE CAMPECHE,PRI_NUAL,25,18121,16,879,19016,28856,4018,Sí
2018,4,CAMPECHE,1,SAN FRANCISCO DE CAMPECHE,PVEM_NUAL,7,18121,16,879,19016,28856,554,Sí
2018,4,CAMPECHE,1,SAN FRANCISCO DE CAMPECHE,Candidatura Independiente,181,18121,16,879,19016,28856,181,No
2018,4,CAMPECHE,10,CD DEL CARMEN,PAN,3869,17310,8,682,18000,28478,3869,No
2018,4,CAMPECHE,10,CD DEL CARMEN,PRI,2995,17310,8,682,18000,28478,2995,No
2018,4,CAMPECHE,10,CD DEL CARMEN,PRD,435,17310,8,682,18000,28478,435,No
2018,4,CAMPECHE,10,CD DEL CARMEN,PVEM,141,17310,8,682,18000,28478,141,No
2018,4,CAMPECHE,10,CD DEL CARMEN,PT,372,17310,8,682,18000,28478,372,No
2018,4,CAMPECHE,10,CD DEL CARMEN,MC,155,17310,8,682,18000,28478,155,No
2018,4,CAMPECHE,10,CD DEL CARMEN,NUAL,179,17310,8,682,18000,28478,179,No
2018,4,CAMPECHE,10,CD DEL CARMEN,MORENA,7926,17310,8,682,18000,28478,7926,No
2018,4,CAMPECHE,10,CD DEL CARMEN,ES,218,17310,8,682,18000,28478,218,No
2018,4,CAMPECHE,10,CD DEL CARMEN,PLC,272,17310,8,682,18000,28478,272,No
2018,4,CAMPECHE,10,CD DEL CARMEN,PAN_MC,35,17310,8,682,18000,28478,4059,Sí
2018,4,CAMPECHE,10,CD DEL CARMEN,PRI_PVEM_NUAL,133,17310,8,682,18000,28478,3448,Sí
2018,4,CAMPECHE,10,CD DEL CARMEN,PRI_PVEM,38,17310,8,682,18000,28478,3174,Sí
2018,4,CAMPECHE,10,CD DEL CARMEN,PRI_NUAL,10,17310,8,682,18000,28478,3184,Sí
2018,4,CAMPECHE,10,CD DEL CARMEN,PVEM_NUAL,1,17310,8,682,18000,28478,321,Sí
2018,4,CAMPECHE,10,CD DEL CARMEN,Candidatura Independiente,531,17310,8,682,18000,28478,531,No
2018,4,CAMPECHE,11,CD DEL CARMEN,PAN,2857,18888,10,732,19630,31658,2857,No
2018,4,CAMPECHE,11,CD DEL CARMEN,PRI,3498,18888,10,732,19630,31658,3498,No
2018,4,CAMPECHE,11,CD DEL CARMEN,PRD,629,18888,10,732,19630,31658,629,No
2018,4,CAMPECHE,11,CD DEL CARMEN,PVEM,243,18888,10,732,19630,31658,243,No
2018,4,CAMPECHE,11,CD DEL CARMEN,PT,690,18888,10,732,19630,31658,690,No
2018,4,CAMPECHE,11,CD DEL CARMEN,MC,387,18888,10,732,19630,31658,387,No
2018,4,CAMPECHE,11,CD DEL CARMEN,NUAL,221,18888,10,732,19630,31658,221,No
2018,4,CAMPECHE,11,CD DEL CARMEN,MORENA,9452,18888,10,732,19630,31658,9452,No
2018,4,CAMPECHE,11,CD DEL CARMEN,ES,277,18888,10,732,19630,31658,277,No
2018,4,CAMPECHE,11,CD DEL CARMEN,PLC,357,18888,10,732,19630,31658,357,No
2018,4,CAMPECHE,11,CD DEL CARMEN,PAN_MC,31,18888,10,732,19630,31658,3275,Sí
2018,4,CAMPECHE,11,CD DEL CARMEN,PRI_PVEM_NUAL,179,18888,10,732,19630,31658,4141,Sí
2018,4,CAMPECHE,11,CD DEL CARMEN,PRI_PVEM,43,18888,10,732,19630,31658,3784,Sí
2018,4,CAMPECHE,11,CD DEL CARMEN,PRI_NUAL,20,18888,10,732,19630,31658,3739,Sí
2018,4,CAMPECHE,11,CD DEL CARMEN,PVEM_NUAL,4,18888,10,732,19630,31658,468,Sí
2018,4,CAMPECHE,12,SABANCUY,PAN,2767,19282,2,1230,20514,31001,2767,No
2018,4,CAMPECHE,12,SABANCUY,PRI,6301,19282,2,1230,20514,31001,6301,No
2018,4,CAMPECHE,12,SABANCUY,PRD,290,19282,2,1230,20514,31001,290,No
2018,4,CAMPECHE,12,SABANCUY,PVEM,242,19282,2,1230,20514,31001,242,No
2018,4,CAMPECHE,12,SABANCUY,PT,1179,19282,2,1230,20514,31001,1179,No
2018,4,CAMPECHE,12,SABANCUY,MC,264,19282,2,1230,20514,31001,264,No
2018,4,CAMPECHE,12,SABANCUY,NUAL,260,19282,2,1230,20514,31001,260,No
2018,4,CAMPECHE,12,SABANCUY,MORENA,7284,19282,2,1230,20514,31001,7284,No
2018,4,CAMPECHE,12,SABANCUY,ES,194,19282,2,1230,20514,31001,194,No
2018,4,CAMPECHE,12,SABANCUY,PLC,152,19282,2,1230,20514,31001,152,No
2018,4,CAMPECHE,12,SABANCUY,PAN_MC,25,19282,2,1230,20514,31001,3056,Sí
2018,4,CAMPECHE,12,SABANCUY,PRI_PVEM_NUAL,204,19282,2,1230,20514,31001,7007,Sí
2018,4,CAMPECHE,12,SABANCUY,PRI_PVEM,83,19282,2,1230,20514,31001,6626,Sí
2018,4,CAMPECHE,12,SABANCUY,PRI_NUAL,32,19282,2,1230,20514,31001,6593,Sí
2018,4,CAMPECHE,12,SABANCUY,PVEM_NUAL,5,19282,2,1230,20514,31001,507,Sí
2018,4,CAMPECHE,13,ESCARCEGA,PAN,2572,19338,9,1101,20448,31219,2572,No
2018,4,CAMPECHE,13,ESCARCEGA,PRI,4585,19338,9,1101,20448,31219,4585,No
2018,4,CAMPECHE,13,ESCARCEGA,PRD,523,19338,9,1101,20448,31219,523,No
2018,4,CAMPECHE,13,ESCARCEGA,PVEM,283,19338,9,1101,20448,31219,283,No
2018,4,CAMPECHE,13,ESCARCEGA,PT,1849,19338,9,1101,20448,31219,1849,No
2018,4,CAMPECHE,13,ESCARCEGA,MC,445,19338,9,1101,20448,31219,445,No
2018,4,CAMPECHE,13,ESCARCEGA,NUAL,203,19338,9,1101,20448,31219,203,No
2018,4,CAMPECHE,13,ESCARCEGA,MORENA,7985,19338,9,1101,20448,31219,7985,No
2018,4,CAMPECHE,13,ESCARCEGA,ES,408,19338,9,1101,20448,31219,408,No
2018,4,CAMPECHE,13,ESCARCEGA,PLC,57,19338,9,1101,20448,31219,57,No
2018,4,CAMPECHE,13,ESCARCEGA,PAN_MC,53,19338,9,1101,20448,31219,3070,Sí
2018,4,CAMPECHE,13,ESCARCEGA,PRI_PVEM_NUAL,269,19338,9,1101,20448,31219,5340,Sí
2018,4,CAMPECHE,13,ESCARCEGA,PRI_PVEM,89,19338,9,1101,20448,31219,4957,Sí
2018,4,CAMPECHE,13,ESCARCEGA,PRI_NUAL,15,19338,9,1101,20448,31219,4803,Sí
2018,4,CAMPECHE,13,ESCARCEGA,PVEM_NUAL,2,19338,9,1101,20448,31219,488,Sí
2018,4,CAMPECHE,14,CANDELARIA,PAN,6752,19221,0,1206,20427,30987,6752,No
2018,4,CAMPECHE,14,CANDELARIA,PRI,6853,19221,0,1206,20427,30987,6853,No
2018,4,CAMPECHE,14,CANDELARIA,PRD,292,19221,0,1206,20427,30987,292,No
2018,4,CAMPECHE,14,CANDELARIA,PVEM,120,19221,0,1206,20427,30987,120,No
2018,4,CAMPECHE,14,CANDELARIA,PT,314,19221,0,1206,20427,30987,314,No
2018,4,CAMPECHE,14,CANDELARIA,MC,177,19221,0,1206,20427,30987,177,No
2018,4,CAMPECHE,14,CANDELARIA,NUAL,255,19221,0,1206,20427,30987,255,No
2018,4,CAMPECHE,14,CANDELARIA,MORENA,3818,19221,0,1206,20427,30987,3818,No
2018,4,CAMPECHE,14,CANDELARIA,ES,88,19221,0,1206,20427,30987,88,No
2018,4,CAMPECHE,14,CANDELARIA,PLC,29,19221,0,1206,20427,30987,29,No
2018,4,CAMPECHE,14,CANDELARIA,PAN_MC,105,19221,0,1206,20427,30987,7034,Sí
2018,4,CAMPECHE,14,CANDELARIA,PRI_PVEM_NUAL,258,19221,0,1206,20427,30987,7486,Sí
2018,4,CAMPECHE,14,CANDELARIA,PRI_PVEM,120,19221,0,1206,20427,30987,7093,Sí
2018,4,CAMPECHE,14,CANDELARIA,PRI_NUAL,36,19221,0,1206,20427,30987,7144,Sí
2018,4,CAMPECHE,14,CANDELARIA,PVEM_NUAL,4,19221,0,1206,20427,30987,379,Sí
2018,4,CAMPECHE,15,CHAMPOTON,PAN,3650,20752,9,1221,21982,32102,3650,No
2018,4,CAMPECHE,15,CHAMPOTON,PRI,4787,20752,9,1221,21982,32102,4787,No
2018,4,CAMPECHE,15,CHAMPOTON,PRD,1267,20752,9,1221,21982,32102,1267,No
2018,4,CAMPECHE,15,CHAMPOTON,PVEM,253,20752,9,1221,21982,32102,253,No
2018,4,CAMPECHE,15,CHAMPOTON,PT,895,20752,9,1221,21982,32102,895,No
2018,4,CAMPECHE,15,CHAMPOTON,MC,267,20752,9,1221,21982,32102,267,No
2018,4,CAMPECHE,15,CHAMPOTON,NUAL,381,20752,9,1221,21982,32102,381,No
2018,4,CAMPECHE,15,CHAMPOTON,MORENA,7891,20752,9,1221,21982,32102,7891,No
2018,4,CAMPECHE,15,CHAMPOTON,ES,839,20752,9,1221,21982,32102,839,No
2018,4,CAMPECHE,15,CHAMPOTON,PLC,150,20752,9,1221,21982,32102,150,No
2018,4,CAMPECHE,15,CHAMPOTON,PAN_MC,54,20752,9,1221,21982,32102,3971,Sí
2018,4,CAMPECHE,15,CHAMPOTON,PRI_PVEM_NUAL,204,20752,9,1221,21982,32102,5625,Sí
2018,4,CAMPECHE,15,CHAMPOTON,PRI_PVEM,96,20752,9,1221,21982,32102,5136,Sí
2018,4,CAMPECHE,15,CHAMPOTON,PRI_NUAL,13,20752,9,1221,21982,32102,5181,Sí
2018,4,CAMPECHE,15,CHAMPOTON,PVEM_NUAL,5,20752,9,1221,21982,32102,639,Sí
2018,4,CAMPECHE,16,CHAMPOTON,PAN,2651,21472,5,1240,22717,32168,2651,No
2018,4,CAMPECHE,16,CHAMPOTON,PRI,7624,21472,5,1240,22717,32168,7624,No
2018,4,CAMPECHE,16,CHAMPOTON,PRD,1058,21472,5,1240,22717,32168,1058,No
2018,4,CAMPECHE,16,CHAMPOTON,PVEM,280,21472,5,1240,22717,32168,280,No
2018,4,CAMPECHE,16,CHAMPOTON,PT,736,21472,5,1240,22717,32168,736,No
2018,4,CAMPECHE,16,CHAMPOTON,MC,247,21472,5,1240,22717,32168,247,No
2018,4,CAMPECHE,16,CHAMPOTON,NUAL,566,21472,5,1240,22717,32168,566,No
2018,4,CAMPECHE,16,CHAMPOTON,MORENA,7357,21472,5,1240,22717,32168,7357,No
2018,4,CAMPECHE,16,CHAMPOTON,ES,383,21472,5,1240,22717,32168,383,No
2018,4,CAMPECHE,16,CHAMPOTON,PLC,111,21472,5,1240,22717,32168,111,No
2018,4,CAMPECHE,16,CHAMPOTON,PAN_MC,26,21472,5,1240,22717,32168,2924,Sí
2018,4,CAMPECHE,16,CHAMPOTON,PRI_PVEM_NUAL,297,21472,5,1240,22717,32168,8767,Sí
2018,4,CAMPECHE,16,CHAMPOTON,PRI_PVEM,102,21472,5,1240,22717,32168,8006,Sí
2018,4,CAMPECHE,16,CHAMPOTON,PRI_NUAL,31,21472,5,1240,22717,32168,8221,Sí
2018,4,CAMPECHE,16,CHAMPOTON,PVEM_NUAL,3,21472,5,1240,22717,32168,849,Sí
2018,4,CAMPECHE,17,CALKINI,PAN,827,24145,49,906,25100,31726,827,No
2018,4,CAMPECHE,17,CALKINI,PRI,6958,24145,49,906,25100,31726,6958,No
2018,4,CAMPECHE,17,CALKINI,PRD,1659,24145,49,906,25100,31726,1659,No
2018,4,CAMPECHE,17,CALKINI,PVEM,363,24145,49,906,25100,31726,363,No
2018,4,CAMPECHE,17,CALKINI,PT,1330,24145,49,906,25100,31726,1330,No
2018,4,CAMPECHE,17,CALKINI,MC,2670,24145,49,906,25100,31726,2670,No
2018,4,CAMPECHE,17,CALKINI,NUAL,1523,24145,49,906,25100,31726,1523,No
2018,4,CAMPECHE,17,CALKINI,MORENA,7425,24145,49,906,25100,31726,7425,No
2018,4,CAMPECHE,17,CALKINI,ES,214,24145,49,906,25100,31726,214,No
2018,4,CAMPECHE,17,CALKINI,PLC,422,24145,49,906,25100,31726,422,No
2018,4,CAMPECHE,17,CALKINI,PAN_MC,155,24145,49,906,25100,31726,3652,Sí
2018,4,CAMPECHE,17,CALKINI,PRI_PVEM_NUAL,454,24145,49,906,25100,31726,9298,Sí
2018,4,CAMPECHE,17,CALKINI,PRI_PVEM,62,24145,49,906,25100,31726,7383,Sí
2018,4,CAMPECHE,17,CALKINI,PRI_NUAL,70,24145,49,906,25100,31726,8551,Sí
2018,4,CAMPECHE,17,CALKINI,PVEM_NUAL,13,24145,49,906,25100,31726,1899,Sí
2018,4,CAMPECHE,18,HOPELCHEN,PAN,4430,19572,0,622,20194,26997,4430,No
2018,4,CAMPECHE,18,HOPELCHEN,PRI,9691,19572,0,622,20194,26997,9691,No
2018,4,CAMPECHE,18,HOPELCHEN,PRD,472,19572,0,622,20194,26997,472,No
2018,4,CAMPECHE,18,HOPELCHEN,PVEM,285,19572,0,622,20194,26997,285,No
2018,4,CAMPECHE,18,HOPELCHEN,PT,866,19572,0,622,20194,26997,866,No
2018,4,CAMPECHE,18,HOPELCHEN,MC,257,19572,0,622,20194,26997,257,No
2018,4,CAMPECHE,18,HOPELCHEN,NUAL,241,19572,0,622,20194,26997,241,No
2018,4,CAMPECHE,18,HOPELCHEN,MORENA,2418,19572,0,622,20194,26997,2418,No
2018,4,CAMPECHE,18,HOPELCHEN,ES,82,19572,0,622,20194,26997,82,No
2018,4,CAMPECHE,18,HOPELCHEN,PLC,45,19572,0,622,20194,26997,45,No
2018,4,CAMPECHE,18,HOPELCHEN,PAN_MC,385,19572,0,622,20194,26997,5072,Sí
2018,4,CAMPECHE,18,HOPELCHEN,PRI_PVEM_NUAL,249,19572,0,622,20194,26997,10466,Sí
2018,4,CAMPECHE,18,HOPELCHEN,PRI_PVEM,107,19572,0,622,20194,26997,10083,Sí
2018,4,CAMPECHE,18,HOPELCHEN,PRI_NUAL,41,19572,0,622,20194,26997,9973,Sí
2018,4,CAMPECHE,18,HOPELCHEN,PVEM_NUAL,3,19572,0,622,20194,26997,529,Sí
2018,4,CAMPECHE,19,HECELCHAKAN,PAN,4761,24883,651,816,26350,31034,4761,No
2018,4,CAMPECHE,19,HECELCHAKAN,PRI,5754,24883,651,816,26350,31034,5754,No
2018,4,CAMPECHE,19,HECELCHAKAN,PRD,693,24883,651,816,26350,31034,693,No
2018,4,CAMPECHE,19,HECELCHAKAN,PVEM,548,24883,651,816,26350,31034,548,No
2018,4,CAMPECHE,19,HECELCHAKAN,PT,355,24883,651,816,26350,31034,355,No
2018,4,CAMPECHE,19,HECELCHAKAN,MC,519,24883,651,816,26350,31034,519,No
2018,4,CAMPECHE,19,HECELCHAKAN,NUAL,2429,24883,651,816,26350,31034,2429,No
2018,4,CAMPECHE,19,HECELCHAKAN,MORENA,5117,24883,651,816,26350,31034,5117,No
2018,4,CAMPECHE,19,HECELCHAKAN,ES,4284,24883,651,816,26350,31034,4284,No
2018,4,CAMPECHE,19,HECELCHAKAN,PLC,97,24883,651,816,26350,31034,97,No
2018,4,CAMPECHE,19,HECELCHAKAN,PAN_MC,60,24883,651,816,26350,31034,5340,Sí
2018,4,CAMPECHE,19,HECELCHAKAN,PRI_PVEM_NUAL,160,24883,651,816,26350,31034,8891,Sí
2018,4,CAMPECHE,19,HECELCHAKAN,PRI_PVEM,34,24883,651,816,26350,31034,6336,Sí
2018,4,CAMPECHE,19,HECELCHAKAN,PRI_NUAL,62,24883,651,816,26350,31034,8245,Sí
2018,4,CAMPECHE,19,HECELCHAKAN,PVEM_NUAL,10,24883,651,816,26350,31034,2987,Sí
2018,4,CAMPECHE,2,SAN FRANCISCO DE CAMPECHE,PAN,9286,19732,30,647,20409,29642,9286,No
2018,4,CAMPECHE,2,SAN FRANCISCO DE CAMPECHE,PRI,3193,19732,30,647,20409,29642,3193,No
2018,4,CAMPECHE,2,SAN FRANCISCO DE CAMPECHE,PRD,470,19732,30,647,20409,29642,470,No
2018,4,CAMPECHE,2,SAN FRANCISCO DE CAMPECHE,PVEM,166,19732,30,647,20409,29642,166,No
2018,4,CAMPECHE,2,SAN FRANCISCO DE CAMPECHE,PT,641,19732,30,647,20409,29642,641,No
2018,4,CAMPECHE,2,SAN FRANCISCO DE CAMPECHE,MC,315,19732,30,647,20409,29642,315,No
2018,4,CAMPECHE,2,SAN FRANCISCO DE CAMPECHE,NUAL,228,19732,30,647,20409,29642,228,No
2018,4,CAMPECHE,2,SAN FRANCISCO DE CAMPECHE,MORENA,4514,19732,30,647,20409,29642,4514,No
2018,4,CAMPECHE,2,SAN FRANCISCO DE CAMPECHE,ES,324,19732,30,647,20409,29642,324,No
2018,4,CAMPECHE,2,SAN FRANCISCO DE CAMPECHE,PLC,296,19732,30,647,20409,29642,296,No
2018,4,CAMPECHE,2,SAN FRANCISCO DE CAMPECHE,PAN_MC,124,19732,30,647,20409,29642,9725,Sí
2018,4,CAMPECHE,2,SAN FRANCISCO DE CAMPECHE,PRI_PVEM_NUAL,121,19732,30,647,20409,29642,3708,Sí
2018,4,CAMPECHE,2,SAN FRANCISCO DE CAMPECHE,PRI_PVEM,39,19732,30,647,20409,29642,3398,Sí
2018,4,CAMPECHE,2,SAN FRANCISCO DE CAMPECHE,PRI_NUAL,12,19732,30,647,20409,29642,3433,Sí
2018,4,CAMPECHE,2,SAN FRANCISCO DE CAMPECHE,PVEM_NUAL,3,19732,30,647,20409,29642,397,Sí
2018,4,CAMPECHE,20,PALIZADA,PAN,2171,19873,1,1463,21337,31055,2171,No
2018,4,CAMPECHE,20,PALIZADA,PRI,6484,19873,1,1463,21337,31055,6484,No
2018,4,CAMPECHE,20,PALIZADA,PRD,741,19873,1,1463,21337,31055,741,No
2018,4,CAMPECHE,20,PALIZADA,PVEM,336,19873,1,1463,21337,31055,336,No
2018,4,CAMPECHE,20,PALIZADA,PT,388,19873,1,1463,21337,31055,388,No
2018,4,CAMPECHE,20,PALIZADA,MC,951,19873,1,1463,21337,31055,951,No
2018,4,CAMPECHE,20,PALIZADA,NUAL,250,19873,1,1463,21337,31055,250,No
2018,4,CAMPECHE,20,PALIZADA,MORENA,7453,19873,1,1463,21337,31055,7453,No
2018,4,CAMPECHE,20,PALIZADA,ES,203,19873,1,1463,21337,31055,203,No
2018,4,CAMPECHE,20,PALIZADA,PLC,182,19873,1,1463,21337,31055,182,No
2018,4,CAMPECHE,20,PALIZADA,PAN_MC,112,19873,1,1463,21337,31055,3234,Sí
2018,4,CAMPECHE,20,PALIZADA,PRI_PVEM_NUAL,412,19873,1,1463,21337,31055,7482,Sí
2018,4,CAMPECHE,20,PALIZADA,PRI_PVEM,141,19873,1,1463,21337,31055,6961,Sí
2018,4,CAMPECHE,20,PALIZADA,PRI_NUAL,43,19873,1,1463,21337,31055,6777,Sí
2018,4,CAMPECHE,20,PALIZADA,PVEM_NUAL,6,19873,1,1463,21337,31055,592,Sí
2018,4,CAMPECHE,21,XPUJIL,PAN,2436,18468,15,1361,19844,27619,2436,No
2018,4,CAMPECHE,21,XPUJIL,PRI,5888,18468,15,1361,19844,27619,5888,No
2018,4,CAMPECHE,21,XPUJIL,PRD,637,18468,15,1361,19844,27619,637,No
2018,4,CAMPECHE,21,XPUJIL,PVEM,174,18468,15,1361,19844,27619,174,No
2018,4,CAMPECHE,21,XPUJIL,PT,1072,18468,15,1361,19844,27619,1072,No
2018,4,CAMPECHE,21,XPUJIL,MC,290,18468,15,1361,19844,27619,290,No
2018,4,CAMPECHE,21,XPUJIL,NUAL,280,18468,15,1361,19844,27619,280,No
2018,4,CAMPECHE,21,XPUJIL,MORENA,4077,18468,15,1361,19844,27619,4077,No
2018,4,CAMPECHE,21,XPUJIL,ES,215,18468,15,1361,19844,27619,215,No
2018,4,CAMPECHE,21,XPUJIL,PLC,2826,18468,15,1361,19844,27619,2826,No
2018,4,CAMPECHE,21,XPUJIL,PAN_MC,73,18468,15,1361,19844,27619,2799,Sí
2018,4,CAMPECHE,21,XPUJIL,PRI_PVEM_NUAL,324,18468,15,1361,19844,27619,6666,Sí
2018,4,CAMPECHE,21,XPUJIL,PRI_PVEM,144,18468,15,1361,19844,27619,6206,Sí
2018,4,CAMPECHE,21,XPUJIL,PRI_NUAL,30,18468,15,1361,19844,27619,6198,Sí
2018,4,CAMPECHE,21,XPUJIL,PVEM_NUAL,2,18468,15,1361,19844,27619,456,Sí
2018,4,CAMPECHE,3,SAN FRANCISCO DE CAMPECHE,PAN,5377,18421,0,965,19386,28545,5377,No
2018,4,CAMPECHE,3,SAN FRANCISCO DE CAMPECHE,PRI,4805,18421,0,965,19386,28545,4805,No
2018,4,CAMPECHE,3,SAN FRANCISCO DE CAMPECHE,PRD,447,18421,0,965,19386,28545,447,No
2018,4,CAMPECHE,3,SAN FRANCISCO DE CAMPECHE,PVEM,262,18421,0,965,19386,28545,262,No
2018,4,CAMPECHE,3,SAN FRANCISCO DE CAMPECHE,PT,665,18421,0,965,19386,28545,665,No
2018,4,CAMPECHE,3,SAN FRANCISCO DE CAMPECHE,MC,331,18421,0,965,19386,28545,331,No
2018,4,CAMPECHE,3,SAN FRANCISCO DE CAMPECHE,NUAL,300,18421,0,965,19386,28545,300,No
2018,4,CAMPECHE,3,SAN FRANCISCO DE CAMPECHE,MORENA,5176,18421,0,965,19386,28545,5176,No
2018,4,CAMPECHE,3,SAN FRANCISCO DE CAMPECHE,ES,249,18421,0,965,19386,28545,249,No
2018,4,CAMPECHE,3,SAN FRANCISCO DE CAMPECHE,PLC,426,18421,0,965,19386,28545,426,No
2018,4,CAMPECHE,3,SAN FRANCISCO DE CAMPECHE,PAN_MC,79,18421,0,965,19386,28545,5787,Sí
2018,4,CAMPECHE,3,SAN FRANCISCO DE CAMPECHE,PRI_PVEM_NUAL,183,18421,0,965,19386,28545,5550,Sí
2018,4,CAMPECHE,3,SAN FRANCISCO DE CAMPECHE,PRI_PVEM,93,18421,0,965,19386,28545,5160,Sí
2018,4,CAMPECHE,3,SAN FRANCISCO DE CAMPECHE,PRI_NUAL,23,18421,0,965,19386,28545,5128,Sí
2018,4,CAMPECHE,3,SAN FRANCISCO DE CAMPECHE,PVEM_NUAL,5,18421,0,965,19386,28545,567,Sí
2018,4,CAMPECHE,4,SAN FRANCISCO DE CAMPECHE,PAN,5819,21195,408,742,22345,30794,5819,No
2018,4,CAMPECHE,4,SAN FRANCISCO DE CAMPECHE,PRI,5346,21195,408,742,22345,30794,5346,No
2018,4,CAMPECHE,4,SAN FRANCISCO DE CAMPECHE,PRD,963,21195,408,742,22345,30794,963,No
2018,4,CAMPECHE,4,SAN FRANCISCO DE CAMPECHE,PVEM,928,21195,408,742,22345,30794,928,No
2018,4,CAMPECHE,4,SAN FRANCISCO DE CAMPECHE,PT,519,21195,408,742,22345,30794,519,No
2018,4,CAMPECHE,4,SAN FRANCISCO DE CAMPECHE,MC,272,21195,408,742,22345,30794,272,No
2018,4,CAMPECHE,4,SAN FRANCISCO DE CAMPECHE,NUAL,380,21195,408,742,22345,30794,380,No
2018,4,CAMPECHE,4,SAN FRANCISCO DE CAMPECHE,MORENA,5345,21195,408,742,22345,30794,5345,No
2018,4,CAMPECHE,4,SAN FRANCISCO DE CAMPECHE,ES,306,21195,408,742,22345,30794,306,No
2018,4,CAMPECHE,4,SAN FRANCISCO DE CAMPECHE,PLC,305,21195,408,742,22345,30794,305,No
2018,4,CAMPECHE,4,SAN FRANCISCO DE CAMPECHE,PAN_MC,61,21195,408,742,22345,30794,6152,Sí
2018,4,CAMPECHE,4,SAN FRANCISCO DE CAMPECHE,PRI_PVEM_NUAL,240,21195,408,742,22345,30794,6894,Sí
2018,4,CAMPECHE,4,SAN FRANCISCO DE CAMPECHE,PRI_PVEM,176,21195,408,742,22345,30794,6450,Sí
2018,4,CAMPECHE,4,SAN FRANCISCO DE CAMPECHE,PRI_NUAL,34,21195,408,742,22345,30794,5760,Sí
2018,4,CAMPECHE,4,SAN FRANCISCO DE CAMPECHE,PVEM_NUAL,10,21195,408,742,22345,30794,1318,Sí
2018,4,CAMPECHE,4,SAN FRANCISCO DE CAMPECHE,Candidatura Independiente,491,21195,408,742,22345,30794,491,No
2018,4,CAMPECHE,5,SAN FRANCISCO DE CAMPECHE,PAN,5098,20712,17,824,21553,31220,5098,No
2018,4,CAMPECHE,5,SAN FRANCISCO DE CAMPECHE,PRI,5603,20712,17,824,21553,31220,5603,No
2018,4,CAMPECHE,5,SAN FRANCISCO DE CAMPECHE,PRD,484,20712,17,824,21553,31220,484,No
2018,4,CAMPECHE,5,SAN FRANCISCO DE CAMPECHE,PVEM,303,20712,17,824,21553,31220,303,No
2018,4,CAMPECHE,5,SAN FRANCISCO DE CAMPECHE,PT,607,20712,17,824,21553,31220,607,No
2018,4,CAMPECHE,5,SAN FRANCISCO DE CAMPECHE,MC,308,20712,17,824,21553,31220,308,No
2018,4,CAMPECHE,5,SAN FRANCISCO DE CAMPECHE,NUAL,311,20712,17,824,21553,31220,311,No
2018,4,CAMPECHE,5,SAN FRANCISCO DE CAMPECHE,MORENA,6409,20712,17,824,21553,31220,6409,No
2018,4,CAMPECHE,5,SAN FRANCISCO DE CAMPECHE,ES,247,20712,17,824,21553,31220,247,No
2018,4,CAMPECHE,5,SAN FRANCISCO DE CAMPECHE,PLC,252,20712,17,824,21553,31220,252,No
2018,4,CAMPECHE,5,SAN FRANCISCO DE CAMPECHE,PAN_MC,70,20712,17,824,21553,31220,5476,Sí
2018,4,CAMPECHE,5,SAN FRANCISCO DE CAMPECHE,PRI_PVEM_NUAL,193,20712,17,824,21553,31220,6410,Sí
2018,4,CAMPECHE,5,SAN FRANCISCO DE CAMPECHE,PRI_PVEM,82,20712,17,824,21553,31220,5988,Sí
2018,4,CAMPECHE,5,SAN FRANCISCO DE CAMPECHE,PRI_NUAL,16,20712,17,824,21553,31220,5930,Sí
2018,4,CAMPECHE,5,SAN FRANCISCO DE CAMPECHE,PVEM_NUAL,1,20712,17,824,21553,31220,615,Sí
2018,4,CAMPECHE,5,SAN FRANCISCO DE CAMPECHE,Candidatura Independiente,728,20712,17,824,21553,31220,728,No
2018,4,CAMPECHE,6,SAN FRANCISCO DE CAMPECHE,PAN,6530,22683,13,1131,23827,32466,6530,No
2018,4,CAMPECHE,6,SAN FRANCISCO DE CAMPECHE,PRI,6222,22683,13,1131,23827,32466,6222,No
2018,4,CAMPECHE,6,SAN FRANCISCO DE CAMPECHE,PRD,678,22683,13,1131,23827,32466,678,No
2018,4,CAMPECHE,6,SAN FRANCISCO DE CAMPECHE,PVEM,277,22683,13,1131,23827,32466,277,No
2018,4,CAMPECHE,6,SAN FRANCISCO DE CAMPECHE,PT,702,22683,13,1131,23827,32466,702,No
2018,4,CAMPECHE,6,SAN FRANCISCO DE CAMPECHE,MC,365,22683,13,1131,23827,32466,365,No
2018,4,CAMPECHE,6,SAN FRANCISCO DE CAMPECHE,NUAL,735,22683,13,1131,23827,32466,735,No
2018,4,CAMPECHE,6,SAN FRANCISCO DE CAMPECHE,MORENA,5725,22683,13,1131,23827,32466,5725,No
2018,4,CAMPECHE,6,SAN FRANCISCO DE CAMPECHE,ES,566,22683,13,1131,23827,32466,566,No
2018,4,CAMPECHE,6,SAN FRANCISCO DE CAMPECHE,PLC,275,22683,13,1131,23827,32466,275,No
2018,4,CAMPECHE,6,SAN FRANCISCO DE CAMPECHE,PAN_MC,152,22683,13,1131,23827,32466,7047,Sí
2018,4,CAMPECHE,6,SAN FRANCISCO DE CAMPECHE,PRI_PVEM_NUAL,336,22683,13,1131,23827,32466,7570,Sí
2018,4,CAMPECHE,6,SAN FRANCISCO DE CAMPECHE,PRI_PVEM,78,22683,13,1131,23827,32466,6577,Sí
2018,4,CAMPECHE,6,SAN FRANCISCO DE CAMPECHE,PRI_NUAL,40,22683,13,1131,23827,32466,6997,Sí
2018,4,CAMPECHE,6,SAN FRANCISCO DE CAMPECHE,PVEM_NUAL,2,22683,13,1131,23827,32466,1014,Sí
2018,4,CAMPECHE,7,TENABO,PAN,5150,24062,11,934,25007,31655,5150,No
2018,4,CAMPECHE,7,TENABO,PRI,7069,24062,11,934,25007,31655,7069,No
2018,4,CAMPECHE,7,TENABO,PRD,457,24062,11,934,25007,31655,457,No
2018,4,CAMPECHE,7,TENABO,PVEM,405,24062,11,934,25007,31655,405,No
2018,4,CAMPECHE,7,TENABO,PT,463,24062,11,934,25007,31655,463,No
2018,4,CAMPECHE,7,TENABO,MC,341,24062,11,934,25007,31655,341,No
2018,4,CAMPECHE,7,TENABO,NUAL,602,24062,11,934,25007,31655,602,No
2018,4,CAMPECHE,7,TENABO,MORENA,8350,24062,11,934,25007,31655,8350,No
2018,4,CAMPECHE,7,TENABO,ES,292,24062,11,934,25007,31655,292,No
2018,4,CAMPECHE,7,TENABO,PLC,474,24062,11,934,25007,31655,474,No
2018,4,CAMPECHE,7,TENABO,PAN_MC,62,24062,11,934,25007,31655,5553,Sí
2018,4,CAMPECHE,7,TENABO,PRI_PVEM_NUAL,238,24062,11,934,25007,31655,8314,Sí
2018,4,CAMPECHE,7,TENABO,PRI_PVEM,97,24062,11,934,25007,31655,7571,Sí
2018,4,CAMPECHE,7,TENABO,PRI_NUAL,43,24062,11,934,25007,31655,7714,Sí
2018,4,CAMPECHE,7,TENABO,PVEM_NUAL,19,24062,11,934,25007,31655,1026,Sí
2018,4,CAMPECHE,8,CD DEL CARMEN,PAN,3369,17303,24,768,18095,31518,3369,No
2018,4,CAMPECHE,8,CD DEL CARMEN,PRI,3507,17303,24,768,18095,31518,3507,No
2018,4,CAMPECHE,8,CD DEL CARMEN,PRD,518,17303,24,768,18095,31518,518,No
2018,4,CAMPECHE,8,CD DEL CARMEN,PVEM,107,17303,24,768,18095,31518,107,No
2018,4,CAMPECHE,8,CD DEL CARMEN,PT,416,17303,24,768,18095,31518,416,No
2018,4,CAMPECHE,8,CD DEL CARMEN,MC,153,17303,24,768,18095,31518,153,No
2018,4,CAMPECHE,8,CD DEL CARMEN,NUAL,224,17303,24,768,18095,31518,224,No
2018,4,CAMPECHE,8,CD DEL CARMEN,MORENA,7439,17303,24,768,18095,31518,7439,No
2018,4,CAMPECHE,8,CD DEL CARMEN,ES,196,17303,24,768,18095,31518,196,No
2018,4,CAMPECHE,8,CD DEL CARMEN,PLC,273,17303,24,768,18095,31518,273,No
2018,4,CAMPECHE,8,CD DEL CARMEN,PAN_MC,40,17303,24,768,18095,31518,3562,Sí
2018,4,CAMPECHE,8,CD DEL CARMEN,PRI_PVEM_NUAL,123,17303,24,768,18095,31518,3961,Sí
2018,4,CAMPECHE,8,CD DEL CARMEN,PRI_PVEM,49,17303,24,768,18095,31518,3663,Sí
2018,4,CAMPECHE,8,CD DEL CARMEN,PRI_NUAL,29,17303,24,768,18095,31518,3760,Sí
2018,4,CAMPECHE,8,CD DEL CARMEN,PVEM_NUAL,2,17303,24,768,18095,31518,333,Sí
2018,4,CAMPECHE,8,CD DEL CARMEN,Candidatura Independiente,316,17303,24,768,18095,31518,316,No
2018,4,CAMPECHE,8,CD DEL CARMEN,Candidatura Independiente,542,17303,24,768,18095,31518,542,No
2018,4,CAMPECHE,9,CD DEL CARMEN,PAN,2785,19665,8,780,20453,31316,2785,No
2018,4,CAMPECHE,9,CD DEL CARMEN,PRI,5319,19665,8,780,20453,31316,5319,No
2018,4,CAMPECHE,9,CD DEL CARMEN,PRD,477,19665,8,780,20453,31316,477,No
2018,4,CAMPECHE,9,CD DEL CARMEN,PVEM,233,19665,8,780,20453,31316,233,No
2018,4,CAMPECHE,9,CD DEL CARMEN,PT,386,19665,8,780,20453,31316,386,No
2018,4,CAMPECHE,9,CD DEL CARMEN,MC,145,19665,8,780,20453,31316,145,No
2018,4,CAMPECHE,9,CD DEL CARMEN,NUAL,194,19665,8,780,20453,31316,194,No
2018,4,CAMPECHE,9,CD DEL CARMEN,MORENA,7491,19665,8,780,20453,31316,7491,No
2018,4,CAMPECHE,9,CD DEL CARMEN,ES,275,19665,8,780,20453,31316,275,No
2018,4,CAMPECHE,9,CD DEL CARMEN,PLC,292,19665,8,780,20453,31316,292,No
2018,4,CAMPECHE,9,CD DEL CARMEN,PAN_MC,40,19665,8,780,20453,31316,2970,Sí
2018,4,CAMPECHE,9,CD DEL CARMEN,PRI_PVEM_NUAL,226,19665,8,780,20453,31316,5972,Sí
2018,4,CAMPECHE,9,CD DEL CARMEN,PRI_PVEM,67,19665,8,780,20453,31316,5619,Sí
2018,4,CAMPECHE,9,CD DEL CARMEN,PRI_NUAL,33,19665,8,780,20453,31316,5546,Sí
2018,4,CAMPECHE,9,CD DEL CARMEN,PVEM_NUAL,25,19665,8,780,20453,31316,452,Sí
2018,4,CAMPECHE,9,CD DEL CARMEN,Candidatura Independiente,1677,19665,8,780,20453,31316,1677,No
2018,6,COLIMA,1,COLIMA,PAN,4335,21770,20,816,22606,35566,4335,No
2018,6,COLIMA,1,COLIMA,PRI,4388,21770,20,816,22606,35566,4388,No
2018,6,COLIMA,1,COLIMA,PRD,339,21770,20,816,22606,35566,339,No
2018,6,COLIMA,1,COLIMA,PVEM,711,21770,20,816,22606,35566,711,No
2018,6,COLIMA,1,COLIMA,PT,682,21770,20,816,22606,35566,682,No
2018,6,COLIMA,1,COLIMA,MC,2654,21770,20,816,22606,35566,2654,No
2018,6,COLIMA,1,COLIMA,NUAL,1263,21770,20,816,22606,35566,1263,No
2018,6,COLIMA,1,COLIMA,MORENA,6596,21770,20,816,22606,35566,6596,No
2018,6,COLIMA,1,COLIMA,ES,285,21770,20,816,22606,35566,285,No
2018,6,COLIMA,1,COLIMA,PAN_PRD,77,21770,20,816,22606,35566,4751,Sí
2018,6,COLIMA,1,COLIMA,PRI_PVEM,175,21770,20,816,22606,35566,5274,Sí
2018,6,COLIMA,1,COLIMA,PT_MORENA_ES,152,21770,20,816,22606,35566,7715,Sí
2018,6,COLIMA,1,COLIMA,PT_MORENA,67,21770,20,816,22606,35566,7345,Sí
2018,6,COLIMA,1,COLIMA,PT_ES,11,21770,20,816,22606,35566,978,Sí
2018,6,COLIMA,1,COLIMA,MORENA_ES,35,21770,20,816,22606,35566,6916,Sí
2018,6,COLIMA,10,TECOMAN,PAN,2866,15257,11,660,15928,29216,2866,No
2018,6,COLIMA,10,TECOMAN,PRI,3523,15257,11,660,15928,29216,3523,No
2018,6,COLIMA,10,TECOMAN,PRD,230,15257,11,660,15928,29216,230,No
2018,6,COLIMA,10,TECOMAN,PVEM,511,15257,11,660,15928,29216,511,No
2018,6,COLIMA,10,TECOMAN,PT,488,15257,11,660,15928,29216,488,No
2018,6,COLIMA,10,TECOMAN,MC,612,15257,11,660,15928,29216,612,No
2018,6,COLIMA,10,TECOMAN,NUAL,601,15257,11,660,15928,29216,601,No
2018,6,COLIMA,10,TECOMAN,MORENA,5667,15257,11,660,15928,29216,5667,No
2018,6,COLIMA,10,TECOMAN,ES,131,15257,11,660,15928,29216,131,No
2018,6,COLIMA,10,TECOMAN,PAN_PRD,87,15257,11,660,15928,29216,3183,Sí
2018,6,COLIMA,10,TECOMAN,PRI_PVEM,183,15257,11,660,15928,29216,4217,Sí
2018,6,COLIMA,10,TECOMAN,PT_MORENA_ES,231,15257,11,660,15928,29216,6517,Sí
2018,6,COLIMA,10,TECOMAN,PT_MORENA,73,15257,11,660,15928,29216,6228,Sí
2018,6,COLIMA,10,TECOMAN,PT_ES,6,15257,11,660,15928,29216,625,Sí
2018,6,COLIMA,10,TECOMAN,MORENA_ES,48,15257,11,660,15928,29216,5846,Sí
2018,6,COLIMA,11,MANZANILLO,PAN,2019,18973,15,764,19752,33896,2019,No
2018,6,COLIMA,11,MANZANILLO,PRI,2041,18973,15,764,19752,33896,2041,No
2018,6,COLIMA,11,MANZANILLO,PRD,194,18973,15,764,19752,33896,194,No
2018,6,COLIMA,11,MANZANILLO,PVEM,2678,18973,15,764,19752,33896,2678,No
2018,6,COLIMA,11,MANZANILLO,PT,957,18973,15,764,19752,33896,957,No
2018,6,COLIMA,11,MANZANILLO,MC,1183,18973,15,764,19752,33896,1183,No
2018,6,COLIMA,11,MANZANILLO,NUAL,561,18973,15,764,19752,33896,561,No
2018,6,COLIMA,11,MANZANILLO,MORENA,8252,18973,15,764,19752,33896,8252,No
2018,6,COLIMA,11,MANZANILLO,ES,303,18973,15,764,19752,33896,303,No
2018,6,COLIMA,11,MANZANILLO,PAN_PRD,24,18973,15,764,19752,33896,2237,Sí
2018,6,COLIMA,11,MANZANILLO,PRI_PVEM,276,18973,15,764,19752,33896,4995,Sí
2018,6,COLIMA,11,MANZANILLO,PT_MORENA_ES,323,18973,15,764,19752,33896,9835,Sí
2018,6,COLIMA,11,MANZANILLO,PT_MORENA,120,18973,15,764,19752,33896,9329,Sí
2018,6,COLIMA,11,MANZANILLO,PT_ES,9,18973,15,764,19752,33896,1269,Sí
2018,6,COLIMA,11,MANZANILLO,MORENA_ES,33,18973,15,764,19752,33896,8588,Sí
2018,6,COLIMA,12,MANZANILLO,PAN,2570,20565,23,581,21169,33218,2570,No
2018,6,COLIMA,12,MANZANILLO,PRI,1641,20565,23,581,21169,33218,1641,No
2018,6,COLIMA,12,MANZANILLO,PRD,161,20565,23,581,21169,33218,161,No
2018,6,COLIMA,12,MANZANILLO,PVEM,2805,20565,23,581,21169,33218,2805,No
2018,6,COLIMA,12,MANZANILLO,PT,673,20565,23,581,21169,33218,673,No
2018,6,COLIMA,12,MANZANILLO,MC,1676,20565,23,581,21169,33218,1676,No
2018,6,COLIMA,12,MANZANILLO,NUAL,1070,20565,23,581,21169,33218,1070,No
2018,6,COLIMA,12,MANZANILLO,MORENA,9004,20565,23,581,21169,33218,9004,No
2018,6,COLIMA,12,MANZANILLO,ES,405,20565,23,581,21169,33218,405,No
2018,6,COLIMA,12,MANZANILLO,PAN_PRD,27,20565,23,581,21169,33218,2758,Sí
2018,6,COLIMA,12,MANZANILLO,PRI_PVEM,155,20565,23,581,21169,33218,4601,Sí
2018,6,COLIMA,12,MANZANILLO,PT_MORENA_ES,269,20565,23,581,21169,33218,10351,Sí
2018,6,COLIMA,12,MANZANILLO,PT_MORENA,77,20565,23,581,21169,33218,9754,Sí
2018,6,COLIMA,12,MANZANILLO,PT_ES,5,20565,23,581,21169,33218,1083,Sí
2018,6,COLIMA,12,MANZANILLO,MORENA_ES,27,20565,23,581,21169,33218,9436,Sí
2018,6,COLIMA,13,MANZANILLO,PAN,2764,18840,15,770,19625,32433,2764,No
2018,6,COLIMA,13,MANZANILLO,PRI,1783,18840,15,770,19625,32433,1783,No
2018,6,COLIMA,13,MANZANILLO,PRD,218,18840,15,770,19625,32433,218,No
2018,6,COLIMA,13,MANZANILLO,PVEM,3537,18840,15,770,19625,32433,3537,No
2018,6,COLIMA,13,MANZANILLO,PT,513,18840,15,770,19625,32433,513,No
2018,6,COLIMA,13,MANZANILLO,MC,703,18840,15,770,19625,32433,703,No
2018,6,COLIMA,13,MANZANILLO,NUAL,401,18840,15,770,19625,32433,401,No
2018,6,COLIMA,13,MANZANILLO,MORENA,7253,18840,15,770,19625,32433,7253,No
2018,6,COLIMA,13,MANZANILLO,ES,373,18840,15,770,19625,32433,373,No
2018,6,COLIMA,13,MANZANILLO,PAN_PRD,47,18840,15,770,19625,32433,3029,Sí
2018,6,COLIMA,13,MANZANILLO,PRI_PVEM,288,18840,15,770,19625,32433,5608,Sí
2018,6,COLIMA,13,MANZANILLO,PT_MORENA_ES,287,18840,15,770,19625,32433,8426,Sí
2018,6,COLIMA,13,MANZANILLO,PT_MORENA,75,18840,15,770,19625,32433,7841,Sí
2018,6,COLIMA,13,MANZANILLO,PT_ES,6,18840,15,770,19625,32433,892,Sí
2018,6,COLIMA,13,MANZANILLO,MORENA_ES,38,18840,15,770,19625,32433,7664,Sí
2018,6,COLIMA,13,MANZANILLO,Candidatura Independiente,554,18840,15,770,19625,32433,554,No
2018,6,COLIMA,14,MINATITLAN,PAN,2832,22878,7,1133,24018,35378,2832,No
2018,6,COLIMA,14,MINATITLAN,PRI,4128,22878,7,1133,24018,35378,4128,No
2018,6,COLIMA,14,MINATITLAN,PRD,315,22878,7,1133,24018,35378,315,No
2018,6,COLIMA,14,MINATITLAN,PVEM,3048,22878,7,1133,24018,35378,3048,No
2018,6,COLIMA,14,MINATITLAN,PT,1517,22878,7,1133,24018,35378,1517,No
2018,6,COLIMA,14,MINATITLAN,MC,1388,22878,7,1133,24018,35378,1388,No
2018,6,COLIMA,14,MINATITLAN,NUAL,762,22878,7,1133,24018,35378,762,No
2018,6,COLIMA,14,MINATITLAN,MORENA,7627,22878,7,1133,24018,35378,7627,No
2018,6,COLIMA,14,MINATITLAN,ES,416,22878,7,1133,24018,35378,416,No
2018,6,COLIMA,14,MINATITLAN,PAN_PRD,46,22878,7,1133,24018,35378,3193,Sí
2018,6,COLIMA,14,MINATITLAN,PRI_PVEM,323,22878,7,1133,24018,35378,7499,Sí
2018,6,COLIMA,14,MINATITLAN,PT_MORENA_ES,303,22878,7,1133,24018,35378,9863,Sí
2018,6,COLIMA,14,MINATITLAN,PT_MORENA,109,22878,7,1133,24018,35378,9253,Sí
2018,6,COLIMA,14,MINATITLAN,PT_ES,7,22878,7,1133,24018,35378,1940,Sí
2018,6,COLIMA,14,MINATITLAN,MORENA_ES,57,22878,7,1133,24018,35378,8100,Sí
2018,6,COLIMA,15,TECOMAN,PAN,2522,14945,7,665,15617,27466,2522,No
2018,6,COLIMA,15,TECOMAN,PRI,4383,14945,7,665,15617,27466,4383,No
2018,6,COLIMA,15,TECOMAN,PRD,219,14945,7,665,15617,27466,219,No
2018,6,COLIMA,15,TECOMAN,PVEM,405,14945,7,665,15617,27466,405,No
2018,6,COLIMA,15,TECOMAN,PT,575,14945,7,665,15617,27466,575,No
2018,6,COLIMA,15,TECOMAN,MC,543,14945,7,665,15617,27466,543,No
2018,6,COLIMA,15,TECOMAN,NUAL,447,14945,7,665,15617,27466,447,No
2018,6,COLIMA,15,TECOMAN,MORENA,5204,14945,7,665,15617,27466,5204,No
2018,6,COLIMA,15,TECOMAN,ES,121,14945,7,665,15617,27466,121,No
2018,6,COLIMA,15,TECOMAN,PAN_PRD,53,14945,7,665,15617,27466,2794,Sí
2018,6,COLIMA,15,TECOMAN,PRI_PVEM,154,14945,7,665,15617,27466,4942,Sí
2018,6,COLIMA,15,TECOMAN,PT_MORENA_ES,198,14945,7,665,15617,27466,6098,Sí
2018,6,COLIMA,15,TECOMAN,PT_MORENA,65,14945,7,665,15617,27466,5844,Sí
2018,6,COLIMA,15,TECOMAN,PT_ES,16,14945,7,665,15617,27466,712,Sí
2018,6,COLIMA,15,TECOMAN,MORENA_ES,40,14945,7,665,15617,27466,5365,Sí
2018,6,COLIMA,16,TECOMAN,PAN,3290,17816,4,752,18572,30940,3290,No
2018,6,COLIMA,16,TECOMAN,PRI,4747,17816,4,752,18572,30940,4747,No
2018,6,COLIMA,16,TECOMAN,PRD,280,17816,4,752,18572,30940,280,No
2018,6,COLIMA,16,TECOMAN,PVEM,742,17816,4,752,18572,30940,742,No
2018,6,COLIMA,16,TECOMAN,PT,890,17816,4,752,18572,30940,890,No
2018,6,COLIMA,16,TECOMAN,MC,335,17816,4,752,18572,30940,335,No
2018,6,COLIMA,16,TECOMAN,NUAL,500,17816,4,752,18572,30940,500,No
2018,6,COLIMA,16,TECOMAN,MORENA,5560,17816,4,752,18572,30940,5560,No
2018,6,COLIMA,16,TECOMAN,ES,476,17816,4,752,18572,30940,476,No
2018,6,COLIMA,16,TECOMAN,PAN_PRD,81,17816,4,752,18572,30940,3651,Sí
2018,6,COLIMA,16,TECOMAN,PRI_PVEM,243,17816,4,752,18572,30940,5732,Sí
2018,6,COLIMA,16,TECOMAN,PT_MORENA_ES,498,17816,4,752,18572,30940,7424,Sí
2018,6,COLIMA,16,TECOMAN,PT_MORENA,93,17816,4,752,18572,30940,6543,Sí
2018,6,COLIMA,16,TECOMAN,PT_ES,20,17816,4,752,18572,30940,1386,Sí
2018,6,COLIMA,16,TECOMAN,MORENA_ES,61,17816,4,752,18572,30940,6097,Sí
2018,6,COLIMA,2,COLIMA,PAN,5353,24319,24,851,25194,37639,5353,No
2018,6,COLIMA,2,COLIMA,PRI,4528,24319,24,851,25194,37639,4528,No
2018,6,COLIMA,2,COLIMA,PRD,362,24319,24,851,25194,37639,362,No
2018,6,COLIMA,2,COLIMA,PVEM,1398,24319,24,851,25194,37639,1398,No
2018,6,COLIMA,2,COLIMA,PT,510,24319,24,851,25194,37639,510,No
2018,6,COLIMA,2,COLIMA,MC,2498,24319,24,851,25194,37639,2498,No
2018,6,COLIMA,2,COLIMA,NUAL,1009,24319,24,851,25194,37639,1009,No
2018,6,COLIMA,2,COLIMA,MORENA,5980,24319,24,851,25194,37639,5980,No
2018,6,COLIMA,2,COLIMA,ES,228,24319,24,851,25194,37639,228,No
2018,6,COLIMA,2,COLIMA,PAN_PRD,106,24319,24,851,25194,37639,5821,Sí
2018,6,COLIMA,2,COLIMA,PRI_PVEM,235,24319,24,851,25194,37639,6161,Sí
2018,6,COLIMA,2,COLIMA,PT_MORENA_ES,133,24319,24,851,25194,37639,6851,Sí
2018,6,COLIMA,2,COLIMA,PT_MORENA,51,24319,24,851,25194,37639,6541,Sí
2018,6,COLIMA,2,COLIMA,PT_ES,10,24319,24,851,25194,37639,748,Sí
2018,6,COLIMA,2,COLIMA,MORENA_ES,49,24319,24,851,25194,37639,6257,Sí
2018,6,COLIMA,2,COLIMA,Candidatura Independiente,1869,24319,24,851,25194,37639,1869,No
2018,6,COLIMA,3,COLIMA,PAN,3925,19064,12,865,19941,34563,3925,No
2018,6,COLIMA,3,COLIMA,PRI,4591,19064,12,865,19941,34563,4591,No
2018,6,COLIMA,3,COLIMA,PRD,327,19064,12,865,19941,34563,327,No
2018,6,COLIMA,3,COLIMA,PVEM,427,19064,12,865,19941,34563,427,No
2018,6,COLIMA,3,COLIMA,PT,844,19064,12,865,19941,34563,844,No
2018,6,COLIMA,3,COLIMA,MC,1705,19064,12,865,19941,34563,1705,No
2018,6,COLIMA,3,COLIMA,NUAL,862,19064,12,865,19941,34563,862,No
2018,6,COLIMA,3,COLIMA,MORENA,5689,19064,12,865,19941,34563,5689,No
2018,6,COLIMA,3,COLIMA,ES,225,19064,12,865,19941,34563,225,No
2018,6,COLIMA,3,COLIMA,PAN_PRD,72,19064,12,865,19941,34563,4324,Sí
2018,6,COLIMA,3,COLIMA,PRI_PVEM,141,19064,12,865,19941,34563,5159,Sí
2018,6,COLIMA,3,COLIMA,PT_MORENA_ES,129,19064,12,865,19941,34563,6887,Sí
2018,6,COLIMA,3,COLIMA,PT_MORENA,89,19064,12,865,19941,34563,6622,Sí
2018,6,COLIMA,3,COLIMA,PT_ES,10,19064,12,865,19941,34563,1079,Sí
2018,6,COLIMA,3,COLIMA,MORENA_ES,28,19064,12,865,19941,34563,5942,Sí
2018,6,COLIMA,4,COMALA,PAN,5212,21403,30,863,22296,32124,5212,No
2018,6,COLIMA,4,COMALA,PRI,5491,21403,30,863,22296,32124,5491,No
2018,6,COLIMA,4,COMALA,PRD,261,21403,30,863,22296,32124,261,No
2018,6,COLIMA,4,COMALA,PVEM,318,21403,30,863,22296,32124,318,No
2018,6,COLIMA,4,COMALA,PT,750,21403,30,863,22296,32124,750,No
2018,6,COLIMA,4,COMALA,MC,2129,21403,30,863,22296,32124,2129,No
2018,6,COLIMA,4,COMALA,NUAL,1126,21403,30,863,22296,32124,1126,No
2018,6,COLIMA,4,COMALA,MORENA,5363,21403,30,863,22296,32124,5363,No
2018,6,COLIMA,4,COMALA,ES,274,21403,30,863,22296,32124,274,No
2018,6,COLIMA,4,COMALA,PAN_PRD,92,21403,30,863,22296,32124,5565,Sí
2018,6,COLIMA,4,COMALA,PRI_PVEM,122,21403,30,863,22296,32124,5931,Sí
2018,6,COLIMA,4,COMALA,PT_MORENA_ES,179,21403,30,863,22296,32124,6566,Sí
2018,6,COLIMA,4,COMALA,PT_MORENA,57,21403,30,863,22296,32124,6170,Sí
2018,6,COLIMA,4,COMALA,PT_ES,7,21403,30,863,22296,32124,1031,Sí
2018,6,COLIMA,4,COMALA,MORENA_ES,22,21403,30,863,22296,32124,5659,Sí
2018,6,COLIMA,5,COQUIMATLAN,PAN,3922,21454,13,800,22267,35978,3922,No
2018,6,COLIMA,5,COQUIMATLAN,PRI,5695,21454,13,800,22267,35978,5695,No
2018,6,COLIMA,5,COQUIMATLAN,PRD,271,21454,13,800,22267,35978,271,No
2018,6,COLIMA,5,COQUIMATLAN,PVEM,317,21454,13,800,22267,35978,317,No
2018,6,COLIMA,5,COQUIMATLAN,PT,947,21454,13,800,22267,35978,947,No
2018,6,COLIMA,5,COQUIMATLAN,MC,2220,21454,13,800,22267,35978,2220,No
2018,6,COLIMA,5,COQUIMATLAN,NUAL,1155,21454,13,800,22267,35978,1155,No
2018,6,COLIMA,5,COQUIMATLAN,MORENA,6034,21454,13,800,22267,35978,6034,No
2018,6,COLIMA,5,COQUIMATLAN,ES,288,21454,13,800,22267,35978,288,No
2018,6,COLIMA,5,COQUIMATLAN,PAN_PRD,92,21454,13,800,22267,35978,4285,Sí
2018,6,COLIMA,5,COQUIMATLAN,PRI_PVEM,176,21454,13,800,22267,35978,6188,Sí
2018,6,COLIMA,5,COQUIMATLAN,PT_MORENA_ES,232,21454,13,800,22267,35978,7501,Sí
2018,6,COLIMA,5,COQUIMATLAN,PT_MORENA,70,21454,13,800,22267,35978,7051,Sí
2018,6,COLIMA,5,COQUIMATLAN,PT_ES,4,21454,13,800,22267,35978,1239,Sí
2018,6,COLIMA,5,COQUIMATLAN,MORENA_ES,31,21454,13,800,22267,35978,6353,Sí
2018,6,COLIMA,6,CUAUHTEMOC,PAN,6553,25127,44,910,26081,38213,6553,No
2018,6,COLIMA,6,CUAUHTEMOC,PRI,6155,25127,44,910,26081,38213,6155,No
2018,6,COLIMA,6,CUAUHTEMOC,PRD,315,25127,44,910,26081,38213,315,No
2018,6,COLIMA,6,CUAUHTEMOC,PVEM,368,25127,44,910,26081,38213,368,No
2018,6,COLIMA,6,CUAUHTEMOC,PT,649,25127,44,910,26081,38213,649,No
2018,6,COLIMA,6,CUAUHTEMOC,MC,1415,25127,44,910,26081,38213,1415,No
2018,6,COLIMA,6,CUAUHTEMOC,NUAL,1688,25127,44,910,26081,38213,1688,No
2018,6,COLIMA,6,CUAUHTEMOC,MORENA,5213,25127,44,910,26081,38213,5213,No
2018,6,COLIMA,6,CUAUHTEMOC,ES,223,25127,44,910,26081,38213,223,No
2018,6,COLIMA,6,CUAUHTEMOC,PAN_PRD,98,25127,44,910,26081,38213,6966,Sí
2018,6,COLIMA,6,CUAUHTEMOC,PRI_PVEM,99,25127,44,910,26081,38213,6622,Sí
2018,6,COLIMA,6,CUAUHTEMOC,PT_MORENA_ES,112,25127,44,910,26081,38213,6197,Sí
2018,6,COLIMA,6,CUAUHTEMOC,PT_MORENA,63,25127,44,910,26081,38213,5925,Sí
2018,6,COLIMA,6,CUAUHTEMOC,PT_ES,7,25127,44,910,26081,38213,879,Sí
2018,6,COLIMA,6,CUAUHTEMOC,MORENA_ES,27,25127,44,910,26081,38213,5463,Sí
2018,6,COLIMA,6,CUAUHTEMOC,Candidatura Independiente,2142,25127,44,910,26081,38213,2142,No
2018,6,COLIMA,7,VILLA DE ALVAREZ,PAN,2290,20155,28,790,20973,32631,2290,No
2018,6,COLIMA,7,VILLA DE ALVAREZ,PRI,4005,20155,28,790,20973,32631,4005,No
2018,6,COLIMA,7,VILLA DE ALVAREZ,PRD,282,20155,28,790,20973,32631,282,No
2018,6,COLIMA,7,VILLA DE ALVAREZ,PVEM,1146,20155,28,790,20973,32631,1146,No
2018,6,COLIMA,7,VILLA DE ALVAREZ,PT,811,20155,28,790,20973,32631,811,No
2018,6,COLIMA,7,VILLA DE ALVAREZ,MC,2289,20155,28,790,20973,32631,2289,No
2018,6,COLIMA,7,VILLA DE ALVAREZ,NUAL,1763,20155,28,790,20973,32631,1763,No
2018,6,COLIMA,7,VILLA DE ALVAREZ,MORENA,6883,20155,28,790,20973,32631,6883,No
2018,6,COLIMA,7,VILLA DE ALVAREZ,ES,238,20155,28,790,20973,32631,238,No
2018,6,COLIMA,7,VILLA DE ALVAREZ,PAN_PRD,37,20155,28,790,20973,32631,2609,Sí
2018,6,COLIMA,7,VILLA DE ALVAREZ,PRI_PVEM,184,20155,28,790,20973,32631,5335,Sí
2018,6,COLIMA,7,VILLA DE ALVAREZ,PT_MORENA_ES,133,20155,28,790,20973,32631,8065,Sí
2018,6,COLIMA,7,VILLA DE ALVAREZ,PT_MORENA,61,20155,28,790,20973,32631,7755,Sí
2018,6,COLIMA,7,VILLA DE ALVAREZ,PT_ES,2,20155,28,790,20973,32631,1051,Sí
2018,6,COLIMA,7,VILLA DE ALVAREZ,MORENA_ES,31,20155,28,790,20973,32631,7152,Sí
2018,6,COLIMA,8,VILLA DE ALVAREZ,PAN,2312,19717,13,554,20284,30632,2312,No
2018,6,COLIMA,8,VILLA DE ALVAREZ,PRI,3763,19717,13,554,20284,30632,3763,No
2018,6,COLIMA,8,VILLA DE ALVAREZ,PRD,217,19717,13,554,20284,30632,217,No
2018,6,COLIMA,8,VILLA DE ALVAREZ,PVEM,420,19717,13,554,20284,30632,420,No
2018,6,COLIMA,8,VILLA DE ALVAREZ,PT,709,19717,13,554,20284,30632,709,No
2018,6,COLIMA,8,VILLA DE ALVAREZ,MC,1992,19717,13,554,20284,30632,1992,No
2018,6,COLIMA,8,VILLA DE ALVAREZ,NUAL,938,19717,13,554,20284,30632,938,No
2018,6,COLIMA,8,VILLA DE ALVAREZ,MORENA,6968,19717,13,554,20284,30632,6968,No
2018,6,COLIMA,8,VILLA DE ALVAREZ,ES,260,19717,13,554,20284,30632,260,No
2018,6,COLIMA,8,VILLA DE ALVAREZ,PAN_PRD,41,19717,13,554,20284,30632,2570,Sí
2018,6,COLIMA,8,VILLA DE ALVAREZ,PRI_PVEM,113,19717,13,554,20284,30632,4296,Sí
2018,6,COLIMA,8,VILLA DE ALVAREZ,PT_MORENA_ES,144,19717,13,554,20284,30632,8081,Sí
2018,6,COLIMA,8,VILLA DE ALVAREZ,PT_MORENA,58,19717,13,554,20284,30632,7735,Sí
2018,6,COLIMA,8,VILLA DE ALVAREZ,PT_ES,5,19717,13,554,20284,30632,974,Sí
2018,6,COLIMA,8,VILLA DE ALVAREZ,MORENA_ES,47,19717,13,554,20284,30632,7275,Sí
2018,6,COLIMA,8,VILLA DE ALVAREZ,Candidatura Independiente,1730,19717,13,554,20284,30632,1730,No
2018,6,COLIMA,9,ARMERIA,PAN,1818,17938,4,904,18846,30827,1818,No
2018,6,COLIMA,9,ARMERIA,PRI,3086,17938,4,904,18846,30827,3086,No
2018,6,COLIMA,9,ARMERIA,PRD,435,17938,4,904,18846,30827,435,No
2018,6,COLIMA,9,ARMERIA,PVEM,2204,17938,4,904,18846,30827,2204,No
2018,6,COLIMA,9,ARMERIA,PT,683,17938,4,904,18846,30827,683,No
2018,6,COLIMA,9,ARMERIA,MC,395,17938,4,904,18846,30827,395,No
2018,6,COLIMA,9,ARMERIA,NUAL,2083,17938,4,904,18846,30827,2083,No
2018,6,COLIMA,9,ARMERIA,MORENA,6096,17938,4,904,18846,30827,6096,No
2018,6,COLIMA,9,ARMERIA,ES,176,17938,4,904,18846,30827,176,No
2018,6,COLIMA,9,ARMERIA,PAN_PRD,103,17938,4,904,18846,30827,2356,Sí
2018,6,COLIMA,9,ARMERIA,PRI_PVEM,316,17938,4,904,18846,30827,5606,Sí
2018,6,COLIMA,9,ARMERIA,PT_MORENA_ES,367,17938,4,904,18846,30827,7322,Sí
2018,6,COLIMA,9,ARMERIA,PT_MORENA,107,17938,4,904,18846,30827,6886,Sí
2018,6,COLIMA,9,ARMERIA,PT_ES,19,17938,4,904,18846,30827,878,Sí
2018,6,COLIMA,9,ARMERIA,MORENA_ES,50,17938,4,904,18846,30827,6322,Sí
2018,7,CHIAPAS,1,TUXTLA GUTIERREZ,PAN,6485,95896,390,4250,100536,182614,6485,No
2018,7,CHIAPAS,1,TUXTLA GUTIERREZ,PRI,5755,95896,390,4250,100536,182614,5755,No
2018,7,CHIAPAS,1,TUXTLA GUTIERREZ,PRD,988,95896,390,4250,100536,182614,988,No
2018,7,CHIAPAS,1,TUXTLA GUTIERREZ,PT,3118,95896,390,4250,100536,182614,3118,No
2018,7,CHIAPAS,1,TUXTLA GUTIERREZ,PVEM,2997,95896,390,4250,100536,182614,2997,No
2018,7,CHIAPAS,1,TUXTLA GUTIERREZ,MC,1417,95896,390,4250,100536,182614,1417,No
2018,7,CHIAPAS,1,TUXTLA GUTIERREZ,NUAL,7059,95896,390,4250,100536,182614,7059,No
2018,7,CHIAPAS,1,TUXTLA GUTIERREZ,PCU,995,95896,390,4250,100536,182614,995,No
2018,7,CHIAPAS,1,TUXTLA GUTIERREZ,MORENA,54185,95896,390,4250,100536,182614,54185,No
2018,7,CHIAPAS,1,TUXTLA GUTIERREZ,ES,2356,95896,390,4250,100536,182614,2356,No
2018,7,CHIAPAS,1,TUXTLA GUTIERREZ,MVC,3091,95896,390,4250,100536,182614,3091,No
2018,7,CHIAPAS,1,TUXTLA GUTIERREZ,PAN_PRD_MC,208,95896,390,4250,100536,182614,9098,Sí
2018,7,CHIAPAS,1,TUXTLA GUTIERREZ,PAN_PRD,148,95896,390,4250,100536,182614,7621,Sí
2018,7,CHIAPAS,1,TUXTLA GUTIERREZ,PAN_MC,46,95896,390,4250,100536,182614,7948,Sí
2018,7,CHIAPAS,1,TUXTLA GUTIERREZ,PRD_MC,28,95896,390,4250,100536,182614,2433,Sí
2018,7,CHIAPAS,1,TUXTLA GUTIERREZ,C_COMUN_PRI_NUAL,887,95896,390,4250,100536,182614,13701,Sí
2018,7,CHIAPAS,1,TUXTLA GUTIERREZ,PT_MORENA_ES,1223,95896,390,4250,100536,182614,60882,Sí
2018,7,CHIAPAS,1,TUXTLA GUTIERREZ,PT_MORENA,298,95896,390,4250,100536,182614,57601,Sí
2018,7,CHIAPAS,1,TUXTLA GUTIERREZ,PT_ES,239,95896,390,4250,100536,182614,5713,Sí
2018,7,CHIAPAS,1,TUXTLA GUTIERREZ,MORENA_ES,500,95896,390,4250,100536,182614,57041,Sí
2018,7,CHIAPAS,1,TUXTLA GUTIERREZ,Candidatura Independiente,3873,95896,390,4250,100536,182614,3873,No
2018,7,CHIAPAS,10,FRONTERA COMALAPA,PAN,2522,84578,31,8756,93365,136937,2522,No
2018,7,CHIAPAS,10,FRONTERA COMALAPA,PRI,19647,84578,31,8756,93365,136937,19647,No
2018,7,CHIAPAS,10,FRONTERA COMALAPA,PRD,2394,84578,31,8756,93365,136937,2394,No
2018,7,CHIAPAS,10,FRONTERA COMALAPA,PT,3958,84578,31,8756,93365,136937,3958,No
2018,7,CHIAPAS,10,FRONTERA COMALAPA,PVEM,32822,84578,31,8756,93365,136937,32822,No
2018,7,CHIAPAS,10,FRONTERA COMALAPA,MC,2545,84578,31,8756,93365,136937,2545,No
2018,7,CHIAPAS,10,FRONTERA COMALAPA,NUAL,2301,84578,31,8756,93365,136937,2301,No
2018,7,CHIAPAS,10,FRONTERA COMALAPA,PCU,2284,84578,31,8756,93365,136937,2284,No
2018,7,CHIAPAS,10,FRONTERA COMALAPA,MORENA,10879,84578,31,8756,93365,136937,10879,No
2018,7,CHIAPAS,10,FRONTERA COMALAPA,ES,2559,84578,31,8756,93365,136937,2559,No
2018,7,CHIAPAS,10,FRONTERA COMALAPA,MVC,2430,84578,31,8756,93365,136937,2430,No
2018,7,CHIAPAS,10,FRONTERA COMALAPA,PAN_PRD_MC,4,84578,31,8756,93365,136937,7465,Sí
2018,7,CHIAPAS,10,FRONTERA COMALAPA,PAN_PRD,4,84578,31,8756,93365,136937,4920,Sí
2018,7,CHIAPAS,10,FRONTERA COMALAPA,PAN_MC,3,84578,31,8756,93365,136937,5070,Sí
2018,7,CHIAPAS,10,FRONTERA COMALAPA,PRD_MC,1,84578,31,8756,93365,136937,4940,Sí
2018,7,CHIAPAS,10,FRONTERA COMALAPA,PRI_PVEM_PCU_MVC,3,84578,31,8756,93365,136937,57186,Sí
2018,7,CHIAPAS,10,FRONTERA COMALAPA,PRI_PVEM_PCU,9,84578,31,8756,93365,136937,54762,Sí
2018,7,CHIAPAS,10,FRONTERA COMALAPA,PRI_PVEM_MVC,9,84578,31,8756,93365,136937,54908,Sí
2018,7,CHIAPAS,10,FRONTERA COMALAPA,PRI_PCU_MVC,2,84578,31,8756,93365,136937,24363,Sí
2018,7,CHIAPAS,10,FRONTERA COMALAPA,PVEM_PCU_MVC,9,84578,31,8756,93365,136937,37545,Sí
2018,7,CHIAPAS,10,FRONTERA COMALAPA,PRI_PVEM,119,84578,31,8756,93365,136937,52588,Sí
2018,7,CHIAPAS,10,FRONTERA COMALAPA,PRI_PCU,6,84578,31,8756,93365,136937,21937,Sí
2018,7,CHIAPAS,10,FRONTERA COMALAPA,PRI_MVC,19,84578,31,8756,93365,136937,22096,Sí
2018,7,CHIAPAS,10,FRONTERA COMALAPA,PVEM_PCU,20,84578,31,8756,93365,136937,35126,Sí
2018,7,CHIAPAS,10,FRONTERA COMALAPA,PVEM_MVC,25,84578,31,8756,93365,136937,35277,Sí
2018,7,CHIAPAS,10,FRONTERA COMALAPA,PCU_MVC,4,84578,31,8756,93365,136937,4718,Sí
2018,7,CHIAPAS,11,BOCHIL,PAN,3876,90431,27,9465,99923,141151,3876,No
2018,7,CHIAPAS,11,BOCHIL,PRI,14469,90431,27,9465,99923,141151,14469,No
2018,7,CHIAPAS,11,BOCHIL,PRD,5971,90431,27,9465,99923,141151,5971,No
2018,7,CHIAPAS,11,BOCHIL,PT,3400,90431,27,9465,99923,141151,3400,No
2018,7,CHIAPAS,11,BOCHIL,PVEM,11983,90431,27,9465,99923,141151,11983,No
2018,7,CHIAPAS,11,BOCHIL,MC,1611,90431,27,9465,99923,141151,1611,No
2018,7,CHIAPAS,11,BOCHIL,NUAL,2344,90431,27,9465,99923,141151,2344,No
2018,7,CHIAPAS,11,BOCHIL,PCU,8113,90431,27,9465,99923,141151,8113,No
2018,7,CHIAPAS,11,BOCHIL,MORENA,28942,90431,27,9465,99923,141151,28942,No
2018,7,CHIAPAS,11,BOCHIL,ES,2280,90431,27,9465,99923,141151,2280,No
2018,7,CHIAPAS,11,BOCHIL,MVC,7044,90431,27,9465,99923,141151,7044,No
2018,7,CHIAPAS,11,BOCHIL,PAN_PRD_MC,43,90431,27,9465,99923,141151,11501,Sí
2018,7,CHIAPAS,11,BOCHIL,PAN_PRD,27,90431,27,9465,99923,141151,9874,Sí
2018,7,CHIAPAS,11,BOCHIL,PAN_MC,13,90431,27,9465,99923,141151,5500,Sí
2018,7,CHIAPAS,11,BOCHIL,PRD_MC,21,90431,27,9465,99923,141151,7603,Sí
2018,7,CHIAPAS,11,BOCHIL,PRI_PVEM_PCU_MVC,15,90431,27,9465,99923,141151,41624,Sí
2018,7,CHIAPAS,11,BOCHIL,PRI_PVEM_PCU,26,90431,27,9465,99923,141151,34591,Sí
2018,7,CHIAPAS,11,BOCHIL,PRI_PVEM_MVC,3,90431,27,9465,99923,141151,33499,Sí
2018,7,CHIAPAS,11,BOCHIL,PRI_PCU_MVC,5,90431,27,9465,99923,141151,29631,Sí
2018,7,CHIAPAS,11,BOCHIL,PVEM_PCU_MVC,5,90431,27,9465,99923,141151,27145,Sí
2018,7,CHIAPAS,11,BOCHIL,PRI_PVEM,68,90431,27,9465,99923,141151,26520,Sí
2018,7,CHIAPAS,11,BOCHIL,PRI_PCU,34,90431,27,9465,99923,141151,22616,Sí
2018,7,CHIAPAS,11,BOCHIL,PRI_MVC,45,90431,27,9465,99923,141151,21558,Sí
2018,7,CHIAPAS,11,BOCHIL,PVEM_PCU,48,90431,27,9465,99923,141151,20144,Sí
2018,7,CHIAPAS,11,BOCHIL,PVEM_MVC,21,90431,27,9465,99923,141151,19048,Sí
2018,7,CHIAPAS,11,BOCHIL,PCU_MVC,24,90431,27,9465,99923,141151,15181,Sí
2018,7,CHIAPAS,12,PICHUCALCO,PAN,4991,95079,29,7461,102569,150663,4991,No
2018,7,CHIAPAS,12,PICHUCALCO,PRI,12450,95079,29,7461,102569,150663,12450,No
2018,7,CHIAPAS,12,PICHUCALCO,PRD,1938,95079,29,7461,102569,150663,1938,No
2018,7,CHIAPAS,12,PICHUCALCO,PT,3766,95079,29,7461,102569,150663,3766,No
2018,7,CHIAPAS,12,PICHUCALCO,PVEM,20281,95079,29,7461,102569,150663,20281,No
2018,7,CHIAPAS,12,PICHUCALCO,MC,2115,95079,29,7461,102569,150663,2115,No
2018,7,CHIAPAS,12,PICHUCALCO,NUAL,3243,95079,29,7461,102569,150663,3243,No
2018,7,CHIAPAS,12,PICHUCALCO,PCU,5727,95079,29,7461,102569,150663,5727,No
2018,7,CHIAPAS,12,PICHUCALCO,MORENA,34799,95079,29,7461,102569,150663,34799,No
2018,7,CHIAPAS,12,PICHUCALCO,ES,1327,95079,29,7461,102569,150663,1327,No
2018,7,CHIAPAS,12,PICHUCALCO,MVC,2406,95079,29,7461,102569,150663,2406,No
2018,7,CHIAPAS,12,PICHUCALCO,PAN_PRD_MC,155,95079,29,7461,102569,150663,9199,Sí
2018,7,CHIAPAS,12,PICHUCALCO,PAN_PRD,58,95079,29,7461,102569,150663,6987,Sí
2018,7,CHIAPAS,12,PICHUCALCO,PAN_MC,25,95079,29,7461,102569,150663,7131,Sí
2018,7,CHIAPAS,12,PICHUCALCO,PRD_MC,11,95079,29,7461,102569,150663,4064,Sí
2018,7,CHIAPAS,12,PICHUCALCO,PRI_PVEM_PCU_MVC,27,95079,29,7461,102569,150663,40891,Sí
2018,7,CHIAPAS,12,PICHUCALCO,PRI_PVEM_PCU,36,95079,29,7461,102569,150663,38494,Sí
2018,7,CHIAPAS,12,PICHUCALCO,PRI_PVEM_MVC,15,95079,29,7461,102569,150663,35152,Sí
2018,7,CHIAPAS,12,PICHUCALCO,PRI_PCU_MVC,8,95079,29,7461,102569,150663,20591,Sí
2018,7,CHIAPAS,12,PICHUCALCO,PVEM_PCU_MVC,17,95079,29,7461,102569,150663,28431,Sí
2018,7,CHIAPAS,12,PICHUCALCO,PRI_PVEM,350,95079,29,7461,102569,150663,33081,Sí
2018,7,CHIAPAS,12,PICHUCALCO,PRI_PCU,52,95079,29,7461,102569,150663,18229,Sí
2018,7,CHIAPAS,12,PICHUCALCO,PRI_MVC,29,95079,29,7461,102569,150663,14885,Sí
2018,7,CHIAPAS,12,PICHUCALCO,PVEM_PCU,60,95079,29,7461,102569,150663,26068,Sí
2018,7,CHIAPAS,12,PICHUCALCO,PVEM_MVC,50,95079,29,7461,102569,150663,22737,Sí
2018,7,CHIAPAS,12,PICHUCALCO,PCU_MVC,30,95079,29,7461,102569,150663,8163,Sí
2018,7,CHIAPAS,12,PICHUCALCO,PT_MORENA_ES,643,95079,29,7461,102569,150663,40535,Sí
2018,7,CHIAPAS,12,PICHUCALCO,PT_MORENA,192,95079,29,7461,102569,150663,38757,Sí
2018,7,CHIAPAS,12,PICHUCALCO,PT_ES,59,95079,29,7461,102569,150663,5152,Sí
2018,7,CHIAPAS,12,PICHUCALCO,MORENA_ES,219,95079,29,7461,102569,150663,36345,Sí
2018,7,CHIAPAS,13,TUXTLA GUTIERREZ,PAN,12266,97419,218,7415,105052,154652,12266,No
2018,7,CHIAPAS,13,TUXTLA GUTIERREZ,PRI,5056,97419,218,7415,105052,154652,5056,No
2018,7,CHIAPAS,13,TUXTLA GUTIERREZ,PRD,2308,97419,218,7415,105052,154652,2308,No
2018,7,CHIAPAS,13,TUXTLA GUTIERREZ,PT,3753,97419,218,7415,105052,154652,3753,No
2018,7,CHIAPAS,13,TUXTLA GUTIERREZ,PVEM,3815,97419,218,7415,105052,154652,3815,No
2018,7,CHIAPAS,13,TUXTLA GUTIERREZ,MC,2772,97419,218,7415,105052,154652,2772,No
2018,7,CHIAPAS,13,TUXTLA GUTIERREZ,NUAL,2109,97419,218,7415,105052,154652,2109,No
2018,7,CHIAPAS,13,TUXTLA GUTIERREZ,PCU,1473,97419,218,7415,105052,154652,1473,No
2018,7,CHIAPAS,13,TUXTLA GUTIERREZ,MORENA,46674,97419,218,7415,105052,154652,46674,No
2018,7,CHIAPAS,13,TUXTLA GUTIERREZ,ES,3067,97419,218,7415,105052,154652,3067,No
2018,7,CHIAPAS,13,TUXTLA GUTIERREZ,MVC,1759,97419,218,7415,105052,154652,1759,No
2018,7,CHIAPAS,13,TUXTLA GUTIERREZ,PAN_PRD_MC,351,97419,218,7415,105052,154652,17697,Sí
2018,7,CHIAPAS,13,TUXTLA GUTIERREZ,PAN_PRD,110,97419,218,7415,105052,154652,14684,Sí
2018,7,CHIAPAS,13,TUXTLA GUTIERREZ,PAN_MC,85,97419,218,7415,105052,154652,15123,Sí
2018,7,CHIAPAS,13,TUXTLA GUTIERREZ,PRD_MC,27,97419,218,7415,105052,154652,5107,Sí
2018,7,CHIAPAS,13,TUXTLA GUTIERREZ,PRI_PVEM_PCU_MVC,144,97419,218,7415,105052,154652,12247,Sí
2018,7,CHIAPAS,13,TUXTLA GUTIERREZ,PRI_PVEM_PCU,30,97419,218,7415,105052,154652,10374,Sí
2018,7,CHIAPAS,13,TUXTLA GUTIERREZ,PRI_PVEM_MVC,6,97419,218,7415,105052,154652,10636,Sí
2018,7,CHIAPAS,13,TUXTLA GUTIERREZ,PRI_PCU_MVC,9,97419,218,7415,105052,154652,8297,Sí
2018,7,CHIAPAS,13,TUXTLA GUTIERREZ,PVEM_PCU_MVC,7,97419,218,7415,105052,154652,7054,Sí
2018,7,CHIAPAS,13,TUXTLA GUTIERREZ,PRI_PVEM,74,97419,218,7415,105052,154652,8945,Sí
2018,7,CHIAPAS,13,TUXTLA GUTIERREZ,PRI_PCU,3,97419,218,7415,105052,154652,6532,Sí
2018,7,CHIAPAS,13,TUXTLA GUTIERREZ,PRI_MVC,5,97419,218,7415,105052,154652,6820,Sí
2018,7,CHIAPAS,13,TUXTLA GUTIERREZ,PVEM_PCU,2,97419,218,7415,105052,154652,5290,Sí
2018,7,CHIAPAS,13,TUXTLA GUTIERREZ,PVEM_MVC,20,97419,218,7415,105052,154652,5594,Sí
2018,7,CHIAPAS,13,TUXTLA GUTIERREZ,PCU_MVC,27,97419,218,7415,105052,154652,3259,Sí
2018,7,CHIAPAS,13,TUXTLA GUTIERREZ,PT_MORENA_ES,1379,97419,218,7415,105052,154652,54873,Sí
2018,7,CHIAPAS,13,TUXTLA GUTIERREZ,PT_MORENA,454,97419,218,7415,105052,154652,50881,Sí
2018,7,CHIAPAS,13,TUXTLA GUTIERREZ,PT_ES,75,97419,218,7415,105052,154652,6895,Sí
2018,7,CHIAPAS,13,TUXTLA GUTIERREZ,MORENA_ES,634,97419,218,7415,105052,154652,50375,Sí
2018,7,CHIAPAS,13,TUXTLA GUTIERREZ,Candidatura Independiente,8925,97419,218,7415,105052,154652,8925,No
2018,7,CHIAPAS,14,CINTALAPA,PAN,2383,105330,183,8308,113821,170377,2383,No
2018,7,CHIAPAS,14,CINTALAPA,PRI,12461,105330,183,8308,113821,170377,12461,No
2018,7,CHIAPAS,14,CINTALAPA,PRD,4768,105330,183,8308,113821,170377,4768,No
2018,7,CHIAPAS,14,CINTALAPA,PT,4425,105330,183,8308,113821,170377,4425,No
2018,7,CHIAPAS,14,CINTALAPA,PVEM,19300,105330,183,8308,113821,170377,19300,No
2018,7,CHIAPAS,14,CINTALAPA,MC,6279,105330,183,8308,113821,170377,6279,No
2018,7,CHIAPAS,14,CINTALAPA,NUAL,1919,105330,183,8308,113821,170377,1919,No
2018,7,CHIAPAS,14,CINTALAPA,PCU,7407,105330,183,8308,113821,170377,7407,No
2018,7,CHIAPAS,14,CINTALAPA,MORENA,36134,105330,183,8308,113821,170377,36134,No
2018,7,CHIAPAS,14,CINTALAPA,ES,1678,105330,183,8308,113821,170377,1678,No
2018,7,CHIAPAS,14,CINTALAPA,MVC,5135,105330,183,8308,113821,170377,5135,No
2018,7,CHIAPAS,14,CINTALAPA,PAN_PRD_MC,416,105330,183,8308,113821,170377,13846,Sí
2018,7,CHIAPAS,14,CINTALAPA,PAN_PRD,65,105330,183,8308,113821,170377,7216,Sí
2018,7,CHIAPAS,14,CINTALAPA,PAN_MC,117,105330,183,8308,113821,170377,8779,Sí
2018,7,CHIAPAS,14,CINTALAPA,PRD_MC,45,105330,183,8308,113821,170377,11092,Sí
2018,7,CHIAPAS,14,CINTALAPA,PRI_PVEM_PCU_MVC,254,105330,183,8308,113821,170377,44557,Sí
2018,7,CHIAPAS,14,CINTALAPA,PRI_PVEM_PCU,284,105330,183,8308,113821,170377,39452,Sí
2018,7,CHIAPAS,14,CINTALAPA,PRI_PVEM_MVC,266,105330,183,8308,113821,170377,37162,Sí
2018,7,CHIAPAS,14,CINTALAPA,PRI_PCU_MVC,34,105330,183,8308,113821,170377,25037,Sí
2018,7,CHIAPAS,14,CINTALAPA,PVEM_PCU_MVC,26,105330,183,8308,113821,170377,31868,Sí
2018,7,CHIAPAS,14,CINTALAPA,PRI_PVEM,213,105330,183,8308,113821,170377,31974,Sí
2018,7,CHIAPAS,14,CINTALAPA,PRI_PCU,51,105330,183,8308,113821,170377,19919,Sí
2018,7,CHIAPAS,14,CINTALAPA,PRI_MVC,47,105330,183,8308,113821,170377,17643,Sí
2018,7,CHIAPAS,14,CINTALAPA,PVEM_PCU,97,105330,183,8308,113821,170377,26804,Sí
2018,7,CHIAPAS,14,CINTALAPA,PVEM_MVC,74,105330,183,8308,113821,170377,24509,Sí
2018,7,CHIAPAS,14,CINTALAPA,PCU_MVC,59,105330,183,8308,113821,170377,12601,Sí
2018,7,CHIAPAS,14,CINTALAPA,PT_MORENA_ES,775,105330,183,8308,113821,170377,43012,Sí
2018,7,CHIAPAS,14,CINTALAPA,PT_MORENA,336,105330,183,8308,113821,170377,40895,Sí
2018,7,CHIAPAS,14,CINTALAPA,PT_ES,73,105330,183,8308,113821,170377,6176,Sí
2018,7,CHIAPAS,14,CINTALAPA,MORENA_ES,209,105330,183,8308,113821,170377,38021,Sí
2018,7,CHIAPAS,15,VILLAFLORES,PAN,4554,100090,101,6928,107119,173255,4554,No
2018,7,CHIAPAS,15,VILLAFLORES,PRI,10490,100090,101,6928,107119,173255,10490,No
2018,7,CHIAPAS,15,VILLAFLORES,PRD,1841,100090,101,6928,107119,173255,1841,No
2018,7,CHIAPAS,15,VILLAFLORES,PT,3848,100090,101,6928,107119,173255,3848,No
2018,7,CHIAPAS,15,VILLAFLORES,PVEM,17402,100090,101,6928,107119,173255,17402,No
2018,7,CHIAPAS,15,VILLAFLORES,MC,2435,100090,101,6928,107119,173255,2435,No
2018,7,CHIAPAS,15,VILLAFLORES,NUAL,3760,100090,101,6928,107119,173255,3760,No
2018,7,CHIAPAS,15,VILLAFLORES,PCU,6267,100090,101,6928,107119,173255,6267,No
2018,7,CHIAPAS,15,VILLAFLORES,MORENA,41858,100090,101,6928,107119,173255,41858,No
2018,7,CHIAPAS,15,VILLAFLORES,ES,2167,100090,101,6928,107119,173255,2167,No
2018,7,CHIAPAS,15,VILLAFLORES,MVC,3173,100090,101,6928,107119,173255,3173,No
2018,7,CHIAPAS,15,VILLAFLORES,PAN_PRD_MC,179,100090,101,6928,107119,173255,9009,Sí
2018,7,CHIAPAS,15,VILLAFLORES,PAN_PRD,53,100090,101,6928,107119,173255,6448,Sí
2018,7,CHIAPAS,15,VILLAFLORES,PAN_MC,33,100090,101,6928,107119,173255,7022,Sí
2018,7,CHIAPAS,15,VILLAFLORES,PRD_MC,12,100090,101,6928,107119,173255,4288,Sí
2018,7,CHIAPAS,15,VILLAFLORES,PRI_PVEM_PCU_MVC,30,100090,101,6928,107119,173255,37362,Sí
2018,7,CHIAPAS,15,VILLAFLORES,PRI_PVEM_PCU,51,100090,101,6928,107119,173255,34210,Sí
2018,7,CHIAPAS,15,VILLAFLORES,PRI_PVEM_MVC,14,100090,101,6928,107119,173255,31079,Sí
2018,7,CHIAPAS,15,VILLAFLORES,PRI_PCU_MVC,10,100090,101,6928,107119,173255,19940,Sí
2018,7,CHIAPAS,15,VILLAFLORES,PVEM_PCU_MVC,125,100090,101,6928,107119,173255,26967,Sí
2018,7,CHIAPAS,15,VILLAFLORES,PRI_PVEM,182,100090,101,6928,107119,173255,28074,Sí
2018,7,CHIAPAS,15,VILLAFLORES,PRI_PCU,34,100090,101,6928,107119,173255,16791,Sí
2018,7,CHIAPAS,15,VILLAFLORES,PRI_MVC,24,100090,101,6928,107119,173255,13687,Sí
2018,7,CHIAPAS,15,VILLAFLORES,PVEM_PCU,68,100090,101,6928,107119,173255,23737,Sí
2018,7,CHIAPAS,15,VILLAFLORES,PVEM_MVC,67,100090,101,6928,107119,173255,20642,Sí
2018,7,CHIAPAS,15,VILLAFLORES,PCU_MVC,65,100090,101,6928,107119,173255,9505,Sí
2018,7,CHIAPAS,15,VILLAFLORES,PT_MORENA_ES,815,100090,101,6928,107119,173255,48688,Sí
2018,7,CHIAPAS,15,VILLAFLORES,PT_MORENA,225,100090,101,6928,107119,173255,45931,Sí
2018,7,CHIAPAS,15,VILLAFLORES,PT_ES,63,100090,101,6928,107119,173255,6078,Sí
2018,7,CHIAPAS,15,VILLAFLORES,MORENA_ES,245,100090,101,6928,107119,173255,44270,Sí
2018,7,CHIAPAS,16,HUIXTLA,PAN,4902,91251,56,6142,97449,152090,4902,No
2018,7,CHIAPAS,16,HUIXTLA,PRI,8661,91251,56,6142,97449,152090,8661,No
2018,7,CHIAPAS,16,HUIXTLA,PRD,4008,91251,56,6142,97449,152090,4008,No
2018,7,CHIAPAS,16,HUIXTLA,PT,5939,91251,56,6142,97449,152090,5939,No
2018,7,CHIAPAS,16,HUIXTLA,PVEM,9418,91251,56,6142,97449,152090,9418,No
2018,7,CHIAPAS,16,HUIXTLA,MC,4845,91251,56,6142,97449,152090,4845,No
2018,7,CHIAPAS,16,HUIXTLA,NUAL,6209,91251,56,6142,97449,152090,6209,No
2018,7,CHIAPAS,16,HUIXTLA,PCU,8152,91251,56,6142,97449,152090,8152,No
2018,7,CHIAPAS,16,HUIXTLA,MORENA,27483,91251,56,6142,97449,152090,27483,No
2018,7,CHIAPAS,16,HUIXTLA,ES,3424,91251,56,6142,97449,152090,3424,No
2018,7,CHIAPAS,16,HUIXTLA,MVC,6952,91251,56,6142,97449,152090,6952,No
2018,7,CHIAPAS,16,HUIXTLA,PAN_PRD_MC,324,91251,56,6142,97449,152090,14079,Sí
2018,7,CHIAPAS,16,HUIXTLA,PAN_PRD,30,91251,56,6142,97449,152090,8940,Sí
2018,7,CHIAPAS,16,HUIXTLA,PAN_MC,17,91251,56,6142,97449,152090,9764,Sí
2018,7,CHIAPAS,16,HUIXTLA,PRD_MC,19,91251,56,6142,97449,152090,8872,Sí
2018,7,CHIAPAS,16,HUIXTLA,PT_MORENA_ES,488,91251,56,6142,97449,152090,37334,Sí
2018,7,CHIAPAS,16,HUIXTLA,PT_MORENA,173,91251,56,6142,97449,152090,33595,Sí
2018,7,CHIAPAS,16,HUIXTLA,PT_ES,33,91251,56,6142,97449,152090,9396,Sí
2018,7,CHIAPAS,16,HUIXTLA,MORENA_ES,174,91251,56,6142,97449,152090,31081,Sí
2018,7,CHIAPAS,17,MOTOZINTLA,PAN,1069,78815,70,8189,87074,131642,1069,No
2018,7,CHIAPAS,17,MOTOZINTLA,PRI,16148,78815,70,8189,87074,131642,16148,No
2018,7,CHIAPAS,17,MOTOZINTLA,PRD,5982,78815,70,8189,87074,131642,5982,No
2018,7,CHIAPAS,17,MOTOZINTLA,PT,9210,78815,70,8189,87074,131642,9210,No
2018,7,CHIAPAS,17,MOTOZINTLA,PVEM,12057,78815,70,8189,87074,131642,12057,No
2018,7,CHIAPAS,17,MOTOZINTLA,MC,1071,78815,70,8189,87074,131642,1071,No
2018,7,CHIAPAS,17,MOTOZINTLA,NUAL,2221,78815,70,8189,87074,131642,2221,No
2018,7,CHIAPAS,17,MOTOZINTLA,PCU,6714,78815,70,8189,87074,131642,6714,No
2018,7,CHIAPAS,17,MOTOZINTLA,MORENA,17574,78815,70,8189,87074,131642,17574,No
2018,7,CHIAPAS,17,MOTOZINTLA,ES,841,78815,70,8189,87074,131642,841,No
2018,7,CHIAPAS,17,MOTOZINTLA,MVC,4624,78815,70,8189,87074,131642,4624,No
2018,7,CHIAPAS,17,MOTOZINTLA,PAN_PRD_MC,121,78815,70,8189,87074,131642,8243,Sí
2018,7,CHIAPAS,17,MOTOZINTLA,PAN_PRD,67,78815,70,8189,87074,131642,7118,Sí
2018,7,CHIAPAS,17,MOTOZINTLA,PAN_MC,11,78815,70,8189,87074,131642,2151,Sí
2018,7,CHIAPAS,17,MOTOZINTLA,PRD_MC,42,78815,70,8189,87074,131642,7095,Sí
2018,7,CHIAPAS,17,MOTOZINTLA,PRI_PVEM_PCU_MVC,156,78815,70,8189,87074,131642,39699,Sí
2018,7,CHIAPAS,17,MOTOZINTLA,PRI_PVEM_PCU,14,78815,70,8189,87074,131642,34933,Sí
2018,7,CHIAPAS,17,MOTOZINTLA,PRI_PVEM_MVC,3,78815,70,8189,87074,131642,32832,Sí
2018,7,CHIAPAS,17,MOTOZINTLA,PRI_PCU_MVC,3,78815,70,8189,87074,131642,27489,Sí
2018,7,CHIAPAS,17,MOTOZINTLA,PVEM_PCU_MVC,11,78815,70,8189,87074,131642,23406,Sí
2018,7,CHIAPAS,17,MOTOZINTLA,PRI_PVEM,107,78815,70,8189,87074,131642,28312,Sí
2018,7,CHIAPAS,17,MOTOZINTLA,PRI_PCU,50,78815,70,8189,87074,131642,22912,Sí
2018,7,CHIAPAS,17,MOTOZINTLA,PRI_MVC,66,78815,70,8189,87074,131642,20838,Sí
2018,7,CHIAPAS,17,MOTOZINTLA,PVEM_PCU,27,78815,70,8189,87074,131642,18798,Sí
2018,7,CHIAPAS,17,MOTOZINTLA,PVEM_MVC,19,78815,70,8189,87074,131642,16700,Sí
2018,7,CHIAPAS,17,MOTOZINTLA,PCU_MVC,43,78815,70,8189,87074,131642,11381,Sí
2018,7,CHIAPAS,17,MOTOZINTLA,PT_MORENA_ES,294,78815,70,8189,87074,131642,27919,Sí
2018,7,CHIAPAS,17,MOTOZINTLA,PT_MORENA,157,78815,70,8189,87074,131642,26941,Sí
2018,7,CHIAPAS,17,MOTOZINTLA,PT_ES,20,78815,70,8189,87074,131642,10071,Sí
2018,7,CHIAPAS,17,MOTOZINTLA,MORENA_ES,93,78815,70,8189,87074,131642,18508,Sí
2018,7,CHIAPAS,18,MAPASTEPEC,PAN,2902,87553,15,6389,93957,142104,2902,No
2018,7,CHIAPAS,18,MAPASTEPEC,PRI,8905,87553,15,6389,93957,142104,8905,No
2018,7,CHIAPAS,18,MAPASTEPEC,PRD,1279,87553,15,6389,93957,142104,1279,No
2018,7,CHIAPAS,18,MAPASTEPEC,PT,3982,87553,15,6389,93957,142104,3982,No
2018,7,CHIAPAS,18,MAPASTEPEC,PVEM,13561,87553,15,6389,93957,142104,13561,No
2018,7,CHIAPAS,18,MAPASTEPEC,MC,1371,87553,15,6389,93957,142104,1371,No
2018,7,CHIAPAS,18,MAPASTEPEC,NUAL,2955,87553,15,6389,93957,142104,2955,No
2018,7,CHIAPAS,18,MAPASTEPEC,PCU,6465,87553,15,6389,93957,142104,6465,No
2018,7,CHIAPAS,18,MAPASTEPEC,MORENA,35135,87553,15,6389,93957,142104,35135,No
2018,7,CHIAPAS,18,MAPASTEPEC,ES,2892,87553,15,6389,93957,142104,2892,No
2018,7,CHIAPAS,18,MAPASTEPEC,MVC,5602,87553,15,6389,93957,142104,5602,No
2018,7,CHIAPAS,18,MAPASTEPEC,PAN_PRD_MC,84,87553,15,6389,93957,142104,5636,Sí
2018,7,CHIAPAS,18,MAPASTEPEC,PAN_PRD,39,87553,15,6389,93957,142104,4220,Sí
2018,7,CHIAPAS,18,MAPASTEPEC,PAN_MC,22,87553,15,6389,93957,142104,4295,Sí
2018,7,CHIAPAS,18,MAPASTEPEC,PRD_MC,13,87553,15,6389,93957,142104,2663,Sí
2018,7,CHIAPAS,18,MAPASTEPEC,PRI_PVEM_PCU_MVC,234,87553,15,6389,93957,142104,34767,Sí
2018,7,CHIAPAS,18,MAPASTEPEC,PRI_PVEM_PCU,21,87553,15,6389,93957,142104,28952,Sí
2018,7,CHIAPAS,18,MAPASTEPEC,PRI_PVEM_MVC,7,87553,15,6389,93957,142104,28075,Sí
2018,7,CHIAPAS,18,MAPASTEPEC,PRI_PCU_MVC,7,87553,15,6389,93957,142104,20979,Sí
2018,7,CHIAPAS,18,MAPASTEPEC,PVEM_PCU_MVC,15,87553,15,6389,93957,142104,25643,Sí
2018,7,CHIAPAS,18,MAPASTEPEC,PRI_PVEM,163,87553,15,6389,93957,142104,22629,Sí
2018,7,CHIAPAS,18,MAPASTEPEC,PRI_PCU,46,87553,15,6389,93957,142104,15416,Sí
2018,7,CHIAPAS,18,MAPASTEPEC,PRI_MVC,34,87553,15,6389,93957,142104,14541,Sí
2018,7,CHIAPAS,18,MAPASTEPEC,PVEM_PCU,62,87553,15,6389,93957,142104,20088,Sí
2018,7,CHIAPAS,18,MAPASTEPEC,PVEM_MVC,65,87553,15,6389,93957,142104,19228,Sí
2018,7,CHIAPAS,18,MAPASTEPEC,PCU_MVC,54,87553,15,6389,93957,142104,12121,Sí
2018,7,CHIAPAS,18,MAPASTEPEC,PT_MORENA_ES,966,87553,15,6389,93957,142104,42975,Sí
2018,7,CHIAPAS,18,MAPASTEPEC,PT_MORENA,276,87553,15,6389,93957,142104,39393,Sí
2018,7,CHIAPAS,18,MAPASTEPEC,PT_ES,69,87553,15,6389,93957,142104,6943,Sí
2018,7,CHIAPAS,18,MAPASTEPEC,MORENA_ES,327,87553,15,6389,93957,142104,38354,Sí
2018,7,CHIAPAS,19,TAPACHULA,PAN,11079,85581,176,3519,89276,144765,11079,No
2018,7,CHIAPAS,19,TAPACHULA,PRI,16108,85581,176,3519,89276,144765,16108,No
2018,7,CHIAPAS,19,TAPACHULA,PRD,4210,85581,176,3519,89276,144765,4210,No
2018,7,CHIAPAS,19,TAPACHULA,PT,6779,85581,176,3519,89276,144765,6779,No
2018,7,CHIAPAS,19,TAPACHULA,PVEM,10280,85581,176,3519,89276,144765,10280,No
2018,7,CHIAPAS,19,TAPACHULA,MC,4531,85581,176,3519,89276,144765,4531,No
2018,7,CHIAPAS,19,TAPACHULA,NUAL,4064,85581,176,3519,89276,144765,4064,No
2018,7,CHIAPAS,19,TAPACHULA,PCU,3475,85581,176,3519,89276,144765,3475,No
2018,7,CHIAPAS,19,TAPACHULA,MORENA,9893,85581,176,3519,89276,144765,9893,No
2018,7,CHIAPAS,19,TAPACHULA,ES,5584,85581,176,3519,89276,144765,5584,No
2018,7,CHIAPAS,19,TAPACHULA,MVC,4215,85581,176,3519,89276,144765,4215,No
2018,7,CHIAPAS,19,TAPACHULA,PAN_PRD_MC,283,85581,176,3519,89276,144765,20103,Sí
2018,7,CHIAPAS,19,TAPACHULA,PAN_PRD,111,85581,176,3519,89276,144765,15400,Sí
2018,7,CHIAPAS,19,TAPACHULA,PAN_MC,57,85581,176,3519,89276,144765,15667,Sí
2018,7,CHIAPAS,19,TAPACHULA,PRD_MC,51,85581,176,3519,89276,144765,8792,Sí
2018,7,CHIAPAS,19,TAPACHULA,PRI_PVEM_PCU_MVC,43,85581,176,3519,89276,144765,34121,Sí
2018,7,CHIAPAS,19,TAPACHULA,PRI_PVEM_PCU,87,85581,176,3519,89276,144765,29950,Sí
2018,7,CHIAPAS,19,TAPACHULA,PRI_PVEM_MVC,21,85581,176,3519,89276,144765,30624,Sí
2018,7,CHIAPAS,19,TAPACHULA,PRI_PCU_MVC,8,85581,176,3519,89276,144765,23806,Sí
2018,7,CHIAPAS,19,TAPACHULA,PVEM_PCU_MVC,27,85581,176,3519,89276,144765,17997,Sí
2018,7,CHIAPAS,19,TAPACHULA,PRI_PVEM,448,85581,176,3519,89276,144765,26836,Sí
2018,7,CHIAPAS,19,TAPACHULA,PRI_PCU,17,85581,176,3519,89276,144765,19600,Sí
2018,7,CHIAPAS,19,TAPACHULA,PRI_MVC,11,85581,176,3519,89276,144765,20334,Sí
2018,7,CHIAPAS,19,TAPACHULA,PVEM_PCU,20,85581,176,3519,89276,144765,13775,Sí
2018,7,CHIAPAS,19,TAPACHULA,PVEM_MVC,10,85581,176,3519,89276,144765,14505,Sí
2018,7,CHIAPAS,19,TAPACHULA,PCU_MVC,26,85581,176,3519,89276,144765,7716,Sí
2018,7,CHIAPAS,19,TAPACHULA,PT_MORENA_ES,2311,85581,176,3519,89276,144765,24567,Sí
2018,7,CHIAPAS,19,TAPACHULA,PT_MORENA,811,85581,176,3519,89276,144765,17483,Sí
2018,7,CHIAPAS,19,TAPACHULA,PT_ES,124,85581,176,3519,89276,144765,12487,Sí
2018,7,CHIAPAS,19,TAPACHULA,MORENA_ES,897,85581,176,3519,89276,144765,16374,Sí
2018,7,CHIAPAS,2,TUXTLA GUTIERREZ,PAN,3621,77239,1758,5854,84851,168739,3621,No
2018,7,CHIAPAS,2,TUXTLA GUTIERREZ,PRI,5896,77239,1758,5854,84851,168739,5896,No
2018,7,CHIAPAS,2,TUXTLA GUTIERREZ,PRD,3611,77239,1758,5854,84851,168739,3611,No
2018,7,CHIAPAS,2,TUXTLA GUTIERREZ,PT,3185,77239,1758,5854,84851,168739,3185,No
2018,7,CHIAPAS,2,TUXTLA GUTIERREZ,PVEM,6637,77239,1758,5854,84851,168739,6637,No
2018,7,CHIAPAS,2,TUXTLA GUTIERREZ,MC,4509,77239,1758,5854,84851,168739,4509,No
2018,7,CHIAPAS,2,TUXTLA GUTIERREZ,NUAL,3039,77239,1758,5854,84851,168739,3039,No
2018,7,CHIAPAS,2,TUXTLA GUTIERREZ,PCU,2854,77239,1758,5854,84851,168739,2854,No
2018,7,CHIAPAS,2,TUXTLA GUTIERREZ,MORENA,3915,77239,1758,5854,84851,168739,3915,No
2018,7,CHIAPAS,2,TUXTLA GUTIERREZ,ES,3116,77239,1758,5854,84851,168739,3116,No
2018,7,CHIAPAS,2,TUXTLA GUTIERREZ,MVC,8848,77239,1758,5854,84851,168739,8848,No
2018,7,CHIAPAS,2,TUXTLA GUTIERREZ,PAN_PRD_MC,2477,77239,1758,5854,84851,168739,14218,Sí
2018,7,CHIAPAS,2,TUXTLA GUTIERREZ,PAN_PRD,1226,77239,1758,5854,84851,168739,8458,Sí
2018,7,CHIAPAS,2,TUXTLA GUTIERREZ,PAN_MC,1223,77239,1758,5854,84851,168739,9353,Sí
2018,7,CHIAPAS,2,TUXTLA GUTIERREZ,PRD_MC,1222,77239,1758,5854,84851,168739,9342,Sí
2018,7,CHIAPAS,2,TUXTLA GUTIERREZ,PRI_PVEM_PCU_MVC,168,77239,1758,5854,84851,168739,24403,Sí
2018,7,CHIAPAS,2,TUXTLA GUTIERREZ,PRI_PVEM_PCU,1216,77239,1758,5854,84851,168739,16603,Sí
2018,7,CHIAPAS,2,TUXTLA GUTIERREZ,PRI_PVEM_MVC,1223,77239,1758,5854,84851,168739,22604,Sí
2018,7,CHIAPAS,2,TUXTLA GUTIERREZ,PRI_PCU_MVC,1215,77239,1758,5854,84851,168739,18813,Sí
2018,7,CHIAPAS,2,TUXTLA GUTIERREZ,PVEM_PCU_MVC,1219,77239,1758,5854,84851,168739,19558,Sí
2018,7,CHIAPAS,2,TUXTLA GUTIERREZ,PRI_PVEM,1282,77239,1758,5854,84851,168739,13815,Sí
2018,7,CHIAPAS,2,TUXTLA GUTIERREZ,PRI_PCU,1216,77239,1758,5854,84851,168739,9966,Sí
2018,7,CHIAPAS,2,TUXTLA GUTIERREZ,PRI_MVC,1227,77239,1758,5854,84851,168739,15971,Sí
2018,7,CHIAPAS,2,TUXTLA GUTIERREZ,PVEM_PCU,1217,77239,1758,5854,84851,168739,10708,Sí
2018,7,CHIAPAS,2,TUXTLA GUTIERREZ,PVEM_MVC,1230,77239,1758,5854,84851,168739,16715,Sí
2018,7,CHIAPAS,2,TUXTLA GUTIERREZ,PCU_MVC,1231,77239,1758,5854,84851,168739,12933,Sí
2018,7,CHIAPAS,2,TUXTLA GUTIERREZ,PT_MORENA_ES,1551,77239,1758,5854,84851,168739,11767,Sí
2018,7,CHIAPAS,2,TUXTLA GUTIERREZ,PT_MORENA,1286,77239,1758,5854,84851,168739,8386,Sí
2018,7,CHIAPAS,2,TUXTLA GUTIERREZ,PT_ES,1244,77239,1758,5854,84851,168739,7545,Sí
2018,7,CHIAPAS,2,TUXTLA GUTIERREZ,MORENA_ES,1341,77239,1758,5854,84851,168739,8372,Sí
2018,7,CHIAPAS,2,TUXTLA GUTIERREZ,Candidatura Independiente,2799,77239,1758,5854,84851,168739,2799,No
2018,7,CHIAPAS,2,TUXTLA GUTIERREZ,Candidatura Independiente,1195,77239,1758,5854,84851,168739,1195,No
2018,7,CHIAPAS,20,LAS MARGARITAS,PAN,1118,95567,72,8460,104099,145998,1118,No
2018,7,CHIAPAS,20,LAS MARGARITAS,PRI,10816,95567,72,8460,104099,145998,10816,No
2018,7,CHIAPAS,20,LAS MARGARITAS,PRD,21899,95567,72,8460,104099,145998,21899,No
2018,7,CHIAPAS,20,LAS MARGARITAS,PT,3406,95567,72,8460,104099,145998,3406,No
2018,7,CHIAPAS,20,LAS MARGARITAS,PVEM,23297,95567,72,8460,104099,145998,23297,No
2018,7,CHIAPAS,20,LAS MARGARITAS,MC,1040,95567,72,8460,104099,145998,1040,No
2018,7,CHIAPAS,20,LAS MARGARITAS,NUAL,5549,95567,72,8460,104099,145998,5549,No
2018,7,CHIAPAS,20,LAS MARGARITAS,PCU,9144,95567,72,8460,104099,145998,9144,No
2018,7,CHIAPAS,20,LAS MARGARITAS,MORENA,14827,95567,72,8460,104099,145998,14827,No
2018,7,CHIAPAS,20,LAS MARGARITAS,ES,1103,95567,72,8460,104099,145998,1103,No
2018,7,CHIAPAS,20,LAS MARGARITAS,MVC,2056,95567,72,8460,104099,145998,2056,No
2018,7,CHIAPAS,20,LAS MARGARITAS,PAN_PRD_MC,89,95567,72,8460,104099,145998,24146,Sí
2018,7,CHIAPAS,20,LAS MARGARITAS,PAN_PRD,87,95567,72,8460,104099,145998,23104,Sí
2018,7,CHIAPAS,20,LAS MARGARITAS,PAN_MC,17,95567,72,8460,104099,145998,2175,Sí
2018,7,CHIAPAS,20,LAS MARGARITAS,PRD_MC,50,95567,72,8460,104099,145998,22989,Sí
2018,7,CHIAPAS,20,LAS MARGARITAS,PRI_PVEM_PCU_MVC,20,95567,72,8460,104099,145998,45333,Sí
2018,7,CHIAPAS,20,LAS MARGARITAS,PRI_PVEM_PCU,52,95567,72,8460,104099,145998,43309,Sí
2018,7,CHIAPAS,20,LAS MARGARITAS,PRI_PVEM_MVC,7,95567,72,8460,104099,145998,36176,Sí
2018,7,CHIAPAS,20,LAS MARGARITAS,PRI_PCU_MVC,5,95567,72,8460,104099,145998,22021,Sí
2018,7,CHIAPAS,20,LAS MARGARITAS,PVEM_PCU_MVC,10,95567,72,8460,104099,145998,34507,Sí
2018,7,CHIAPAS,20,LAS MARGARITAS,PRI_PVEM,140,95567,72,8460,104099,145998,34253,Sí
2018,7,CHIAPAS,20,LAS MARGARITAS,PRI_PCU,71,95567,72,8460,104099,145998,20031,Sí
2018,7,CHIAPAS,20,LAS MARGARITAS,PRI_MVC,26,95567,72,8460,104099,145998,12898,Sí
2018,7,CHIAPAS,20,LAS MARGARITAS,PVEM_PCU,32,95567,72,8460,104099,145998,32473,Sí
2018,7,CHIAPAS,20,LAS MARGARITAS,PVEM_MVC,7,95567,72,8460,104099,145998,25360,Sí
2018,7,CHIAPAS,20,LAS MARGARITAS,PCU_MVC,36,95567,72,8460,104099,145998,11236,Sí
2018,7,CHIAPAS,20,LAS MARGARITAS,PT_MORENA_ES,427,95567,72,8460,104099,145998,19763,Sí
2018,7,CHIAPAS,20,LAS MARGARITAS,PT_MORENA,150,95567,72,8460,104099,145998,18383,Sí
2018,7,CHIAPAS,20,LAS MARGARITAS,PT_ES,24,95567,72,8460,104099,145998,4533,Sí
2018,7,CHIAPAS,20,LAS MARGARITAS,MORENA_ES,62,95567,72,8460,104099,145998,15992,Sí
2018,7,CHIAPAS,21,TENEJAPA,PAN,4234,67030,70,4281,71381,142567,4234,No
2018,7,CHIAPAS,21,TENEJAPA,PRI,15111,67030,70,4281,71381,142567,15111,No
2018,7,CHIAPAS,21,TENEJAPA,PRD,5193,67030,70,4281,71381,142567,5193,No
2018,7,CHIAPAS,21,TENEJAPA,PT,3744,67030,70,4281,71381,142567,3744,No
2018,7,CHIAPAS,21,TENEJAPA,PVEM,14480,67030,70,4281,71381,142567,14480,No
2018,7,CHIAPAS,21,TENEJAPA,MC,2499,67030,70,4281,71381,142567,2499,No
2018,7,CHIAPAS,21,TENEJAPA,NUAL,1565,67030,70,4281,71381,142567,1565,No
2018,7,CHIAPAS,21,TENEJAPA,PCU,2423,67030,70,4281,71381,142567,2423,No
2018,7,CHIAPAS,21,TENEJAPA,MORENA,11470,67030,70,4281,71381,142567,11470,No
2018,7,CHIAPAS,21,TENEJAPA,ES,1446,67030,70,4281,71381,142567,1446,No
2018,7,CHIAPAS,21,TENEJAPA,MVC,4464,67030,70,4281,71381,142567,4464,No
2018,7,CHIAPAS,21,TENEJAPA,PAN_PRD_MC,19,67030,70,4281,71381,142567,11945,Sí
2018,7,CHIAPAS,21,TENEJAPA,PAN_PRD,12,67030,70,4281,71381,142567,9439,Sí
2018,7,CHIAPAS,21,TENEJAPA,PAN_MC,12,67030,70,4281,71381,142567,6745,Sí
2018,7,CHIAPAS,21,TENEJAPA,PRD_MC,11,67030,70,4281,71381,142567,7703,Sí
2018,7,CHIAPAS,21,TENEJAPA,PRI_PVEM_PCU_MVC,4,67030,70,4281,71381,142567,36482,Sí
2018,7,CHIAPAS,21,TENEJAPA,PRI_PVEM_PCU,3,67030,70,4281,71381,142567,32017,Sí
2018,7,CHIAPAS,21,TENEJAPA,PRI_PVEM_MVC,2,67030,70,4281,71381,142567,34057,Sí
2018,7,CHIAPAS,21,TENEJAPA,PRI_PCU_MVC,0,67030,70,4281,71381,142567,21998,Sí
2018,7,CHIAPAS,21,TENEJAPA,PVEM_PCU_MVC,3,67030,70,4281,71381,142567,21370,Sí
2018,7,CHIAPAS,21,TENEJAPA,PRI_PVEM,32,67030,70,4281,71381,142567,29623,Sí
2018,7,CHIAPAS,21,TENEJAPA,PRI_PCU,8,67030,70,4281,71381,142567,17542,Sí
2018,7,CHIAPAS,21,TENEJAPA,PRI_MVC,7,67030,70,4281,71381,142567,19582,Sí
2018,7,CHIAPAS,21,TENEJAPA,PVEM_PCU,13,67030,70,4281,71381,142567,16916,Sí
2018,7,CHIAPAS,21,TENEJAPA,PVEM_MVC,12,67030,70,4281,71381,142567,18956,Sí
2018,7,CHIAPAS,21,TENEJAPA,PCU_MVC,4,67030,70,4281,71381,142567,6891,Sí
2018,7,CHIAPAS,21,TENEJAPA,PT_MORENA_ES,79,67030,70,4281,71381,142567,16739,Sí
2018,7,CHIAPAS,21,TENEJAPA,PT_MORENA,75,67030,70,4281,71381,142567,15289,Sí
2018,7,CHIAPAS,21,TENEJAPA,PT_ES,70,67030,70,4281,71381,142567,5260,Sí
2018,7,CHIAPAS,21,TENEJAPA,MORENA_ES,35,67030,70,4281,71381,142567,12951,Sí
2018,7,CHIAPAS,22,CHAMULA,PAN,650,109786,98,7558,117442,150659,650,No
2018,7,CHIAPAS,22,CHAMULA,PRI,39851,109786,98,7558,117442,150659,39851,No
2018,7,CHIAPAS,22,CHAMULA,PRD,2634,109786,98,7558,117442,150659,2634,No
2018,7,CHIAPAS,22,CHAMULA,PT,3376,109786,98,7558,117442,150659,3376,No
2018,7,CHIAPAS,22,CHAMULA,PVEM,15084,109786,98,7558,117442,150659,15084,No
2018,7,CHIAPAS,22,CHAMULA,MC,1101,109786,98,7558,117442,150659,1101,No
2018,7,CHIAPAS,22,CHAMULA,NUAL,353,109786,98,7558,117442,150659,353,No
2018,7,CHIAPAS,22,CHAMULA,PCU,2677,109786,98,7558,117442,150659,2677,No
2018,7,CHIAPAS,22,CHAMULA,MORENA,36994,109786,98,7558,117442,150659,36994,No
2018,7,CHIAPAS,22,CHAMULA,ES,1040,109786,98,7558,117442,150659,1040,No
2018,7,CHIAPAS,22,CHAMULA,MVC,4245,109786,98,7558,117442,150659,4245,No
2018,7,CHIAPAS,22,CHAMULA,PAN_PRD_MC,49,109786,98,7558,117442,150659,4434,Sí
2018,7,CHIAPAS,22,CHAMULA,PAN_PRD,17,109786,98,7558,117442,150659,3301,Sí
2018,7,CHIAPAS,22,CHAMULA,PAN_MC,25,109786,98,7558,117442,150659,1776,Sí
2018,7,CHIAPAS,22,CHAMULA,PRD_MC,10,109786,98,7558,117442,150659,3745,Sí
2018,7,CHIAPAS,22,CHAMULA,PRI_PVEM_PCU_MVC,47,109786,98,7558,117442,150659,61904,Sí
2018,7,CHIAPAS,22,CHAMULA,PRI_PVEM_PCU,27,109786,98,7558,117442,150659,57639,Sí
2018,7,CHIAPAS,22,CHAMULA,PRI_PVEM_MVC,14,109786,98,7558,117442,150659,59194,Sí
2018,7,CHIAPAS,22,CHAMULA,PRI_PCU_MVC,6,109786,98,7558,117442,150659,46779,Sí
2018,7,CHIAPAS,22,CHAMULA,PVEM_PCU_MVC,27,109786,98,7558,117442,150659,22033,Sí
2018,7,CHIAPAS,22,CHAMULA,PRI_PVEM,104,109786,98,7558,117442,150659,55039,Sí
2018,7,CHIAPAS,22,CHAMULA,PRI_PCU,44,109786,98,7558,117442,150659,42572,Sí
2018,7,CHIAPAS,22,CHAMULA,PRI_MVC,39,109786,98,7558,117442,150659,44135,Sí
2018,7,CHIAPAS,22,CHAMULA,PVEM_PCU,51,109786,98,7558,117442,150659,17812,Sí
2018,7,CHIAPAS,22,CHAMULA,PVEM_MVC,25,109786,98,7558,117442,150659,19354,Sí
2018,7,CHIAPAS,22,CHAMULA,PCU_MVC,46,109786,98,7558,117442,150659,6968,Sí
2018,7,CHIAPAS,22,CHAMULA,PT_MORENA_ES,772,109786,98,7558,117442,150659,42182,Sí
2018,7,CHIAPAS,22,CHAMULA,PT_MORENA,169,109786,98,7558,117442,150659,40539,Sí
2018,7,CHIAPAS,22,CHAMULA,PT_ES,58,109786,98,7558,117442,150659,4474,Sí
2018,7,CHIAPAS,22,CHAMULA,MORENA_ES,251,109786,98,7558,117442,150659,38285,Sí
2018,7,CHIAPAS,23,VILLA CORZO,PAN,1752,84813,90,7342,92245,138191,1752,No
2018,7,CHIAPAS,23,VILLA CORZO,PRI,13810,84813,90,7342,92245,138191,13810,No
2018,7,CHIAPAS,23,VILLA CORZO,PRD,836,84813,90,7342,92245,138191,836,No
2018,7,CHIAPAS,23,VILLA CORZO,PT,3472,84813,90,7342,92245,138191,3472,No
2018,7,CHIAPAS,23,VILLA CORZO,PVEM,14827,84813,90,7342,92245,138191,14827,No
2018,7,CHIAPAS,23,VILLA CORZO,MC,2217,84813,90,7342,92245,138191,2217,No
2018,7,CHIAPAS,23,VILLA CORZO,NUAL,2874,84813,90,7342,92245,138191,2874,No
2018,7,CHIAPAS,23,VILLA CORZO,PCU,8631,84813,90,7342,92245,138191,8631,No
2018,7,CHIAPAS,23,VILLA CORZO,MORENA,27179,84813,90,7342,92245,138191,27179,No
2018,7,CHIAPAS,23,VILLA CORZO,ES,1373,84813,90,7342,92245,138191,1373,No
2018,7,CHIAPAS,23,VILLA CORZO,MVC,5881,84813,90,7342,92245,138191,5881,No
2018,7,CHIAPAS,23,VILLA CORZO,PAN_PRD_MC,156,84813,90,7342,92245,138191,4961,Sí
2018,7,CHIAPAS,23,VILLA CORZO,PAN_PRD,24,84813,90,7342,92245,138191,2612,Sí
2018,7,CHIAPAS,23,VILLA CORZO,PAN_MC,20,84813,90,7342,92245,138191,3989,Sí
2018,7,CHIAPAS,23,VILLA CORZO,PRD_MC,16,84813,90,7342,92245,138191,3069,Sí
2018,7,CHIAPAS,23,VILLA CORZO,PT_MORENA_ES,370,84813,90,7342,92245,138191,32394,Sí
2018,7,CHIAPAS,23,VILLA CORZO,PT_MORENA,204,84813,90,7342,92245,138191,30855,Sí
2018,7,CHIAPAS,23,VILLA CORZO,PT_ES,44,84813,90,7342,92245,138191,4889,Sí
2018,7,CHIAPAS,23,VILLA CORZO,MORENA_ES,256,84813,90,7342,92245,138191,28808,Sí
2018,7,CHIAPAS,23,VILLA CORZO,Candidatura Independiente,871,84813,90,7342,92245,138191,871,No
2018,7,CHIAPAS,24,CACAHOATAN,PAN,4958,92094,69,7327,99490,148853,4958,No
2018,7,CHIAPAS,24,CACAHOATAN,PRI,12235,92094,69,7327,99490,148853,12235,No
2018,7,CHIAPAS,24,CACAHOATAN,PRD,1742,92094,69,7327,99490,148853,1742,No
2018,7,CHIAPAS,24,CACAHOATAN,PT,3067,92094,69,7327,99490,148853,3067,No
2018,7,CHIAPAS,24,CACAHOATAN,PVEM,11645,92094,69,7327,99490,148853,11645,No
2018,7,CHIAPAS,24,CACAHOATAN,MC,1263,92094,69,7327,99490,148853,1263,No
2018,7,CHIAPAS,24,CACAHOATAN,NUAL,3986,92094,69,7327,99490,148853,3986,No
2018,7,CHIAPAS,24,CACAHOATAN,PCU,6798,92094,69,7327,99490,148853,6798,No
2018,7,CHIAPAS,24,CACAHOATAN,MORENA,37096,92094,69,7327,99490,148853,37096,No
2018,7,CHIAPAS,24,CACAHOATAN,ES,1263,92094,69,7327,99490,148853,1263,No
2018,7,CHIAPAS,24,CACAHOATAN,MVC,6343,92094,69,7327,99490,148853,6343,No
2018,7,CHIAPAS,24,CACAHOATAN,PAN_PRD_MC,95,92094,69,7327,99490,148853,8058,Sí
2018,7,CHIAPAS,24,CACAHOATAN,PAN_PRD,54,92094,69,7327,99490,148853,6754,Sí
2018,7,CHIAPAS,24,CACAHOATAN,PAN_MC,36,92094,69,7327,99490,148853,6257,Sí
2018,7,CHIAPAS,24,CACAHOATAN,PRD_MC,18,92094,69,7327,99490,148853,3023,Sí
2018,7,CHIAPAS,24,CACAHOATAN,PRI_PVEM_PCU_MVC,17,92094,69,7327,99490,148853,37038,Sí
2018,7,CHIAPAS,24,CACAHOATAN,PRI_PVEM_PCU,36,92094,69,7327,99490,148853,30714,Sí
2018,7,CHIAPAS,24,CACAHOATAN,PRI_PVEM_MVC,4,92094,69,7327,99490,148853,30227,Sí
2018,7,CHIAPAS,24,CACAHOATAN,PRI_PCU_MVC,5,92094,69,7327,99490,148853,25381,Sí
2018,7,CHIAPAS,24,CACAHOATAN,PVEM_PCU_MVC,20,92094,69,7327,99490,148853,24806,Sí
2018,7,CHIAPAS,24,CACAHOATAN,PRI_PVEM,148,92094,69,7327,99490,148853,24028,Sí
2018,7,CHIAPAS,24,CACAHOATAN,PRI_PCU,58,92094,69,7327,99490,148853,19091,Sí
2018,7,CHIAPAS,24,CACAHOATAN,PRI_MVC,57,92094,69,7327,99490,148853,18635,Sí
2018,7,CHIAPAS,24,CACAHOATAN,PVEM_PCU,56,92094,69,7327,99490,148853,18499,Sí
2018,7,CHIAPAS,24,CACAHOATAN,PVEM_MVC,69,92094,69,7327,99490,148853,18057,Sí
2018,7,CHIAPAS,24,CACAHOATAN,PCU_MVC,85,92094,69,7327,99490,148853,13226,Sí
2018,7,CHIAPAS,24,CACAHOATAN,PT_MORENA_ES,437,92094,69,7327,99490,148853,41863,Sí
2018,7,CHIAPAS,24,CACAHOATAN,PT_MORENA,231,92094,69,7327,99490,148853,40394,Sí
2018,7,CHIAPAS,24,CACAHOATAN,PT_ES,45,92094,69,7327,99490,148853,4375,Sí
2018,7,CHIAPAS,24,CACAHOATAN,MORENA_ES,227,92094,69,7327,99490,148853,38586,Sí
2018,7,CHIAPAS,3,CHIAPA DE CORZO,PAN,2611,93291,102,7652,101045,154980,2611,No
2018,7,CHIAPAS,3,CHIAPA DE CORZO,PRI,9693,93291,102,7652,101045,154980,9693,No
2018,7,CHIAPAS,3,CHIAPA DE CORZO,PRD,4138,93291,102,7652,101045,154980,4138,No
2018,7,CHIAPAS,3,CHIAPA DE CORZO,PT,3580,93291,102,7652,101045,154980,3580,No
2018,7,CHIAPAS,3,CHIAPA DE CORZO,PVEM,15941,93291,102,7652,101045,154980,15941,No
2018,7,CHIAPAS,3,CHIAPA DE CORZO,MC,2041,93291,102,7652,101045,154980,2041,No
2018,7,CHIAPAS,3,CHIAPA DE CORZO,NUAL,1226,93291,102,7652,101045,154980,1226,No
2018,7,CHIAPAS,3,CHIAPA DE CORZO,PCU,3407,93291,102,7652,101045,154980,3407,No
2018,7,CHIAPAS,3,CHIAPA DE CORZO,MORENA,37426,93291,102,7652,101045,154980,37426,No
2018,7,CHIAPAS,3,CHIAPA DE CORZO,ES,2416,93291,102,7652,101045,154980,2416,No
2018,7,CHIAPAS,3,CHIAPA DE CORZO,MVC,6640,93291,102,7652,101045,154980,6640,No
2018,7,CHIAPAS,3,CHIAPA DE CORZO,PAN_PRD_MC,358,93291,102,7652,101045,154980,9148,Sí
2018,7,CHIAPAS,3,CHIAPA DE CORZO,PAN_PRD,37,93291,102,7652,101045,154980,6786,Sí
2018,7,CHIAPAS,3,CHIAPA DE CORZO,PAN_MC,13,93291,102,7652,101045,154980,4665,Sí
2018,7,CHIAPAS,3,CHIAPA DE CORZO,PRD_MC,48,93291,102,7652,101045,154980,6227,Sí
2018,7,CHIAPAS,3,CHIAPA DE CORZO,PT_MORENA_ES,913,93291,102,7652,101045,154980,44335,Sí
2018,7,CHIAPAS,3,CHIAPA DE CORZO,PT_MORENA,256,93291,102,7652,101045,154980,41262,Sí
2018,7,CHIAPAS,3,CHIAPA DE CORZO,PT_ES,75,93291,102,7652,101045,154980,6071,Sí
2018,7,CHIAPAS,3,CHIAPA DE CORZO,MORENA_ES,344,93291,102,7652,101045,154980,40186,Sí
2018,7,CHIAPAS,3,CHIAPA DE CORZO,Candidatura Independiente,2128,93291,102,7652,101045,154980,2128,No
2018,7,CHIAPAS,4,YAJALON,PAN,567,83918,77,5281,89276,127073,567,No
2018,7,CHIAPAS,4,YAJALON,PRI,10499,83918,77,5281,89276,127073,10499,No
2018,7,CHIAPAS,4,YAJALON,PRD,459,83918,77,5281,89276,127073,459,No
2018,7,CHIAPAS,4,YAJALON,PT,2188,83918,77,5281,89276,127073,2188,No
2018,7,CHIAPAS,4,YAJALON,PVEM,25798,83918,77,5281,89276,127073,25798,No
2018,7,CHIAPAS,4,YAJALON,MC,1387,83918,77,5281,89276,127073,1387,No
2018,7,CHIAPAS,4,YAJALON,NUAL,3730,83918,77,5281,89276,127073,3730,No
2018,7,CHIAPAS,4,YAJALON,PCU,568,83918,77,5281,89276,127073,568,No
2018,7,CHIAPAS,4,YAJALON,MORENA,32546,83918,77,5281,89276,127073,32546,No
2018,7,CHIAPAS,4,YAJALON,ES,774,83918,77,5281,89276,127073,774,No
2018,7,CHIAPAS,4,YAJALON,MVC,4055,83918,77,5281,89276,127073,4055,No
2018,7,CHIAPAS,4,YAJALON,PAN_PRD_MC,31,83918,77,5281,89276,127073,2444,Sí
2018,7,CHIAPAS,4,YAJALON,PAN_PRD,7,83918,77,5281,89276,127073,1033,Sí
2018,7,CHIAPAS,4,YAJALON,PAN_MC,6,83918,77,5281,89276,127073,1960,Sí
2018,7,CHIAPAS,4,YAJALON,PRD_MC,5,83918,77,5281,89276,127073,1851,Sí
2018,7,CHIAPAS,4,YAJALON,PRI_PVEM_PCU_MVC,341,83918,77,5281,89276,127073,41261,Sí
2018,7,CHIAPAS,4,YAJALON,PRI_PVEM_PCU,9,83918,77,5281,89276,127073,36874,Sí
2018,7,CHIAPAS,4,YAJALON,PRI_PVEM_MVC,5,83918,77,5281,89276,127073,40357,Sí
2018,7,CHIAPAS,4,YAJALON,PRI_PCU_MVC,0,83918,77,5281,89276,127073,15122,Sí
2018,7,CHIAPAS,4,YAJALON,PVEM_PCU_MVC,7,83918,77,5281,89276,127073,30428,Sí
2018,7,CHIAPAS,4,YAJALON,PRI_PVEM,102,83918,77,5281,89276,127073,36399,Sí
2018,7,CHIAPAS,4,YAJALON,PRI_PCU,5,83918,77,5281,89276,127073,11072,Sí
2018,7,CHIAPAS,4,YAJALON,PRI_MVC,9,83918,77,5281,89276,127073,14563,Sí
2018,7,CHIAPAS,4,YAJALON,PVEM_PCU,34,83918,77,5281,89276,127073,26400,Sí
2018,7,CHIAPAS,4,YAJALON,PVEM_MVC,15,83918,77,5281,89276,127073,29868,Sí
2018,7,CHIAPAS,4,YAJALON,PCU_MVC,13,83918,77,5281,89276,127073,4636,Sí
2018,7,CHIAPAS,4,YAJALON,PT_MORENA_ES,528,83918,77,5281,89276,127073,36036,Sí
2018,7,CHIAPAS,4,YAJALON,PT_MORENA,116,83918,77,5281,89276,127073,34850,Sí
2018,7,CHIAPAS,4,YAJALON,PT_ES,32,83918,77,5281,89276,127073,2994,Sí
2018,7,CHIAPAS,4,YAJALON,MORENA_ES,82,83918,77,5281,89276,127073,33402,Sí
2018,7,CHIAPAS,5,SAN CRISTOBAL DE LAS CASAS,PAN,2862,76131,167,5828,82126,133015,2862,No
2018,7,CHIAPAS,5,SAN CRISTOBAL DE LAS CASAS,PRI,4143,76131,167,5828,82126,133015,4143,No
2018,7,CHIAPAS,5,SAN CRISTOBAL DE LAS CASAS,PRD,2085,76131,167,5828,82126,133015,2085,No
2018,7,CHIAPAS,5,SAN CRISTOBAL DE LAS CASAS,PT,3877,76131,167,5828,82126,133015,3877,No
2018,7,CHIAPAS,5,SAN CRISTOBAL DE LAS CASAS,PVEM,6302,76131,167,5828,82126,133015,6302,No
2018,7,CHIAPAS,5,SAN CRISTOBAL DE LAS CASAS,MC,1722,76131,167,5828,82126,133015,1722,No
2018,7,CHIAPAS,5,SAN CRISTOBAL DE LAS CASAS,NUAL,1718,76131,167,5828,82126,133015,1718,No
2018,7,CHIAPAS,5,SAN CRISTOBAL DE LAS CASAS,PCU,858,76131,167,5828,82126,133015,858,No
2018,7,CHIAPAS,5,SAN CRISTOBAL DE LAS CASAS,MORENA,43123,76131,167,5828,82126,133015,43123,No
2018,7,CHIAPAS,5,SAN CRISTOBAL DE LAS CASAS,ES,2921,76131,167,5828,82126,133015,2921,No
2018,7,CHIAPAS,5,SAN CRISTOBAL DE LAS CASAS,MVC,3955,76131,167,5828,82126,133015,3955,No
2018,7,CHIAPAS,5,SAN CRISTOBAL DE LAS CASAS,PAN_PRD_MC,146,76131,167,5828,82126,133015,6815,Sí
2018,7,CHIAPAS,5,SAN CRISTOBAL DE LAS CASAS,PAN_PRD,47,76131,167,5828,82126,133015,4994,Sí
2018,7,CHIAPAS,5,SAN CRISTOBAL DE LAS CASAS,PAN_MC,21,76131,167,5828,82126,133015,4605,Sí
2018,7,CHIAPAS,5,SAN CRISTOBAL DE LAS CASAS,PRD_MC,21,76131,167,5828,82126,133015,3828,Sí
2018,7,CHIAPAS,5,SAN CRISTOBAL DE LAS CASAS,C_COMUN_PRI_NUAL,148,76131,167,5828,82126,133015,6009,Sí
2018,7,CHIAPAS,5,SAN CRISTOBAL DE LAS CASAS,PT_MORENA_ES,1298,76131,167,5828,82126,133015,51219,Sí
2018,7,CHIAPAS,5,SAN CRISTOBAL DE LAS CASAS,PT_MORENA,302,76131,167,5828,82126,133015,47302,Sí
2018,7,CHIAPAS,5,SAN CRISTOBAL DE LAS CASAS,PT_ES,121,76131,167,5828,82126,133015,6919,Sí
2018,7,CHIAPAS,5,SAN CRISTOBAL DE LAS CASAS,MORENA_ES,461,76131,167,5828,82126,133015,46505,Sí
2018,7,CHIAPAS,6,COMITAN DE DOMINGUEZ,PAN,2349,89170,210,9043,98423,148079,2349,No
2018,7,CHIAPAS,6,COMITAN DE DOMINGUEZ,PRI,16762,89170,210,9043,98423,148079,16762,No
2018,7,CHIAPAS,6,COMITAN DE DOMINGUEZ,PRD,1944,89170,210,9043,98423,148079,1944,No
2018,7,CHIAPAS,6,COMITAN DE DOMINGUEZ,PT,4349,89170,210,9043,98423,148079,4349,No
2018,7,CHIAPAS,6,COMITAN DE DOMINGUEZ,PVEM,9605,89170,210,9043,98423,148079,9605,No
2018,7,CHIAPAS,6,COMITAN DE DOMINGUEZ,MC,1866,89170,210,9043,98423,148079,1866,No
2018,7,CHIAPAS,6,COMITAN DE DOMINGUEZ,NUAL,4475,89170,210,9043,98423,148079,4475,No
2018,7,CHIAPAS,6,COMITAN DE DOMINGUEZ,PCU,4984,89170,210,9043,98423,148079,4984,No
2018,7,CHIAPAS,6,COMITAN DE DOMINGUEZ,MORENA,36608,89170,210,9043,98423,148079,36608,No
2018,7,CHIAPAS,6,COMITAN DE DOMINGUEZ,ES,1870,89170,210,9043,98423,148079,1870,No
2018,7,CHIAPAS,6,COMITAN DE DOMINGUEZ,MVC,1917,89170,210,9043,98423,148079,1917,No
2018,7,CHIAPAS,6,COMITAN DE DOMINGUEZ,PAN_PRD_MC,79,89170,210,9043,98423,148079,6238,Sí
2018,7,CHIAPAS,6,COMITAN DE DOMINGUEZ,PAN_PRD,41,89170,210,9043,98423,148079,4334,Sí
2018,7,CHIAPAS,6,COMITAN DE DOMINGUEZ,PAN_MC,10,89170,210,9043,98423,148079,4225,Sí
2018,7,CHIAPAS,6,COMITAN DE DOMINGUEZ,PRD_MC,20,89170,210,9043,98423,148079,3830,Sí
2018,7,CHIAPAS,6,COMITAN DE DOMINGUEZ,PRI_PVEM_PCU_MVC,48,89170,210,9043,98423,148079,33316,Sí
2018,7,CHIAPAS,6,COMITAN DE DOMINGUEZ,PRI_PVEM_PCU,76,89170,210,9043,98423,148079,31427,Sí
2018,7,CHIAPAS,6,COMITAN DE DOMINGUEZ,PRI_PVEM_MVC,22,89170,210,9043,98423,148079,28306,Sí
2018,7,CHIAPAS,6,COMITAN DE DOMINGUEZ,PRI_PCU_MVC,15,89170,210,9043,98423,148079,23678,Sí
2018,7,CHIAPAS,6,COMITAN DE DOMINGUEZ,PVEM_PCU_MVC,23,89170,210,9043,98423,148079,16529,Sí
2018,7,CHIAPAS,6,COMITAN DE DOMINGUEZ,PRI_PVEM,205,89170,210,9043,98423,148079,26572,Sí
2018,7,CHIAPAS,6,COMITAN DE DOMINGUEZ,PRI_PCU,49,89170,210,9043,98423,148079,21795,Sí
2018,7,CHIAPAS,6,COMITAN DE DOMINGUEZ,PRI_MVC,35,89170,210,9043,98423,148079,18714,Sí
2018,7,CHIAPAS,6,COMITAN DE DOMINGUEZ,PVEM_PCU,60,89170,210,9043,98423,148079,14649,Sí
2018,7,CHIAPAS,6,COMITAN DE DOMINGUEZ,PVEM_MVC,37,89170,210,9043,98423,148079,11559,Sí
2018,7,CHIAPAS,6,COMITAN DE DOMINGUEZ,PCU_MVC,38,89170,210,9043,98423,148079,6939,Sí
2018,7,CHIAPAS,6,COMITAN DE DOMINGUEZ,PT_MORENA_ES,818,89170,210,9043,98423,148079,43645,Sí
2018,7,CHIAPAS,6,COMITAN DE DOMINGUEZ,PT_MORENA,391,89170,210,9043,98423,148079,41348,Sí
2018,7,CHIAPAS,6,COMITAN DE DOMINGUEZ,PT_ES,160,89170,210,9043,98423,148079,6379,Sí
2018,7,CHIAPAS,6,COMITAN DE DOMINGUEZ,MORENA_ES,314,89170,210,9043,98423,148079,38792,Sí
2018,7,CHIAPAS,7,OCOSINGO,PAN,1575,78202,102,6319,84623,132202,1575,No
2018,7,CHIAPAS,7,OCOSINGO,PRI,10585,78202,102,6319,84623,132202,10585,No
2018,7,CHIAPAS,7,OCOSINGO,PRD,1136,78202,102,6319,84623,132202,1136,No
2018,7,CHIAPAS,7,OCOSINGO,PT,2950,78202,102,6319,84623,132202,2950,No
2018,7,CHIAPAS,7,OCOSINGO,PVEM,22119,78202,102,6319,84623,132202,22119,No
2018,7,CHIAPAS,7,OCOSINGO,MC,3922,78202,102,6319,84623,132202,3922,No
2018,7,CHIAPAS,7,OCOSINGO,NUAL,862,78202,102,6319,84623,132202,862,No
2018,7,CHIAPAS,7,OCOSINGO,PCU,549,78202,102,6319,84623,132202,549,No
2018,7,CHIAPAS,7,OCOSINGO,MORENA,26486,78202,102,6319,84623,132202,26486,No
2018,7,CHIAPAS,7,OCOSINGO,ES,1489,78202,102,6319,84623,132202,1489,No
2018,7,CHIAPAS,7,OCOSINGO,MVC,4284,78202,102,6319,84623,132202,4284,No
2018,7,CHIAPAS,7,OCOSINGO,PAN_PRD_MC,150,78202,102,6319,84623,132202,6783,Sí
2018,7,CHIAPAS,7,OCOSINGO,PAN_PRD,30,78202,102,6319,84623,132202,2741,Sí
2018,7,CHIAPAS,7,OCOSINGO,PAN_MC,25,78202,102,6319,84623,132202,5522,Sí
2018,7,CHIAPAS,7,OCOSINGO,PRD_MC,23,78202,102,6319,84623,132202,5081,Sí
2018,7,CHIAPAS,7,OCOSINGO,PRI_PVEM_PCU_MVC,114,78202,102,6319,84623,132202,37651,Sí
2018,7,CHIAPAS,7,OCOSINGO,PRI_PVEM_PCU,6,78202,102,6319,84623,132202,33259,Sí
2018,7,CHIAPAS,7,OCOSINGO,PRI_PVEM_MVC,13,78202,102,6319,84623,132202,37001,Sí
2018,7,CHIAPAS,7,OCOSINGO,PRI_PCU_MVC,2,78202,102,6319,84623,132202,15420,Sí
2018,7,CHIAPAS,7,OCOSINGO,PVEM_PCU_MVC,9,78202,102,6319,84623,132202,26961,Sí
2018,7,CHIAPAS,7,OCOSINGO,PRI_PVEM,211,78202,102,6319,84623,132202,32915,Sí
2018,7,CHIAPAS,7,OCOSINGO,PRI_PCU,10,78202,102,6319,84623,132202,11144,Sí
2018,7,CHIAPAS,7,OCOSINGO,PRI_MVC,22,78202,102,6319,84623,132202,14891,Sí
2018,7,CHIAPAS,7,OCOSINGO,PVEM_PCU,23,78202,102,6319,84623,132202,22691,Sí
2018,7,CHIAPAS,7,OCOSINGO,PVEM_MVC,62,78202,102,6319,84623,132202,26465,Sí
2018,7,CHIAPAS,7,OCOSINGO,PCU_MVC,58,78202,102,6319,84623,132202,4891,Sí
2018,7,CHIAPAS,7,OCOSINGO,PT_MORENA_ES,1004,78202,102,6319,84623,132202,31929,Sí
2018,7,CHIAPAS,7,OCOSINGO,PT_MORENA,221,78202,102,6319,84623,132202,29657,Sí
2018,7,CHIAPAS,7,OCOSINGO,PT_ES,48,78202,102,6319,84623,132202,4487,Sí
2018,7,CHIAPAS,7,OCOSINGO,MORENA_ES,214,78202,102,6319,84623,132202,28189,Sí
2018,7,CHIAPAS,8,SIMOJOVEL,PAN,1476,87383,6,8282,95671,128311,1476,No
2018,7,CHIAPAS,8,SIMOJOVEL,PRI,17635,87383,6,8282,95671,128311,17635,No
2018,7,CHIAPAS,8,SIMOJOVEL,PRD,1584,87383,6,8282,95671,128311,1584,No
2018,7,CHIAPAS,8,SIMOJOVEL,PT,2663,87383,6,8282,95671,128311,2663,No
2018,7,CHIAPAS,8,SIMOJOVEL,PVEM,19420,87383,6,8282,95671,128311,19420,No
2018,7,CHIAPAS,8,SIMOJOVEL,MC,1185,87383,6,8282,95671,128311,1185,No
2018,7,CHIAPAS,8,SIMOJOVEL,NUAL,3405,87383,6,8282,95671,128311,3405,No
2018,7,CHIAPAS,8,SIMOJOVEL,PCU,8315,87383,6,8282,95671,128311,8315,No
2018,7,CHIAPAS,8,SIMOJOVEL,MORENA,12156,87383,6,8282,95671,128311,12156,No
2018,7,CHIAPAS,8,SIMOJOVEL,ES,998,87383,6,8282,95671,128311,998,No
2018,7,CHIAPAS,8,SIMOJOVEL,MVC,17013,87383,6,8282,95671,128311,17013,No
2018,7,CHIAPAS,8,SIMOJOVEL,PAN_PRD_MC,35,87383,6,8282,95671,128311,4280,Sí
2018,7,CHIAPAS,8,SIMOJOVEL,PAN_PRD,23,87383,6,8282,95671,128311,3083,Sí
2018,7,CHIAPAS,8,SIMOJOVEL,PAN_MC,11,87383,6,8282,95671,128311,2672,Sí
2018,7,CHIAPAS,8,SIMOJOVEL,PRD_MC,5,87383,6,8282,95671,128311,2774,Sí
2018,7,CHIAPAS,8,SIMOJOVEL,PRI_PVEM_PCU_MVC,451,87383,6,8282,95671,128311,62834,Sí
2018,7,CHIAPAS,8,SIMOJOVEL,PRI_PVEM_PCU,19,87383,6,8282,95671,128311,45389,Sí
2018,7,CHIAPAS,8,SIMOJOVEL,PRI_PVEM_MVC,7,87383,6,8282,95671,128311,54075,Sí
2018,7,CHIAPAS,8,SIMOJOVEL,PRI_PCU_MVC,2,87383,6,8282,95671,128311,42965,Sí
2018,7,CHIAPAS,8,SIMOJOVEL,PVEM_PCU_MVC,10,87383,6,8282,95671,128311,44758,Sí
2018,7,CHIAPAS,8,SIMOJOVEL,PRI_PVEM,440,87383,6,8282,95671,128311,37495,Sí
2018,7,CHIAPAS,8,SIMOJOVEL,PRI_PCU,51,87383,6,8282,95671,128311,26001,Sí
2018,7,CHIAPAS,8,SIMOJOVEL,PRI_MVC,35,87383,6,8282,95671,128311,34683,Sí
2018,7,CHIAPAS,8,SIMOJOVEL,PVEM_PCU,45,87383,6,8282,95671,128311,27780,Sí
2018,7,CHIAPAS,8,SIMOJOVEL,PVEM_MVC,33,87383,6,8282,95671,128311,36466,Sí
2018,7,CHIAPAS,8,SIMOJOVEL,PCU_MVC,37,87383,6,8282,95671,128311,25365,Sí
2018,7,CHIAPAS,8,SIMOJOVEL,PT_MORENA_ES,142,87383,6,8282,95671,128311,15959,Sí
2018,7,CHIAPAS,8,SIMOJOVEL,PT_MORENA,60,87383,6,8282,95671,128311,14879,Sí
2018,7,CHIAPAS,8,SIMOJOVEL,PT_ES,22,87383,6,8282,95671,128311,3683,Sí
2018,7,CHIAPAS,8,SIMOJOVEL,MORENA_ES,105,87383,6,8282,95671,128311,13259,Sí
2018,7,CHIAPAS,9,PALENQUE,PAN,1779,68379,681,6065,75125,142264,1779,No
2018,7,CHIAPAS,9,PALENQUE,PRI,3166,68379,681,6065,75125,142264,3166,No
2018,7,CHIAPAS,9,PALENQUE,PRD,2874,68379,681,6065,75125,142264,2874,No
2018,7,CHIAPAS,9,PALENQUE,PT,3644,68379,681,6065,75125,142264,3644,No
2018,7,CHIAPAS,9,PALENQUE,PVEM,11564,68379,681,6065,75125,142264,11564,No
2018,7,CHIAPAS,9,PALENQUE,MC,3621,68379,681,6065,75125,142264,3621,No
2018,7,CHIAPAS,9,PALENQUE,NUAL,1411,68379,681,6065,75125,142264,1411,No
2018,7,CHIAPAS,9,PALENQUE,PCU,3494,68379,681,6065,75125,142264,3494,No
2018,7,CHIAPAS,9,PALENQUE,MORENA,26336,68379,681,6065,75125,142264,26336,No
2018,7,CHIAPAS,9,PALENQUE,ES,1511,68379,681,6065,75125,142264,1511,No
2018,7,CHIAPAS,9,PALENQUE,MVC,6587,68379,681,6065,75125,142264,6587,No
2018,7,CHIAPAS,9,PALENQUE,PAN_PRD_MC,83,68379,681,6065,75125,142264,8357,Sí
2018,7,CHIAPAS,9,PALENQUE,PAN_PRD,22,68379,681,6065,75125,142264,4675,Sí
2018,7,CHIAPAS,9,PALENQUE,PAN_MC,13,68379,681,6065,75125,142264,5413,Sí
2018,7,CHIAPAS,9,PALENQUE,PRD_MC,31,68379,681,6065,75125,142264,6526,Sí
2018,7,CHIAPAS,9,PALENQUE,PRI_PVEM_PCU_MVC,163,68379,681,6065,75125,142264,24974,Sí
2018,7,CHIAPAS,9,PALENQUE,PRI_PVEM_PCU,9,68379,681,6065,75125,142264,18233,Sí
2018,7,CHIAPAS,9,PALENQUE,PRI_PVEM_MVC,7,68379,681,6065,75125,142264,21324,Sí
2018,7,CHIAPAS,9,PALENQUE,PRI_PCU_MVC,6,68379,681,6065,75125,142264,13253,Sí
2018,7,CHIAPAS,9,PALENQUE,PVEM_PCU_MVC,13,68379,681,6065,75125,142264,21658,Sí
2018,7,CHIAPAS,9,PALENQUE,PRI_PVEM,81,68379,681,6065,75125,142264,14811,Sí
2018,7,CHIAPAS,9,PALENQUE,PRI_PCU,23,68379,681,6065,75125,142264,6683,Sí
2018,7,CHIAPAS,9,PALENQUE,PRI_MVC,19,68379,681,6065,75125,142264,9772,Sí
2018,7,CHIAPAS,9,PALENQUE,PVEM_PCU,34,68379,681,6065,75125,142264,15092,Sí
2018,7,CHIAPAS,9,PALENQUE,PVEM_MVC,31,68379,681,6065,75125,142264,18182,Sí
2018,7,CHIAPAS,9,PALENQUE,PCU_MVC,48,68379,681,6065,75125,142264,10129,Sí
2018,7,CHIAPAS,9,PALENQUE,PT_MORENA_ES,745,68379,681,6065,75125,142264,32236,Sí
2018,7,CHIAPAS,9,PALENQUE,PT_MORENA,206,68379,681,6065,75125,142264,30186,Sí
2018,7,CHIAPAS,9,PALENQUE,PT_ES,68,68379,681,6065,75125,142264,5223,Sí
2018,7,CHIAPAS,9,PALENQUE,MORENA_ES,790,68379,681,6065,75125,142264,28637,Sí
2018,8,CHIHUAHUA,1,NUEVO CASAS GRANDES,PAN,16148,61024,97,4182,65303,123833,16148,No
2018,8,CHIHUAHUA,1,NUEVO CASAS GRANDES,PRI,9597,61024,97,4182,65303,123833,9597,No
2018,8,CHIHUAHUA,1,NUEVO CASAS GRANDES,PRD,7660,61024,97,4182,65303,123833,7660,No
2018,8,CHIHUAHUA,1,NUEVO CASAS GRANDES,PVEM,1518,61024,97,4182,65303,123833,1518,No
2018,8,CHIHUAHUA,1,NUEVO CASAS GRANDES,PT,2798,61024,97,4182,65303,123833,2798,No
2018,8,CHIHUAHUA,1,NUEVO CASAS GRANDES,MC,2647,61024,97,4182,65303,123833,2647,No
2018,8,CHIHUAHUA,1,NUEVO CASAS GRANDES,NUAL,2096,61024,97,4182,65303,123833,2096,No
2018,8,CHIHUAHUA,1,NUEVO CASAS GRANDES,MORENA,12700,61024,97,4182,65303,123833,12700,No
2018,8,CHIHUAHUA,1,NUEVO CASAS GRANDES,ES,1041,61024,97,4182,65303,123833,1041,No
2018,8,CHIHUAHUA,1,NUEVO CASAS GRANDES,PAN_MC,225,61024,97,4182,65303,123833,19020,Sí
2018,8,CHIHUAHUA,1,NUEVO CASAS GRANDES,PT_MORENA_ES,402,61024,97,4182,65303,123833,16941,Sí
2018,8,CHIHUAHUA,1,NUEVO CASAS GRANDES,PT_MORENA,242,61024,97,4182,65303,123833,15740,Sí
2018,8,CHIHUAHUA,1,NUEVO CASAS GRANDES,PT_ES,43,61024,97,4182,65303,123833,3882,Sí
2018,8,CHIHUAHUA,1,NUEVO CASAS GRANDES,MORENA_ES,181,61024,97,4182,65303,123833,13922,Sí
2018,8,CHIHUAHUA,1,NUEVO CASAS GRANDES,Candidatura Independiente,3726,61024,97,4182,65303,123833,3726,No
2018,8,CHIHUAHUA,10,JUAREZ,PAN,4083,42168,49,1620,43837,109204,4083,No
2018,8,CHIHUAHUA,10,JUAREZ,PRI,4192,42168,49,1620,43837,109204,4192,No
2018,8,CHIHUAHUA,10,JUAREZ,PRD,663,42168,49,1620,43837,109204,663,No
2018,8,CHIHUAHUA,10,JUAREZ,PVEM,2413,42168,49,1620,43837,109204,2413,No
2018,8,CHIHUAHUA,10,JUAREZ,PT,1795,42168,49,1620,43837,109204,1795,No
2018,8,CHIHUAHUA,10,JUAREZ,MC,1224,42168,49,1620,43837,109204,1224,No
2018,8,CHIHUAHUA,10,JUAREZ,NUAL,1027,42168,49,1620,43837,109204,1027,No
2018,8,CHIHUAHUA,10,JUAREZ,MORENA,18530,42168,49,1620,43837,109204,18530,No
2018,8,CHIHUAHUA,10,JUAREZ,ES,1406,42168,49,1620,43837,109204,1406,No
2018,8,CHIHUAHUA,10,JUAREZ,PAN_MC,110,42168,49,1620,43837,109204,5417,Sí
2018,8,CHIHUAHUA,10,JUAREZ,PT_MORENA_ES,609,42168,49,1620,43837,109204,22340,Sí
2018,8,CHIHUAHUA,10,JUAREZ,PT_MORENA,227,42168,49,1620,43837,109204,20552,Sí
2018,8,CHIHUAHUA,10,JUAREZ,PT_ES,27,42168,49,1620,43837,109204,3228,Sí
2018,8,CHIHUAHUA,10,JUAREZ,MORENA_ES,199,42168,49,1620,43837,109204,20135,Sí
2018,8,CHIHUAHUA,10,JUAREZ,Candidatura Independiente,5663,42168,49,1620,43837,109204,5663,No
2018,8,CHIHUAHUA,11,MEOQUI,PAN,21703,70914,28,4474,75416,135714,21703,No
2018,8,CHIHUAHUA,11,MEOQUI,PRI,18064,70914,28,4474,75416,135714,18064,No
2018,8,CHIHUAHUA,11,MEOQUI,PRD,4622,70914,28,4474,75416,135714,4622,No
2018,8,CHIHUAHUA,11,MEOQUI,PVEM,3633,70914,28,4474,75416,135714,3633,No
2018,8,CHIHUAHUA,11,MEOQUI,PT,1530,70914,28,4474,75416,135714,1530,No
2018,8,CHIHUAHUA,11,MEOQUI,MC,1860,70914,28,4474,75416,135714,1860,No
2018,8,CHIHUAHUA,11,MEOQUI,NUAL,4095,70914,28,4474,75416,135714,4095,No
2018,8,CHIHUAHUA,11,MEOQUI,MORENA,13892,70914,28,4474,75416,135714,13892,No
2018,8,CHIHUAHUA,11,MEOQUI,ES,1284,70914,28,4474,75416,135714,1284,No
2018,8,CHIHUAHUA,11,MEOQUI,PAN_MC,231,70914,28,4474,75416,135714,23794,Sí
2018,8,CHIHUAHUA,12,CHIHUAHUA,PAN,24099,67004,69,2532,69605,127307,24099,No
2018,8,CHIHUAHUA,12,CHIHUAHUA,PRI,7709,67004,69,2532,69605,127307,7709,No
2018,8,CHIHUAHUA,12,CHIHUAHUA,PRD,1097,67004,69,2532,69605,127307,1097,No
2018,8,CHIHUAHUA,12,CHIHUAHUA,PVEM,4360,67004,69,2532,69605,127307,4360,No
2018,8,CHIHUAHUA,12,CHIHUAHUA,PT,2045,67004,69,2532,69605,127307,2045,No
2018,8,CHIHUAHUA,12,CHIHUAHUA,MC,1635,67004,69,2532,69605,127307,1635,No
2018,8,CHIHUAHUA,12,CHIHUAHUA,NUAL,2211,67004,69,2532,69605,127307,2211,No
2018,8,CHIHUAHUA,12,CHIHUAHUA,MORENA,20722,67004,69,2532,69605,127307,20722,No
2018,8,CHIHUAHUA,12,CHIHUAHUA,ES,1999,67004,69,2532,69605,127307,1999,No
2018,8,CHIHUAHUA,12,CHIHUAHUA,PAN_MC,236,67004,69,2532,69605,127307,25970,Sí
2018,8,CHIHUAHUA,12,CHIHUAHUA,PT_MORENA_ES,477,67004,69,2532,69605,127307,25243,Sí
2018,8,CHIHUAHUA,12,CHIHUAHUA,PT_MORENA,234,67004,69,2532,69605,127307,23001,Sí
2018,8,CHIHUAHUA,12,CHIHUAHUA,PT_ES,12,67004,69,2532,69605,127307,4056,Sí
2018,8,CHIHUAHUA,12,CHIHUAHUA,MORENA_ES,168,67004,69,2532,69605,127307,22889,Sí
2018,8,CHIHUAHUA,13,GUERRERO,PAN,14213,65108,24,5395,70527,117860,14213,No
2018,8,CHIHUAHUA,13,GUERRERO,PRI,19315,65108,24,5395,70527,117860,19315,No
2018,8,CHIHUAHUA,13,GUERRERO,PRD,1489,65108,24,5395,70527,117860,1489,No
2018,8,CHIHUAHUA,13,GUERRERO,PVEM,840,65108,24,5395,70527,117860,840,No
2018,8,CHIHUAHUA,13,GUERRERO,PT,1648,65108,24,5395,70527,117860,1648,No
2018,8,CHIHUAHUA,13,GUERRERO,MC,5727,65108,24,5395,70527,117860,5727,No
2018,8,CHIHUAHUA,13,GUERRERO,NUAL,4375,65108,24,5395,70527,117860,4375,No
2018,8,CHIHUAHUA,13,GUERRERO,MORENA,15368,65108,24,5395,70527,117860,15368,No
2018,8,CHIHUAHUA,13,GUERRERO,ES,977,65108,24,5395,70527,117860,977,No
2018,8,CHIHUAHUA,13,GUERRERO,PAN_MC,450,65108,24,5395,70527,117860,20390,Sí
2018,8,CHIHUAHUA,13,GUERRERO,PT_MORENA_ES,305,65108,24,5395,70527,117860,18298,Sí
2018,8,CHIHUAHUA,13,GUERRERO,PT_MORENA,163,65108,24,5395,70527,117860,17179,Sí
2018,8,CHIHUAHUA,13,GUERRERO,PT_ES,31,65108,24,5395,70527,117860,2656,Sí
2018,8,CHIHUAHUA,13,GUERRERO,MORENA_ES,207,65108,24,5395,70527,117860,16552,Sí
2018,8,CHIHUAHUA,14,CUAUHTEMOC,PAN,19073,61951,23,2791,64765,134486,19073,No
2018,8,CHIHUAHUA,14,CUAUHTEMOC,PRI,8597,61951,23,2791,64765,134486,8597,No
2018,8,CHIHUAHUA,14,CUAUHTEMOC,PRD,882,61951,23,2791,64765,134486,882,No
2018,8,CHIHUAHUA,14,CUAUHTEMOC,PVEM,2243,61951,23,2791,64765,134486,2243,No
2018,8,CHIHUAHUA,14,CUAUHTEMOC,PT,2194,61951,23,2791,64765,134486,2194,No
2018,8,CHIHUAHUA,14,CUAUHTEMOC,MC,1137,61951,23,2791,64765,134486,1137,No
2018,8,CHIHUAHUA,14,CUAUHTEMOC,NUAL,1493,61951,23,2791,64765,134486,1493,No
2018,8,CHIHUAHUA,14,CUAUHTEMOC,MORENA,23296,61951,23,2791,64765,134486,23296,No
2018,8,CHIHUAHUA,14,CUAUHTEMOC,ES,1669,61951,23,2791,64765,134486,1669,No
2018,8,CHIHUAHUA,14,CUAUHTEMOC,PAN_MC,193,61951,23,2791,64765,134486,20403,Sí
2018,8,CHIHUAHUA,14,CUAUHTEMOC,PT_MORENA_ES,598,61951,23,2791,64765,134486,27757,Sí
2018,8,CHIHUAHUA,14,CUAUHTEMOC,PT_MORENA,318,61951,23,2791,64765,134486,25808,Sí
2018,8,CHIHUAHUA,14,CUAUHTEMOC,PT_ES,48,61951,23,2791,64765,134486,3911,Sí
2018,8,CHIHUAHUA,14,CUAUHTEMOC,MORENA_ES,210,61951,23,2791,64765,134486,25175,Sí
2018,8,CHIHUAHUA,15,CHIHUAHUA,PAN,50385,94872,91,3216,98179,142731,50385,No
2018,8,CHIHUAHUA,15,CHIHUAHUA,PRI,13702,94872,91,3216,98179,142731,13702,No
2018,8,CHIHUAHUA,15,CHIHUAHUA,PRD,871,94872,91,3216,98179,142731,871,No
2018,8,CHIHUAHUA,15,CHIHUAHUA,PVEM,3003,94872,91,3216,98179,142731,3003,No
2018,8,CHIHUAHUA,15,CHIHUAHUA,PT,1481,94872,91,3216,98179,142731,1481,No
2018,8,CHIHUAHUA,15,CHIHUAHUA,MC,1779,94872,91,3216,98179,142731,1779,No
2018,8,CHIHUAHUA,15,CHIHUAHUA,NUAL,2559,94872,91,3216,98179,142731,2559,No
2018,8,CHIHUAHUA,15,CHIHUAHUA,MORENA,18253,94872,91,3216,98179,142731,18253,No
2018,8,CHIHUAHUA,15,CHIHUAHUA,ES,1925,94872,91,3216,98179,142731,1925,No
2018,8,CHIHUAHUA,15,CHIHUAHUA,PAN_MC,377,94872,91,3216,98179,142731,52541,Sí
2018,8,CHIHUAHUA,15,CHIHUAHUA,PT_MORENA_ES,318,94872,91,3216,98179,142731,21977,Sí
2018,8,CHIHUAHUA,15,CHIHUAHUA,PT_MORENA,128,94872,91,3216,98179,142731,19862,Sí
2018,8,CHIHUAHUA,15,CHIHUAHUA,PT_ES,7,94872,91,3216,98179,142731,3413,Sí
2018,8,CHIHUAHUA,15,CHIHUAHUA,MORENA_ES,84,94872,91,3216,98179,142731,20262,Sí
2018,8,CHIHUAHUA,16,CHIHUAHUA,PAN,38465,83343,84,3615,87042,142138,38465,No
2018,8,CHIHUAHUA,16,CHIHUAHUA,PRI,12832,83343,84,3615,87042,142138,12832,No
2018,8,CHIHUAHUA,16,CHIHUAHUA,PRD,876,83343,84,3615,87042,142138,876,No
2018,8,CHIHUAHUA,16,CHIHUAHUA,PVEM,3208,83343,84,3615,87042,142138,3208,No
2018,8,CHIHUAHUA,16,CHIHUAHUA,PT,2063,83343,84,3615,87042,142138,2063,No
2018,8,CHIHUAHUA,16,CHIHUAHUA,MC,2120,83343,84,3615,87042,142138,2120,No
2018,8,CHIHUAHUA,16,CHIHUAHUA,NUAL,2092,83343,84,3615,87042,142138,2092,No
2018,8,CHIHUAHUA,16,CHIHUAHUA,MORENA,18986,83343,84,3615,87042,142138,18986,No
2018,8,CHIHUAHUA,16,CHIHUAHUA,ES,1932,83343,84,3615,87042,142138,1932,No
2018,8,CHIHUAHUA,16,CHIHUAHUA,PT_MORENA_ES,435,83343,84,3615,87042,142138,23416,Sí
2018,8,CHIHUAHUA,16,CHIHUAHUA,PT_MORENA,197,83343,84,3615,87042,142138,21246,Sí
2018,8,CHIHUAHUA,16,CHIHUAHUA,PT_ES,21,83343,84,3615,87042,142138,4016,Sí
2018,8,CHIHUAHUA,16,CHIHUAHUA,MORENA_ES,116,83343,84,3615,87042,142138,21034,Sí
2018,8,CHIHUAHUA,17,CHIHUAHUA,PAN,27380,71866,83,2872,74821,132896,27380,No
2018,8,CHIHUAHUA,17,CHIHUAHUA,PRI,9683,71866,83,2872,74821,132896,9683,No
2018,8,CHIHUAHUA,17,CHIHUAHUA,PRD,1926,71866,83,2872,74821,132896,1926,No
2018,8,CHIHUAHUA,17,CHIHUAHUA,PVEM,3038,71866,83,2872,74821,132896,3038,No
2018,8,CHIHUAHUA,17,CHIHUAHUA,PT,2284,71866,83,2872,74821,132896,2284,No
2018,8,CHIHUAHUA,17,CHIHUAHUA,MC,1513,71866,83,2872,74821,132896,1513,No
2018,8,CHIHUAHUA,17,CHIHUAHUA,NUAL,3907,71866,83,2872,74821,132896,3907,No
2018,8,CHIHUAHUA,17,CHIHUAHUA,MORENA,19228,71866,83,2872,74821,132896,19228,No
2018,8,CHIHUAHUA,17,CHIHUAHUA,ES,1862,71866,83,2872,74821,132896,1862,No
2018,8,CHIHUAHUA,17,CHIHUAHUA,PAN_MC,227,71866,83,2872,74821,132896,29120,Sí
2018,8,CHIHUAHUA,17,CHIHUAHUA,PT_MORENA_ES,456,71866,83,2872,74821,132896,23830,Sí
2018,8,CHIHUAHUA,17,CHIHUAHUA,PT_MORENA,218,71866,83,2872,74821,132896,21730,Sí
2018,8,CHIHUAHUA,17,CHIHUAHUA,PT_ES,18,71866,83,2872,74821,132896,4164,Sí
2018,8,CHIHUAHUA,17,CHIHUAHUA,MORENA_ES,126,71866,83,2872,74821,132896,21216,Sí
2018,8,CHIHUAHUA,18,CHIHUAHUA,PAN,24613,66199,42,3379,69620,134109,24613,No
2018,8,CHIHUAHUA,18,CHIHUAHUA,PRI,11888,66199,42,3379,69620,134109,11888,No
2018,8,CHIHUAHUA,18,CHIHUAHUA,PRD,1168,66199,42,3379,69620,134109,1168,No
2018,8,CHIHUAHUA,18,CHIHUAHUA,PVEM,2791,66199,42,3379,69620,134109,2791,No
2018,8,CHIHUAHUA,18,CHIHUAHUA,PT,2339,66199,42,3379,69620,134109,2339,No
2018,8,CHIHUAHUA,18,CHIHUAHUA,MC,1392,66199,42,3379,69620,134109,1392,No
2018,8,CHIHUAHUA,18,CHIHUAHUA,NUAL,1915,66199,42,3379,69620,134109,1915,No
2018,8,CHIHUAHUA,18,CHIHUAHUA,MORENA,17216,66199,42,3379,69620,134109,17216,No
2018,8,CHIHUAHUA,18,CHIHUAHUA,ES,1783,66199,42,3379,69620,134109,1783,No
2018,8,CHIHUAHUA,18,CHIHUAHUA,PAN_MC,229,66199,42,3379,69620,134109,26234,Sí
2018,8,CHIHUAHUA,18,CHIHUAHUA,PT_MORENA_ES,470,66199,42,3379,69620,134109,21808,Sí
2018,8,CHIHUAHUA,18,CHIHUAHUA,PT_MORENA,242,66199,42,3379,69620,134109,19797,Sí
2018,8,CHIHUAHUA,18,CHIHUAHUA,PT_ES,17,66199,42,3379,69620,134109,4139,Sí
2018,8,CHIHUAHUA,18,CHIHUAHUA,MORENA_ES,136,66199,42,3379,69620,134109,19135,Sí
2018,8,CHIHUAHUA,19,DELICIAS,PAN,22632,68619,34,2731,71384,126443,22632,No
2018,8,CHIHUAHUA,19,DELICIAS,PRI,14504,68619,34,2731,71384,126443,14504,No
2018,8,CHIHUAHUA,19,DELICIAS,PRD,1980,68619,34,2731,71384,126443,1980,No
2018,8,CHIHUAHUA,19,DELICIAS,PVEM,1768,68619,34,2731,71384,126443,1768,No
2018,8,CHIHUAHUA,19,DELICIAS,PT,3006,68619,34,2731,71384,126443,3006,No
2018,8,CHIHUAHUA,19,DELICIAS,MC,1176,68619,34,2731,71384,126443,1176,No
2018,8,CHIHUAHUA,19,DELICIAS,NUAL,2479,68619,34,2731,71384,126443,2479,No
2018,8,CHIHUAHUA,19,DELICIAS,MORENA,18390,68619,34,2731,71384,126443,18390,No
2018,8,CHIHUAHUA,19,DELICIAS,ES,1522,68619,34,2731,71384,126443,1522,No
2018,8,CHIHUAHUA,19,DELICIAS,PAN_MC,233,68619,34,2731,71384,126443,24041,Sí
2018,8,CHIHUAHUA,19,DELICIAS,PT_MORENA_ES,497,68619,34,2731,71384,126443,23415,Sí
2018,8,CHIHUAHUA,19,DELICIAS,PT_MORENA,328,68619,34,2731,71384,126443,21724,Sí
2018,8,CHIHUAHUA,19,DELICIAS,PT_ES,21,68619,34,2731,71384,126443,4549,Sí
2018,8,CHIHUAHUA,19,DELICIAS,MORENA_ES,83,68619,34,2731,71384,126443,19995,Sí
2018,8,CHIHUAHUA,2,JUAREZ,PAN,4249,43566,45,2057,45668,106457,4249,No
2018,8,CHIHUAHUA,2,JUAREZ,PRI,6073,43566,45,2057,45668,106457,6073,No
2018,8,CHIHUAHUA,2,JUAREZ,PRD,598,43566,45,2057,45668,106457,598,No
2018,8,CHIHUAHUA,2,JUAREZ,PVEM,2025,43566,45,2057,45668,106457,2025,No
2018,8,CHIHUAHUA,2,JUAREZ,PT,2039,43566,45,2057,45668,106457,2039,No
2018,8,CHIHUAHUA,2,JUAREZ,MC,1107,43566,45,2057,45668,106457,1107,No
2018,8,CHIHUAHUA,2,JUAREZ,NUAL,2500,43566,45,2057,45668,106457,2500,No
2018,8,CHIHUAHUA,2,JUAREZ,MORENA,15189,43566,45,2057,45668,106457,15189,No
2018,8,CHIHUAHUA,2,JUAREZ,ES,1322,43566,45,2057,45668,106457,1322,No
2018,8,CHIHUAHUA,2,JUAREZ,PAN_MC,48,43566,45,2057,45668,106457,5404,Sí
2018,8,CHIHUAHUA,2,JUAREZ,PT_MORENA_ES,362,43566,45,2057,45668,106457,18912,Sí
2018,8,CHIHUAHUA,2,JUAREZ,PT_MORENA,176,43566,45,2057,45668,106457,17404,Sí
2018,8,CHIHUAHUA,2,JUAREZ,PT_ES,26,43566,45,2057,45668,106457,3387,Sí
2018,8,CHIHUAHUA,2,JUAREZ,MORENA_ES,122,43566,45,2057,45668,106457,16633,Sí
2018,8,CHIHUAHUA,2,JUAREZ,Candidatura Independiente,7730,43566,45,2057,45668,106457,7730,No
2018,8,CHIHUAHUA,20,CAMARGO,PAN,24601,64737,6,2926,67669,111178,24601,No
2018,8,CHIHUAHUA,20,CAMARGO,PRI,17386,64737,6,2926,67669,111178,17386,No
2018,8,CHIHUAHUA,20,CAMARGO,PRD,1316,64737,6,2926,67669,111178,1316,No
2018,8,CHIHUAHUA,20,CAMARGO,PVEM,1269,64737,6,2926,67669,111178,1269,No
2018,8,CHIHUAHUA,20,CAMARGO,PT,2175,64737,6,2926,67669,111178,2175,No
2018,8,CHIHUAHUA,20,CAMARGO,MC,965,64737,6,2926,67669,111178,965,No
2018,8,CHIHUAHUA,20,CAMARGO,NUAL,6424,64737,6,2926,67669,111178,6424,No
2018,8,CHIHUAHUA,20,CAMARGO,MORENA,9502,64737,6,2926,67669,111178,9502,No
2018,8,CHIHUAHUA,20,CAMARGO,ES,510,64737,6,2926,67669,111178,510,No
2018,8,CHIHUAHUA,20,CAMARGO,PAN_MC,242,64737,6,2926,67669,111178,25808,Sí
2018,8,CHIHUAHUA,20,CAMARGO,PT_MORENA_ES,147,64737,6,2926,67669,111178,12334,Sí
2018,8,CHIHUAHUA,20,CAMARGO,PT_MORENA,130,64737,6,2926,67669,111178,11807,Sí
2018,8,CHIHUAHUA,20,CAMARGO,PT_ES,13,64737,6,2926,67669,111178,2698,Sí
2018,8,CHIHUAHUA,20,CAMARGO,MORENA_ES,57,64737,6,2926,67669,111178,10069,Sí
2018,8,CHIHUAHUA,21,HIDALGO DEL PARRAL,PAN,23064,77474,66,4631,82171,132189,23064,No
2018,8,CHIHUAHUA,21,HIDALGO DEL PARRAL,PRI,20074,77474,66,4631,82171,132189,20074,No
2018,8,CHIHUAHUA,21,HIDALGO DEL PARRAL,PRD,3811,77474,66,4631,82171,132189,3811,No
2018,8,CHIHUAHUA,21,HIDALGO DEL PARRAL,PVEM,4255,77474,66,4631,82171,132189,4255,No
2018,8,CHIHUAHUA,21,HIDALGO DEL PARRAL,PT,1318,77474,66,4631,82171,132189,1318,No
2018,8,CHIHUAHUA,21,HIDALGO DEL PARRAL,MC,6087,77474,66,4631,82171,132189,6087,No
2018,8,CHIHUAHUA,21,HIDALGO DEL PARRAL,NUAL,4761,77474,66,4631,82171,132189,4761,No
2018,8,CHIHUAHUA,21,HIDALGO DEL PARRAL,MORENA,12222,77474,66,4631,82171,132189,12222,No
2018,8,CHIHUAHUA,21,HIDALGO DEL PARRAL,ES,1301,77474,66,4631,82171,132189,1301,No
2018,8,CHIHUAHUA,21,HIDALGO DEL PARRAL,PAN_MC,259,77474,66,4631,82171,132189,29410,Sí
2018,8,CHIHUAHUA,21,HIDALGO DEL PARRAL,PT_MORENA_ES,125,77474,66,4631,82171,132189,14966,Sí
2018,8,CHIHUAHUA,21,HIDALGO DEL PARRAL,PT_MORENA,105,77474,66,4631,82171,132189,13645,Sí
2018,8,CHIHUAHUA,21,HIDALGO DEL PARRAL,PT_ES,10,77474,66,4631,82171,132189,2629,Sí
2018,8,CHIHUAHUA,21,HIDALGO DEL PARRAL,MORENA_ES,82,77474,66,4631,82171,132189,13605,Sí
2018,8,CHIHUAHUA,22,GUACHOCHI,PAN,17584,60085,8,7386,67479,113061,17584,No
2018,8,CHIHUAHUA,22,GUACHOCHI,PRI,25108,60085,8,7386,67479,113061,25108,No
2018,8,CHIHUAHUA,22,GUACHOCHI,PRD,607,60085,8,7386,67479,113061,607,No
2018,8,CHIHUAHUA,22,GUACHOCHI,PVEM,2581,60085,8,7386,67479,113061,2581,No
2018,8,CHIHUAHUA,22,GUACHOCHI,PT,957,60085,8,7386,67479,113061,957,No
2018,8,CHIHUAHUA,22,GUACHOCHI,MC,795,60085,8,7386,67479,113061,795,No
2018,8,CHIHUAHUA,22,GUACHOCHI,NUAL,2391,60085,8,7386,67479,113061,2391,No
2018,8,CHIHUAHUA,22,GUACHOCHI,MORENA,9405,60085,8,7386,67479,113061,9405,No
2018,8,CHIHUAHUA,22,GUACHOCHI,ES,454,60085,8,7386,67479,113061,454,No
2018,8,CHIHUAHUA,22,GUACHOCHI,PAN_MC,203,60085,8,7386,67479,113061,18582,Sí
2018,8,CHIHUAHUA,3,JUAREZ,PAN,6994,46490,117,3182,49789,117722,6994,No
2018,8,CHIHUAHUA,3,JUAREZ,PRI,9238,46490,117,3182,49789,117722,9238,No
2018,8,CHIHUAHUA,3,JUAREZ,PRD,1197,46490,117,3182,49789,117722,1197,No
2018,8,CHIHUAHUA,3,JUAREZ,PVEM,2625,46490,117,3182,49789,117722,2625,No
2018,8,CHIHUAHUA,3,JUAREZ,PT,2127,46490,117,3182,49789,117722,2127,No
2018,8,CHIHUAHUA,3,JUAREZ,MC,1674,46490,117,3182,49789,117722,1674,No
2018,8,CHIHUAHUA,3,JUAREZ,NUAL,1607,46490,117,3182,49789,117722,1607,No
2018,8,CHIHUAHUA,3,JUAREZ,MORENA,17727,46490,117,3182,49789,117722,17727,No
2018,8,CHIHUAHUA,3,JUAREZ,ES,2240,46490,117,3182,49789,117722,2240,No
2018,8,CHIHUAHUA,3,JUAREZ,PAN_MC,108,46490,117,3182,49789,117722,8776,Sí
2018,8,CHIHUAHUA,3,JUAREZ,PT_MORENA_ES,465,46490,117,3182,49789,117722,22559,Sí
2018,8,CHIHUAHUA,3,JUAREZ,PT_MORENA,243,46490,117,3182,49789,117722,20097,Sí
2018,8,CHIHUAHUA,3,JUAREZ,PT_ES,31,46490,117,3182,49789,117722,4398,Sí
2018,8,CHIHUAHUA,3,JUAREZ,MORENA_ES,214,46490,117,3182,49789,117722,20181,Sí
2018,8,CHIHUAHUA,4,JUAREZ,PAN,13319,61399,128,2756,64283,132223,13319,No
2018,8,CHIHUAHUA,4,JUAREZ,PRI,8462,61399,128,2756,64283,132223,8462,No
2018,8,CHIHUAHUA,4,JUAREZ,PRD,753,61399,128,2756,64283,132223,753,No
2018,8,CHIHUAHUA,4,JUAREZ,PVEM,3239,61399,128,2756,64283,132223,3239,No
2018,8,CHIHUAHUA,4,JUAREZ,PT,1544,61399,128,2756,64283,132223,1544,No
2018,8,CHIHUAHUA,4,JUAREZ,MC,1247,61399,128,2756,64283,132223,1247,No
2018,8,CHIHUAHUA,4,JUAREZ,NUAL,1639,61399,128,2756,64283,132223,1639,No
2018,8,CHIHUAHUA,4,JUAREZ,MORENA,17438,61399,128,2756,64283,132223,17438,No
2018,8,CHIHUAHUA,4,JUAREZ,ES,1259,61399,128,2756,64283,132223,1259,No
2018,8,CHIHUAHUA,4,JUAREZ,PAN_MC,111,61399,128,2756,64283,132223,14677,Sí
2018,8,CHIHUAHUA,4,JUAREZ,PT_MORENA_ES,364,61399,128,2756,64283,132223,20605,Sí
2018,8,CHIHUAHUA,4,JUAREZ,PT_MORENA,155,61399,128,2756,64283,132223,19137,Sí
2018,8,CHIHUAHUA,4,JUAREZ,PT_ES,21,61399,128,2756,64283,132223,2824,Sí
2018,8,CHIHUAHUA,4,JUAREZ,MORENA_ES,155,61399,128,2756,64283,132223,18852,Sí
2018,8,CHIHUAHUA,4,JUAREZ,Candidatura Independiente,11693,61399,128,2756,64283,132223,11693,No
2018,8,CHIHUAHUA,5,JUAREZ,PAN,22966,74963,58,2158,77179,131585,22966,No
2018,8,CHIHUAHUA,5,JUAREZ,PRI,7245,74963,58,2158,77179,131585,7245,No
2018,8,CHIHUAHUA,5,JUAREZ,PRD,628,74963,58,2158,77179,131585,628,No
2018,8,CHIHUAHUA,5,JUAREZ,PVEM,3022,74963,58,2158,77179,131585,3022,No
2018,8,CHIHUAHUA,5,JUAREZ,PT,1461,74963,58,2158,77179,131585,1461,No
2018,8,CHIHUAHUA,5,JUAREZ,MC,1724,74963,58,2158,77179,131585,1724,No
2018,8,CHIHUAHUA,5,JUAREZ,NUAL,1974,74963,58,2158,77179,131585,1974,No
2018,8,CHIHUAHUA,5,JUAREZ,MORENA,21799,74963,58,2158,77179,131585,21799,No
2018,8,CHIHUAHUA,5,JUAREZ,ES,1536,74963,58,2158,77179,131585,1536,No
2018,8,CHIHUAHUA,5,JUAREZ,PAN_MC,169,74963,58,2158,77179,131585,24859,Sí
2018,8,CHIHUAHUA,5,JUAREZ,PT_MORENA_ES,357,74963,58,2158,77179,131585,25153,Sí
2018,8,CHIHUAHUA,5,JUAREZ,PT_MORENA,125,74963,58,2158,77179,131585,23385,Sí
2018,8,CHIHUAHUA,5,JUAREZ,PT_ES,10,74963,58,2158,77179,131585,3007,Sí
2018,8,CHIHUAHUA,5,JUAREZ,MORENA_ES,94,74963,58,2158,77179,131585,23429,Sí
2018,8,CHIHUAHUA,5,JUAREZ,Candidatura Independiente,11853,74963,58,2158,77179,131585,11853,No
2018,8,CHIHUAHUA,6,JUAREZ,PAN,10054,57522,159,3659,61340,124694,10054,No
2018,8,CHIHUAHUA,6,JUAREZ,PRI,8687,57522,159,3659,61340,124694,8687,No
2018,8,CHIHUAHUA,6,JUAREZ,PRD,878,57522,159,3659,61340,124694,878,No
2018,8,CHIHUAHUA,6,JUAREZ,PVEM,4141,57522,159,3659,61340,124694,4141,No
2018,8,CHIHUAHUA,6,JUAREZ,PT,3938,57522,159,3659,61340,124694,3938,No
2018,8,CHIHUAHUA,6,JUAREZ,MC,1909,57522,159,3659,61340,124694,1909,No
2018,8,CHIHUAHUA,6,JUAREZ,NUAL,2323,57522,159,3659,61340,124694,2323,No
2018,8,CHIHUAHUA,6,JUAREZ,MORENA,21925,57522,159,3659,61340,124694,21925,No
2018,8,CHIHUAHUA,6,JUAREZ,ES,2503,57522,159,3659,61340,124694,2503,No
2018,8,CHIHUAHUA,6,JUAREZ,PAN_MC,82,57522,159,3659,61340,124694,12045,Sí
2018,8,CHIHUAHUA,6,JUAREZ,PT_MORENA_ES,501,57522,159,3659,61340,124694,28867,Sí
2018,8,CHIHUAHUA,6,JUAREZ,PT_MORENA,290,57522,159,3659,61340,124694,26153,Sí
2018,8,CHIHUAHUA,6,JUAREZ,PT_ES,49,57522,159,3659,61340,124694,6490,Sí
2018,8,CHIHUAHUA,6,JUAREZ,MORENA_ES,242,57522,159,3659,61340,124694,24670,Sí
2018,8,CHIHUAHUA,7,JUAREZ,PAN,7651,59154,52,2432,61638,120765,7651,No
2018,8,CHIHUAHUA,7,JUAREZ,PRI,6093,59154,52,2432,61638,120765,6093,No
2018,8,CHIHUAHUA,7,JUAREZ,PRD,777,59154,52,2432,61638,120765,777,No
2018,8,CHIHUAHUA,7,JUAREZ,PVEM,2604,59154,52,2432,61638,120765,2604,No
2018,8,CHIHUAHUA,7,JUAREZ,PT,2145,59154,52,2432,61638,120765,2145,No
2018,8,CHIHUAHUA,7,JUAREZ,MC,1476,59154,52,2432,61638,120765,1476,No
2018,8,CHIHUAHUA,7,JUAREZ,NUAL,2055,59154,52,2432,61638,120765,2055,No
2018,8,CHIHUAHUA,7,JUAREZ,MORENA,21582,59154,52,2432,61638,120765,21582,No
2018,8,CHIHUAHUA,7,JUAREZ,ES,1632,59154,52,2432,61638,120765,1632,No
2018,8,CHIHUAHUA,7,JUAREZ,PAN_MC,50,59154,52,2432,61638,120765,9177,Sí
2018,8,CHIHUAHUA,7,JUAREZ,PT_MORENA_ES,409,59154,52,2432,61638,120765,25768,Sí
2018,8,CHIHUAHUA,7,JUAREZ,PT_MORENA,171,59154,52,2432,61638,120765,23898,Sí
2018,8,CHIHUAHUA,7,JUAREZ,PT_ES,25,59154,52,2432,61638,120765,3802,Sí
2018,8,CHIHUAHUA,7,JUAREZ,MORENA_ES,253,59154,52,2432,61638,120765,23467,Sí
2018,8,CHIHUAHUA,7,JUAREZ,Candidatura Independiente,12231,59154,52,2432,61638,120765,12231,No
2018,8,CHIHUAHUA,8,JUAREZ,PAN,5616,52261,88,2183,54532,119779,5616,No
2018,8,CHIHUAHUA,8,JUAREZ,PRI,5834,52261,88,2183,54532,119779,5834,No
2018,8,CHIHUAHUA,8,JUAREZ,PRD,680,52261,88,2183,54532,119779,680,No
2018,8,CHIHUAHUA,8,JUAREZ,PVEM,2475,52261,88,2183,54532,119779,2475,No
2018,8,CHIHUAHUA,8,JUAREZ,PT,1873,52261,88,2183,54532,119779,1873,No
2018,8,CHIHUAHUA,8,JUAREZ,MC,1261,52261,88,2183,54532,119779,1261,No
2018,8,CHIHUAHUA,8,JUAREZ,NUAL,1872,52261,88,2183,54532,119779,1872,No
2018,8,CHIHUAHUA,8,JUAREZ,MORENA,21809,52261,88,2183,54532,119779,21809,No
2018,8,CHIHUAHUA,8,JUAREZ,ES,1738,52261,88,2183,54532,119779,1738,No
2018,8,CHIHUAHUA,8,JUAREZ,PAN_MC,54,52261,88,2183,54532,119779,6931,Sí
2018,8,CHIHUAHUA,8,JUAREZ,PT_MORENA_ES,425,52261,88,2183,54532,119779,25845,Sí
2018,8,CHIHUAHUA,8,JUAREZ,PT_MORENA,160,52261,88,2183,54532,119779,23842,Sí
2018,8,CHIHUAHUA,8,JUAREZ,PT_ES,22,52261,88,2183,54532,119779,3633,Sí
2018,8,CHIHUAHUA,8,JUAREZ,MORENA_ES,146,52261,88,2183,54532,119779,23693,Sí
2018,8,CHIHUAHUA,8,JUAREZ,Candidatura Independiente,8296,52261,88,2183,54532,119779,8296,No
2018,8,CHIHUAHUA,9,JUAREZ,PAN,5439,52730,41,1810,54581,106886,5439,No
2018,8,CHIHUAHUA,9,JUAREZ,PRI,4319,52730,41,1810,54581,106886,4319,No
2018,8,CHIHUAHUA,9,JUAREZ,PRD,645,52730,41,1810,54581,106886,645,No
2018,8,CHIHUAHUA,9,JUAREZ,PVEM,2670,52730,41,1810,54581,106886,2670,No
2018,8,CHIHUAHUA,9,JUAREZ,PT,1685,52730,41,1810,54581,106886,1685,No
2018,8,CHIHUAHUA,9,JUAREZ,MC,1218,52730,41,1810,54581,106886,1218,No
2018,8,CHIHUAHUA,9,JUAREZ,NUAL,1310,52730,41,1810,54581,106886,1310,No
2018,8,CHIHUAHUA,9,JUAREZ,MORENA,19395,52730,41,1810,54581,106886,19395,No
2018,8,CHIHUAHUA,9,JUAREZ,ES,1306,52730,41,1810,54581,106886,1306,No
2018,8,CHIHUAHUA,9,JUAREZ,PAN_MC,45,52730,41,1810,54581,106886,6702,Sí
2018,8,CHIHUAHUA,9,JUAREZ,PT_MORENA_ES,355,52730,41,1810,54581,106886,22741,Sí
2018,8,CHIHUAHUA,9,JUAREZ,PT_MORENA,119,52730,41,1810,54581,106886,21199,Sí
2018,8,CHIHUAHUA,9,JUAREZ,PT_ES,15,52730,41,1810,54581,106886,3006,Sí
2018,8,CHIHUAHUA,9,JUAREZ,MORENA_ES,179,52730,41,1810,54581,106886,20880,Sí
2018,8,CHIHUAHUA,9,JUAREZ,Candidatura Independiente,14030,52730,41,1810,54581,106886,14030,No
2018,9,CIUDAD DE MEXICO,1,GUSTAVO A MADERO,PAN,10145,147528,276,5054,152858,229079,10145,No
2018,9,CIUDAD DE MEXICO,1,GUSTAVO A MADERO,PRI,8108,147528,276,5054,152858,229079,8108,No
2018,9,CIUDAD DE MEXICO,1,GUSTAVO A MADERO,PRD,23207,147528,276,5054,152858,229079,23207,No
2018,9,CIUDAD DE MEXICO,1,GUSTAVO A MADERO,PVEM,5294,147528,276,5054,152858,229079,5294,No
2018,9,CIUDAD DE MEXICO,1,GUSTAVO A MADERO,PT,3919,147528,276,5054,152858,229079,3919,No
2018,9,CIUDAD DE MEXICO,1,GUSTAVO A MADERO,MC,2647,147528,276,5054,152858,229079,2647,No
2018,9,CIUDAD DE MEXICO,1,GUSTAVO A MADERO,NUAL,1875,147528,276,5054,152858,229079,1875,No
2018,9,CIUDAD DE MEXICO,1,GUSTAVO A MADERO,MORENA,75130,147528,276,5054,152858,229079,75130,No
2018,9,CIUDAD DE MEXICO,1,GUSTAVO A MADERO,ES,3287,147528,276,5054,152858,229079,3287,No
2018,9,CIUDAD DE MEXICO,1,GUSTAVO A MADERO,PH,2155,147528,276,5054,152858,229079,2155,No
2018,9,CIUDAD DE MEXICO,1,GUSTAVO A MADERO,C_COMUN_PT_MORENA_ES,3900,147528,276,5054,152858,229079,86236,Sí
2018,9,CIUDAD DE MEXICO,1,GUSTAVO A MADERO,PT_MORENA,831,147528,276,5054,152858,229079,79880,Sí
2018,9,CIUDAD DE MEXICO,1,GUSTAVO A MADERO,PT_ES,128,147528,276,5054,152858,229079,7334,Sí
2018,9,CIUDAD DE MEXICO,1,GUSTAVO A MADERO,MORENA_ES,584,147528,276,5054,152858,229079,79001,Sí
2018,9,CIUDAD DE MEXICO,1,GUSTAVO A MADERO,PAN_PRD_MC,1106,147528,276,5054,152858,229079,37105,Sí
2018,9,CIUDAD DE MEXICO,1,GUSTAVO A MADERO,PAN_PRD,394,147528,276,5054,152858,229079,33746,Sí
2018,9,CIUDAD DE MEXICO,1,GUSTAVO A MADERO,PAN_MC,72,147528,276,5054,152858,229079,12864,Sí
2018,9,CIUDAD DE MEXICO,1,GUSTAVO A MADERO,PRD_MC,188,147528,276,5054,152858,229079,26042,Sí
2018,9,CIUDAD DE MEXICO,1,GUSTAVO A MADERO,Candidatura Independiente,4558,147528,276,5054,152858,229079,4558,No
2018,9,CIUDAD DE MEXICO,10,VENUSTIANO CARRANZA,PAN,19813,171142,136,5673,176951,253634,19813,No
2018,9,CIUDAD DE MEXICO,10,VENUSTIANO CARRANZA,PRI,17741,171142,136,5673,176951,253634,17741,No
2018,9,CIUDAD DE MEXICO,10,VENUSTIANO CARRANZA,PRD,36377,171142,136,5673,176951,253634,36377,No
2018,9,CIUDAD DE MEXICO,10,VENUSTIANO CARRANZA,PVEM,6543,171142,136,5673,176951,253634,6543,No
2018,9,CIUDAD DE MEXICO,10,VENUSTIANO CARRANZA,PT,3616,171142,136,5673,176951,253634,3616,No
2018,9,CIUDAD DE MEXICO,10,VENUSTIANO CARRANZA,MC,3598,171142,136,5673,176951,253634,3598,No
2018,9,CIUDAD DE MEXICO,10,VENUSTIANO CARRANZA,NUAL,2591,171142,136,5673,176951,253634,2591,No
2018,9,CIUDAD DE MEXICO,10,VENUSTIANO CARRANZA,MORENA,68401,171142,136,5673,176951,253634,68401,No
2018,9,CIUDAD DE MEXICO,10,VENUSTIANO CARRANZA,ES,3427,171142,136,5673,176951,253634,3427,No
2018,9,CIUDAD DE MEXICO,10,VENUSTIANO CARRANZA,PH,3161,171142,136,5673,176951,253634,3161,No
2018,9,CIUDAD DE MEXICO,10,VENUSTIANO CARRANZA,C_COMUN_PT_MORENA_ES,2507,171142,136,5673,176951,253634,77951,Sí
2018,9,CIUDAD DE MEXICO,10,VENUSTIANO CARRANZA,PT_MORENA,709,171142,136,5673,176951,253634,72726,Sí
2018,9,CIUDAD DE MEXICO,10,VENUSTIANO CARRANZA,PT_ES,50,171142,136,5673,176951,253634,7093,Sí
2018,9,CIUDAD DE MEXICO,10,VENUSTIANO CARRANZA,MORENA_ES,433,171142,136,5673,176951,253634,72261,Sí
2018,9,CIUDAD DE MEXICO,10,VENUSTIANO CARRANZA,PAN_PRD_MC,1412,171142,136,5673,176951,253634,61200,Sí
2018,9,CIUDAD DE MEXICO,10,VENUSTIANO CARRANZA,PAN_PRD,538,171142,136,5673,176951,253634,56728,Sí
2018,9,CIUDAD DE MEXICO,10,VENUSTIANO CARRANZA,PAN_MC,67,171142,136,5673,176951,253634,23478,Sí
2018,9,CIUDAD DE MEXICO,10,VENUSTIANO CARRANZA,PRD_MC,158,171142,136,5673,176951,253634,40133,Sí
2018,9,CIUDAD DE MEXICO,11,IZTACALCO,PAN,17301,174937,167,5702,180806,255995,17301,No
2018,9,CIUDAD DE MEXICO,11,IZTACALCO,PRI,14014,174937,167,5702,180806,255995,14014,No
2018,9,CIUDAD DE MEXICO,11,IZTACALCO,PRD,31953,174937,167,5702,180806,255995,31953,No
2018,9,CIUDAD DE MEXICO,11,IZTACALCO,PVEM,6599,174937,167,5702,180806,255995,6599,No
2018,9,CIUDAD DE MEXICO,11,IZTACALCO,PT,4119,174937,167,5702,180806,255995,4119,No
2018,9,CIUDAD DE MEXICO,11,IZTACALCO,MC,3619,174937,167,5702,180806,255995,3619,No
2018,9,CIUDAD DE MEXICO,11,IZTACALCO,NUAL,2284,174937,167,5702,180806,255995,2284,No
2018,9,CIUDAD DE MEXICO,11,IZTACALCO,MORENA,82452,174937,167,5702,180806,255995,82452,No
2018,9,CIUDAD DE MEXICO,11,IZTACALCO,ES,3611,174937,167,5702,180806,255995,3611,No
2018,9,CIUDAD DE MEXICO,11,IZTACALCO,PH,3065,174937,167,5702,180806,255995,3065,No
2018,9,CIUDAD DE MEXICO,11,IZTACALCO,C_COMUN_PT_MORENA_ES,2713,174937,167,5702,180806,255995,92895,Sí
2018,9,CIUDAD DE MEXICO,11,IZTACALCO,PT_MORENA,657,174937,167,5702,180806,255995,87228,Sí
2018,9,CIUDAD DE MEXICO,11,IZTACALCO,PT_ES,79,174937,167,5702,180806,255995,7809,Sí
2018,9,CIUDAD DE MEXICO,11,IZTACALCO,MORENA_ES,413,174937,167,5702,180806,255995,86476,Sí
2018,9,CIUDAD DE MEXICO,11,IZTACALCO,PAN_PRD_MC,1321,174937,167,5702,180806,255995,54194,Sí
2018,9,CIUDAD DE MEXICO,11,IZTACALCO,PAN_PRD,493,174937,167,5702,180806,255995,49747,Sí
2018,9,CIUDAD DE MEXICO,11,IZTACALCO,PAN_MC,75,174937,167,5702,180806,255995,20995,Sí
2018,9,CIUDAD DE MEXICO,11,IZTACALCO,PRD_MC,169,174937,167,5702,180806,255995,35741,Sí
2018,9,CIUDAD DE MEXICO,12,CUAUHTEMOC,PAN,31655,161934,288,5581,167803,247156,31655,No
2018,9,CIUDAD DE MEXICO,12,CUAUHTEMOC,PRI,19956,161934,288,5581,167803,247156,19956,No
2018,9,CIUDAD DE MEXICO,12,CUAUHTEMOC,PRD,7420,161934,288,5581,167803,247156,7420,No
2018,9,CIUDAD DE MEXICO,12,CUAUHTEMOC,PVEM,7170,161934,288,5581,167803,247156,7170,No
2018,9,CIUDAD DE MEXICO,12,CUAUHTEMOC,PT,3325,161934,288,5581,167803,247156,3325,No
2018,9,CIUDAD DE MEXICO,12,CUAUHTEMOC,MC,3233,161934,288,5581,167803,247156,3233,No
2018,9,CIUDAD DE MEXICO,12,CUAUHTEMOC,NUAL,2615,161934,288,5581,167803,247156,2615,No
2018,9,CIUDAD DE MEXICO,12,CUAUHTEMOC,MORENA,71177,161934,288,5581,167803,247156,71177,No
2018,9,CIUDAD DE MEXICO,12,CUAUHTEMOC,ES,2669,161934,288,5581,167803,247156,2669,No
2018,9,CIUDAD DE MEXICO,12,CUAUHTEMOC,PH,3442,161934,288,5581,167803,247156,3442,No
2018,9,CIUDAD DE MEXICO,12,CUAUHTEMOC,C_COMUN_PT_MORENA_ES,2528,161934,288,5581,167803,247156,79699,Sí
2018,9,CIUDAD DE MEXICO,12,CUAUHTEMOC,PT_MORENA,546,161934,288,5581,167803,247156,75048,Sí
2018,9,CIUDAD DE MEXICO,12,CUAUHTEMOC,PT_ES,47,161934,288,5581,167803,247156,6041,Sí
2018,9,CIUDAD DE MEXICO,12,CUAUHTEMOC,MORENA_ES,391,161934,288,5581,167803,247156,74237,Sí
2018,9,CIUDAD DE MEXICO,12,CUAUHTEMOC,PAN_PRD_MC,1035,161934,288,5581,167803,247156,43343,Sí
2018,9,CIUDAD DE MEXICO,12,CUAUHTEMOC,PAN_PRD,253,161934,288,5581,167803,247156,39328,Sí
2018,9,CIUDAD DE MEXICO,12,CUAUHTEMOC,PAN_MC,75,161934,288,5581,167803,247156,34963,Sí
2018,9,CIUDAD DE MEXICO,12,CUAUHTEMOC,PRD_MC,56,161934,288,5581,167803,247156,10709,Sí
2018,9,CIUDAD DE MEXICO,12,CUAUHTEMOC,Candidatura Independiente,4341,161934,288,5581,167803,247156,4341,No
2018,9,CIUDAD DE MEXICO,13,MIGUEL HIDALGO,PAN,50922,142052,128,4259,146439,205890,50922,No
2018,9,CIUDAD DE MEXICO,13,MIGUEL HIDALGO,PRI,17259,142052,128,4259,146439,205890,17259,No
2018,9,CIUDAD DE MEXICO,13,MIGUEL HIDALGO,PRD,4571,142052,128,4259,146439,205890,4571,No
2018,9,CIUDAD DE MEXICO,13,MIGUEL HIDALGO,PVEM,6110,142052,128,4259,146439,205890,6110,No
2018,9,CIUDAD DE MEXICO,13,MIGUEL HIDALGO,PT,2712,142052,128,4259,146439,205890,2712,No
2018,9,CIUDAD DE MEXICO,13,MIGUEL HIDALGO,MC,2737,142052,128,4259,146439,205890,2737,No
2018,9,CIUDAD DE MEXICO,13,MIGUEL HIDALGO,NUAL,1951,142052,128,4259,146439,205890,1951,No
2018,9,CIUDAD DE MEXICO,13,MIGUEL HIDALGO,MORENA,46911,142052,128,4259,146439,205890,46911,No
2018,9,CIUDAD DE MEXICO,13,MIGUEL HIDALGO,ES,2213,142052,128,4259,146439,205890,2213,No
2018,9,CIUDAD DE MEXICO,13,MIGUEL HIDALGO,PH,3178,142052,128,4259,146439,205890,3178,No
2018,9,CIUDAD DE MEXICO,13,MIGUEL HIDALGO,C_COMUN_PT_MORENA_ES,1450,142052,128,4259,146439,205890,53286,Sí
2018,9,CIUDAD DE MEXICO,13,MIGUEL HIDALGO,PT_MORENA,379,142052,128,4259,146439,205890,50002,Sí
2018,9,CIUDAD DE MEXICO,13,MIGUEL HIDALGO,PT_ES,32,142052,128,4259,146439,205890,4957,Sí
2018,9,CIUDAD DE MEXICO,13,MIGUEL HIDALGO,MORENA_ES,248,142052,128,4259,146439,205890,49372,Sí
2018,9,CIUDAD DE MEXICO,13,MIGUEL HIDALGO,PAN_PRD_MC,914,142052,128,4259,146439,205890,59144,Sí
2018,9,CIUDAD DE MEXICO,13,MIGUEL HIDALGO,PAN_PRD,300,142052,128,4259,146439,205890,55793,Sí
2018,9,CIUDAD DE MEXICO,13,MIGUEL HIDALGO,PAN_MC,105,142052,128,4259,146439,205890,53764,Sí
2018,9,CIUDAD DE MEXICO,13,MIGUEL HIDALGO,PRD_MC,60,142052,128,4259,146439,205890,7368,Sí
2018,9,CIUDAD DE MEXICO,14,TLALPAN,PAN,20717,144455,141,5198,149794,213327,20717,No
2018,9,CIUDAD DE MEXICO,14,TLALPAN,PRI,13305,144455,141,5198,149794,213327,13305,No
2018,9,CIUDAD DE MEXICO,14,TLALPAN,PRD,8986,144455,141,5198,149794,213327,8986,No
2018,9,CIUDAD DE MEXICO,14,TLALPAN,PVEM,6859,144455,141,5198,149794,213327,6859,No
2018,9,CIUDAD DE MEXICO,14,TLALPAN,PT,4184,144455,141,5198,149794,213327,4184,No
2018,9,CIUDAD DE MEXICO,14,TLALPAN,MC,3276,144455,141,5198,149794,213327,3276,No
2018,9,CIUDAD DE MEXICO,14,TLALPAN,NUAL,2285,144455,141,5198,149794,213327,2285,No
2018,9,CIUDAD DE MEXICO,14,TLALPAN,MORENA,73261,144455,141,5198,149794,213327,73261,No
2018,9,CIUDAD DE MEXICO,14,TLALPAN,ES,3105,144455,141,5198,149794,213327,3105,No
2018,9,CIUDAD DE MEXICO,14,TLALPAN,PH,3360,144455,141,5198,149794,213327,3360,No
2018,9,CIUDAD DE MEXICO,14,TLALPAN,C_COMUN_PT_MORENA_ES,2669,144455,141,5198,149794,213327,83219,Sí
2018,9,CIUDAD DE MEXICO,14,TLALPAN,PT_MORENA,683,144455,141,5198,149794,213327,78128,Sí
2018,9,CIUDAD DE MEXICO,14,TLALPAN,PT_ES,69,144455,141,5198,149794,213327,7358,Sí
2018,9,CIUDAD DE MEXICO,14,TLALPAN,MORENA_ES,438,144455,141,5198,149794,213327,76804,Sí
2018,9,CIUDAD DE MEXICO,14,TLALPAN,PAN_PRD_MC,883,144455,141,5198,149794,213327,33862,Sí
2018,9,CIUDAD DE MEXICO,14,TLALPAN,PAN_PRD,215,144455,141,5198,149794,213327,29918,Sí
2018,9,CIUDAD DE MEXICO,14,TLALPAN,PAN_MC,82,144455,141,5198,149794,213327,24075,Sí
2018,9,CIUDAD DE MEXICO,14,TLALPAN,PRD_MC,78,144455,141,5198,149794,213327,12340,Sí
2018,9,CIUDAD DE MEXICO,15,IZTACALCO,PAN,21088,175220,347,5785,181352,251947,21088,No
2018,9,CIUDAD DE MEXICO,15,IZTACALCO,PRI,15802,175220,347,5785,181352,251947,15802,No
2018,9,CIUDAD DE MEXICO,15,IZTACALCO,PRD,27678,175220,347,5785,181352,251947,27678,No
2018,9,CIUDAD DE MEXICO,15,IZTACALCO,PVEM,7088,175220,347,5785,181352,251947,7088,No
2018,9,CIUDAD DE MEXICO,15,IZTACALCO,PT,3813,175220,347,5785,181352,251947,3813,No
2018,9,CIUDAD DE MEXICO,15,IZTACALCO,MC,2900,175220,347,5785,181352,251947,2900,No
2018,9,CIUDAD DE MEXICO,15,IZTACALCO,NUAL,2255,175220,347,5785,181352,251947,2255,No
2018,9,CIUDAD DE MEXICO,15,IZTACALCO,MORENA,80083,175220,347,5785,181352,251947,80083,No
2018,9,CIUDAD DE MEXICO,15,IZTACALCO,ES,3148,175220,347,5785,181352,251947,3148,No
2018,9,CIUDAD DE MEXICO,15,IZTACALCO,PH,2782,175220,347,5785,181352,251947,2782,No
2018,9,CIUDAD DE MEXICO,15,IZTACALCO,C_COMUN_PT_MORENA_ES,2594,175220,347,5785,181352,251947,89638,Sí
2018,9,CIUDAD DE MEXICO,15,IZTACALCO,PT_MORENA,719,175220,347,5785,181352,251947,84615,Sí
2018,9,CIUDAD DE MEXICO,15,IZTACALCO,PT_ES,67,175220,347,5785,181352,251947,7028,Sí
2018,9,CIUDAD DE MEXICO,15,IZTACALCO,MORENA_ES,390,175220,347,5785,181352,251947,83621,Sí
2018,9,CIUDAD DE MEXICO,15,IZTACALCO,PAN_PRD_MC,1172,175220,347,5785,181352,251947,52838,Sí
2018,9,CIUDAD DE MEXICO,15,IZTACALCO,PAN_PRD,494,175220,347,5785,181352,251947,49260,Sí
2018,9,CIUDAD DE MEXICO,15,IZTACALCO,PAN_MC,77,175220,347,5785,181352,251947,24065,Sí
2018,9,CIUDAD DE MEXICO,15,IZTACALCO,PRD_MC,154,175220,347,5785,181352,251947,30732,Sí
2018,9,CIUDAD DE MEXICO,15,IZTACALCO,Candidatura Independiente,2916,175220,347,5785,181352,251947,2916,No
2018,9,CIUDAD DE MEXICO,16,TLALPAN,PAN,37382,168429,237,5899,174565,240022,37382,No
2018,9,CIUDAD DE MEXICO,16,TLALPAN,PRI,18211,168429,237,5899,174565,240022,18211,No
2018,9,CIUDAD DE MEXICO,16,TLALPAN,PRD,7620,168429,237,5899,174565,240022,7620,No
2018,9,CIUDAD DE MEXICO,16,TLALPAN,PVEM,7874,168429,237,5899,174565,240022,7874,No
2018,9,CIUDAD DE MEXICO,16,TLALPAN,PT,3624,168429,237,5899,174565,240022,3624,No
2018,9,CIUDAD DE MEXICO,16,TLALPAN,MC,3223,168429,237,5899,174565,240022,3223,No
2018,9,CIUDAD DE MEXICO,16,TLALPAN,NUAL,2114,168429,237,5899,174565,240022,2114,No
2018,9,CIUDAD DE MEXICO,16,TLALPAN,MORENA,72190,168429,237,5899,174565,240022,72190,No
2018,9,CIUDAD DE MEXICO,16,TLALPAN,ES,2601,168429,237,5899,174565,240022,2601,No
2018,9,CIUDAD DE MEXICO,16,TLALPAN,PH,2994,168429,237,5899,174565,240022,2994,No
2018,9,CIUDAD DE MEXICO,16,TLALPAN,C_COMUN_PT_MORENA_ES,2188,168429,237,5899,174565,240022,80603,Sí
2018,9,CIUDAD DE MEXICO,16,TLALPAN,PT_MORENA,523,168429,237,5899,174565,240022,76337,Sí
2018,9,CIUDAD DE MEXICO,16,TLALPAN,PT_ES,34,168429,237,5899,174565,240022,6259,Sí
2018,9,CIUDAD DE MEXICO,16,TLALPAN,MORENA_ES,334,168429,237,5899,174565,240022,75125,Sí
2018,9,CIUDAD DE MEXICO,16,TLALPAN,PAN_PRD_MC,936,168429,237,5899,174565,240022,49161,Sí
2018,9,CIUDAD DE MEXICO,16,TLALPAN,PAN_PRD,284,168429,237,5899,174565,240022,45286,Sí
2018,9,CIUDAD DE MEXICO,16,TLALPAN,PAN_MC,95,168429,237,5899,174565,240022,40700,Sí
2018,9,CIUDAD DE MEXICO,16,TLALPAN,PRD_MC,66,168429,237,5899,174565,240022,10909,Sí
2018,9,CIUDAD DE MEXICO,16,TLALPAN,Candidatura Independiente,6136,168429,237,5899,174565,240022,6136,No
2018,9,CIUDAD DE MEXICO,17,BENITO JUAREZ,PAN,65236,169330,353,4492,174175,236140,65236,No
2018,9,CIUDAD DE MEXICO,17,BENITO JUAREZ,PRI,21460,169330,353,4492,174175,236140,21460,No
2018,9,CIUDAD DE MEXICO,17,BENITO JUAREZ,PRD,4106,169330,353,4492,174175,236140,4106,No
2018,9,CIUDAD DE MEXICO,17,BENITO JUAREZ,PVEM,6658,169330,353,4492,174175,236140,6658,No
2018,9,CIUDAD DE MEXICO,17,BENITO JUAREZ,PT,2314,169330,353,4492,174175,236140,2314,No
2018,9,CIUDAD DE MEXICO,17,BENITO JUAREZ,MC,2667,169330,353,4492,174175,236140,2667,No
2018,9,CIUDAD DE MEXICO,17,BENITO JUAREZ,NUAL,1951,169330,353,4492,174175,236140,1951,No
2018,9,CIUDAD DE MEXICO,17,BENITO JUAREZ,MORENA,52578,169330,353,4492,174175,236140,52578,No
2018,9,CIUDAD DE MEXICO,17,BENITO JUAREZ,ES,2024,169330,353,4492,174175,236140,2024,No
2018,9,CIUDAD DE MEXICO,17,BENITO JUAREZ,PH,2509,169330,353,4492,174175,236140,2509,No
2018,9,CIUDAD DE MEXICO,17,BENITO JUAREZ,C_COMUN_PT_MORENA_ES,1260,169330,353,4492,174175,236140,58176,Sí
2018,9,CIUDAD DE MEXICO,17,BENITO JUAREZ,PT_MORENA,288,169330,353,4492,174175,236140,55180,Sí
2018,9,CIUDAD DE MEXICO,17,BENITO JUAREZ,PT_ES,41,169330,353,4492,174175,236140,4379,Sí
2018,9,CIUDAD DE MEXICO,17,BENITO JUAREZ,MORENA_ES,187,169330,353,4492,174175,236140,54789,Sí
2018,9,CIUDAD DE MEXICO,17,BENITO JUAREZ,PAN_PRD_MC,1199,169330,353,4492,174175,236140,73208,Sí
2018,9,CIUDAD DE MEXICO,17,BENITO JUAREZ,PAN_PRD,241,169330,353,4492,174175,236140,69583,Sí
2018,9,CIUDAD DE MEXICO,17,BENITO JUAREZ,PAN_MC,120,169330,353,4492,174175,236140,68023,Sí
2018,9,CIUDAD DE MEXICO,17,BENITO JUAREZ,PRD_MC,48,169330,353,4492,174175,236140,6821,Sí
2018,9,CIUDAD DE MEXICO,17,BENITO JUAREZ,Candidatura Independiente,4443,169330,353,4492,174175,236140,4443,No
2018,9,CIUDAD DE MEXICO,18,ALVARO OBREGON,PAN,20057,171079,176,6212,177467,255504,20057,No
2018,9,CIUDAD DE MEXICO,18,ALVARO OBREGON,PRI,15567,171079,176,6212,177467,255504,15567,No
2018,9,CIUDAD DE MEXICO,18,ALVARO OBREGON,PRD,26614,171079,176,6212,177467,255504,26614,No
2018,9,CIUDAD DE MEXICO,18,ALVARO OBREGON,PVEM,6578,171079,176,6212,177467,255504,6578,No
2018,9,CIUDAD DE MEXICO,18,ALVARO OBREGON,PT,4522,171079,176,6212,177467,255504,4522,No
2018,9,CIUDAD DE MEXICO,18,ALVARO OBREGON,MC,3718,171079,176,6212,177467,255504,3718,No
2018,9,CIUDAD DE MEXICO,18,ALVARO OBREGON,NUAL,2261,171079,176,6212,177467,255504,2261,No
2018,9,CIUDAD DE MEXICO,18,ALVARO OBREGON,MORENA,77889,171079,176,6212,177467,255504,77889,No
2018,9,CIUDAD DE MEXICO,18,ALVARO OBREGON,ES,3618,171079,176,6212,177467,255504,3618,No
2018,9,CIUDAD DE MEXICO,18,ALVARO OBREGON,PH,3586,171079,176,6212,177467,255504,3586,No
2018,9,CIUDAD DE MEXICO,18,ALVARO OBREGON,C_COMUN_PT_MORENA_ES,3095,171079,176,6212,177467,255504,89124,Sí
2018,9,CIUDAD DE MEXICO,18,ALVARO OBREGON,PT_MORENA,765,171079,176,6212,177467,255504,83176,Sí
2018,9,CIUDAD DE MEXICO,18,ALVARO OBREGON,PT_ES,104,171079,176,6212,177467,255504,8244,Sí
2018,9,CIUDAD DE MEXICO,18,ALVARO OBREGON,MORENA_ES,461,171079,176,6212,177467,255504,81968,Sí
2018,9,CIUDAD DE MEXICO,18,ALVARO OBREGON,PAN_PRD_MC,1511,171079,176,6212,177467,255504,51900,Sí
2018,9,CIUDAD DE MEXICO,18,ALVARO OBREGON,PAN_PRD,437,171079,176,6212,177467,255504,47108,Sí
2018,9,CIUDAD DE MEXICO,18,ALVARO OBREGON,PAN_MC,101,171079,176,6212,177467,255504,23876,Sí
2018,9,CIUDAD DE MEXICO,18,ALVARO OBREGON,PRD_MC,195,171079,176,6212,177467,255504,30527,Sí
2018,9,CIUDAD DE MEXICO,19,XOCHIMILCO,PAN,14746,133885,207,6054,140146,211680,14746,No
2018,9,CIUDAD DE MEXICO,19,XOCHIMILCO,PRI,10938,133885,207,6054,140146,211680,10938,No
2018,9,CIUDAD DE MEXICO,19,XOCHIMILCO,PRD,9210,133885,207,6054,140146,211680,9210,No
2018,9,CIUDAD DE MEXICO,19,XOCHIMILCO,PVEM,8800,133885,207,6054,140146,211680,8800,No
2018,9,CIUDAD DE MEXICO,19,XOCHIMILCO,PT,4329,133885,207,6054,140146,211680,4329,No
2018,9,CIUDAD DE MEXICO,19,XOCHIMILCO,MC,3240,133885,207,6054,140146,211680,3240,No
2018,9,CIUDAD DE MEXICO,19,XOCHIMILCO,NUAL,2797,133885,207,6054,140146,211680,2797,No
2018,9,CIUDAD DE MEXICO,19,XOCHIMILCO,MORENA,66340,133885,207,6054,140146,211680,66340,No
2018,9,CIUDAD DE MEXICO,19,XOCHIMILCO,ES,3591,133885,207,6054,140146,211680,3591,No
2018,9,CIUDAD DE MEXICO,19,XOCHIMILCO,PH,3911,133885,207,6054,140146,211680,3911,No
2018,9,CIUDAD DE MEXICO,19,XOCHIMILCO,C_COMUN_PT_MORENA_ES,3292,133885,207,6054,140146,211680,77552,Sí
2018,9,CIUDAD DE MEXICO,19,XOCHIMILCO,PT_MORENA,751,133885,207,6054,140146,211680,71420,Sí
2018,9,CIUDAD DE MEXICO,19,XOCHIMILCO,PT_ES,91,133885,207,6054,140146,211680,8011,Sí
2018,9,CIUDAD DE MEXICO,19,XOCHIMILCO,MORENA_ES,497,133885,207,6054,140146,211680,70428,Sí
2018,9,CIUDAD DE MEXICO,19,XOCHIMILCO,PAN_PRD_MC,896,133885,207,6054,140146,211680,28092,Sí
2018,9,CIUDAD DE MEXICO,19,XOCHIMILCO,PAN_PRD,242,133885,207,6054,140146,211680,24198,Sí
2018,9,CIUDAD DE MEXICO,19,XOCHIMILCO,PAN_MC,76,133885,207,6054,140146,211680,18062,Sí
2018,9,CIUDAD DE MEXICO,19,XOCHIMILCO,PRD_MC,138,133885,207,6054,140146,211680,12588,Sí
2018,9,CIUDAD DE MEXICO,2,GUSTAVO A MADERO,PAN,36048,177054,182,5690,182926,253806,36048,No
2018,9,CIUDAD DE MEXICO,2,GUSTAVO A MADERO,PRI,18960,177054,182,5690,182926,253806,18960,No
2018,9,CIUDAD DE MEXICO,2,GUSTAVO A MADERO,PRD,12864,177054,182,5690,182926,253806,12864,No
2018,9,CIUDAD DE MEXICO,2,GUSTAVO A MADERO,PVEM,8712,177054,182,5690,182926,253806,8712,No
2018,9,CIUDAD DE MEXICO,2,GUSTAVO A MADERO,PT,3711,177054,182,5690,182926,253806,3711,No
2018,9,CIUDAD DE MEXICO,2,GUSTAVO A MADERO,MC,3350,177054,182,5690,182926,253806,3350,No
2018,9,CIUDAD DE MEXICO,2,GUSTAVO A MADERO,NUAL,3997,177054,182,5690,182926,253806,3997,No
2018,9,CIUDAD DE MEXICO,2,GUSTAVO A MADERO,MORENA,76035,177054,182,5690,182926,253806,76035,No
2018,9,CIUDAD DE MEXICO,2,GUSTAVO A MADERO,ES,3848,177054,182,5690,182926,253806,3848,No
2018,9,CIUDAD DE MEXICO,2,GUSTAVO A MADERO,PH,4068,177054,182,5690,182926,253806,4068,No
2018,9,CIUDAD DE MEXICO,2,GUSTAVO A MADERO,C_COMUN_PT_MORENA_ES,2777,177054,182,5690,182926,253806,86371,Sí
2018,9,CIUDAD DE MEXICO,2,GUSTAVO A MADERO,PT_MORENA,570,177054,182,5690,182926,253806,80316,Sí
2018,9,CIUDAD DE MEXICO,2,GUSTAVO A MADERO,PT_ES,55,177054,182,5690,182926,253806,7614,Sí
2018,9,CIUDAD DE MEXICO,2,GUSTAVO A MADERO,MORENA_ES,391,177054,182,5690,182926,253806,80274,Sí
2018,9,CIUDAD DE MEXICO,2,GUSTAVO A MADERO,PAN_PRD_MC,1164,177054,182,5690,182926,253806,53426,Sí
2018,9,CIUDAD DE MEXICO,2,GUSTAVO A MADERO,PAN_PRD,350,177054,182,5690,182926,253806,49262,Sí
2018,9,CIUDAD DE MEXICO,2,GUSTAVO A MADERO,PAN_MC,97,177054,182,5690,182926,253806,39495,Sí
2018,9,CIUDAD DE MEXICO,2,GUSTAVO A MADERO,PRD_MC,57,177054,182,5690,182926,253806,16271,Sí
2018,9,CIUDAD DE MEXICO,20,CUAJIMALPA DE MORELOS,PAN,37786,173515,87,5703,179305,252409,37786,No
2018,9,CIUDAD DE MEXICO,20,CUAJIMALPA DE MORELOS,PRI,39545,173515,87,5703,179305,252409,39545,No
2018,9,CIUDAD DE MEXICO,20,CUAJIMALPA DE MORELOS,PRD,10506,173515,87,5703,179305,252409,10506,No
2018,9,CIUDAD DE MEXICO,20,CUAJIMALPA DE MORELOS,PVEM,5793,173515,87,5703,179305,252409,5793,No
2018,9,CIUDAD DE MEXICO,20,CUAJIMALPA DE MORELOS,PT,3598,173515,87,5703,179305,252409,3598,No
2018,9,CIUDAD DE MEXICO,20,CUAJIMALPA DE MORELOS,MC,3200,173515,87,5703,179305,252409,3200,No
2018,9,CIUDAD DE MEXICO,20,CUAJIMALPA DE MORELOS,NUAL,2083,173515,87,5703,179305,252409,2083,No
2018,9,CIUDAD DE MEXICO,20,CUAJIMALPA DE MORELOS,MORENA,59688,173515,87,5703,179305,252409,59688,No
2018,9,CIUDAD DE MEXICO,20,CUAJIMALPA DE MORELOS,ES,3040,173515,87,5703,179305,252409,3040,No
2018,9,CIUDAD DE MEXICO,20,CUAJIMALPA DE MORELOS,PH,3520,173515,87,5703,179305,252409,3520,No
2018,9,CIUDAD DE MEXICO,20,CUAJIMALPA DE MORELOS,C_COMUN_PT_MORENA_ES,2246,173515,87,5703,179305,252409,68572,Sí
2018,9,CIUDAD DE MEXICO,20,CUAJIMALPA DE MORELOS,PT_MORENA,555,173515,87,5703,179305,252409,63841,Sí
2018,9,CIUDAD DE MEXICO,20,CUAJIMALPA DE MORELOS,PT_ES,96,173515,87,5703,179305,252409,6734,Sí
2018,9,CIUDAD DE MEXICO,20,CUAJIMALPA DE MORELOS,MORENA_ES,404,173515,87,5703,179305,252409,63132,Sí
2018,9,CIUDAD DE MEXICO,20,CUAJIMALPA DE MORELOS,PAN_PRD_MC,937,173515,87,5703,179305,252409,52429,Sí
2018,9,CIUDAD DE MEXICO,20,CUAJIMALPA DE MORELOS,PAN_PRD,336,173515,87,5703,179305,252409,48628,Sí
2018,9,CIUDAD DE MEXICO,20,CUAJIMALPA DE MORELOS,PAN_MC,108,173515,87,5703,179305,252409,41094,Sí
2018,9,CIUDAD DE MEXICO,20,CUAJIMALPA DE MORELOS,PRD_MC,74,173515,87,5703,179305,252409,13780,Sí
2018,9,CIUDAD DE MEXICO,21,IZTAPALAPA,PAN,12327,140602,114,5125,145841,204715,12327,No
2018,9,CIUDAD DE MEXICO,21,IZTAPALAPA,PRI,10218,140602,114,5125,145841,204715,10218,No
2018,9,CIUDAD DE MEXICO,21,IZTAPALAPA,PRD,26569,140602,114,5125,145841,204715,26569,No
2018,9,CIUDAD DE MEXICO,21,IZTAPALAPA,PVEM,5468,140602,114,5125,145841,204715,5468,No
2018,9,CIUDAD DE MEXICO,21,IZTAPALAPA,PT,3898,140602,114,5125,145841,204715,3898,No
2018,9,CIUDAD DE MEXICO,21,IZTAPALAPA,MC,3186,140602,114,5125,145841,204715,3186,No
2018,9,CIUDAD DE MEXICO,21,IZTAPALAPA,NUAL,2066,140602,114,5125,145841,204715,2066,No
2018,9,CIUDAD DE MEXICO,21,IZTAPALAPA,MORENA,65182,140602,114,5125,145841,204715,65182,No
2018,9,CIUDAD DE MEXICO,21,IZTAPALAPA,ES,3037,140602,114,5125,145841,204715,3037,No
2018,9,CIUDAD DE MEXICO,21,IZTAPALAPA,PH,2692,140602,114,5125,145841,204715,2692,No
2018,9,CIUDAD DE MEXICO,21,IZTAPALAPA,C_COMUN_PT_MORENA_ES,3025,140602,114,5125,145841,204715,75142,Sí
2018,9,CIUDAD DE MEXICO,21,IZTAPALAPA,PT_MORENA,664,140602,114,5125,145841,204715,69744,Sí
2018,9,CIUDAD DE MEXICO,21,IZTAPALAPA,PT_ES,86,140602,114,5125,145841,204715,7021,Sí
2018,9,CIUDAD DE MEXICO,21,IZTAPALAPA,MORENA_ES,389,140602,114,5125,145841,204715,68608,Sí
2018,9,CIUDAD DE MEXICO,21,IZTAPALAPA,PAN_PRD_MC,1195,140602,114,5125,145841,204715,43277,Sí
2018,9,CIUDAD DE MEXICO,21,IZTAPALAPA,PAN_PRD,382,140602,114,5125,145841,204715,39278,Sí
2018,9,CIUDAD DE MEXICO,21,IZTAPALAPA,PAN_MC,78,140602,114,5125,145841,204715,15591,Sí
2018,9,CIUDAD DE MEXICO,21,IZTAPALAPA,PRD_MC,140,140602,114,5125,145841,204715,29895,Sí
2018,9,CIUDAD DE MEXICO,22,IZTAPALAPA,PAN,9987,131898,92,4980,136970,196689,9987,No
2018,9,CIUDAD DE MEXICO,22,IZTAPALAPA,PRI,9817,131898,92,4980,136970,196689,9817,No
2018,9,CIUDAD DE MEXICO,22,IZTAPALAPA,PRD,24572,131898,92,4980,136970,196689,24572,No
2018,9,CIUDAD DE MEXICO,22,IZTAPALAPA,PVEM,4557,131898,92,4980,136970,196689,4557,No
2018,9,CIUDAD DE MEXICO,22,IZTAPALAPA,PT,4059,131898,92,4980,136970,196689,4059,No
2018,9,CIUDAD DE MEXICO,22,IZTAPALAPA,MC,3612,131898,92,4980,136970,196689,3612,No
2018,9,CIUDAD DE MEXICO,22,IZTAPALAPA,NUAL,1769,131898,92,4980,136970,196689,1769,No
2018,9,CIUDAD DE MEXICO,22,IZTAPALAPA,MORENA,63400,131898,92,4980,136970,196689,63400,No
2018,9,CIUDAD DE MEXICO,22,IZTAPALAPA,ES,2776,131898,92,4980,136970,196689,2776,No
2018,9,CIUDAD DE MEXICO,22,IZTAPALAPA,PH,2360,131898,92,4980,136970,196689,2360,No
2018,9,CIUDAD DE MEXICO,22,IZTAPALAPA,C_COMUN_PT_MORENA_ES,2553,131898,92,4980,136970,196689,72788,Sí
2018,9,CIUDAD DE MEXICO,22,IZTAPALAPA,PT_MORENA,652,131898,92,4980,136970,196689,68111,Sí
2018,9,CIUDAD DE MEXICO,22,IZTAPALAPA,PT_ES,84,131898,92,4980,136970,196689,6919,Sí
2018,9,CIUDAD DE MEXICO,22,IZTAPALAPA,MORENA_ES,384,131898,92,4980,136970,196689,66560,Sí
2018,9,CIUDAD DE MEXICO,22,IZTAPALAPA,PAN_PRD_MC,810,131898,92,4980,136970,196689,38981,Sí
2018,9,CIUDAD DE MEXICO,22,IZTAPALAPA,PAN_PRD,284,131898,92,4980,136970,196689,34843,Sí
2018,9,CIUDAD DE MEXICO,22,IZTAPALAPA,PAN_MC,67,131898,92,4980,136970,196689,13666,Sí
2018,9,CIUDAD DE MEXICO,22,IZTAPALAPA,PRD_MC,155,131898,92,4980,136970,196689,28339,Sí
2018,9,CIUDAD DE MEXICO,23,ALVARO OBREGON,PAN,47340,183464,127,5868,189459,259036,47340,No
2018,9,CIUDAD DE MEXICO,23,ALVARO OBREGON,PRI,19289,183464,127,5868,189459,259036,19289,No
2018,9,CIUDAD DE MEXICO,23,ALVARO OBREGON,PRD,19494,183464,127,5868,189459,259036,19494,No
2018,9,CIUDAD DE MEXICO,23,ALVARO OBREGON,PVEM,7529,183464,127,5868,189459,259036,7529,No
2018,9,CIUDAD DE MEXICO,23,ALVARO OBREGON,PT,3967,183464,127,5868,189459,259036,3967,No
2018,9,CIUDAD DE MEXICO,23,ALVARO OBREGON,MC,3755,183464,127,5868,189459,259036,3755,No
2018,9,CIUDAD DE MEXICO,23,ALVARO OBREGON,NUAL,2579,183464,127,5868,189459,259036,2579,No
2018,9,CIUDAD DE MEXICO,23,ALVARO OBREGON,MORENA,67328,183464,127,5868,189459,259036,67328,No
2018,9,CIUDAD DE MEXICO,23,ALVARO OBREGON,ES,3251,183464,127,5868,189459,259036,3251,No
2018,9,CIUDAD DE MEXICO,23,ALVARO OBREGON,PH,3256,183464,127,5868,189459,259036,3256,No
2018,9,CIUDAD DE MEXICO,23,ALVARO OBREGON,C_COMUN_PT_MORENA_ES,2442,183464,127,5868,189459,259036,76988,Sí
2018,9,CIUDAD DE MEXICO,23,ALVARO OBREGON,PT_MORENA,632,183464,127,5868,189459,259036,71927,Sí
2018,9,CIUDAD DE MEXICO,23,ALVARO OBREGON,PT_ES,58,183464,127,5868,189459,259036,7276,Sí
2018,9,CIUDAD DE MEXICO,23,ALVARO OBREGON,MORENA_ES,418,183464,127,5868,189459,259036,70997,Sí
2018,9,CIUDAD DE MEXICO,23,ALVARO OBREGON,PAN_PRD_MC,1423,183464,127,5868,189459,259036,72012,Sí
2018,9,CIUDAD DE MEXICO,23,ALVARO OBREGON,PAN_PRD,499,183464,127,5868,189459,259036,67333,Sí
2018,9,CIUDAD DE MEXICO,23,ALVARO OBREGON,PAN_MC,106,183464,127,5868,189459,259036,51201,Sí
2018,9,CIUDAD DE MEXICO,23,ALVARO OBREGON,PRD_MC,98,183464,127,5868,189459,259036,23347,Sí
2018,9,CIUDAD DE MEXICO,24,IZTAPALAPA,PAN,24961,177324,179,6633,184136,252841,24961,No
2018,9,CIUDAD DE MEXICO,24,IZTAPALAPA,PRI,15754,177324,179,6633,184136,252841,15754,No
2018,9,CIUDAD DE MEXICO,24,IZTAPALAPA,PRD,23792,177324,179,6633,184136,252841,23792,No
2018,9,CIUDAD DE MEXICO,24,IZTAPALAPA,PVEM,8251,177324,179,6633,184136,252841,8251,No
2018,9,CIUDAD DE MEXICO,24,IZTAPALAPA,PT,4863,177324,179,6633,184136,252841,4863,No
2018,9,CIUDAD DE MEXICO,24,IZTAPALAPA,MC,4760,177324,179,6633,184136,252841,4760,No
2018,9,CIUDAD DE MEXICO,24,IZTAPALAPA,NUAL,2923,177324,179,6633,184136,252841,2923,No
2018,9,CIUDAD DE MEXICO,24,IZTAPALAPA,MORENA,77256,177324,179,6633,184136,252841,77256,No
2018,9,CIUDAD DE MEXICO,24,IZTAPALAPA,ES,4018,177324,179,6633,184136,252841,4018,No
2018,9,CIUDAD DE MEXICO,24,IZTAPALAPA,PH,4588,177324,179,6633,184136,252841,4588,No
2018,9,CIUDAD DE MEXICO,24,IZTAPALAPA,C_COMUN_PT_MORENA_ES,3013,177324,179,6633,184136,252841,89150,Sí
2018,9,CIUDAD DE MEXICO,24,IZTAPALAPA,PT_MORENA,699,177324,179,6633,184136,252841,82818,Sí
2018,9,CIUDAD DE MEXICO,24,IZTAPALAPA,PT_ES,66,177324,179,6633,184136,252841,8947,Sí
2018,9,CIUDAD DE MEXICO,24,IZTAPALAPA,MORENA_ES,455,177324,179,6633,184136,252841,81729,Sí
2018,9,CIUDAD DE MEXICO,24,IZTAPALAPA,PAN_PRD_MC,1132,177324,179,6633,184136,252841,54645,Sí
2018,9,CIUDAD DE MEXICO,24,IZTAPALAPA,PAN_PRD,539,177324,179,6633,184136,252841,49292,Sí
2018,9,CIUDAD DE MEXICO,24,IZTAPALAPA,PAN_MC,104,177324,179,6633,184136,252841,29825,Sí
2018,9,CIUDAD DE MEXICO,24,IZTAPALAPA,PRD_MC,150,177324,179,6633,184136,252841,28702,Sí
2018,9,CIUDAD DE MEXICO,25,XOCHIMILCO,PAN,14195,135835,392,5384,141611,215140,14195,No
2018,9,CIUDAD DE MEXICO,25,XOCHIMILCO,PRI,11181,135835,392,5384,141611,215140,11181,No
2018,9,CIUDAD DE MEXICO,25,XOCHIMILCO,PRD,9778,135835,392,5384,141611,215140,9778,No
2018,9,CIUDAD DE MEXICO,25,XOCHIMILCO,PVEM,7357,135835,392,5384,141611,215140,7357,No
2018,9,CIUDAD DE MEXICO,25,XOCHIMILCO,PT,4804,135835,392,5384,141611,215140,4804,No
2018,9,CIUDAD DE MEXICO,25,XOCHIMILCO,MC,3313,135835,392,5384,141611,215140,3313,No
2018,9,CIUDAD DE MEXICO,25,XOCHIMILCO,NUAL,3038,135835,392,5384,141611,215140,3038,No
2018,9,CIUDAD DE MEXICO,25,XOCHIMILCO,MORENA,62046,135835,392,5384,141611,215140,62046,No
2018,9,CIUDAD DE MEXICO,25,XOCHIMILCO,ES,2870,135835,392,5384,141611,215140,2870,No
2018,9,CIUDAD DE MEXICO,25,XOCHIMILCO,PH,3594,135835,392,5384,141611,215140,3594,No
2018,9,CIUDAD DE MEXICO,25,XOCHIMILCO,C_COMUN_PT_MORENA_ES,2820,135835,392,5384,141611,215140,72540,Sí
2018,9,CIUDAD DE MEXICO,25,XOCHIMILCO,PT_MORENA,729,135835,392,5384,141611,215140,67579,Sí
2018,9,CIUDAD DE MEXICO,25,XOCHIMILCO,PT_ES,81,135835,392,5384,141611,215140,7755,Sí
2018,9,CIUDAD DE MEXICO,25,XOCHIMILCO,MORENA_ES,407,135835,392,5384,141611,215140,65323,Sí
2018,9,CIUDAD DE MEXICO,25,XOCHIMILCO,PAN_PRD_MC,801,135835,392,5384,141611,215140,28087,Sí
2018,9,CIUDAD DE MEXICO,25,XOCHIMILCO,PAN_PRD,241,135835,392,5384,141611,215140,24214,Sí
2018,9,CIUDAD DE MEXICO,25,XOCHIMILCO,PAN_MC,65,135835,392,5384,141611,215140,17573,Sí
2018,9,CIUDAD DE MEXICO,25,XOCHIMILCO,PRD_MC,134,135835,392,5384,141611,215140,13225,Sí
2018,9,CIUDAD DE MEXICO,25,XOCHIMILCO,Candidatura Independiente,8381,135835,392,5384,141611,215140,8381,No
2018,9,CIUDAD DE MEXICO,26,COYOACAN,PAN,48328,164909,206,4774,169889,227248,48328,No
2018,9,CIUDAD DE MEXICO,26,COYOACAN,PRI,18270,164909,206,4774,169889,227248,18270,No
2018,9,CIUDAD DE MEXICO,26,COYOACAN,PRD,8280,164909,206,4774,169889,227248,8280,No
2018,9,CIUDAD DE MEXICO,26,COYOACAN,PVEM,6057,164909,206,4774,169889,227248,6057,No
2018,9,CIUDAD DE MEXICO,26,COYOACAN,PT,2610,164909,206,4774,169889,227248,2610,No
2018,9,CIUDAD DE MEXICO,26,COYOACAN,MC,2576,164909,206,4774,169889,227248,2576,No
2018,9,CIUDAD DE MEXICO,26,COYOACAN,NUAL,1835,164909,206,4774,169889,227248,1835,No
2018,9,CIUDAD DE MEXICO,26,COYOACAN,MORENA,55890,164909,206,4774,169889,227248,55890,No
2018,9,CIUDAD DE MEXICO,26,COYOACAN,ES,2050,164909,206,4774,169889,227248,2050,No
2018,9,CIUDAD DE MEXICO,26,COYOACAN,PH,2190,164909,206,4774,169889,227248,2190,No
2018,9,CIUDAD DE MEXICO,26,COYOACAN,C_COMUN_PT_MORENA_ES,1445,164909,206,4774,169889,227248,61995,Sí
2018,9,CIUDAD DE MEXICO,26,COYOACAN,PT_MORENA,328,164909,206,4774,169889,227248,58828,Sí
2018,9,CIUDAD DE MEXICO,26,COYOACAN,PT_ES,32,164909,206,4774,169889,227248,4692,Sí
2018,9,CIUDAD DE MEXICO,26,COYOACAN,MORENA_ES,210,164909,206,4774,169889,227248,58150,Sí
2018,9,CIUDAD DE MEXICO,26,COYOACAN,PAN_PRD_MC,933,164909,206,4774,169889,227248,60117,Sí
2018,9,CIUDAD DE MEXICO,26,COYOACAN,PAN_PRD,299,164909,206,4774,169889,227248,56907,Sí
2018,9,CIUDAD DE MEXICO,26,COYOACAN,PAN_MC,95,164909,206,4774,169889,227248,50999,Sí
2018,9,CIUDAD DE MEXICO,26,COYOACAN,PRD_MC,23,164909,206,4774,169889,227248,10879,Sí
2018,9,CIUDAD DE MEXICO,26,COYOACAN,Candidatura Independiente,13458,164909,206,4774,169889,227248,13458,No
2018,9,CIUDAD DE MEXICO,27,IZTAPALAPA,PAN,7500,135075,89,5553,140717,207662,7500,No
2018,9,CIUDAD DE MEXICO,27,IZTAPALAPA,PRI,6734,135075,89,5553,140717,207662,6734,No
2018,9,CIUDAD DE MEXICO,27,IZTAPALAPA,PRD,24506,135075,89,5553,140717,207662,24506,No
2018,9,CIUDAD DE MEXICO,27,IZTAPALAPA,PVEM,4285,135075,89,5553,140717,207662,4285,No
2018,9,CIUDAD DE MEXICO,27,IZTAPALAPA,PT,4729,135075,89,5553,140717,207662,4729,No
2018,9,CIUDAD DE MEXICO,27,IZTAPALAPA,MC,3676,135075,89,5553,140717,207662,3676,No
2018,9,CIUDAD DE MEXICO,27,IZTAPALAPA,NUAL,2572,135075,89,5553,140717,207662,2572,No
2018,9,CIUDAD DE MEXICO,27,IZTAPALAPA,MORENA,69953,135075,89,5553,140717,207662,69953,No
2018,9,CIUDAD DE MEXICO,27,IZTAPALAPA,ES,2911,135075,89,5553,140717,207662,2911,No
2018,9,CIUDAD DE MEXICO,27,IZTAPALAPA,PH,2109,135075,89,5553,140717,207662,2109,No
2018,9,CIUDAD DE MEXICO,27,IZTAPALAPA,C_COMUN_PT_MORENA_ES,3274,135075,89,5553,140717,207662,80867,Sí
2018,9,CIUDAD DE MEXICO,27,IZTAPALAPA,PT_MORENA,832,135075,89,5553,140717,207662,75514,Sí
2018,9,CIUDAD DE MEXICO,27,IZTAPALAPA,PT_ES,92,135075,89,5553,140717,207662,7732,Sí
2018,9,CIUDAD DE MEXICO,27,IZTAPALAPA,MORENA_ES,527,135075,89,5553,140717,207662,73391,Sí
2018,9,CIUDAD DE MEXICO,27,IZTAPALAPA,PAN_PRD_MC,736,135075,89,5553,140717,207662,36418,Sí
2018,9,CIUDAD DE MEXICO,27,IZTAPALAPA,PAN_PRD,341,135075,89,5553,140717,207662,32347,Sí
2018,9,CIUDAD DE MEXICO,27,IZTAPALAPA,PAN_MC,67,135075,89,5553,140717,207662,11243,Sí
2018,9,CIUDAD DE MEXICO,27,IZTAPALAPA,PRD_MC,231,135075,89,5553,140717,207662,28413,Sí
2018,9,CIUDAD DE MEXICO,28,IZTAPALAPA,PAN,14982,140471,90,5198,145759,203373,14982,No
2018,9,CIUDAD DE MEXICO,28,IZTAPALAPA,PRI,10278,140471,90,5198,145759,203373,10278,No
2018,9,CIUDAD DE MEXICO,28,IZTAPALAPA,PRD,20635,140471,90,5198,145759,203373,20635,No
2018,9,CIUDAD DE MEXICO,28,IZTAPALAPA,PVEM,5832,140471,90,5198,145759,203373,5832,No
2018,9,CIUDAD DE MEXICO,28,IZTAPALAPA,PT,4377,140471,90,5198,145759,203373,4377,No
2018,9,CIUDAD DE MEXICO,28,IZTAPALAPA,MC,3492,140471,90,5198,145759,203373,3492,No
2018,9,CIUDAD DE MEXICO,28,IZTAPALAPA,NUAL,2101,140471,90,5198,145759,203373,2101,No
2018,9,CIUDAD DE MEXICO,28,IZTAPALAPA,MORENA,67396,140471,90,5198,145759,203373,67396,No
2018,9,CIUDAD DE MEXICO,28,IZTAPALAPA,ES,2983,140471,90,5198,145759,203373,2983,No
2018,9,CIUDAD DE MEXICO,28,IZTAPALAPA,PH,3117,140471,90,5198,145759,203373,3117,No
2018,9,CIUDAD DE MEXICO,28,IZTAPALAPA,C_COMUN_PT_MORENA_ES,2726,140471,90,5198,145759,203373,77482,Sí
2018,9,CIUDAD DE MEXICO,28,IZTAPALAPA,PT_MORENA,737,140471,90,5198,145759,203373,72510,Sí
2018,9,CIUDAD DE MEXICO,28,IZTAPALAPA,PT_ES,100,140471,90,5198,145759,203373,7460,Sí
2018,9,CIUDAD DE MEXICO,28,IZTAPALAPA,MORENA_ES,407,140471,90,5198,145759,203373,70786,Sí
2018,9,CIUDAD DE MEXICO,28,IZTAPALAPA,PAN_PRD_MC,835,140471,90,5198,145759,203373,39944,Sí
2018,9,CIUDAD DE MEXICO,28,IZTAPALAPA,PAN_PRD,288,140471,90,5198,145759,203373,35905,Sí
2018,9,CIUDAD DE MEXICO,28,IZTAPALAPA,PAN_MC,71,140471,90,5198,145759,203373,18545,Sí
2018,9,CIUDAD DE MEXICO,28,IZTAPALAPA,PRD_MC,114,140471,90,5198,145759,203373,24241,Sí
2018,9,CIUDAD DE MEXICO,29,IZTAPALAPA,PAN,8222,130228,65,4781,135074,201482,8222,No
2018,9,CIUDAD DE MEXICO,29,IZTAPALAPA,PRI,7176,130228,65,4781,135074,201482,7176,No
2018,9,CIUDAD DE MEXICO,29,IZTAPALAPA,PRD,24475,130228,65,4781,135074,201482,24475,No
2018,9,CIUDAD DE MEXICO,29,IZTAPALAPA,PVEM,4565,130228,65,4781,135074,201482,4565,No
2018,9,CIUDAD DE MEXICO,29,IZTAPALAPA,PT,4524,130228,65,4781,135074,201482,4524,No
2018,9,CIUDAD DE MEXICO,29,IZTAPALAPA,MC,2646,130228,65,4781,135074,201482,2646,No
2018,9,CIUDAD DE MEXICO,29,IZTAPALAPA,NUAL,1760,130228,65,4781,135074,201482,1760,No
2018,9,CIUDAD DE MEXICO,29,IZTAPALAPA,MORENA,65950,130228,65,4781,135074,201482,65950,No
2018,9,CIUDAD DE MEXICO,29,IZTAPALAPA,ES,2761,130228,65,4781,135074,201482,2761,No
2018,9,CIUDAD DE MEXICO,29,IZTAPALAPA,PH,2188,130228,65,4781,135074,201482,2188,No
2018,9,CIUDAD DE MEXICO,29,IZTAPALAPA,C_COMUN_PT_MORENA_ES,3297,130228,65,4781,135074,201482,76532,Sí
2018,9,CIUDAD DE MEXICO,29,IZTAPALAPA,PT_MORENA,756,130228,65,4781,135074,201482,71230,Sí
2018,9,CIUDAD DE MEXICO,29,IZTAPALAPA,PT_ES,79,130228,65,4781,135074,201482,7364,Sí
2018,9,CIUDAD DE MEXICO,29,IZTAPALAPA,MORENA_ES,489,130228,65,4781,135074,201482,69200,Sí
2018,9,CIUDAD DE MEXICO,29,IZTAPALAPA,PAN_PRD_MC,844,130228,65,4781,135074,201482,36187,Sí
2018,9,CIUDAD DE MEXICO,29,IZTAPALAPA,PAN_PRD,291,130228,65,4781,135074,201482,32988,Sí
2018,9,CIUDAD DE MEXICO,29,IZTAPALAPA,PAN_MC,77,130228,65,4781,135074,201482,10945,Sí
2018,9,CIUDAD DE MEXICO,29,IZTAPALAPA,PRD_MC,128,130228,65,4781,135074,201482,27249,Sí
2018,9,CIUDAD DE MEXICO,3,AZCAPOTZALCO,PAN,25612,161817,150,5500,167467,234908,25612,No
2018,9,CIUDAD DE MEXICO,3,AZCAPOTZALCO,PRI,14638,161817,150,5500,167467,234908,14638,No
2018,9,CIUDAD DE MEXICO,3,AZCAPOTZALCO,PRD,11924,161817,150,5500,167467,234908,11924,No
2018,9,CIUDAD DE MEXICO,3,AZCAPOTZALCO,PVEM,6980,161817,150,5500,167467,234908,6980,No
2018,9,CIUDAD DE MEXICO,3,AZCAPOTZALCO,PT,4478,161817,150,5500,167467,234908,4478,No
2018,9,CIUDAD DE MEXICO,3,AZCAPOTZALCO,MC,3659,161817,150,5500,167467,234908,3659,No
2018,9,CIUDAD DE MEXICO,3,AZCAPOTZALCO,NUAL,2558,161817,150,5500,167467,234908,2558,No
2018,9,CIUDAD DE MEXICO,3,AZCAPOTZALCO,MORENA,78003,161817,150,5500,167467,234908,78003,No
2018,9,CIUDAD DE MEXICO,3,AZCAPOTZALCO,ES,3538,161817,150,5500,167467,234908,3538,No
2018,9,CIUDAD DE MEXICO,3,AZCAPOTZALCO,PH,4152,161817,150,5500,167467,234908,4152,No
2018,9,CIUDAD DE MEXICO,3,AZCAPOTZALCO,C_COMUN_PT_MORENA_ES,3156,161817,150,5500,167467,234908,89175,Sí
2018,9,CIUDAD DE MEXICO,3,AZCAPOTZALCO,PT_MORENA,741,161817,150,5500,167467,234908,83222,Sí
2018,9,CIUDAD DE MEXICO,3,AZCAPOTZALCO,PT_ES,77,161817,150,5500,167467,234908,8093,Sí
2018,9,CIUDAD DE MEXICO,3,AZCAPOTZALCO,MORENA_ES,420,161817,150,5500,167467,234908,81961,Sí
2018,9,CIUDAD DE MEXICO,3,AZCAPOTZALCO,PAN_PRD_MC,1296,161817,150,5500,167467,234908,42491,Sí
2018,9,CIUDAD DE MEXICO,3,AZCAPOTZALCO,PAN_PRD,387,161817,150,5500,167467,234908,37923,Sí
2018,9,CIUDAD DE MEXICO,3,AZCAPOTZALCO,PAN_MC,101,161817,150,5500,167467,234908,29372,Sí
2018,9,CIUDAD DE MEXICO,3,AZCAPOTZALCO,PRD_MC,97,161817,150,5500,167467,234908,15680,Sí
2018,9,CIUDAD DE MEXICO,30,COYOACAN,PAN,36937,161758,151,5116,167025,221223,36937,No
2018,9,CIUDAD DE MEXICO,30,COYOACAN,PRI,16566,161758,151,5116,167025,221223,16566,No
2018,9,CIUDAD DE MEXICO,30,COYOACAN,PRD,23588,161758,151,5116,167025,221223,23588,No
2018,9,CIUDAD DE MEXICO,30,COYOACAN,PVEM,6357,161758,151,5116,167025,221223,6357,No
2018,9,CIUDAD DE MEXICO,30,COYOACAN,PT,3314,161758,151,5116,167025,221223,3314,No
2018,9,CIUDAD DE MEXICO,30,COYOACAN,MC,2966,161758,151,5116,167025,221223,2966,No
2018,9,CIUDAD DE MEXICO,30,COYOACAN,NUAL,2338,161758,151,5116,167025,221223,2338,No
2018,9,CIUDAD DE MEXICO,30,COYOACAN,MORENA,58509,161758,151,5116,167025,221223,58509,No
2018,9,CIUDAD DE MEXICO,30,COYOACAN,ES,2925,161758,151,5116,167025,221223,2925,No
2018,9,CIUDAD DE MEXICO,30,COYOACAN,PH,3438,161758,151,5116,167025,221223,3438,No
2018,9,CIUDAD DE MEXICO,30,COYOACAN,C_COMUN_PT_MORENA_ES,1939,161758,151,5116,167025,221223,66687,Sí
2018,9,CIUDAD DE MEXICO,30,COYOACAN,PT_MORENA,413,161758,151,5116,167025,221223,62236,Sí
2018,9,CIUDAD DE MEXICO,30,COYOACAN,PT_ES,52,161758,151,5116,167025,221223,6291,Sí
2018,9,CIUDAD DE MEXICO,30,COYOACAN,MORENA_ES,281,161758,151,5116,167025,221223,61715,Sí
2018,9,CIUDAD DE MEXICO,30,COYOACAN,PAN_PRD_MC,1453,161758,151,5116,167025,221223,64944,Sí
2018,9,CIUDAD DE MEXICO,30,COYOACAN,PAN_PRD,539,161758,151,5116,167025,221223,61064,Sí
2018,9,CIUDAD DE MEXICO,30,COYOACAN,PAN_MC,65,161758,151,5116,167025,221223,39968,Sí
2018,9,CIUDAD DE MEXICO,30,COYOACAN,PRD_MC,78,161758,151,5116,167025,221223,26632,Sí
2018,9,CIUDAD DE MEXICO,31,IZTAPALAPA,PAN,10009,135583,205,4945,140733,203643,10009,No
2018,9,CIUDAD DE MEXICO,31,IZTAPALAPA,PRI,8191,135583,205,4945,140733,203643,8191,No
2018,9,CIUDAD DE MEXICO,31,IZTAPALAPA,PRD,22693,135583,205,4945,140733,203643,22693,No
2018,9,CIUDAD DE MEXICO,31,IZTAPALAPA,PVEM,4878,135583,205,4945,140733,203643,4878,No
2018,9,CIUDAD DE MEXICO,31,IZTAPALAPA,PT,4487,135583,205,4945,140733,203643,4487,No
2018,9,CIUDAD DE MEXICO,31,IZTAPALAPA,MC,2626,135583,205,4945,140733,203643,2626,No
2018,9,CIUDAD DE MEXICO,31,IZTAPALAPA,NUAL,1544,135583,205,4945,140733,203643,1544,No
2018,9,CIUDAD DE MEXICO,31,IZTAPALAPA,MORENA,68125,135583,205,4945,140733,203643,68125,No
2018,9,CIUDAD DE MEXICO,31,IZTAPALAPA,ES,2754,135583,205,4945,140733,203643,2754,No
2018,9,CIUDAD DE MEXICO,31,IZTAPALAPA,PH,1903,135583,205,4945,140733,203643,1903,No
2018,9,CIUDAD DE MEXICO,31,IZTAPALAPA,C_COMUN_PT_MORENA_ES,3036,135583,205,4945,140733,203643,78402,Sí
2018,9,CIUDAD DE MEXICO,31,IZTAPALAPA,PT_MORENA,714,135583,205,4945,140733,203643,73326,Sí
2018,9,CIUDAD DE MEXICO,31,IZTAPALAPA,PT_ES,77,135583,205,4945,140733,203643,7318,Sí
2018,9,CIUDAD DE MEXICO,31,IZTAPALAPA,MORENA_ES,451,135583,205,4945,140733,203643,71330,Sí
2018,9,CIUDAD DE MEXICO,31,IZTAPALAPA,PAN_PRD_MC,832,135583,205,4945,140733,203643,36160,Sí
2018,9,CIUDAD DE MEXICO,31,IZTAPALAPA,PAN_PRD,308,135583,205,4945,140733,203643,33010,Sí
2018,9,CIUDAD DE MEXICO,31,IZTAPALAPA,PAN_MC,62,135583,205,4945,140733,203643,12697,Sí
2018,9,CIUDAD DE MEXICO,31,IZTAPALAPA,PRD_MC,156,135583,205,4945,140733,203643,25475,Sí
2018,9,CIUDAD DE MEXICO,31,IZTAPALAPA,Candidatura Independiente,2737,135583,205,4945,140733,203643,2737,No
2018,9,CIUDAD DE MEXICO,32,COYOACAN,PAN,17998,173009,279,5768,179056,247088,17998,No
2018,9,CIUDAD DE MEXICO,32,COYOACAN,PRI,11654,173009,279,5768,179056,247088,11654,No
2018,9,CIUDAD DE MEXICO,32,COYOACAN,PRD,36156,173009,279,5768,179056,247088,36156,No
2018,9,CIUDAD DE MEXICO,32,COYOACAN,PVEM,5442,173009,279,5768,179056,247088,5442,No
2018,9,CIUDAD DE MEXICO,32,COYOACAN,PT,3780,173009,279,5768,179056,247088,3780,No
2018,9,CIUDAD DE MEXICO,32,COYOACAN,MC,3018,173009,279,5768,179056,247088,3018,No
2018,9,CIUDAD DE MEXICO,32,COYOACAN,NUAL,2285,173009,279,5768,179056,247088,2285,No
2018,9,CIUDAD DE MEXICO,32,COYOACAN,MORENA,78281,173009,279,5768,179056,247088,78281,No
2018,9,CIUDAD DE MEXICO,32,COYOACAN,ES,2631,173009,279,5768,179056,247088,2631,No
2018,9,CIUDAD DE MEXICO,32,COYOACAN,PH,3051,173009,279,5768,179056,247088,3051,No
2018,9,CIUDAD DE MEXICO,32,COYOACAN,C_COMUN_PT_MORENA_ES,2625,173009,279,5768,179056,247088,87317,Sí
2018,9,CIUDAD DE MEXICO,32,COYOACAN,PT_MORENA,684,173009,279,5768,179056,247088,82745,Sí
2018,9,CIUDAD DE MEXICO,32,COYOACAN,PT_ES,67,173009,279,5768,179056,247088,6478,Sí
2018,9,CIUDAD DE MEXICO,32,COYOACAN,MORENA_ES,416,173009,279,5768,179056,247088,81328,Sí
2018,9,CIUDAD DE MEXICO,32,COYOACAN,PAN_PRD_MC,1294,173009,279,5768,179056,247088,58466,Sí
2018,9,CIUDAD DE MEXICO,32,COYOACAN,PAN_PRD,492,173009,279,5768,179056,247088,54646,Sí
2018,9,CIUDAD DE MEXICO,32,COYOACAN,PAN_MC,63,173009,279,5768,179056,247088,21079,Sí
2018,9,CIUDAD DE MEXICO,32,COYOACAN,PRD_MC,195,173009,279,5768,179056,247088,39369,Sí
2018,9,CIUDAD DE MEXICO,32,COYOACAN,Candidatura Independiente,2877,173009,279,5768,179056,247088,2877,No
2018,9,CIUDAD DE MEXICO,33,LA MAGDALENA CONTRERAS,PAN,19735,135656,87,4971,140714,196534,19735,No
2018,9,CIUDAD DE MEXICO,33,LA MAGDALENA CONTRERAS,PRI,24363,135656,87,4971,140714,196534,24363,No
2018,9,CIUDAD DE MEXICO,33,LA MAGDALENA CONTRERAS,PRD,4322,135656,87,4971,140714,196534,4322,No
2018,9,CIUDAD DE MEXICO,33,LA MAGDALENA CONTRERAS,PVEM,5686,135656,87,4971,140714,196534,5686,No
2018,9,CIUDAD DE MEXICO,33,LA MAGDALENA CONTRERAS,PT,3360,135656,87,4971,140714,196534,3360,No
2018,9,CIUDAD DE MEXICO,33,LA MAGDALENA CONTRERAS,MC,5078,135656,87,4971,140714,196534,5078,No
2018,9,CIUDAD DE MEXICO,33,LA MAGDALENA CONTRERAS,NUAL,1704,135656,87,4971,140714,196534,1704,No
2018,9,CIUDAD DE MEXICO,33,LA MAGDALENA CONTRERAS,MORENA,61709,135656,87,4971,140714,196534,61709,No
2018,9,CIUDAD DE MEXICO,33,LA MAGDALENA CONTRERAS,ES,2503,135656,87,4971,140714,196534,2503,No
2018,9,CIUDAD DE MEXICO,33,LA MAGDALENA CONTRERAS,PH,3087,135656,87,4971,140714,196534,3087,No
2018,9,CIUDAD DE MEXICO,33,LA MAGDALENA CONTRERAS,C_COMUN_PT_MORENA_ES,2236,135656,87,4971,140714,196534,69808,Sí
2018,9,CIUDAD DE MEXICO,33,LA MAGDALENA CONTRERAS,PT_MORENA,599,135656,87,4971,140714,196534,65668,Sí
2018,9,CIUDAD DE MEXICO,33,LA MAGDALENA CONTRERAS,PT_ES,72,135656,87,4971,140714,196534,5935,Sí
2018,9,CIUDAD DE MEXICO,33,LA MAGDALENA CONTRERAS,MORENA_ES,344,135656,87,4971,140714,196534,64556,Sí
2018,9,CIUDAD DE MEXICO,33,LA MAGDALENA CONTRERAS,PAN_PRD_MC,573,135656,87,4971,140714,196534,29708,Sí
2018,9,CIUDAD DE MEXICO,33,LA MAGDALENA CONTRERAS,PAN_PRD,136,135656,87,4971,140714,196534,24193,Sí
2018,9,CIUDAD DE MEXICO,33,LA MAGDALENA CONTRERAS,PAN_MC,96,135656,87,4971,140714,196534,24909,Sí
2018,9,CIUDAD DE MEXICO,33,LA MAGDALENA CONTRERAS,PRD_MC,53,135656,87,4971,140714,196534,9453,Sí
2018,9,CIUDAD DE MEXICO,4,GUSTAVO A MADERO,PAN,16236,182120,153,6152,188425,273883,16236,No
2018,9,CIUDAD DE MEXICO,4,GUSTAVO A MADERO,PRI,16053,182120,153,6152,188425,273883,16053,No
2018,9,CIUDAD DE MEXICO,4,GUSTAVO A MADERO,PRD,25783,182120,153,6152,188425,273883,25783,No
2018,9,CIUDAD DE MEXICO,4,GUSTAVO A MADERO,PVEM,7957,182120,153,6152,188425,273883,7957,No
2018,9,CIUDAD DE MEXICO,4,GUSTAVO A MADERO,PT,4306,182120,153,6152,188425,273883,4306,No
2018,9,CIUDAD DE MEXICO,4,GUSTAVO A MADERO,MC,3401,182120,153,6152,188425,273883,3401,No
2018,9,CIUDAD DE MEXICO,4,GUSTAVO A MADERO,NUAL,3261,182120,153,6152,188425,273883,3261,No
2018,9,CIUDAD DE MEXICO,4,GUSTAVO A MADERO,MORENA,89790,182120,153,6152,188425,273883,89790,No
2018,9,CIUDAD DE MEXICO,4,GUSTAVO A MADERO,ES,4069,182120,153,6152,188425,273883,4069,No
2018,9,CIUDAD DE MEXICO,4,GUSTAVO A MADERO,PH,4397,182120,153,6152,188425,273883,4397,No
2018,9,CIUDAD DE MEXICO,4,GUSTAVO A MADERO,C_COMUN_PT_MORENA_ES,3711,182120,153,6152,188425,273883,101876,Sí
2018,9,CIUDAD DE MEXICO,4,GUSTAVO A MADERO,PT_MORENA,775,182120,153,6152,188425,273883,94871,Sí
2018,9,CIUDAD DE MEXICO,4,GUSTAVO A MADERO,PT_ES,89,182120,153,6152,188425,273883,8464,Sí
2018,9,CIUDAD DE MEXICO,4,GUSTAVO A MADERO,MORENA_ES,532,182120,153,6152,188425,273883,94391,Sí
2018,9,CIUDAD DE MEXICO,4,GUSTAVO A MADERO,PAN_PRD_MC,1210,182120,153,6152,188425,273883,46630,Sí
2018,9,CIUDAD DE MEXICO,4,GUSTAVO A MADERO,PAN_PRD,335,182120,153,6152,188425,273883,42354,Sí
2018,9,CIUDAD DE MEXICO,4,GUSTAVO A MADERO,PAN_MC,78,182120,153,6152,188425,273883,19715,Sí
2018,9,CIUDAD DE MEXICO,4,GUSTAVO A MADERO,PRD_MC,137,182120,153,6152,188425,273883,29321,Sí
2018,9,CIUDAD DE MEXICO,5,AZCAPOTZALCO,PAN,38449,177790,178,7009,184977,257427,38449,No
2018,9,CIUDAD DE MEXICO,5,AZCAPOTZALCO,PRI,17182,177790,178,7009,184977,257427,17182,No
2018,9,CIUDAD DE MEXICO,5,AZCAPOTZALCO,PRD,11837,177790,178,7009,184977,257427,11837,No
2018,9,CIUDAD DE MEXICO,5,AZCAPOTZALCO,PVEM,8433,177790,178,7009,184977,257427,8433,No
2018,9,CIUDAD DE MEXICO,5,AZCAPOTZALCO,PT,3981,177790,178,7009,184977,257427,3981,No
2018,9,CIUDAD DE MEXICO,5,AZCAPOTZALCO,MC,4676,177790,178,7009,184977,257427,4676,No
2018,9,CIUDAD DE MEXICO,5,AZCAPOTZALCO,NUAL,2868,177790,178,7009,184977,257427,2868,No
2018,9,CIUDAD DE MEXICO,5,AZCAPOTZALCO,MORENA,78482,177790,178,7009,184977,257427,78482,No
2018,9,CIUDAD DE MEXICO,5,AZCAPOTZALCO,ES,3695,177790,178,7009,184977,257427,3695,No
2018,9,CIUDAD DE MEXICO,5,AZCAPOTZALCO,PH,4278,177790,178,7009,184977,257427,4278,No
2018,9,CIUDAD DE MEXICO,5,AZCAPOTZALCO,C_COMUN_PT_MORENA_ES,2572,177790,178,7009,184977,257427,88730,Sí
2018,9,CIUDAD DE MEXICO,5,AZCAPOTZALCO,PT_MORENA,636,177790,178,7009,184977,257427,83099,Sí
2018,9,CIUDAD DE MEXICO,5,AZCAPOTZALCO,PT_ES,52,177790,178,7009,184977,257427,7728,Sí
2018,9,CIUDAD DE MEXICO,5,AZCAPOTZALCO,MORENA_ES,342,177790,178,7009,184977,257427,82519,Sí
2018,9,CIUDAD DE MEXICO,5,AZCAPOTZALCO,C_COMUN_PRD_MC,307,177790,178,7009,184977,257427,16820,Sí
2018,9,CIUDAD DE MEXICO,6,GUSTAVO A MADERO,PAN,21670,201905,198,6499,208602,288345,21670,No
2018,9,CIUDAD DE MEXICO,6,GUSTAVO A MADERO,PRI,20460,201905,198,6499,208602,288345,20460,No
2018,9,CIUDAD DE MEXICO,6,GUSTAVO A MADERO,PRD,30750,201905,198,6499,208602,288345,30750,No
2018,9,CIUDAD DE MEXICO,6,GUSTAVO A MADERO,PVEM,8447,201905,198,6499,208602,288345,8447,No
2018,9,CIUDAD DE MEXICO,6,GUSTAVO A MADERO,PT,4541,201905,198,6499,208602,288345,4541,No
2018,9,CIUDAD DE MEXICO,6,GUSTAVO A MADERO,MC,4006,201905,198,6499,208602,288345,4006,No
2018,9,CIUDAD DE MEXICO,6,GUSTAVO A MADERO,NUAL,3618,201905,198,6499,208602,288345,3618,No
2018,9,CIUDAD DE MEXICO,6,GUSTAVO A MADERO,MORENA,92890,201905,198,6499,208602,288345,92890,No
2018,9,CIUDAD DE MEXICO,6,GUSTAVO A MADERO,ES,4232,201905,198,6499,208602,288345,4232,No
2018,9,CIUDAD DE MEXICO,6,GUSTAVO A MADERO,PH,4214,201905,198,6499,208602,288345,4214,No
2018,9,CIUDAD DE MEXICO,6,GUSTAVO A MADERO,C_COMUN_PT_MORENA_ES,3370,201905,198,6499,208602,288345,105033,Sí
2018,9,CIUDAD DE MEXICO,6,GUSTAVO A MADERO,PT_MORENA,729,201905,198,6499,208602,288345,98160,Sí
2018,9,CIUDAD DE MEXICO,6,GUSTAVO A MADERO,PT_ES,81,201905,198,6499,208602,288345,8854,Sí
2018,9,CIUDAD DE MEXICO,6,GUSTAVO A MADERO,MORENA_ES,523,201905,198,6499,208602,288345,97645,Sí
2018,9,CIUDAD DE MEXICO,6,GUSTAVO A MADERO,PAN_PRD_MC,1634,201905,198,6499,208602,288345,58060,Sí
2018,9,CIUDAD DE MEXICO,6,GUSTAVO A MADERO,PAN_PRD,480,201905,198,6499,208602,288345,52900,Sí
2018,9,CIUDAD DE MEXICO,6,GUSTAVO A MADERO,PAN_MC,100,201905,198,6499,208602,288345,25776,Sí
2018,9,CIUDAD DE MEXICO,6,GUSTAVO A MADERO,PRD_MC,160,201905,198,6499,208602,288345,34916,Sí
2018,9,CIUDAD DE MEXICO,7,MILPA ALTA,PAN,8883,131825,103,6157,138085,204810,8883,No
2018,9,CIUDAD DE MEXICO,7,MILPA ALTA,PRI,12849,131825,103,6157,138085,204810,12849,No
2018,9,CIUDAD DE MEXICO,7,MILPA ALTA,PRD,6945,131825,103,6157,138085,204810,6945,No
2018,9,CIUDAD DE MEXICO,7,MILPA ALTA,PVEM,9676,131825,103,6157,138085,204810,9676,No
2018,9,CIUDAD DE MEXICO,7,MILPA ALTA,PT,4262,131825,103,6157,138085,204810,4262,No
2018,9,CIUDAD DE MEXICO,7,MILPA ALTA,MC,10597,131825,103,6157,138085,204810,10597,No
2018,9,CIUDAD DE MEXICO,7,MILPA ALTA,NUAL,2938,131825,103,6157,138085,204810,2938,No
2018,9,CIUDAD DE MEXICO,7,MILPA ALTA,MORENA,64214,131825,103,6157,138085,204810,64214,No
2018,9,CIUDAD DE MEXICO,7,MILPA ALTA,ES,3193,131825,103,6157,138085,204810,3193,No
2018,9,CIUDAD DE MEXICO,7,MILPA ALTA,PH,2952,131825,103,6157,138085,204810,2952,No
2018,9,CIUDAD DE MEXICO,7,MILPA ALTA,C_COMUN_PT_MORENA_ES,2815,131825,103,6157,138085,204810,74484,Sí
2018,9,CIUDAD DE MEXICO,7,MILPA ALTA,PT_MORENA,621,131825,103,6157,138085,204810,69097,Sí
2018,9,CIUDAD DE MEXICO,7,MILPA ALTA,PT_ES,51,131825,103,6157,138085,204810,7506,Sí
2018,9,CIUDAD DE MEXICO,7,MILPA ALTA,MORENA_ES,480,131825,103,6157,138085,204810,67887,Sí
2018,9,CIUDAD DE MEXICO,7,MILPA ALTA,PAN_PRD_MC,963,131825,103,6157,138085,204810,27388,Sí
2018,9,CIUDAD DE MEXICO,7,MILPA ALTA,PAN_PRD,144,131825,103,6157,138085,204810,15972,Sí
2018,9,CIUDAD DE MEXICO,7,MILPA ALTA,PAN_MC,102,131825,103,6157,138085,204810,19582,Sí
2018,9,CIUDAD DE MEXICO,7,MILPA ALTA,PRD_MC,140,131825,103,6157,138085,204810,17682,Sí
2018,9,CIUDAD DE MEXICO,8,TLAHUAC,PAN,12382,122193,133,5650,127976,194334,12382,No
2018,9,CIUDAD DE MEXICO,8,TLAHUAC,PRI,10879,122193,133,5650,127976,194334,10879,No
2018,9,CIUDAD DE MEXICO,8,TLAHUAC,PRD,11744,122193,133,5650,127976,194334,11744,No
2018,9,CIUDAD DE MEXICO,8,TLAHUAC,PVEM,12094,122193,133,5650,127976,194334,12094,No
2018,9,CIUDAD DE MEXICO,8,TLAHUAC,PT,3212,122193,133,5650,127976,194334,3212,No
2018,9,CIUDAD DE MEXICO,8,TLAHUAC,MC,4326,122193,133,5650,127976,194334,4326,No
2018,9,CIUDAD DE MEXICO,8,TLAHUAC,NUAL,3518,122193,133,5650,127976,194334,3518,No
2018,9,CIUDAD DE MEXICO,8,TLAHUAC,MORENA,52323,122193,133,5650,127976,194334,52323,No
2018,9,CIUDAD DE MEXICO,8,TLAHUAC,ES,2316,122193,133,5650,127976,194334,2316,No
2018,9,CIUDAD DE MEXICO,8,TLAHUAC,PH,5204,122193,133,5650,127976,194334,5204,No
2018,9,CIUDAD DE MEXICO,8,TLAHUAC,C_COMUN_PT_MORENA_ES,1956,122193,133,5650,127976,194334,59807,Sí
2018,9,CIUDAD DE MEXICO,8,TLAHUAC,PT_MORENA,540,122193,133,5650,127976,194334,56075,Sí
2018,9,CIUDAD DE MEXICO,8,TLAHUAC,PT_ES,50,122193,133,5650,127976,194334,5578,Sí
2018,9,CIUDAD DE MEXICO,8,TLAHUAC,MORENA_ES,304,122193,133,5650,127976,194334,54943,Sí
2018,9,CIUDAD DE MEXICO,8,TLAHUAC,PAN_PRD_MC,933,122193,133,5650,127976,194334,29385,Sí
2018,9,CIUDAD DE MEXICO,8,TLAHUAC,PAN_PRD,236,122193,133,5650,127976,194334,24362,Sí
2018,9,CIUDAD DE MEXICO,8,TLAHUAC,PAN_MC,68,122193,133,5650,127976,194334,16776,Sí
2018,9,CIUDAD DE MEXICO,8,TLAHUAC,PRD_MC,108,122193,133,5650,127976,194334,16178,Sí
2018,9,CIUDAD DE MEXICO,9,CUAUHTEMOC,PAN,18044,147626,218,5806,153650,231286,18044,No
2018,9,CIUDAD DE MEXICO,9,CUAUHTEMOC,PRI,20549,147626,218,5806,153650,231286,20549,No
2018,9,CIUDAD DE MEXICO,9,CUAUHTEMOC,PRD,6580,147626,218,5806,153650,231286,6580,No
2018,9,CIUDAD DE MEXICO,9,CUAUHTEMOC,PVEM,6993,147626,218,5806,153650,231286,6993,No
2018,9,CIUDAD DE MEXICO,9,CUAUHTEMOC,PT,3693,147626,218,5806,153650,231286,3693,No
2018,9,CIUDAD DE MEXICO,9,CUAUHTEMOC,MC,3117,147626,218,5806,153650,231286,3117,No
2018,9,CIUDAD DE MEXICO,9,CUAUHTEMOC,NUAL,2600,147626,218,5806,153650,231286,2600,No
2018,9,CIUDAD DE MEXICO,9,CUAUHTEMOC,MORENA,70660,147626,218,5806,153650,231286,70660,No
2018,9,CIUDAD DE MEXICO,9,CUAUHTEMOC,ES,3056,147626,218,5806,153650,231286,3056,No
2018,9,CIUDAD DE MEXICO,9,CUAUHTEMOC,PH,2864,147626,218,5806,153650,231286,2864,No
2018,9,CIUDAD DE MEXICO,9,CUAUHTEMOC,C_COMUN_PT_MORENA_ES,2816,147626,218,5806,153650,231286,80225,Sí
2018,9,CIUDAD DE MEXICO,9,CUAUHTEMOC,PT_MORENA,585,147626,218,5806,153650,231286,74938,Sí
2018,9,CIUDAD DE MEXICO,9,CUAUHTEMOC,PT_ES,64,147626,218,5806,153650,231286,6813,Sí
2018,9,CIUDAD DE MEXICO,9,CUAUHTEMOC,MORENA_ES,503,147626,218,5806,153650,231286,74219,Sí
2018,9,CIUDAD DE MEXICO,9,CUAUHTEMOC,PAN_PRD_MC,718,147626,218,5806,153650,231286,28459,Sí
2018,9,CIUDAD DE MEXICO,9,CUAUHTEMOC,PAN_PRD,167,147626,218,5806,153650,231286,24791,Sí
2018,9,CIUDAD DE MEXICO,9,CUAUHTEMOC,PAN_MC,72,147626,218,5806,153650,231286,21233,Sí
2018,9,CIUDAD DE MEXICO,9,CUAUHTEMOC,PRD_MC,83,147626,218,5806,153650,231286,9780,Sí
2018,9,CIUDAD DE MEXICO,9,CUAUHTEMOC,Candidatura Independiente,4462,147626,218,5806,153650,231286,4462,No
