ID_ESTADO,NOMBRE_ESTADO,ID_DISTRITO,CABECERA_DISTRITAL,Partido,Votos,NUM_VOTOS_VALIDOS,NUM_VOTOS_CAN_NREG,NUM_VOTOS_NULOS,TOTAL_VOTOS,LISTA_NOMINAL,votos_coalicion
3,BAJA CALIFORNIA SUR,1,LA PAZ,PAN_PRS,5867,15773,43,694,16467,31836,5867
3,BAJA CALIFORNIA SUR,1,LA PAZ,PRI,3292,15773,43,694,16467,31836,3292
3,BAJA CALIFORNIA SUR,1,LA PAZ,PRI_PVEM...9,NA,15773,43,694,16467,31836,3292
3,BAJA CALIFORNIA SUR,1,LA PAZ,PRD_PT_MC,1965,15773,43,694,16467,31836,1965
3,BAJA CALIFORNIA SUR,1,LA PAZ,PVEM,804,15773,43,694,16467,31836,804
3,BAJA CALIFORNIA SUR,1,LA PAZ,NUAL,213,15773,43,694,16467,31836,213
3,BAJA CALIFORNIA SUR,1,LA PAZ,MORENA,1054,15773,43,694,16467,31836,1054
3,BAJA CALIFORNIA SUR,1,LA PAZ,PH,364,15773,43,694,16467,31836,364
3,BAJA CALIFORNIA SUR,1,LA PAZ,ES,1244,15773,43,694,16467,31836,1244
3,BAJA CALIFORNIA SUR,1,LA PAZ,BS,374,15773,43,694,16467,31836,374
3,BAJA CALIFORNIA SUR,1,LA PAZ,FACA,NA,15773,43,694,16467,31836,0
3,BAJA CALIFORNIA SUR,1,LA PAZ,JLCM,NA,15773,43,694,16467,31836,0
3,BAJA CALIFORNIA SUR,1,LA PAZ,JRM,NA,15773,43,694,16467,31836,0
3,BAJA CALIFORNIA SUR,1,LA PAZ,ISRM,NA,15773,43,694,16467,31836,0
3,BAJA CALIFORNIA SUR,1,LA PAZ,MARM,NA,15773,43,694,16467,31836,0
3,BAJA CALIFORNIA SUR,1,LA PAZ,PRI_PVEM_NUAL,226,15773,43,694,16467,31836,4535
3,BAJA CALIFORNIA SUR,1,LA PAZ,PRI_PVEM...23,302,15773,43,694,16467,31836,3594
3,BAJA CALIFORNIA SUR,1,LA PAZ,PRI_NUAL,23,15773,43,694,16467,31836,3528
3,BAJA CALIFORNIA SUR,1,LA PAZ,PVEM_NUAL,2,15773,43,694,16467,31836,1019
3,BAJA CALIFORNIA SUR,2,LA PAZ,PAN_PRS,5311,11098,34,453,11551,19608,5311
3,BAJA CALIFORNIA SUR,2,LA PAZ,PRI,2640,11098,34,453,11551,19608,2640
3,BAJA CALIFORNIA SUR,2,LA PAZ,PRI_PVEM...9,NA,11098,34,453,11551,19608,2640
3,BAJA CALIFORNIA SUR,2,LA PAZ,PRD_PT_MC,621,11098,34,453,11551,19608,621
3,BAJA CALIFORNIA SUR,2,LA PAZ,PVEM,237,11098,34,453,11551,19608,237
3,BAJA CALIFORNIA SUR,2,LA PAZ,NUAL,144,11098,34,453,11551,19608,144
3,BAJA CALIFORNIA SUR,2,LA PAZ,MORENA,882,11098,34,453,11551,19608,882
3,BAJA CALIFORNIA SUR,2,LA PAZ,PH,540,11098,34,453,11551,19608,540
3,BAJA CALIFORNIA SUR,2,LA PAZ,ES,441,11098,34,453,11551,19608,441
3,BAJA CALIFORNIA SUR,2,LA PAZ,BS,NA,11098,34,453,11551,19608,0
3,BAJA CALIFORNIA SUR,2,LA PAZ,FACA,NA,11098,34,453,11551,19608,0
3,BAJA CALIFORNIA SUR,2,LA PAZ,JLCM,NA,11098,34,453,11551,19608,0
3,BAJA CALIFORNIA SUR,2,LA PAZ,JRM,NA,11098,34,453,11551,19608,0
3,BAJA CALIFORNIA SUR,2,LA PAZ,ISRM,NA,11098,34,453,11551,19608,0
3,BAJA CALIFORNIA SUR,2,LA PAZ,MARM,NA,11098,34,453,11551,19608,0
3,BAJA CALIFORNIA SUR,2,LA PAZ,PRI_PVEM_NUAL,128,11098,34,453,11551,19608,3149
3,BAJA CALIFORNIA SUR,2,LA PAZ,PRI_PVEM...23,109,11098,34,453,11551,19608,2749
3,BAJA CALIFORNIA SUR,2,LA PAZ,PRI_NUAL,10,11098,34,453,11551,19608,2794
3,BAJA CALIFORNIA SUR,2,LA PAZ,PVEM_NUAL,1,11098,34,453,11551,19608,382
3,BAJA CALIFORNIA SUR,3,LA PAZ,PAN_PRS,4693,11906,17,427,12333,20418,4693
3,BAJA CALIFORNIA SUR,3,LA PAZ,PRI,2798,11906,17,427,12333,20418,2798
3,BAJA CALIFORNIA SUR,3,LA PAZ,PRI_PVEM...9,NA,11906,17,427,12333,20418,2798
3,BAJA CALIFORNIA SUR,3,LA PAZ,PRD_PT_MC,929,11906,17,427,12333,20418,929
3,BAJA CALIFORNIA SUR,3,LA PAZ,PVEM,188,11906,17,427,12333,20418,188
3,BAJA CALIFORNIA SUR,3,LA PAZ,NUAL,169,11906,17,427,12333,20418,169
3,BAJA CALIFORNIA SUR,3,LA PAZ,MORENA,851,11906,17,427,12333,20418,851
3,BAJA CALIFORNIA SUR,3,LA PAZ,PH,286,11906,17,427,12333,20418,286
3,BAJA CALIFORNIA SUR,3,LA PAZ,ES,891,11906,17,427,12333,20418,891
3,BAJA CALIFORNIA SUR,3,LA PAZ,BS,NA,11906,17,427,12333,20418,0
3,BAJA CALIFORNIA SUR,3,LA PAZ,FACA,484,11906,17,427,12333,20418,484
3,BAJA CALIFORNIA SUR,3,LA PAZ,JLCM,369,11906,17,427,12333,20418,369
3,BAJA CALIFORNIA SUR,3,LA PAZ,JRM,NA,11906,17,427,12333,20418,0
3,BAJA CALIFORNIA SUR,3,LA PAZ,ISRM,NA,11906,17,427,12333,20418,0
3,BAJA CALIFORNIA SUR,3,LA PAZ,MARM,NA,11906,17,427,12333,20418,0
3,BAJA CALIFORNIA SUR,3,LA PAZ,PRI_PVEM_NUAL,110,11906,17,427,12333,20418,3265
3,BAJA CALIFORNIA SUR,3,LA PAZ,PRI_PVEM...23,110,11906,17,427,12333,20418,2908
3,BAJA CALIFORNIA SUR,3,LA PAZ,PRI_NUAL,9,11906,17,427,12333,20418,2976
3,BAJA CALIFORNIA SUR,3,LA PAZ,PVEM_NUAL,2,11906,17,427,12333,20418,359
3,BAJA CALIFORNIA SUR,4,LA PAZ,PAN_PRS,14965,31803,47,1106,32909,65271,14965
3,BAJA CALIFORNIA SUR,4,LA PAZ,PRI,5779,31803,47,1106,32909,65271,5779
3,BAJA CALIFORNIA SUR,4,LA PAZ,PRI_PVEM...9,NA,31803,47,1106,32909,65271,5779
3,BAJA CALIFORNIA SUR,4,LA PAZ,PRD_PT_MC,2460,31803,47,1106,32909,65271,2460
3,BAJA CALIFORNIA SUR,4,LA PAZ,PVEM,606,31803,47,1106,32909,65271,606
3,BAJA CALIFORNIA SUR,4,LA PAZ,NUAL,735,31803,47,1106,32909,65271,735
3,BAJA CALIFORNIA SUR,4,LA PAZ,MORENA,2664,31803,47,1106,32909,65271,2664
3,BAJA CALIFORNIA SUR,4,LA PAZ,PH,2672,31803,47,1106,32909,65271,2672
3,BAJA CALIFORNIA SUR,4,LA PAZ,ES,1460,31803,47,1106,32909,65271,1460
3,BAJA CALIFORNIA SUR,4,LA PAZ,BS,NA,31803,47,1106,32909,65271,0
3,BAJA CALIFORNIA SUR,4,LA PAZ,FACA,NA,31803,47,1106,32909,65271,0
3,BAJA CALIFORNIA SUR,4,LA PAZ,JLCM,NA,31803,47,1106,32909,65271,0
3,BAJA CALIFORNIA SUR,4,LA PAZ,JRM,NA,31803,47,1106,32909,65271,0
3,BAJA CALIFORNIA SUR,4,LA PAZ,ISRM,NA,31803,47,1106,32909,65271,0
3,BAJA CALIFORNIA SUR,4,LA PAZ,MARM,NA,31803,47,1106,32909,65271,0
3,BAJA CALIFORNIA SUR,4,LA PAZ,PRI_PVEM_NUAL,211,31803,47,1106,32909,65271,7331
3,BAJA CALIFORNIA SUR,4,LA PAZ,PRI_PVEM...23,170,31803,47,1106,32909,65271,5949
3,BAJA CALIFORNIA SUR,4,LA PAZ,PRI_NUAL,30,31803,47,1106,32909,65271,6544
3,BAJA CALIFORNIA SUR,4,LA PAZ,PVEM_NUAL,4,31803,47,1106,32909,65271,1345
3,BAJA CALIFORNIA SUR,5,LA PAZ,PAN_PRS,7954,19286,39,848,20134,34177,7954
3,BAJA CALIFORNIA SUR,5,LA PAZ,PRI,NA,19286,39,848,20134,34177,0
3,BAJA CALIFORNIA SUR,5,LA PAZ,PRI_PVEM...9,5368,19286,39,848,20134,34177,5368
3,BAJA CALIFORNIA SUR,5,LA PAZ,PRD_PT_MC,1147,19286,39,848,20134,34177,1147
3,BAJA CALIFORNIA SUR,5,LA PAZ,PVEM,NA,19286,39,848,20134,34177,0
3,BAJA CALIFORNIA SUR,5,LA PAZ,NUAL,986,19286,39,848,20134,34177,986
3,BAJA CALIFORNIA SUR,5,LA PAZ,MORENA,1651,19286,39,848,20134,34177,1651
3,BAJA CALIFORNIA SUR,5,LA PAZ,PH,610,19286,39,848,20134,34177,610
3,BAJA CALIFORNIA SUR,5,LA PAZ,ES,852,19286,39,848,20134,34177,852
3,BAJA CALIFORNIA SUR,5,LA PAZ,BS,NA,19286,39,848,20134,34177,0
3,BAJA CALIFORNIA SUR,5,LA PAZ,FACA,NA,19286,39,848,20134,34177,0
3,BAJA CALIFORNIA SUR,5,LA PAZ,JLCM,NA,19286,39,848,20134,34177,0
3,BAJA CALIFORNIA SUR,5,LA PAZ,JRM,679,19286,39,848,20134,34177,679
3,BAJA CALIFORNIA SUR,5,LA PAZ,ISRM,NA,19286,39,848,20134,34177,0
3,BAJA CALIFORNIA SUR,5,LA PAZ,MARM,NA,19286,39,848,20134,34177,0
3,BAJA CALIFORNIA SUR,5,LA PAZ,PRI_PVEM_NUAL,NA,19286,39,848,20134,34177,986
3,BAJA CALIFORNIA SUR,5,LA PAZ,PRI_PVEM...23,NA,19286,39,848,20134,34177,0
3,BAJA CALIFORNIA SUR,5,LA PAZ,PRI_NUAL,NA,19286,39,848,20134,34177,986
3,BAJA CALIFORNIA SUR,5,LA PAZ,PVEM_NUAL,NA,19286,39,848,20134,34177,986
3,BAJA CALIFORNIA SUR,6,TODOS SANTOS,PAN_PRS,4532,8405,33,410,8815,15264,4532
3,BAJA CALIFORNIA SUR,6,TODOS SANTOS,PRI,NA,8405,33,410,8815,15264,0
3,BAJA CALIFORNIA SUR,6,TODOS SANTOS,PRI_PVEM...9,2830,8405,33,410,8815,15264,2830
3,BAJA CALIFORNIA SUR,6,TODOS SANTOS,PRD_PT_MC,378,8405,33,410,8815,15264,378
3,BAJA CALIFORNIA SUR,6,TODOS SANTOS,PVEM,NA,8405,33,410,8815,15264,0
3,BAJA CALIFORNIA SUR,6,TODOS SANTOS,NUAL,88,8405,33,410,8815,15264,88
3,BAJA CALIFORNIA SUR,6,TODOS SANTOS,MORENA,297,8405,33,410,8815,15264,297
3,BAJA CALIFORNIA SUR,6,TODOS SANTOS,PH,214,8405,33,410,8815,15264,214
3,BAJA CALIFORNIA SUR,6,TODOS SANTOS,ES,33,8405,33,410,8815,15264,33
3,BAJA CALIFORNIA SUR,6,TODOS SANTOS,BS,NA,8405,33,410,8815,15264,0
3,BAJA CALIFORNIA SUR,6,TODOS SANTOS,FACA,NA,8405,33,410,8815,15264,0
3,BAJA CALIFORNIA SUR,6,TODOS SANTOS,JLCM,NA,8405,33,410,8815,15264,0
3,BAJA CALIFORNIA SUR,6,TODOS SANTOS,JRM,NA,8405,33,410,8815,15264,0
3,BAJA CALIFORNIA SUR,6,TODOS SANTOS,ISRM,NA,8405,33,410,8815,15264,0
3,BAJA CALIFORNIA SUR,6,TODOS SANTOS,MARM,NA,8405,33,410,8815,15264,0
3,BAJA CALIFORNIA SUR,6,TODOS SANTOS,PRI_PVEM_NUAL,NA,8405,33,410,8815,15264,88
3,BAJA CALIFORNIA SUR,6,TODOS SANTOS,PRI_PVEM...23,NA,8405,33,410,8815,15264,0
3,BAJA CALIFORNIA SUR,6,TODOS SANTOS,PRI_NUAL,NA,8405,33,410,8815,15264,88
3,BAJA CALIFORNIA SUR,6,TODOS SANTOS,PVEM_NUAL,NA,8405,33,410,8815,15264,88
3,BAJA CALIFORNIA SUR,7,SAN JOSE DEL CABO,PAN_PRS,10999,30962,31,1035,31997,65869,10999
3,BAJA CALIFORNIA SUR,7,SAN JOSE DEL CABO,PRI,NA,30962,31,1035,31997,65869,0
3,BAJA CALIFORNIA SUR,7,SAN JOSE DEL CABO,PRI_PVEM...9,5541,30962,31,1035,31997,65869,5541
3,BAJA CALIFORNIA SUR,7,SAN JOSE DEL CABO,PRD_PT_MC,10359,30962,31,1035,31997,65869,10359
3,BAJA CALIFORNIA SUR,7,SAN JOSE DEL CABO,PVEM,NA,30962,31,1035,31997,65869,0
3,BAJA CALIFORNIA SUR,7,SAN JOSE DEL CABO,NUAL,405,30962,31,1035,31997,65869,405
3,BAJA CALIFORNIA SUR,7,SAN JOSE DEL CABO,MORENA,1883,30962,31,1035,31997,65869,1883
3,BAJA CALIFORNIA SUR,7,SAN JOSE DEL CABO,PH,933,30962,31,1035,31997,65869,933
3,BAJA CALIFORNIA SUR,7,SAN JOSE DEL CABO,ES,811,30962,31,1035,31997,65869,811
3,BAJA CALIFORNIA SUR,7,SAN JOSE DEL CABO,BS,NA,30962,31,1035,31997,65869,0
3,BAJA CALIFORNIA SUR,7,SAN JOSE DEL CABO,FACA,NA,30962,31,1035,31997,65869,0
3,BAJA CALIFORNIA SUR,7,SAN JOSE DEL CABO,JLCM,NA,30962,31,1035,31997,65869,0
3,BAJA CALIFORNIA SUR,7,SAN JOSE DEL CABO,JRM,NA,30962,31,1035,31997,65869,0
3,BAJA CALIFORNIA SUR,7,SAN JOSE DEL CABO,ISRM,NA,30962,31,1035,31997,65869,0
3,BAJA CALIFORNIA SUR,7,SAN JOSE DEL CABO,MARM,NA,30962,31,1035,31997,65869,0
3,BAJA CALIFORNIA SUR,7,SAN JOSE DEL CABO,PRI_PVEM_NUAL,NA,30962,31,1035,31997,65869,405
3,BAJA CALIFORNIA SUR,7,SAN JOSE DEL CABO,PRI_PVEM...23,NA,30962,31,1035,31997,65869,0
3,BAJA CALIFORNIA SUR,7,SAN JOSE DEL CABO,PRI_NUAL,NA,30962,31,1035,31997,65869,405
3,BAJA CALIFORNIA SUR,7,SAN JOSE DEL CABO,PVEM_NUAL,NA,30962,31,1035,31997,65869,405
3,BAJA CALIFORNIA SUR,8,CABO SAN LUCAS,PAN_PRS,16466,31060,85,1180,32240,80334,16466
3,BAJA CALIFORNIA SUR,8,CABO SAN LUCAS,PRI,NA,31060,85,1180,32240,80334,0
3,BAJA CALIFORNIA SUR,8,CABO SAN LUCAS,PRI_PVEM...9,3581,31060,85,1180,32240,80334,3581
3,BAJA CALIFORNIA SUR,8,CABO SAN LUCAS,PRD_PT_MC,6281,31060,85,1180,32240,80334,6281
3,BAJA CALIFORNIA SUR,8,CABO SAN LUCAS,PVEM,NA,31060,85,1180,32240,80334,0
3,BAJA CALIFORNIA SUR,8,CABO SAN LUCAS,NUAL,781,31060,85,1180,32240,80334,781
3,BAJA CALIFORNIA SUR,8,CABO SAN LUCAS,MORENA,2430,31060,85,1180,32240,80334,2430
3,BAJA CALIFORNIA SUR,8,CABO SAN LUCAS,PH,NA,31060,85,1180,32240,80334,0
3,BAJA CALIFORNIA SUR,8,CABO SAN LUCAS,ES,1436,31060,85,1180,32240,80334,1436
3,BAJA CALIFORNIA SUR,8,CABO SAN LUCAS,BS,NA,31060,85,1180,32240,80334,0
3,BAJA CALIFORNIA SUR,8,CABO SAN LUCAS,FACA,NA,31060,85,1180,32240,80334,0
3,BAJA CALIFORNIA SUR,8,CABO SAN LUCAS,JLCM,NA,31060,85,1180,32240,80334,0
3,BAJA CALIFORNIA SUR,8,CABO SAN LUCAS,JRM,NA,31060,85,1180,32240,80334,0
3,BAJA CALIFORNIA SUR,8,CABO SAN LUCAS,ISRM,NA,31060,85,1180,32240,80334,0
3,BAJA CALIFORNIA SUR,8,CABO SAN LUCAS,MARM,NA,31060,85,1180,32240,80334,0
3,BAJA CALIFORNIA SUR,8,CABO SAN LUCAS,PRI_PVEM_NUAL,NA,31060,85,1180,32240,80334,781
3,BAJA CALIFORNIA SUR,8,CABO SAN LUCAS,PRI_PVEM...23,NA,31060,85,1180,32240,80334,0
3,BAJA CALIFORNIA SUR,8,CABO SAN LUCAS,PRI_NUAL,NA,31060,85,1180,32240,80334,781
3,BAJA CALIFORNIA SUR,8,CABO SAN LUCAS,PVEM_NUAL,NA,31060,85,1180,32240,80334,781
3,BAJA CALIFORNIA SUR,9,CIUDAD CONSTITUCION,PAN_PRS,4080,8000,10,174,8174,13104,4080
3,BAJA CALIFORNIA SUR,9,CIUDAD CONSTITUCION,PRI,2192,8000,10,174,8174,13104,2192
3,BAJA CALIFORNIA SUR,9,CIUDAD CONSTITUCION,PRI_PVEM...9,NA,8000,10,174,8174,13104,2192
3,BAJA CALIFORNIA SUR,9,CIUDAD CONSTITUCION,PRD_PT_MC,1027,8000,10,174,8174,13104,1027
3,BAJA CALIFORNIA SUR,9,CIUDAD CONSTITUCION,PVEM,65,8000,10,174,8174,13104,65
3,BAJA CALIFORNIA SUR,9,CIUDAD CONSTITUCION,NUAL,77,8000,10,174,8174,13104,77
3,BAJA CALIFORNIA SUR,9,CIUDAD CONSTITUCION,MORENA,244,8000,10,174,8174,13104,244
3,BAJA CALIFORNIA SUR,9,CIUDAD CONSTITUCION,PH,80,8000,10,174,8174,13104,80
3,BAJA CALIFORNIA SUR,9,CIUDAD CONSTITUCION,ES,95,8000,10,174,8174,13104,95
3,BAJA CALIFORNIA SUR,9,CIUDAD CONSTITUCION,BS,NA,8000,10,174,8174,13104,0
3,BAJA CALIFORNIA SUR,9,CIUDAD CONSTITUCION,FACA,NA,8000,10,174,8174,13104,0
3,BAJA CALIFORNIA SUR,9,CIUDAD CONSTITUCION,JLCM,NA,8000,10,174,8174,13104,0
3,BAJA CALIFORNIA SUR,9,CIUDAD CONSTITUCION,JRM,NA,8000,10,174,8174,13104,0
3,BAJA CALIFORNIA SUR,9,CIUDAD CONSTITUCION,ISRM,NA,8000,10,174,8174,13104,0
3,BAJA CALIFORNIA SUR,9,CIUDAD CONSTITUCION,MARM,NA,8000,10,174,8174,13104,0
3,BAJA CALIFORNIA SUR,9,CIUDAD CONSTITUCION,PRI_PVEM_NUAL,46,8000,10,174,8174,13104,2380
3,BAJA CALIFORNIA SUR,9,CIUDAD CONSTITUCION,PRI_PVEM...23,80,8000,10,174,8174,13104,2272
3,BAJA CALIFORNIA SUR,9,CIUDAD CONSTITUCION,PRI_NUAL,4,8000,10,174,8174,13104,2273
3,BAJA CALIFORNIA SUR,9,CIUDAD CONSTITUCION,PVEM_NUAL,0,8000,10,174,8174,13104,142
3,BAJA CALIFORNIA SUR,10,CIUDAD CONSTITUCION,PAN_PRS,5096,10174,1,348,10522,18516,5096
3,BAJA CALIFORNIA SUR,10,CIUDAD CONSTITUCION,PRI,2973,10174,1,348,10522,18516,2973
3,BAJA CALIFORNIA SUR,10,CIUDAD CONSTITUCION,PRI_PVEM...9,NA,10174,1,348,10522,18516,2973
3,BAJA CALIFORNIA SUR,10,CIUDAD CONSTITUCION,PRD_PT_MC,951,10174,1,348,10522,18516,951
3,BAJA CALIFORNIA SUR,10,CIUDAD CONSTITUCION,PVEM,101,10174,1,348,10522,18516,101
3,BAJA CALIFORNIA SUR,10,CIUDAD CONSTITUCION,NUAL,93,10174,1,348,10522,18516,93
3,BAJA CALIFORNIA SUR,10,CIUDAD CONSTITUCION,MORENA,256,10174,1,348,10522,18516,256
3,BAJA CALIFORNIA SUR,10,CIUDAD CONSTITUCION,PH,74,10174,1,348,10522,18516,74
3,BAJA CALIFORNIA SUR,10,CIUDAD CONSTITUCION,ES,380,10174,1,348,10522,18516,380
3,BAJA CALIFORNIA SUR,10,CIUDAD CONSTITUCION,BS,NA,10174,1,348,10522,18516,0
3,BAJA CALIFORNIA SUR,10,CIUDAD CONSTITUCION,FACA,NA,10174,1,348,10522,18516,0
3,BAJA CALIFORNIA SUR,10,CIUDAD CONSTITUCION,JLCM,NA,10174,1,348,10522,18516,0
3,BAJA CALIFORNIA SUR,10,CIUDAD CONSTITUCION,JRM,NA,10174,1,348,10522,18516,0
3,BAJA CALIFORNIA SUR,10,CIUDAD CONSTITUCION,ISRM,NA,10174,1,348,10522,18516,0
3,BAJA CALIFORNIA SUR,10,CIUDAD CONSTITUCION,MARM,NA,10174,1,348,10522,18516,0
3,BAJA CALIFORNIA SUR,10,CIUDAD CONSTITUCION,PRI_PVEM_NUAL,78,10174,1,348,10522,18516,3245
3,BAJA CALIFORNIA SUR,10,CIUDAD CONSTITUCION,PRI_PVEM...23,162,10174,1,348,10522,18516,3135
3,BAJA CALIFORNIA SUR,10,CIUDAD CONSTITUCION,PRI_NUAL,9,10174,1,348,10522,18516,3075
3,BAJA CALIFORNIA SUR,10,CIUDAD CONSTITUCION,PVEM_NUAL,0,10174,1,348,10522,18516,194
3,BAJA CALIFORNIA SUR,11,CIUDAD INSURGENTES,PAN_PRS,4170,9698,1,329,10027,15613,4170
3,BAJA CALIFORNIA SUR,11,CIUDAD INSURGENTES,PRI,NA,9698,1,329,10027,15613,0
3,BAJA CALIFORNIA SUR,11,CIUDAD INSURGENTES,PRI_PVEM...9,3708,9698,1,329,10027,15613,3708
3,BAJA CALIFORNIA SUR,11,CIUDAD INSURGENTES,PRD_PT_MC,532,9698,1,329,10027,15613,532
3,BAJA CALIFORNIA SUR,11,CIUDAD INSURGENTES,PVEM,NA,9698,1,329,10027,15613,0
3,BAJA CALIFORNIA SUR,11,CIUDAD INSURGENTES,NUAL,191,9698,1,329,10027,15613,191
3,BAJA CALIFORNIA SUR,11,CIUDAD INSURGENTES,MORENA,181,9698,1,329,10027,15613,181
3,BAJA CALIFORNIA SUR,11,CIUDAD INSURGENTES,PH,799,9698,1,329,10027,15613,799
3,BAJA CALIFORNIA SUR,11,CIUDAD INSURGENTES,ES,116,9698,1,329,10027,15613,116
3,BAJA CALIFORNIA SUR,11,CIUDAD INSURGENTES,BS,NA,9698,1,329,10027,15613,0
3,BAJA CALIFORNIA SUR,11,CIUDAD INSURGENTES,FACA,NA,9698,1,329,10027,15613,0
3,BAJA CALIFORNIA SUR,11,CIUDAD INSURGENTES,JLCM,NA,9698,1,329,10027,15613,0
3,BAJA CALIFORNIA SUR,11,CIUDAD INSURGENTES,JRM,NA,9698,1,329,10027,15613,0
3,BAJA CALIFORNIA SUR,11,CIUDAD INSURGENTES,ISRM,NA,9698,1,329,10027,15613,0
3,BAJA CALIFORNIA SUR,11,CIUDAD INSURGENTES,MARM,NA,9698,1,329,10027,15613,0
3,BAJA CALIFORNIA SUR,11,CIUDAD INSURGENTES,PRI_PVEM_NUAL,NA,9698,1,329,10027,15613,191
3,BAJA CALIFORNIA SUR,11,CIUDAD INSURGENTES,PRI_PVEM...23,NA,9698,1,329,10027,15613,0
3,BAJA CALIFORNIA SUR,11,CIUDAD INSURGENTES,PRI_NUAL,NA,9698,1,329,10027,15613,191
3,BAJA CALIFORNIA SUR,11,CIUDAD INSURGENTES,PVEM_NUAL,NA,9698,1,329,10027,15613,191
3,BAJA CALIFORNIA SUR,12,LORETO,PAN_PRS,4577,10345,0,383,10728,14955,4577
3,BAJA CALIFORNIA SUR,12,LORETO,PRI,NA,10345,0,383,10728,14955,0
3,BAJA CALIFORNIA SUR,12,LORETO,PRI_PVEM...9,2576,10345,0,383,10728,14955,2576
3,BAJA CALIFORNIA SUR,12,LORETO,PRD_PT_MC,744,10345,0,383,10728,14955,744
3,BAJA CALIFORNIA SUR,12,LORETO,PVEM,NA,10345,0,383,10728,14955,0
3,BAJA CALIFORNIA SUR,12,LORETO,NUAL,770,10345,0,383,10728,14955,770
3,BAJA CALIFORNIA SUR,12,LORETO,MORENA,202,10345,0,383,10728,14955,202
3,BAJA CALIFORNIA SUR,12,LORETO,PH,527,10345,0,383,10728,14955,527
3,BAJA CALIFORNIA SUR,12,LORETO,ES,95,10345,0,383,10728,14955,95
3,BAJA CALIFORNIA SUR,12,LORETO,BS,NA,10345,0,383,10728,14955,0
3,BAJA CALIFORNIA SUR,12,LORETO,FACA,NA,10345,0,383,10728,14955,0
3,BAJA CALIFORNIA SUR,12,LORETO,JLCM,NA,10345,0,383,10728,14955,0
3,BAJA CALIFORNIA SUR,12,LORETO,JRM,NA,10345,0,383,10728,14955,0
3,BAJA CALIFORNIA SUR,12,LORETO,ISRM,854,10345,0,383,10728,14955,854
3,BAJA CALIFORNIA SUR,12,LORETO,MARM,NA,10345,0,383,10728,14955,0
3,BAJA CALIFORNIA SUR,12,LORETO,PRI_PVEM_NUAL,NA,10345,0,383,10728,14955,770
3,BAJA CALIFORNIA SUR,12,LORETO,PRI_PVEM...23,NA,10345,0,383,10728,14955,0
3,BAJA CALIFORNIA SUR,12,LORETO,PRI_NUAL,NA,10345,0,383,10728,14955,770
3,BAJA CALIFORNIA SUR,12,LORETO,PVEM_NUAL,NA,10345,0,383,10728,14955,770
3,BAJA CALIFORNIA SUR,13,SANTA ROSALIA,PAN_PRS,3553,8732,14,410,9142,14621,3553
3,BAJA CALIFORNIA SUR,13,SANTA ROSALIA,PRI,1662,8732,14,410,9142,14621,1662
3,BAJA CALIFORNIA SUR,13,SANTA ROSALIA,PRI_PVEM...9,NA,8732,14,410,9142,14621,1662
3,BAJA CALIFORNIA SUR,13,SANTA ROSALIA,PRD_PT_MC,225,8732,14,410,9142,14621,225
3,BAJA CALIFORNIA SUR,13,SANTA ROSALIA,PVEM,57,8732,14,410,9142,14621,57
3,BAJA CALIFORNIA SUR,13,SANTA ROSALIA,NUAL,451,8732,14,410,9142,14621,451
3,BAJA CALIFORNIA SUR,13,SANTA ROSALIA,MORENA,104,8732,14,410,9142,14621,104
3,BAJA CALIFORNIA SUR,13,SANTA ROSALIA,PH,703,8732,14,410,9142,14621,703
3,BAJA CALIFORNIA SUR,13,SANTA ROSALIA,ES,960,8732,14,410,9142,14621,960
3,BAJA CALIFORNIA SUR,13,SANTA ROSALIA,BS,NA,8732,14,410,9142,14621,0
3,BAJA CALIFORNIA SUR,13,SANTA ROSALIA,FACA,NA,8732,14,410,9142,14621,0
3,BAJA CALIFORNIA SUR,13,SANTA ROSALIA,JLCM,NA,8732,14,410,9142,14621,0
3,BAJA CALIFORNIA SUR,13,SANTA ROSALIA,JRM,NA,8732,14,410,9142,14621,0
3,BAJA CALIFORNIA SUR,13,SANTA ROSALIA,ISRM,NA,8732,14,410,9142,14621,0
3,BAJA CALIFORNIA SUR,13,SANTA ROSALIA,MARM,879,8732,14,410,9142,14621,879
3,BAJA CALIFORNIA SUR,13,SANTA ROSALIA,PRI_PVEM_NUAL,18,8732,14,410,9142,14621,2188
3,BAJA CALIFORNIA SUR,13,SANTA ROSALIA,PRI_PVEM...23,30,8732,14,410,9142,14621,1692
3,BAJA CALIFORNIA SUR,13,SANTA ROSALIA,PRI_NUAL,8,8732,14,410,9142,14621,2121
3,BAJA CALIFORNIA SUR,13,SANTA ROSALIA,PVEM_NUAL,68,8732,14,410,9142,14621,576
3,BAJA CALIFORNIA SUR,14,GUERRERO NEGRO,PAN_PRS,2902,7800,6,377,8177,15884,2902
3,BAJA CALIFORNIA SUR,14,GUERRERO NEGRO,PRI,1847,7800,6,377,8177,15884,1847
3,BAJA CALIFORNIA SUR,14,GUERRERO NEGRO,PRI_PVEM...9,NA,7800,6,377,8177,15884,1847
3,BAJA CALIFORNIA SUR,14,GUERRERO NEGRO,PRD_PT_MC,393,7800,6,377,8177,15884,393
3,BAJA CALIFORNIA SUR,14,GUERRERO NEGRO,PVEM,147,7800,6,377,8177,15884,147
3,BAJA CALIFORNIA SUR,14,GUERRERO NEGRO,NUAL,1327,7800,6,377,8177,15884,1327
3,BAJA CALIFORNIA SUR,14,GUERRERO NEGRO,MORENA,490,7800,6,377,8177,15884,490
3,BAJA CALIFORNIA SUR,14,GUERRERO NEGRO,PH,420,7800,6,377,8177,15884,420
3,BAJA CALIFORNIA SUR,14,GUERRERO NEGRO,ES,132,7800,6,377,8177,15884,132
3,BAJA CALIFORNIA SUR,14,GUERRERO NEGRO,BS,NA,7800,6,377,8177,15884,0
3,BAJA CALIFORNIA SUR,14,GUERRERO NEGRO,FACA,NA,7800,6,377,8177,15884,0
3,BAJA CALIFORNIA SUR,14,GUERRERO NEGRO,JLCM,NA,7800,6,377,8177,15884,0
3,BAJA CALIFORNIA SUR,14,GUERRERO NEGRO,JRM,NA,7800,6,377,8177,15884,0
3,BAJA CALIFORNIA SUR,14,GUERRERO NEGRO,ISRM,NA,7800,6,377,8177,15884,0
3,BAJA CALIFORNIA SUR,14,GUERRERO NEGRO,MARM,NA,7800,6,377,8177,15884,0
3,BAJA CALIFORNIA SUR,14,GUERRERO NEGRO,PRI_PVEM_NUAL,45,7800,6,377,8177,15884,3366
3,BAJA CALIFORNIA SUR,14,GUERRERO NEGRO,PRI_PVEM...23,37,7800,6,377,8177,15884,1884
3,BAJA CALIFORNIA SUR,14,GUERRERO NEGRO,PRI_NUAL,44,7800,6,377,8177,15884,3218
3,BAJA CALIFORNIA SUR,14,GUERRERO NEGRO,PVEM_NUAL,10,7800,6,377,8177,15884,1484
3,BAJA CALIFORNIA SUR,15,BAHIA TORTUGAS,PAN_PRS,2477,4560,1,138,4698,7382,2477
3,BAJA CALIFORNIA SUR,15,BAHIA TORTUGAS,PRI,806,4560,1,138,4698,7382,806
3,BAJA CALIFORNIA SUR,15,BAHIA TORTUGAS,PRI_PVEM...9,NA,4560,1,138,4698,7382,806
3,BAJA CALIFORNIA SUR,15,BAHIA TORTUGAS,PRD_PT_MC,697,4560,1,138,4698,7382,697
3,BAJA CALIFORNIA SUR,15,BAHIA TORTUGAS,PVEM,41,4560,1,138,4698,7382,41
3,BAJA CALIFORNIA SUR,15,BAHIA TORTUGAS,NUAL,144,4560,1,138,4698,7382,144
3,BAJA CALIFORNIA SUR,15,BAHIA TORTUGAS,MORENA,122,4560,1,138,4698,7382,122
3,BAJA CALIFORNIA SUR,15,BAHIA TORTUGAS,PH,197,4560,1,138,4698,7382,197
3,BAJA CALIFORNIA SUR,15,BAHIA TORTUGAS,ES,33,4560,1,138,4698,7382,33
3,BAJA CALIFORNIA SUR,15,BAHIA TORTUGAS,BS,NA,4560,1,138,4698,7382,0
3,BAJA CALIFORNIA SUR,15,BAHIA TORTUGAS,FACA,NA,4560,1,138,4698,7382,0
3,BAJA CALIFORNIA SUR,15,BAHIA TORTUGAS,JLCM,NA,4560,1,138,4698,7382,0
3,BAJA CALIFORNIA SUR,15,BAHIA TORTUGAS,JRM,NA,4560,1,138,4698,7382,0
3,BAJA CALIFORNIA SUR,15,BAHIA TORTUGAS,ISRM,NA,4560,1,138,4698,7382,0
3,BAJA CALIFORNIA SUR,15,BAHIA TORTUGAS,MARM,NA,4560,1,138,4698,7382,0
3,BAJA CALIFORNIA SUR,15,BAHIA TORTUGAS,PRI_PVEM_NUAL,12,4560,1,138,4698,7382,1003
3,BAJA CALIFORNIA SUR,15,BAHIA TORTUGAS,PRI_PVEM...23,18,4560,1,138,4698,7382,824
3,BAJA CALIFORNIA SUR,15,BAHIA TORTUGAS,PRI_NUAL,12,4560,1,138,4698,7382,962
3,BAJA CALIFORNIA SUR,15,BAHIA TORTUGAS,PVEM_NUAL,0,4560,1,138,4698,7382,185
3,BAJA CALIFORNIA SUR,16,CABO SAN LUCAS,PAN_PRS,5407,13874,38,474,14348,32546,5407
3,BAJA CALIFORNIA SUR,16,CABO SAN LUCAS,PRI,1886,13874,38,474,14348,32546,1886
3,BAJA CALIFORNIA SUR,16,CABO SAN LUCAS,PRI_PVEM...9,NA,13874,38,474,14348,32546,1886
3,BAJA CALIFORNIA SUR,16,CABO SAN LUCAS,PRD_PT_MC,4183,13874,38,474,14348,32546,4183
3,BAJA CALIFORNIA SUR,16,CABO SAN LUCAS,PVEM,271,13874,38,474,14348,32546,271
3,BAJA CALIFORNIA SUR,16,CABO SAN LUCAS,NUAL,203,13874,38,474,14348,32546,203
3,BAJA CALIFORNIA SUR,16,CABO SAN LUCAS,MORENA,1010,13874,38,474,14348,32546,1010
3,BAJA CALIFORNIA SUR,16,CABO SAN LUCAS,PH,325,13874,38,474,14348,32546,325
3,BAJA CALIFORNIA SUR,16,CABO SAN LUCAS,ES,447,13874,38,474,14348,32546,447
3,BAJA CALIFORNIA SUR,16,CABO SAN LUCAS,BS,NA,13874,38,474,14348,32546,0
3,BAJA CALIFORNIA SUR,16,CABO SAN LUCAS,FACA,NA,13874,38,474,14348,32546,0
3,BAJA CALIFORNIA SUR,16,CABO SAN LUCAS,JLCM,NA,13874,38,474,14348,32546,0
3,BAJA CALIFORNIA SUR,16,CABO SAN LUCAS,JRM,NA,13874,38,474,14348,32546,0
3,BAJA CALIFORNIA SUR,16,CABO SAN LUCAS,ISRM,NA,13874,38,474,14348,32546,0
3,BAJA CALIFORNIA SUR,16,CABO SAN LUCAS,MARM,NA,13874,38,474,14348,32546,0
3,BAJA CALIFORNIA SUR,16,CABO SAN LUCAS,PRI_PVEM_NUAL,46,13874,38,474,14348,32546,2406
3,BAJA CALIFORNIA SUR,16,CABO SAN LUCAS,PRI_PVEM...23,47,13874,38,474,14348,32546,1933
3,BAJA CALIFORNIA SUR,16,CABO SAN LUCAS,PRI_NUAL,10,13874,38,474,14348,32546,2099
3,BAJA CALIFORNIA SUR,16,CABO SAN LUCAS,PVEM_NUAL,1,13874,38,474,14348,32546,475
4,CAMPECHE,1,SAN FRANCISCO DE CAMPECHE,PAN,3126,16514,NA,727,17241,27500,3126
4,CAMPECHE,1,SAN FRANCISCO DE CAMPECHE,PRI,6619,16514,NA,727,17241,27500,6619
4,CAMPECHE,1,SAN FRANCISCO DE CAMPECHE,PRD,1258,16514,NA,727,17241,27500,1258
4,CAMPECHE,1,SAN FRANCISCO DE CAMPECHE,PVEM,421,16514,NA,727,17241,27500,421
4,CAMPECHE,1,SAN FRANCISCO DE CAMPECHE,PT,232,16514,NA,727,17241,27500,232
4,CAMPECHE,1,SAN FRANCISCO DE CAMPECHE,MC,316,16514,NA,727,17241,27500,316
4,CAMPECHE,1,SAN FRANCISCO DE CAMPECHE,NUAL,1360,16514,NA,727,17241,27500,1360
4,CAMPECHE,1,SAN FRANCISCO DE CAMPECHE,MORENA,2177,16514,NA,727,17241,27500,2177
4,CAMPECHE,1,SAN FRANCISCO DE CAMPECHE,PH,249,16514,NA,727,17241,27500,249
4,CAMPECHE,1,SAN FRANCISCO DE CAMPECHE,ES,500,16514,NA,727,17241,27500,500
4,CAMPECHE,1,SAN FRANCISCO DE CAMPECHE,PRI_PVEM,256,16514,NA,727,17241,27500,7296
4,CAMPECHE,1,SAN FRANCISCO DE CAMPECHE,CAND_IND2,NA,16514,NA,727,17241,27500,0
4,CAMPECHE,2,SAN FRANCISCO DE CAMPECHE,PAN,5630,14083,NA,478,14561,27038,5630
4,CAMPECHE,2,SAN FRANCISCO DE CAMPECHE,PRI,4384,14083,NA,478,14561,27038,4384
4,CAMPECHE,2,SAN FRANCISCO DE CAMPECHE,PRD,429,14083,NA,478,14561,27038,429
4,CAMPECHE,2,SAN FRANCISCO DE CAMPECHE,PVEM,275,14083,NA,478,14561,27038,275
4,CAMPECHE,2,SAN FRANCISCO DE CAMPECHE,PT,150,14083,NA,478,14561,27038,150
4,CAMPECHE,2,SAN FRANCISCO DE CAMPECHE,MC,244,14083,NA,478,14561,27038,244
4,CAMPECHE,2,SAN FRANCISCO DE CAMPECHE,NUAL,758,14083,NA,478,14561,27038,758
4,CAMPECHE,2,SAN FRANCISCO DE CAMPECHE,MORENA,1377,14083,NA,478,14561,27038,1377
4,CAMPECHE,2,SAN FRANCISCO DE CAMPECHE,PH,198,14083,NA,478,14561,27038,198
4,CAMPECHE,2,SAN FRANCISCO DE CAMPECHE,ES,361,14083,NA,478,14561,27038,361
4,CAMPECHE,2,SAN FRANCISCO DE CAMPECHE,PRI_PVEM,277,14083,NA,478,14561,27038,4936
4,CAMPECHE,2,SAN FRANCISCO DE CAMPECHE,CAND_IND2,NA,14083,NA,478,14561,27038,0
4,CAMPECHE,3,SAN FRANCISCO DE CAMPECHE,PAN,2224,13623,NA,611,14234,26658,2224
4,CAMPECHE,3,SAN FRANCISCO DE CAMPECHE,PRI,5305,13623,NA,611,14234,26658,5305
4,CAMPECHE,3,SAN FRANCISCO DE CAMPECHE,PRD,1151,13623,NA,611,14234,26658,1151
4,CAMPECHE,3,SAN FRANCISCO DE CAMPECHE,PVEM,365,13623,NA,611,14234,26658,365
4,CAMPECHE,3,SAN FRANCISCO DE CAMPECHE,PT,301,13623,NA,611,14234,26658,301
4,CAMPECHE,3,SAN FRANCISCO DE CAMPECHE,MC,275,13623,NA,611,14234,26658,275
4,CAMPECHE,3,SAN FRANCISCO DE CAMPECHE,NUAL,928,13623,NA,611,14234,26658,928
4,CAMPECHE,3,SAN FRANCISCO DE CAMPECHE,MORENA,1887,13623,NA,611,14234,26658,1887
4,CAMPECHE,3,SAN FRANCISCO DE CAMPECHE,PH,269,13623,NA,611,14234,26658,269
4,CAMPECHE,3,SAN FRANCISCO DE CAMPECHE,ES,676,13623,NA,611,14234,26658,676
4,CAMPECHE,3,SAN FRANCISCO DE CAMPECHE,PRI_PVEM,242,13623,NA,611,14234,26658,5912
4,CAMPECHE,3,SAN FRANCISCO DE CAMPECHE,CAND_IND2,NA,13623,NA,611,14234,26658,0
4,CAMPECHE,4,SAN FRANCISCO DE CAMPECHE,PAN,3042,15451,NA,691,16142,27313,3042
4,CAMPECHE,4,SAN FRANCISCO DE CAMPECHE,PRI,5723,15451,NA,691,16142,27313,5723
4,CAMPECHE,4,SAN FRANCISCO DE CAMPECHE,PRD,659,15451,NA,691,16142,27313,659
4,CAMPECHE,4,SAN FRANCISCO DE CAMPECHE,PVEM,607,15451,NA,691,16142,27313,607
4,CAMPECHE,4,SAN FRANCISCO DE CAMPECHE,PT,227,15451,NA,691,16142,27313,227
4,CAMPECHE,4,SAN FRANCISCO DE CAMPECHE,MC,292,15451,NA,691,16142,27313,292
4,CAMPECHE,4,SAN FRANCISCO DE CAMPECHE,NUAL,1233,15451,NA,691,16142,27313,1233
4,CAMPECHE,4,SAN FRANCISCO DE CAMPECHE,MORENA,2273,15451,NA,691,16142,27313,2273
4,CAMPECHE,4,SAN FRANCISCO DE CAMPECHE,PH,358,15451,NA,691,16142,27313,358
4,CAMPECHE,4,SAN FRANCISCO DE CAMPECHE,ES,471,15451,NA,691,16142,27313,471
4,CAMPECHE,4,SAN FRANCISCO DE CAMPECHE,PRI_PVEM,566,15451,NA,691,16142,27313,6896
4,CAMPECHE,4,SAN FRANCISCO DE CAMPECHE,CAND_IND2,NA,15451,NA,691,16142,27313,0
4,CAMPECHE,5,SAN FRANCISCO DE CAMPECHE,PAN,3165,16514,NA,741,17255,28441,3165
4,CAMPECHE,5,SAN FRANCISCO DE CAMPECHE,PRI,5687,16514,NA,741,17255,28441,5687
4,CAMPECHE,5,SAN FRANCISCO DE CAMPECHE,PRD,753,16514,NA,741,17255,28441,753
4,CAMPECHE,5,SAN FRANCISCO DE CAMPECHE,PVEM,380,16514,NA,741,17255,28441,380
4,CAMPECHE,5,SAN FRANCISCO DE CAMPECHE,PT,494,16514,NA,741,17255,28441,494
4,CAMPECHE,5,SAN FRANCISCO DE CAMPECHE,MC,291,16514,NA,741,17255,28441,291
4,CAMPECHE,5,SAN FRANCISCO DE CAMPECHE,NUAL,2655,16514,NA,741,17255,28441,2655
4,CAMPECHE,5,SAN FRANCISCO DE CAMPECHE,MORENA,2079,16514,NA,741,17255,28441,2079
4,CAMPECHE,5,SAN FRANCISCO DE CAMPECHE,PH,319,16514,NA,741,17255,28441,319
4,CAMPECHE,5,SAN FRANCISCO DE CAMPECHE,ES,466,16514,NA,741,17255,28441,466
4,CAMPECHE,5,SAN FRANCISCO DE CAMPECHE,PRI_PVEM,225,16514,NA,741,17255,28441,6292
4,CAMPECHE,5,SAN FRANCISCO DE CAMPECHE,CAND_IND2,NA,16514,NA,741,17255,28441,0
4,CAMPECHE,6,SAN FRANCISCO DE CAMPECHE,PAN,3930,17519,NA,731,18250,32114,3930
4,CAMPECHE,6,SAN FRANCISCO DE CAMPECHE,PRI,7709,17519,NA,731,18250,32114,7709
4,CAMPECHE,6,SAN FRANCISCO DE CAMPECHE,PRD,886,17519,NA,731,18250,32114,886
4,CAMPECHE,6,SAN FRANCISCO DE CAMPECHE,PVEM,347,17519,NA,731,18250,32114,347
4,CAMPECHE,6,SAN FRANCISCO DE CAMPECHE,PT,339,17519,NA,731,18250,32114,339
4,CAMPECHE,6,SAN FRANCISCO DE CAMPECHE,MC,255,17519,NA,731,18250,32114,255
4,CAMPECHE,6,SAN FRANCISCO DE CAMPECHE,NUAL,934,17519,NA,731,18250,32114,934
4,CAMPECHE,6,SAN FRANCISCO DE CAMPECHE,MORENA,1899,17519,NA,731,18250,32114,1899
4,CAMPECHE,6,SAN FRANCISCO DE CAMPECHE,PH,279,17519,NA,731,18250,32114,279
4,CAMPECHE,6,SAN FRANCISCO DE CAMPECHE,ES,708,17519,NA,731,18250,32114,708
4,CAMPECHE,6,SAN FRANCISCO DE CAMPECHE,PRI_PVEM,233,17519,NA,731,18250,32114,8289
4,CAMPECHE,6,SAN FRANCISCO DE CAMPECHE,CAND_IND2,NA,17519,NA,731,18250,32114,0
4,CAMPECHE,7,TENABO,PAN,6041,19824,NA,661,20485,32371,6041
4,CAMPECHE,7,TENABO,PRI,7657,19824,NA,661,20485,32371,7657
4,CAMPECHE,7,TENABO,PRD,520,19824,NA,661,20485,32371,520
4,CAMPECHE,7,TENABO,PVEM,369,19824,NA,661,20485,32371,369
4,CAMPECHE,7,TENABO,PT,194,19824,NA,661,20485,32371,194
4,CAMPECHE,7,TENABO,MC,434,19824,NA,661,20485,32371,434
4,CAMPECHE,7,TENABO,NUAL,1366,19824,NA,661,20485,32371,1366
4,CAMPECHE,7,TENABO,MORENA,1645,19824,NA,661,20485,32371,1645
4,CAMPECHE,7,TENABO,PH,259,19824,NA,661,20485,32371,259
4,CAMPECHE,7,TENABO,ES,588,19824,NA,661,20485,32371,588
4,CAMPECHE,7,TENABO,PRI_PVEM,751,19824,NA,661,20485,32371,8777
4,CAMPECHE,7,TENABO,CAND_IND2,NA,19824,NA,661,20485,32371,0
4,CAMPECHE,8,CIUDAD DEL CARMEN,PAN,5816,13493,NA,443,13936,29740,5816
4,CAMPECHE,8,CIUDAD DEL CARMEN,PRI,3112,13493,NA,443,13936,29740,3112
4,CAMPECHE,8,CIUDAD DEL CARMEN,PRD,1525,13493,NA,443,13936,29740,1525
4,CAMPECHE,8,CIUDAD DEL CARMEN,PVEM,144,13493,NA,443,13936,29740,144
4,CAMPECHE,8,CIUDAD DEL CARMEN,PT,359,13493,NA,443,13936,29740,359
4,CAMPECHE,8,CIUDAD DEL CARMEN,MC,136,13493,NA,443,13936,29740,136
4,CAMPECHE,8,CIUDAD DEL CARMEN,NUAL,258,13493,NA,443,13936,29740,258
4,CAMPECHE,8,CIUDAD DEL CARMEN,MORENA,1421,13493,NA,443,13936,29740,1421
4,CAMPECHE,8,CIUDAD DEL CARMEN,PH,194,13493,NA,443,13936,29740,194
4,CAMPECHE,8,CIUDAD DEL CARMEN,ES,229,13493,NA,443,13936,29740,229
4,CAMPECHE,8,CIUDAD DEL CARMEN,PRI_PVEM,299,13493,NA,443,13936,29740,3555
4,CAMPECHE,8,CIUDAD DEL CARMEN,CAND_IND2,NA,13493,NA,443,13936,29740,0
4,CAMPECHE,9,CIUDAD DEL CARMEN,PAN,5833,13978,NA,483,14461,29653,5833
4,CAMPECHE,9,CIUDAD DEL CARMEN,PRI,4167,13978,NA,483,14461,29653,4167
4,CAMPECHE,9,CIUDAD DEL CARMEN,PRD,852,13978,NA,483,14461,29653,852
4,CAMPECHE,9,CIUDAD DEL CARMEN,PVEM,205,13978,NA,483,14461,29653,205
4,CAMPECHE,9,CIUDAD DEL CARMEN,PT,187,13978,NA,483,14461,29653,187
4,CAMPECHE,9,CIUDAD DEL CARMEN,MC,214,13978,NA,483,14461,29653,214
4,CAMPECHE,9,CIUDAD DEL CARMEN,NUAL,274,13978,NA,483,14461,29653,274
4,CAMPECHE,9,CIUDAD DEL CARMEN,MORENA,1673,13978,NA,483,14461,29653,1673
4,CAMPECHE,9,CIUDAD DEL CARMEN,PH,186,13978,NA,483,14461,29653,186
4,CAMPECHE,9,CIUDAD DEL CARMEN,ES,243,13978,NA,483,14461,29653,243
4,CAMPECHE,9,CIUDAD DEL CARMEN,PRI_PVEM,144,13978,NA,483,14461,29653,4516
4,CAMPECHE,9,CIUDAD DEL CARMEN,CAND_IND2,NA,13978,NA,483,14461,29653,0
4,CAMPECHE,10,CIUDAD DEL CARMEN,PAN,5506,11697,NA,338,12035,25850,5506
4,CAMPECHE,10,CIUDAD DEL CARMEN,PRI,2953,11697,NA,338,12035,25850,2953
4,CAMPECHE,10,CIUDAD DEL CARMEN,PRD,319,11697,NA,338,12035,25850,319
4,CAMPECHE,10,CIUDAD DEL CARMEN,PVEM,159,11697,NA,338,12035,25850,159
4,CAMPECHE,10,CIUDAD DEL CARMEN,PT,340,11697,NA,338,12035,25850,340
4,CAMPECHE,10,CIUDAD DEL CARMEN,MC,170,11697,NA,338,12035,25850,170
4,CAMPECHE,10,CIUDAD DEL CARMEN,NUAL,231,11697,NA,338,12035,25850,231
4,CAMPECHE,10,CIUDAD DEL CARMEN,MORENA,1478,11697,NA,338,12035,25850,1478
4,CAMPECHE,10,CIUDAD DEL CARMEN,PH,169,11697,NA,338,12035,25850,169
4,CAMPECHE,10,CIUDAD DEL CARMEN,ES,243,11697,NA,338,12035,25850,243
4,CAMPECHE,10,CIUDAD DEL CARMEN,PRI_PVEM,129,11697,NA,338,12035,25850,3241
4,CAMPECHE,10,CIUDAD DEL CARMEN,CAND_IND2,NA,11697,NA,338,12035,25850,0
4,CAMPECHE,11,CIUDAD DEL CARMEN,PAN,3729,9744,NA,303,10047,24406,3729
4,CAMPECHE,11,CIUDAD DEL CARMEN,PRI,3356,9744,NA,303,10047,24406,3356
4,CAMPECHE,11,CIUDAD DEL CARMEN,PRD,318,9744,NA,303,10047,24406,318
4,CAMPECHE,11,CIUDAD DEL CARMEN,PVEM,196,9744,NA,303,10047,24406,196
4,CAMPECHE,11,CIUDAD DEL CARMEN,PT,124,9744,NA,303,10047,24406,124
4,CAMPECHE,11,CIUDAD DEL CARMEN,MC,120,9744,NA,303,10047,24406,120
4,CAMPECHE,11,CIUDAD DEL CARMEN,NUAL,239,9744,NA,303,10047,24406,239
4,CAMPECHE,11,CIUDAD DEL CARMEN,MORENA,1070,9744,NA,303,10047,24406,1070
4,CAMPECHE,11,CIUDAD DEL CARMEN,PH,135,9744,NA,303,10047,24406,135
4,CAMPECHE,11,CIUDAD DEL CARMEN,ES,160,9744,NA,303,10047,24406,160
4,CAMPECHE,11,CIUDAD DEL CARMEN,PRI_PVEM,192,9744,NA,303,10047,24406,3744
4,CAMPECHE,11,CIUDAD DEL CARMEN,CAND_IND2,105,9744,NA,303,10047,24406,105
4,CAMPECHE,12,SABANCUY,PAN,7794,17638,NA,498,18136,35294,7794
4,CAMPECHE,12,SABANCUY,PRI,6042,17638,NA,498,18136,35294,6042
4,CAMPECHE,12,SABANCUY,PRD,400,17638,NA,498,18136,35294,400
4,CAMPECHE,12,SABANCUY,PVEM,237,17638,NA,498,18136,35294,237
4,CAMPECHE,12,SABANCUY,PT,150,17638,NA,498,18136,35294,150
4,CAMPECHE,12,SABANCUY,MC,179,17638,NA,498,18136,35294,179
4,CAMPECHE,12,SABANCUY,NUAL,310,17638,NA,498,18136,35294,310
4,CAMPECHE,12,SABANCUY,MORENA,1753,17638,NA,498,18136,35294,1753
4,CAMPECHE,12,SABANCUY,PH,230,17638,NA,498,18136,35294,230
4,CAMPECHE,12,SABANCUY,ES,220,17638,NA,498,18136,35294,220
4,CAMPECHE,12,SABANCUY,PRI_PVEM,323,17638,NA,498,18136,35294,6602
4,CAMPECHE,12,SABANCUY,CAND_IND2,NA,17638,NA,498,18136,35294,0
4,CAMPECHE,13,ESCÁRCEGA,PAN,5814,16823,NA,572,17395,29293,5814
4,CAMPECHE,13,ESCÁRCEGA,PRI,5579,16823,NA,572,17395,29293,5579
4,CAMPECHE,13,ESCÁRCEGA,PRD,921,16823,NA,572,17395,29293,921
4,CAMPECHE,13,ESCÁRCEGA,PVEM,378,16823,NA,572,17395,29293,378
4,CAMPECHE,13,ESCÁRCEGA,PT,254,16823,NA,572,17395,29293,254
4,CAMPECHE,13,ESCÁRCEGA,MC,762,16823,NA,572,17395,29293,762
4,CAMPECHE,13,ESCÁRCEGA,NUAL,439,16823,NA,572,17395,29293,439
4,CAMPECHE,13,ESCÁRCEGA,MORENA,1843,16823,NA,572,17395,29293,1843
4,CAMPECHE,13,ESCÁRCEGA,PH,175,16823,NA,572,17395,29293,175
4,CAMPECHE,13,ESCÁRCEGA,ES,111,16823,NA,572,17395,29293,111
4,CAMPECHE,13,ESCÁRCEGA,PRI_PVEM,547,16823,NA,572,17395,29293,6504
4,CAMPECHE,13,ESCÁRCEGA,CAND_IND2,NA,16823,NA,572,17395,29293,0
4,CAMPECHE,14,CANDELARIA,PAN,11674,18848,NA,457,19305,28778,11674
4,CAMPECHE,14,CANDELARIA,PRI,5898,18848,NA,457,19305,28778,5898
4,CAMPECHE,14,CANDELARIA,PRD,131,18848,NA,457,19305,28778,131
4,CAMPECHE,14,CANDELARIA,PVEM,70,18848,NA,457,19305,28778,70
4,CAMPECHE,14,CANDELARIA,PT,134,18848,NA,457,19305,28778,134
4,CAMPECHE,14,CANDELARIA,MC,234,18848,NA,457,19305,28778,234
4,CAMPECHE,14,CANDELARIA,NUAL,126,18848,NA,457,19305,28778,126
4,CAMPECHE,14,CANDELARIA,MORENA,273,18848,NA,457,19305,28778,273
4,CAMPECHE,14,CANDELARIA,PH,33,18848,NA,457,19305,28778,33
4,CAMPECHE,14,CANDELARIA,ES,76,18848,NA,457,19305,28778,76
4,CAMPECHE,14,CANDELARIA,PRI_PVEM,199,18848,NA,457,19305,28778,6167
4,CAMPECHE,14,CANDELARIA,CAND_IND2,NA,18848,NA,457,19305,28778,0
4,CAMPECHE,15,CHAMPOTÓN,PAN,3971,18042,NA,717,18759,29162,3971
4,CAMPECHE,15,CHAMPOTÓN,PRI,9438,18042,NA,717,18759,29162,9438
4,CAMPECHE,15,CHAMPOTÓN,PRD,767,18042,NA,717,18759,29162,767
4,CAMPECHE,15,CHAMPOTÓN,PVEM,327,18042,NA,717,18759,29162,327
4,CAMPECHE,15,CHAMPOTÓN,PT,440,18042,NA,717,18759,29162,440
4,CAMPECHE,15,CHAMPOTÓN,MC,290,18042,NA,717,18759,29162,290
4,CAMPECHE,15,CHAMPOTÓN,NUAL,391,18042,NA,717,18759,29162,391
4,CAMPECHE,15,CHAMPOTÓN,MORENA,1713,18042,NA,717,18759,29162,1713
4,CAMPECHE,15,CHAMPOTÓN,PH,169,18042,NA,717,18759,29162,169
4,CAMPECHE,15,CHAMPOTÓN,ES,103,18042,NA,717,18759,29162,103
4,CAMPECHE,15,CHAMPOTÓN,PRI_PVEM,433,18042,NA,717,18759,29162,10198
4,CAMPECHE,15,CHAMPOTÓN,CAND_IND2,NA,18042,NA,717,18759,29162,0
4,CAMPECHE,16,SEYBAPLAYA,PAN,4384,20062,NA,871,20933,31175,4384
4,CAMPECHE,16,SEYBAPLAYA,PRI,8396,20062,NA,871,20933,31175,8396
4,CAMPECHE,16,SEYBAPLAYA,PRD,1419,20062,NA,871,20933,31175,1419
4,CAMPECHE,16,SEYBAPLAYA,PVEM,264,20062,NA,871,20933,31175,264
4,CAMPECHE,16,SEYBAPLAYA,PT,573,20062,NA,871,20933,31175,573
4,CAMPECHE,16,SEYBAPLAYA,MC,414,20062,NA,871,20933,31175,414
4,CAMPECHE,16,SEYBAPLAYA,NUAL,1504,20062,NA,871,20933,31175,1504
4,CAMPECHE,16,SEYBAPLAYA,MORENA,2488,20062,NA,871,20933,31175,2488
4,CAMPECHE,16,SEYBAPLAYA,PH,91,20062,NA,871,20933,31175,91
4,CAMPECHE,16,SEYBAPLAYA,ES,175,20062,NA,871,20933,31175,175
4,CAMPECHE,16,SEYBAPLAYA,PRI_PVEM,354,20062,NA,871,20933,31175,9014
4,CAMPECHE,16,SEYBAPLAYA,CAND_IND2,NA,20062,NA,871,20933,31175,0
4,CAMPECHE,17,CALKINÍ,PAN,1481,20999,NA,532,21531,28697,1481
4,CAMPECHE,17,CALKINÍ,PRI,6288,20999,NA,532,21531,28697,6288
4,CAMPECHE,17,CALKINÍ,PRD,251,20999,NA,532,21531,28697,251
4,CAMPECHE,17,CALKINÍ,PVEM,262,20999,NA,532,21531,28697,262
4,CAMPECHE,17,CALKINÍ,PT,195,20999,NA,532,21531,28697,195
4,CAMPECHE,17,CALKINÍ,MC,573,20999,NA,532,21531,28697,573
4,CAMPECHE,17,CALKINÍ,NUAL,3479,20999,NA,532,21531,28697,3479
4,CAMPECHE,17,CALKINÍ,MORENA,7656,20999,NA,532,21531,28697,7656
4,CAMPECHE,17,CALKINÍ,PH,168,20999,NA,532,21531,28697,168
4,CAMPECHE,17,CALKINÍ,ES,388,20999,NA,532,21531,28697,388
4,CAMPECHE,17,CALKINÍ,PRI_PVEM,258,20999,NA,532,21531,28697,6808
4,CAMPECHE,17,CALKINÍ,CAND_IND2,NA,20999,NA,532,21531,28697,0
4,CAMPECHE,18,HOPELCHÉN,PAN,6805,18164,NA,455,18619,25054,6805
4,CAMPECHE,18,HOPELCHÉN,PRI,8148,18164,NA,455,18619,25054,8148
4,CAMPECHE,18,HOPELCHÉN,PRD,144,18164,NA,455,18619,25054,144
4,CAMPECHE,18,HOPELCHÉN,PVEM,68,18164,NA,455,18619,25054,68
4,CAMPECHE,18,HOPELCHÉN,PT,276,18164,NA,455,18619,25054,276
4,CAMPECHE,18,HOPELCHÉN,MC,173,18164,NA,455,18619,25054,173
4,CAMPECHE,18,HOPELCHÉN,NUAL,1347,18164,NA,455,18619,25054,1347
4,CAMPECHE,18,HOPELCHÉN,MORENA,601,18164,NA,455,18619,25054,601
4,CAMPECHE,18,HOPELCHÉN,PH,63,18164,NA,455,18619,25054,63
4,CAMPECHE,18,HOPELCHÉN,ES,29,18164,NA,455,18619,25054,29
4,CAMPECHE,18,HOPELCHÉN,PRI_PVEM,510,18164,NA,455,18619,25054,8726
4,CAMPECHE,18,HOPELCHÉN,CAND_IND2,NA,18164,NA,455,18619,25054,0
4,CAMPECHE,19,HECELCHAKÁN,PAN,6380,23993,NA,799,24792,30297,6380
4,CAMPECHE,19,HECELCHAKÁN,PRI,6873,23993,NA,799,24792,30297,6873
4,CAMPECHE,19,HECELCHAKÁN,PRD,299,23993,NA,799,24792,30297,299
4,CAMPECHE,19,HECELCHAKÁN,PVEM,736,23993,NA,799,24792,30297,736
4,CAMPECHE,19,HECELCHAKÁN,PT,91,23993,NA,799,24792,30297,91
4,CAMPECHE,19,HECELCHAKÁN,MC,178,23993,NA,799,24792,30297,178
4,CAMPECHE,19,HECELCHAKÁN,NUAL,2008,23993,NA,799,24792,30297,2008
4,CAMPECHE,19,HECELCHAKÁN,MORENA,2858,23993,NA,799,24792,30297,2858
4,CAMPECHE,19,HECELCHAKÁN,PH,172,23993,NA,799,24792,30297,172
4,CAMPECHE,19,HECELCHAKÁN,ES,3998,23993,NA,799,24792,30297,3998
4,CAMPECHE,19,HECELCHAKÁN,PRI_PVEM,400,23993,NA,799,24792,30297,8009
4,CAMPECHE,19,HECELCHAKÁN,CAND_IND2,NA,23993,NA,799,24792,30297,0
4,CAMPECHE,20,PALIZADA,PAN,9102,20180,NA,657,20837,29574,9102
4,CAMPECHE,20,PALIZADA,PRI,7246,20180,NA,657,20837,29574,7246
4,CAMPECHE,20,PALIZADA,PRD,261,20180,NA,657,20837,29574,261
4,CAMPECHE,20,PALIZADA,PVEM,615,20180,NA,657,20837,29574,615
4,CAMPECHE,20,PALIZADA,PT,82,20180,NA,657,20837,29574,82
4,CAMPECHE,20,PALIZADA,MC,107,20180,NA,657,20837,29574,107
4,CAMPECHE,20,PALIZADA,NUAL,299,20180,NA,657,20837,29574,299
4,CAMPECHE,20,PALIZADA,MORENA,1690,20180,NA,657,20837,29574,1690
4,CAMPECHE,20,PALIZADA,PH,62,20180,NA,657,20837,29574,62
4,CAMPECHE,20,PALIZADA,ES,45,20180,NA,657,20837,29574,45
4,CAMPECHE,20,PALIZADA,PRI_PVEM,671,20180,NA,657,20837,29574,8532
4,CAMPECHE,20,PALIZADA,CAND_IND2,NA,20180,NA,657,20837,29574,0
4,CAMPECHE,21,XPUJIL,PAN,6797,16921,NA,586,17507,25202,6797
4,CAMPECHE,21,XPUJIL,PRI,7215,16921,NA,586,17507,25202,7215
4,CAMPECHE,21,XPUJIL,PRD,778,16921,NA,586,17507,25202,778
4,CAMPECHE,21,XPUJIL,PVEM,144,16921,NA,586,17507,25202,144
4,CAMPECHE,21,XPUJIL,PT,187,16921,NA,586,17507,25202,187
4,CAMPECHE,21,XPUJIL,MC,238,16921,NA,586,17507,25202,238
4,CAMPECHE,21,XPUJIL,NUAL,507,16921,NA,586,17507,25202,507
4,CAMPECHE,21,XPUJIL,MORENA,498,16921,NA,586,17507,25202,498
4,CAMPECHE,21,XPUJIL,PH,40,16921,NA,586,17507,25202,40
4,CAMPECHE,21,XPUJIL,ES,48,16921,NA,586,17507,25202,48
4,CAMPECHE,21,XPUJIL,PRI_PVEM,469,16921,NA,586,17507,25202,7828
4,CAMPECHE,21,XPUJIL,CAND_IND2,NA,16921,NA,586,17507,25202,0
6,COLIMA,1,NO ESTABLECIDO ACUERDO 24/2014,PAN,6468,17656,9,617,18282,30126,6468
6,COLIMA,1,NO ESTABLECIDO ACUERDO 24/2014,PRI,5131,17656,9,617,18282,30126,5131
6,COLIMA,1,NO ESTABLECIDO ACUERDO 24/2014,PRD,384,17656,9,617,18282,30126,384
6,COLIMA,1,NO ESTABLECIDO ACUERDO 24/2014,PVEM,1249,17656,9,617,18282,30126,1249
6,COLIMA,1,NO ESTABLECIDO ACUERDO 24/2014,PT,475,17656,9,617,18282,30126,475
6,COLIMA,1,NO ESTABLECIDO ACUERDO 24/2014,MC,2199,17656,9,617,18282,30126,2199
6,COLIMA,1,NO ESTABLECIDO ACUERDO 24/2014,NUAL,811,17656,9,617,18282,30126,811
6,COLIMA,1,NO ESTABLECIDO ACUERDO 24/2014,MORENA,543,17656,9,617,18282,30126,543
6,COLIMA,1,NO ESTABLECIDO ACUERDO 24/2014,PH,232,17656,9,617,18282,30126,232
6,COLIMA,1,NO ESTABLECIDO ACUERDO 24/2014,ES,164,17656,9,617,18282,30126,164
6,COLIMA,1,NO ESTABLECIDO ACUERDO 24/2014,PRI_PVEM_NUAL,0,17656,9,617,18282,30126,7191
6,COLIMA,2,NO ESTABLECIDO ACUERDO 24/2014,PAN,9878,24755,17,1149,25921,39721,9878
6,COLIMA,2,NO ESTABLECIDO ACUERDO 24/2014,PRI,0,24755,17,1149,25921,39721,0
6,COLIMA,2,NO ESTABLECIDO ACUERDO 24/2014,PRD,691,24755,17,1149,25921,39721,691
6,COLIMA,2,NO ESTABLECIDO ACUERDO 24/2014,PVEM,2189,24755,17,1149,25921,39721,2189
6,COLIMA,2,NO ESTABLECIDO ACUERDO 24/2014,PT,684,24755,17,1149,25921,39721,684
6,COLIMA,2,NO ESTABLECIDO ACUERDO 24/2014,MC,1859,24755,17,1149,25921,39721,1859
6,COLIMA,2,NO ESTABLECIDO ACUERDO 24/2014,NUAL,8012,24755,17,1149,25921,39721,8012
6,COLIMA,2,NO ESTABLECIDO ACUERDO 24/2014,MORENA,699,24755,17,1149,25921,39721,699
6,COLIMA,2,NO ESTABLECIDO ACUERDO 24/2014,PH,401,24755,17,1149,25921,39721,401
6,COLIMA,2,NO ESTABLECIDO ACUERDO 24/2014,ES,342,24755,17,1149,25921,39721,342
6,COLIMA,2,NO ESTABLECIDO ACUERDO 24/2014,PRI_PVEM_NUAL,0,24755,17,1149,25921,39721,10201
6,COLIMA,3,NO ESTABLECIDO ACUERDO 24/2014,PAN,6797,19042,7,849,19898,33022,6797
6,COLIMA,3,NO ESTABLECIDO ACUERDO 24/2014,PRI,6286,19042,7,849,19898,33022,6286
6,COLIMA,3,NO ESTABLECIDO ACUERDO 24/2014,PRD,439,19042,7,849,19898,33022,439
6,COLIMA,3,NO ESTABLECIDO ACUERDO 24/2014,PVEM,2916,19042,7,849,19898,33022,2916
6,COLIMA,3,NO ESTABLECIDO ACUERDO 24/2014,PT,473,19042,7,849,19898,33022,473
6,COLIMA,3,NO ESTABLECIDO ACUERDO 24/2014,MC,933,19042,7,849,19898,33022,933
6,COLIMA,3,NO ESTABLECIDO ACUERDO 24/2014,NUAL,610,19042,7,849,19898,33022,610
6,COLIMA,3,NO ESTABLECIDO ACUERDO 24/2014,MORENA,313,19042,7,849,19898,33022,313
6,COLIMA,3,NO ESTABLECIDO ACUERDO 24/2014,PH,275,19042,7,849,19898,33022,275
6,COLIMA,3,NO ESTABLECIDO ACUERDO 24/2014,ES,0,19042,7,849,19898,33022,0
6,COLIMA,3,NO ESTABLECIDO ACUERDO 24/2014,PRI_PVEM_NUAL,0,19042,7,849,19898,33022,9812
6,COLIMA,4,NO ESTABLECIDO ACUERDO 24/2014,PAN,8013,20012,7,599,20618,32132,8013
6,COLIMA,4,NO ESTABLECIDO ACUERDO 24/2014,PRI,8148,20012,7,599,20618,32132,8148
6,COLIMA,4,NO ESTABLECIDO ACUERDO 24/2014,PRD,465,20012,7,599,20618,32132,465
6,COLIMA,4,NO ESTABLECIDO ACUERDO 24/2014,PVEM,495,20012,7,599,20618,32132,495
6,COLIMA,4,NO ESTABLECIDO ACUERDO 24/2014,PT,619,20012,7,599,20618,32132,619
6,COLIMA,4,NO ESTABLECIDO ACUERDO 24/2014,MC,856,20012,7,599,20618,32132,856
6,COLIMA,4,NO ESTABLECIDO ACUERDO 24/2014,NUAL,598,20012,7,599,20618,32132,598
6,COLIMA,4,NO ESTABLECIDO ACUERDO 24/2014,MORENA,386,20012,7,599,20618,32132,386
6,COLIMA,4,NO ESTABLECIDO ACUERDO 24/2014,PH,197,20012,7,599,20618,32132,197
6,COLIMA,4,NO ESTABLECIDO ACUERDO 24/2014,ES,235,20012,7,599,20618,32132,235
6,COLIMA,4,NO ESTABLECIDO ACUERDO 24/2014,PRI_PVEM_NUAL,0,20012,7,599,20618,32132,9241
6,COLIMA,5,NO ESTABLECIDO ACUERDO 24/2014,PAN,8313,21518,12,595,22125,35297,8313
6,COLIMA,5,NO ESTABLECIDO ACUERDO 24/2014,PRI,8432,21518,12,595,22125,35297,8432
6,COLIMA,5,NO ESTABLECIDO ACUERDO 24/2014,PRD,446,21518,12,595,22125,35297,446
6,COLIMA,5,NO ESTABLECIDO ACUERDO 24/2014,PVEM,566,21518,12,595,22125,35297,566
6,COLIMA,5,NO ESTABLECIDO ACUERDO 24/2014,PT,841,21518,12,595,22125,35297,841
6,COLIMA,5,NO ESTABLECIDO ACUERDO 24/2014,MC,1458,21518,12,595,22125,35297,1458
6,COLIMA,5,NO ESTABLECIDO ACUERDO 24/2014,NUAL,440,21518,12,595,22125,35297,440
6,COLIMA,5,NO ESTABLECIDO ACUERDO 24/2014,MORENA,390,21518,12,595,22125,35297,390
6,COLIMA,5,NO ESTABLECIDO ACUERDO 24/2014,PH,248,21518,12,595,22125,35297,248
6,COLIMA,5,NO ESTABLECIDO ACUERDO 24/2014,ES,209,21518,12,595,22125,35297,209
6,COLIMA,5,NO ESTABLECIDO ACUERDO 24/2014,PRI_PVEM_NUAL,175,21518,12,595,22125,35297,9613
6,COLIMA,6,NO ESTABLECIDO ACUERDO 24/2014,PAN,7189,19549,7,558,20114,30953,7189
6,COLIMA,6,NO ESTABLECIDO ACUERDO 24/2014,PRI,7983,19549,7,558,20114,30953,7983
6,COLIMA,6,NO ESTABLECIDO ACUERDO 24/2014,PRD,1392,19549,7,558,20114,30953,1392
6,COLIMA,6,NO ESTABLECIDO ACUERDO 24/2014,PVEM,269,19549,7,558,20114,30953,269
6,COLIMA,6,NO ESTABLECIDO ACUERDO 24/2014,PT,493,19549,7,558,20114,30953,493
6,COLIMA,6,NO ESTABLECIDO ACUERDO 24/2014,MC,895,19549,7,558,20114,30953,895
6,COLIMA,6,NO ESTABLECIDO ACUERDO 24/2014,NUAL,418,19549,7,558,20114,30953,418
6,COLIMA,6,NO ESTABLECIDO ACUERDO 24/2014,MORENA,446,19549,7,558,20114,30953,446
6,COLIMA,6,NO ESTABLECIDO ACUERDO 24/2014,PH,309,19549,7,558,20114,30953,309
6,COLIMA,6,NO ESTABLECIDO ACUERDO 24/2014,ES,0,19549,7,558,20114,30953,0
6,COLIMA,6,NO ESTABLECIDO ACUERDO 24/2014,PRI_PVEM_NUAL,155,19549,7,558,20114,30953,8825
6,COLIMA,7,NO ESTABLECIDO ACUERDO 24/2014,PAN,7631,18986,15,593,19594,33223,7631
6,COLIMA,7,NO ESTABLECIDO ACUERDO 24/2014,PRI,4962,18986,15,593,19594,33223,4962
6,COLIMA,7,NO ESTABLECIDO ACUERDO 24/2014,PRD,705,18986,15,593,19594,33223,705
6,COLIMA,7,NO ESTABLECIDO ACUERDO 24/2014,PVEM,372,18986,15,593,19594,33223,372
6,COLIMA,7,NO ESTABLECIDO ACUERDO 24/2014,PT,1645,18986,15,593,19594,33223,1645
6,COLIMA,7,NO ESTABLECIDO ACUERDO 24/2014,MC,1538,18986,15,593,19594,33223,1538
6,COLIMA,7,NO ESTABLECIDO ACUERDO 24/2014,NUAL,679,18986,15,593,19594,33223,679
6,COLIMA,7,NO ESTABLECIDO ACUERDO 24/2014,MORENA,584,18986,15,593,19594,33223,584
6,COLIMA,7,NO ESTABLECIDO ACUERDO 24/2014,PH,443,18986,15,593,19594,33223,443
6,COLIMA,7,NO ESTABLECIDO ACUERDO 24/2014,ES,217,18986,15,593,19594,33223,217
6,COLIMA,7,NO ESTABLECIDO ACUERDO 24/2014,PRI_PVEM_NUAL,210,18986,15,593,19594,33223,6223
6,COLIMA,8,NO ESTABLECIDO ACUERDO 24/2014,PAN,6482,17996,15,401,18412,30951,6482
6,COLIMA,8,NO ESTABLECIDO ACUERDO 24/2014,PRI,6154,17996,15,401,18412,30951,6154
6,COLIMA,8,NO ESTABLECIDO ACUERDO 24/2014,PRD,429,17996,15,401,18412,30951,429
6,COLIMA,8,NO ESTABLECIDO ACUERDO 24/2014,PVEM,367,17996,15,401,18412,30951,367
6,COLIMA,8,NO ESTABLECIDO ACUERDO 24/2014,PT,413,17996,15,401,18412,30951,413
6,COLIMA,8,NO ESTABLECIDO ACUERDO 24/2014,MC,2327,17996,15,401,18412,30951,2327
6,COLIMA,8,NO ESTABLECIDO ACUERDO 24/2014,NUAL,578,17996,15,401,18412,30951,578
6,COLIMA,8,NO ESTABLECIDO ACUERDO 24/2014,MORENA,524,17996,15,401,18412,30951,524
6,COLIMA,8,NO ESTABLECIDO ACUERDO 24/2014,PH,342,17996,15,401,18412,30951,342
6,COLIMA,8,NO ESTABLECIDO ACUERDO 24/2014,ES,238,17996,15,401,18412,30951,238
6,COLIMA,8,NO ESTABLECIDO ACUERDO 24/2014,PRI_PVEM_NUAL,142,17996,15,401,18412,30951,7241
6,COLIMA,9,NO ESTABLECIDO ACUERDO 24/2014,PAN,3643,14791,2,639,15432,25481,3643
6,COLIMA,9,NO ESTABLECIDO ACUERDO 24/2014,PRI,5071,14791,2,639,15432,25481,5071
6,COLIMA,9,NO ESTABLECIDO ACUERDO 24/2014,PRD,1357,14791,2,639,15432,25481,1357
6,COLIMA,9,NO ESTABLECIDO ACUERDO 24/2014,PVEM,3303,14791,2,639,15432,25481,3303
6,COLIMA,9,NO ESTABLECIDO ACUERDO 24/2014,PT,305,14791,2,639,15432,25481,305
6,COLIMA,9,NO ESTABLECIDO ACUERDO 24/2014,MC,278,14791,2,639,15432,25481,278
6,COLIMA,9,NO ESTABLECIDO ACUERDO 24/2014,NUAL,0,14791,2,639,15432,25481,0
6,COLIMA,9,NO ESTABLECIDO ACUERDO 24/2014,MORENA,351,14791,2,639,15432,25481,351
6,COLIMA,9,NO ESTABLECIDO ACUERDO 24/2014,PH,422,14791,2,639,15432,25481,422
6,COLIMA,9,NO ESTABLECIDO ACUERDO 24/2014,ES,61,14791,2,639,15432,25481,61
6,COLIMA,9,NO ESTABLECIDO ACUERDO 24/2014,PRI_PVEM_NUAL,0,14791,2,639,15432,25481,8374
6,COLIMA,10,NO ESTABLECIDO ACUERDO 24/2014,PAN,6532,14181,2,353,14536,25485,6532
6,COLIMA,10,NO ESTABLECIDO ACUERDO 24/2014,PRI,4734,14181,2,353,14536,25485,4734
6,COLIMA,10,NO ESTABLECIDO ACUERDO 24/2014,PRD,201,14181,2,353,14536,25485,201
6,COLIMA,10,NO ESTABLECIDO ACUERDO 24/2014,PVEM,147,14181,2,353,14536,25485,147
6,COLIMA,10,NO ESTABLECIDO ACUERDO 24/2014,PT,457,14181,2,353,14536,25485,457
6,COLIMA,10,NO ESTABLECIDO ACUERDO 24/2014,MC,817,14181,2,353,14536,25485,817
6,COLIMA,10,NO ESTABLECIDO ACUERDO 24/2014,NUAL,124,14181,2,353,14536,25485,124
6,COLIMA,10,NO ESTABLECIDO ACUERDO 24/2014,MORENA,641,14181,2,353,14536,25485,641
6,COLIMA,10,NO ESTABLECIDO ACUERDO 24/2014,PH,223,14181,2,353,14536,25485,223
6,COLIMA,10,NO ESTABLECIDO ACUERDO 24/2014,ES,129,14181,2,353,14536,25485,129
6,COLIMA,10,NO ESTABLECIDO ACUERDO 24/2014,PRI_PVEM_NUAL,176,14181,2,353,14536,25485,5181
6,COLIMA,11,NO ESTABLECIDO ACUERDO 24/2014,PAN,8472,17874,10,431,18315,33539,8472
6,COLIMA,11,NO ESTABLECIDO ACUERDO 24/2014,PRI,5226,17874,10,431,18315,33539,5226
6,COLIMA,11,NO ESTABLECIDO ACUERDO 24/2014,PRD,300,17874,10,431,18315,33539,300
6,COLIMA,11,NO ESTABLECIDO ACUERDO 24/2014,PVEM,527,17874,10,431,18315,33539,527
6,COLIMA,11,NO ESTABLECIDO ACUERDO 24/2014,PT,675,17874,10,431,18315,33539,675
6,COLIMA,11,NO ESTABLECIDO ACUERDO 24/2014,MC,836,17874,10,431,18315,33539,836
6,COLIMA,11,NO ESTABLECIDO ACUERDO 24/2014,NUAL,237,17874,10,431,18315,33539,237
6,COLIMA,11,NO ESTABLECIDO ACUERDO 24/2014,MORENA,567,17874,10,431,18315,33539,567
6,COLIMA,11,NO ESTABLECIDO ACUERDO 24/2014,PH,257,17874,10,431,18315,33539,257
6,COLIMA,11,NO ESTABLECIDO ACUERDO 24/2014,ES,629,17874,10,431,18315,33539,629
6,COLIMA,11,NO ESTABLECIDO ACUERDO 24/2014,PRI_PVEM_NUAL,148,17874,10,431,18315,33539,6138
6,COLIMA,12,NO ESTABLECIDO ACUERDO 24/2014,PAN,8447,18244,5,422,18671,32784,8447
6,COLIMA,12,NO ESTABLECIDO ACUERDO 24/2014,PRI,5986,18244,5,422,18671,32784,5986
6,COLIMA,12,NO ESTABLECIDO ACUERDO 24/2014,PRD,461,18244,5,422,18671,32784,461
6,COLIMA,12,NO ESTABLECIDO ACUERDO 24/2014,PVEM,384,18244,5,422,18671,32784,384
6,COLIMA,12,NO ESTABLECIDO ACUERDO 24/2014,PT,394,18244,5,422,18671,32784,394
6,COLIMA,12,NO ESTABLECIDO ACUERDO 24/2014,MC,829,18244,5,422,18671,32784,829
6,COLIMA,12,NO ESTABLECIDO ACUERDO 24/2014,NUAL,290,18244,5,422,18671,32784,290
6,COLIMA,12,NO ESTABLECIDO ACUERDO 24/2014,MORENA,377,18244,5,422,18671,32784,377
6,COLIMA,12,NO ESTABLECIDO ACUERDO 24/2014,PH,355,18244,5,422,18671,32784,355
6,COLIMA,12,NO ESTABLECIDO ACUERDO 24/2014,ES,547,18244,5,422,18671,32784,547
6,COLIMA,12,NO ESTABLECIDO ACUERDO 24/2014,PRI_PVEM_NUAL,174,18244,5,422,18671,32784,6834
6,COLIMA,13,NO ESTABLECIDO ACUERDO 24/2014,PAN,8554,17452,11,505,17968,32122,8554
6,COLIMA,13,NO ESTABLECIDO ACUERDO 24/2014,PRI,5459,17452,11,505,17968,32122,5459
6,COLIMA,13,NO ESTABLECIDO ACUERDO 24/2014,PRD,234,17452,11,505,17968,32122,234
6,COLIMA,13,NO ESTABLECIDO ACUERDO 24/2014,PVEM,652,17452,11,505,17968,32122,652
6,COLIMA,13,NO ESTABLECIDO ACUERDO 24/2014,PT,383,17452,11,505,17968,32122,383
6,COLIMA,13,NO ESTABLECIDO ACUERDO 24/2014,MC,560,17452,11,505,17968,32122,560
6,COLIMA,13,NO ESTABLECIDO ACUERDO 24/2014,NUAL,207,17452,11,505,17968,32122,207
6,COLIMA,13,NO ESTABLECIDO ACUERDO 24/2014,MORENA,425,17452,11,505,17968,32122,425
6,COLIMA,13,NO ESTABLECIDO ACUERDO 24/2014,PH,290,17452,11,505,17968,32122,290
6,COLIMA,13,NO ESTABLECIDO ACUERDO 24/2014,ES,442,17452,11,505,17968,32122,442
6,COLIMA,13,NO ESTABLECIDO ACUERDO 24/2014,PRI_PVEM_NUAL,246,17452,11,505,17968,32122,6564
6,COLIMA,14,NO ESTABLECIDO ACUERDO 24/2014,PAN,9217,20429,4,662,21095,34942,9217
6,COLIMA,14,NO ESTABLECIDO ACUERDO 24/2014,PRI,5885,20429,4,662,21095,34942,5885
6,COLIMA,14,NO ESTABLECIDO ACUERDO 24/2014,PRD,209,20429,4,662,21095,34942,209
6,COLIMA,14,NO ESTABLECIDO ACUERDO 24/2014,PVEM,2428,20429,4,662,21095,34942,2428
6,COLIMA,14,NO ESTABLECIDO ACUERDO 24/2014,PT,576,20429,4,662,21095,34942,576
6,COLIMA,14,NO ESTABLECIDO ACUERDO 24/2014,MC,669,20429,4,662,21095,34942,669
6,COLIMA,14,NO ESTABLECIDO ACUERDO 24/2014,NUAL,402,20429,4,662,21095,34942,402
6,COLIMA,14,NO ESTABLECIDO ACUERDO 24/2014,MORENA,377,20429,4,662,21095,34942,377
6,COLIMA,14,NO ESTABLECIDO ACUERDO 24/2014,PH,224,20429,4,662,21095,34942,224
6,COLIMA,14,NO ESTABLECIDO ACUERDO 24/2014,ES,442,20429,4,662,21095,34942,442
6,COLIMA,14,NO ESTABLECIDO ACUERDO 24/2014,PRI_PVEM_NUAL,0,20429,4,662,21095,34942,8715
6,COLIMA,15,NO ESTABLECIDO ACUERDO 24/2014,PAN,5913,13438,4,342,13784,24951,5913
6,COLIMA,15,NO ESTABLECIDO ACUERDO 24/2014,PRI,4477,13438,4,342,13784,24951,4477
6,COLIMA,15,NO ESTABLECIDO ACUERDO 24/2014,PRD,468,13438,4,342,13784,24951,468
6,COLIMA,15,NO ESTABLECIDO ACUERDO 24/2014,PVEM,200,13438,4,342,13784,24951,200
6,COLIMA,15,NO ESTABLECIDO ACUERDO 24/2014,PT,356,13438,4,342,13784,24951,356
6,COLIMA,15,NO ESTABLECIDO ACUERDO 24/2014,MC,949,13438,4,342,13784,24951,949
6,COLIMA,15,NO ESTABLECIDO ACUERDO 24/2014,NUAL,127,13438,4,342,13784,24951,127
6,COLIMA,15,NO ESTABLECIDO ACUERDO 24/2014,MORENA,471,13438,4,342,13784,24951,471
6,COLIMA,15,NO ESTABLECIDO ACUERDO 24/2014,PH,159,13438,4,342,13784,24951,159
6,COLIMA,15,NO ESTABLECIDO ACUERDO 24/2014,ES,121,13438,4,342,13784,24951,121
6,COLIMA,15,NO ESTABLECIDO ACUERDO 24/2014,PRI_PVEM_NUAL,197,13438,4,342,13784,24951,5001
6,COLIMA,16,NO ESTABLECIDO ACUERDO 24/2014,PAN,5469,13115,3,277,13395,23802,5469
6,COLIMA,16,NO ESTABLECIDO ACUERDO 24/2014,PRI,5786,13115,3,277,13395,23802,5786
6,COLIMA,16,NO ESTABLECIDO ACUERDO 24/2014,PRD,186,13115,3,277,13395,23802,186
6,COLIMA,16,NO ESTABLECIDO ACUERDO 24/2014,PVEM,136,13115,3,277,13395,23802,136
6,COLIMA,16,NO ESTABLECIDO ACUERDO 24/2014,PT,258,13115,3,277,13395,23802,258
6,COLIMA,16,NO ESTABLECIDO ACUERDO 24/2014,MC,547,13115,3,277,13395,23802,547
6,COLIMA,16,NO ESTABLECIDO ACUERDO 24/2014,NUAL,121,13115,3,277,13395,23802,121
6,COLIMA,16,NO ESTABLECIDO ACUERDO 24/2014,MORENA,197,13115,3,277,13395,23802,197
6,COLIMA,16,NO ESTABLECIDO ACUERDO 24/2014,PH,161,13115,3,277,13395,23802,161
6,COLIMA,16,NO ESTABLECIDO ACUERDO 24/2014,ES,64,13115,3,277,13395,23802,64
6,COLIMA,16,NO ESTABLECIDO ACUERDO 24/2014,PRI_PVEM_NUAL,190,13115,3,277,13395,23802,6233
7,CHIAPAS,1,TUXTLA GUTIERREZ ORIENTE,PAN,18606,80006,253,5741,86000,206695,18606
7,CHIAPAS,1,TUXTLA GUTIERREZ ORIENTE,PRI,8126,80006,253,5741,86000,206695,8126
7,CHIAPAS,1,TUXTLA GUTIERREZ ORIENTE,PRD,2023,80006,253,5741,86000,206695,2023
7,CHIAPAS,1,TUXTLA GUTIERREZ ORIENTE,PT,2270,80006,253,5741,86000,206695,2270
7,CHIAPAS,1,TUXTLA GUTIERREZ ORIENTE,PVEM,26412,80006,253,5741,86000,206695,26412
7,CHIAPAS,1,TUXTLA GUTIERREZ ORIENTE,MC,2072,80006,253,5741,86000,206695,2072
7,CHIAPAS,1,TUXTLA GUTIERREZ ORIENTE,NUAL,1409,80006,253,5741,86000,206695,1409
7,CHIAPAS,1,TUXTLA GUTIERREZ ORIENTE,PCU,1306,80006,253,5741,86000,206695,1306
7,CHIAPAS,1,TUXTLA GUTIERREZ ORIENTE,MORENA,12969,80006,253,5741,86000,206695,12969
7,CHIAPAS,1,TUXTLA GUTIERREZ ORIENTE,PH,1281,80006,253,5741,86000,206695,1281
7,CHIAPAS,1,TUXTLA GUTIERREZ ORIENTE,ES,2130,80006,253,5741,86000,206695,2130
7,CHIAPAS,1,TUXTLA GUTIERREZ ORIENTE,MVC,1402,80006,253,5741,86000,206695,1402
7,CHIAPAS,1,TUXTLA GUTIERREZ ORIENTE,CAND_IND9,0,80006,253,5741,86000,206695,0
7,CHIAPAS,1,TUXTLA GUTIERREZ ORIENTE,PRI_PVEM_NUAL_PCU,0,80006,253,5741,86000,206695,37253
7,CHIAPAS,1,TUXTLA GUTIERREZ ORIENTE,PRI_PVEM_NUAL,0,80006,253,5741,86000,206695,35947
7,CHIAPAS,1,TUXTLA GUTIERREZ ORIENTE,PRI_PVEM_PCU,0,80006,253,5741,86000,206695,35844
7,CHIAPAS,1,TUXTLA GUTIERREZ ORIENTE,PRI_NUAL_PCU,0,80006,253,5741,86000,206695,10841
7,CHIAPAS,1,TUXTLA GUTIERREZ ORIENTE,PVEM_NUAL_PCU,0,80006,253,5741,86000,206695,29127
7,CHIAPAS,1,TUXTLA GUTIERREZ ORIENTE,PRI_PVEM,0,80006,253,5741,86000,206695,34538
7,CHIAPAS,1,TUXTLA GUTIERREZ ORIENTE,PRI_NUAL,0,80006,253,5741,86000,206695,9535
7,CHIAPAS,1,TUXTLA GUTIERREZ ORIENTE,PRI_PCU,0,80006,253,5741,86000,206695,9432
7,CHIAPAS,1,TUXTLA GUTIERREZ ORIENTE,PVEM_NUAL,0,80006,253,5741,86000,206695,27821
7,CHIAPAS,1,TUXTLA GUTIERREZ ORIENTE,PVEM_PCU,0,80006,253,5741,86000,206695,27718
7,CHIAPAS,1,TUXTLA GUTIERREZ ORIENTE,NUAL_PCU,0,80006,253,5741,86000,206695,2715
7,CHIAPAS,2,TUXTLA GUTIERREZ PONIENTE,PAN,26052,81175,165,4113,85453,202230,26052
7,CHIAPAS,2,TUXTLA GUTIERREZ PONIENTE,PRI,11833,81175,165,4113,85453,202230,11833
7,CHIAPAS,2,TUXTLA GUTIERREZ PONIENTE,PRD,1502,81175,165,4113,85453,202230,1502
7,CHIAPAS,2,TUXTLA GUTIERREZ PONIENTE,PT,1455,81175,165,4113,85453,202230,1455
7,CHIAPAS,2,TUXTLA GUTIERREZ PONIENTE,PVEM,18735,81175,165,4113,85453,202230,18735
7,CHIAPAS,2,TUXTLA GUTIERREZ PONIENTE,MC,1629,81175,165,4113,85453,202230,1629
7,CHIAPAS,2,TUXTLA GUTIERREZ PONIENTE,NUAL,865,81175,165,4113,85453,202230,865
7,CHIAPAS,2,TUXTLA GUTIERREZ PONIENTE,PCU,899,81175,165,4113,85453,202230,899
7,CHIAPAS,2,TUXTLA GUTIERREZ PONIENTE,MORENA,9918,81175,165,4113,85453,202230,9918
7,CHIAPAS,2,TUXTLA GUTIERREZ PONIENTE,PH,789,81175,165,4113,85453,202230,789
7,CHIAPAS,2,TUXTLA GUTIERREZ PONIENTE,ES,1553,81175,165,4113,85453,202230,1553
7,CHIAPAS,2,TUXTLA GUTIERREZ PONIENTE,MVC,1164,81175,165,4113,85453,202230,1164
7,CHIAPAS,2,TUXTLA GUTIERREZ PONIENTE,CAND_IND9,3021,81175,165,4113,85453,202230,3021
7,CHIAPAS,2,TUXTLA GUTIERREZ PONIENTE,PRI_PVEM_NUAL_PCU,98,81175,165,4113,85453,202230,32430
7,CHIAPAS,2,TUXTLA GUTIERREZ PONIENTE,PRI_PVEM_NUAL,42,81175,165,4113,85453,202230,31475
7,CHIAPAS,2,TUXTLA GUTIERREZ PONIENTE,PRI_PVEM_PCU,72,81175,165,4113,85453,202230,31539
7,CHIAPAS,2,TUXTLA GUTIERREZ PONIENTE,PRI_NUAL_PCU,7,81175,165,4113,85453,202230,13604
7,CHIAPAS,2,TUXTLA GUTIERREZ PONIENTE,PVEM_NUAL_PCU,28,81175,165,4113,85453,202230,20527
7,CHIAPAS,2,TUXTLA GUTIERREZ PONIENTE,PRI_PVEM,1384,81175,165,4113,85453,202230,31952
7,CHIAPAS,2,TUXTLA GUTIERREZ PONIENTE,PRI_NUAL,14,81175,165,4113,85453,202230,12712
7,CHIAPAS,2,TUXTLA GUTIERREZ PONIENTE,PRI_PCU,24,81175,165,4113,85453,202230,12756
7,CHIAPAS,2,TUXTLA GUTIERREZ PONIENTE,PVEM_NUAL,36,81175,165,4113,85453,202230,19636
7,CHIAPAS,2,TUXTLA GUTIERREZ PONIENTE,PVEM_PCU,44,81175,165,4113,85453,202230,19678
7,CHIAPAS,2,TUXTLA GUTIERREZ PONIENTE,NUAL_PCU,11,81175,165,4113,85453,202230,1775
7,CHIAPAS,3,CHIAPA DE CORZO,PAN,3570,81155,94,3508,84757,121872,3570
7,CHIAPAS,3,CHIAPA DE CORZO,PRI,17705,81155,94,3508,84757,121872,17705
7,CHIAPAS,3,CHIAPA DE CORZO,PRD,1034,81155,94,3508,84757,121872,1034
7,CHIAPAS,3,CHIAPA DE CORZO,PT,2078,81155,94,3508,84757,121872,2078
7,CHIAPAS,3,CHIAPA DE CORZO,PVEM,24804,81155,94,3508,84757,121872,24804
7,CHIAPAS,3,CHIAPA DE CORZO,MC,1190,81155,94,3508,84757,121872,1190
7,CHIAPAS,3,CHIAPA DE CORZO,NUAL,1271,81155,94,3508,84757,121872,1271
7,CHIAPAS,3,CHIAPA DE CORZO,PCU,9230,81155,94,3508,84757,121872,9230
7,CHIAPAS,3,CHIAPA DE CORZO,MORENA,9823,81155,94,3508,84757,121872,9823
7,CHIAPAS,3,CHIAPA DE CORZO,PH,517,81155,94,3508,84757,121872,517
7,CHIAPAS,3,CHIAPA DE CORZO,ES,747,81155,94,3508,84757,121872,747
7,CHIAPAS,3,CHIAPA DE CORZO,MVC,9186,81155,94,3508,84757,121872,9186
7,CHIAPAS,3,CHIAPA DE CORZO,CAND_IND9,0,81155,94,3508,84757,121872,0
7,CHIAPAS,3,CHIAPA DE CORZO,PRI_PVEM_NUAL_PCU,0,81155,94,3508,84757,121872,53010
7,CHIAPAS,3,CHIAPA DE CORZO,PRI_PVEM_NUAL,0,81155,94,3508,84757,121872,43780
7,CHIAPAS,3,CHIAPA DE CORZO,PRI_PVEM_PCU,0,81155,94,3508,84757,121872,51739
7,CHIAPAS,3,CHIAPA DE CORZO,PRI_NUAL_PCU,0,81155,94,3508,84757,121872,28206
7,CHIAPAS,3,CHIAPA DE CORZO,PVEM_NUAL_PCU,0,81155,94,3508,84757,121872,35305
7,CHIAPAS,3,CHIAPA DE CORZO,PRI_PVEM,0,81155,94,3508,84757,121872,42509
7,CHIAPAS,3,CHIAPA DE CORZO,PRI_NUAL,0,81155,94,3508,84757,121872,18976
7,CHIAPAS,3,CHIAPA DE CORZO,PRI_PCU,0,81155,94,3508,84757,121872,26935
7,CHIAPAS,3,CHIAPA DE CORZO,PVEM_NUAL,0,81155,94,3508,84757,121872,26075
7,CHIAPAS,3,CHIAPA DE CORZO,PVEM_PCU,0,81155,94,3508,84757,121872,34034
7,CHIAPAS,3,CHIAPA DE CORZO,NUAL_PCU,0,81155,94,3508,84757,121872,10501
7,CHIAPAS,4,VENUSTIANO CARRANZA,PAN,490,46916,10,3174,50100,73794,490
7,CHIAPAS,4,VENUSTIANO CARRANZA,PRI,10298,46916,10,3174,50100,73794,10298
7,CHIAPAS,4,VENUSTIANO CARRANZA,PRD,3279,46916,10,3174,50100,73794,3279
7,CHIAPAS,4,VENUSTIANO CARRANZA,PT,3017,46916,10,3174,50100,73794,3017
7,CHIAPAS,4,VENUSTIANO CARRANZA,PVEM,17913,46916,10,3174,50100,73794,17913
7,CHIAPAS,4,VENUSTIANO CARRANZA,MC,2660,46916,10,3174,50100,73794,2660
7,CHIAPAS,4,VENUSTIANO CARRANZA,NUAL,439,46916,10,3174,50100,73794,439
7,CHIAPAS,4,VENUSTIANO CARRANZA,PCU,3161,46916,10,3174,50100,73794,3161
7,CHIAPAS,4,VENUSTIANO CARRANZA,MORENA,2141,46916,10,3174,50100,73794,2141
7,CHIAPAS,4,VENUSTIANO CARRANZA,PH,325,46916,10,3174,50100,73794,325
7,CHIAPAS,4,VENUSTIANO CARRANZA,ES,157,46916,10,3174,50100,73794,157
7,CHIAPAS,4,VENUSTIANO CARRANZA,MVC,3036,46916,10,3174,50100,73794,3036
7,CHIAPAS,4,VENUSTIANO CARRANZA,CAND_IND9,0,46916,10,3174,50100,73794,0
7,CHIAPAS,4,VENUSTIANO CARRANZA,PRI_PVEM_NUAL_PCU,0,46916,10,3174,50100,73794,31811
7,CHIAPAS,4,VENUSTIANO CARRANZA,PRI_PVEM_NUAL,0,46916,10,3174,50100,73794,28650
7,CHIAPAS,4,VENUSTIANO CARRANZA,PRI_PVEM_PCU,0,46916,10,3174,50100,73794,31372
7,CHIAPAS,4,VENUSTIANO CARRANZA,PRI_NUAL_PCU,0,46916,10,3174,50100,73794,13898
7,CHIAPAS,4,VENUSTIANO CARRANZA,PVEM_NUAL_PCU,0,46916,10,3174,50100,73794,21513
7,CHIAPAS,4,VENUSTIANO CARRANZA,PRI_PVEM,0,46916,10,3174,50100,73794,28211
7,CHIAPAS,4,VENUSTIANO CARRANZA,PRI_NUAL,0,46916,10,3174,50100,73794,10737
7,CHIAPAS,4,VENUSTIANO CARRANZA,PRI_PCU,0,46916,10,3174,50100,73794,13459
7,CHIAPAS,4,VENUSTIANO CARRANZA,PVEM_NUAL,0,46916,10,3174,50100,73794,18352
7,CHIAPAS,4,VENUSTIANO CARRANZA,PVEM_PCU,0,46916,10,3174,50100,73794,21074
7,CHIAPAS,4,VENUSTIANO CARRANZA,NUAL_PCU,0,46916,10,3174,50100,73794,3600
7,CHIAPAS,5,SAN CRISTOBAL DE LAS CASAS,PAN,4043,69619,86,5800,75505,144014,4043
7,CHIAPAS,5,SAN CRISTOBAL DE LAS CASAS,PRI,7954,69619,86,5800,75505,144014,7954
7,CHIAPAS,5,SAN CRISTOBAL DE LAS CASAS,PRD,5315,69619,86,5800,75505,144014,5315
7,CHIAPAS,5,SAN CRISTOBAL DE LAS CASAS,PT,1492,69619,86,5800,75505,144014,1492
7,CHIAPAS,5,SAN CRISTOBAL DE LAS CASAS,PVEM,20992,69619,86,5800,75505,144014,20992
7,CHIAPAS,5,SAN CRISTOBAL DE LAS CASAS,MC,1469,69619,86,5800,75505,144014,1469
7,CHIAPAS,5,SAN CRISTOBAL DE LAS CASAS,NUAL,741,69619,86,5800,75505,144014,741
7,CHIAPAS,5,SAN CRISTOBAL DE LAS CASAS,PCU,3332,69619,86,5800,75505,144014,3332
7,CHIAPAS,5,SAN CRISTOBAL DE LAS CASAS,MORENA,11244,69619,86,5800,75505,144014,11244
7,CHIAPAS,5,SAN CRISTOBAL DE LAS CASAS,PH,1263,69619,86,5800,75505,144014,1263
7,CHIAPAS,5,SAN CRISTOBAL DE LAS CASAS,ES,2690,69619,86,5800,75505,144014,2690
7,CHIAPAS,5,SAN CRISTOBAL DE LAS CASAS,MVC,9084,69619,86,5800,75505,144014,9084
7,CHIAPAS,5,SAN CRISTOBAL DE LAS CASAS,CAND_IND9,0,69619,86,5800,75505,144014,0
7,CHIAPAS,5,SAN CRISTOBAL DE LAS CASAS,PRI_PVEM_NUAL_PCU,0,69619,86,5800,75505,144014,33019
7,CHIAPAS,5,SAN CRISTOBAL DE LAS CASAS,PRI_PVEM_NUAL,0,69619,86,5800,75505,144014,29687
7,CHIAPAS,5,SAN CRISTOBAL DE LAS CASAS,PRI_PVEM_PCU,0,69619,86,5800,75505,144014,32278
7,CHIAPAS,5,SAN CRISTOBAL DE LAS CASAS,PRI_NUAL_PCU,0,69619,86,5800,75505,144014,12027
7,CHIAPAS,5,SAN CRISTOBAL DE LAS CASAS,PVEM_NUAL_PCU,0,69619,86,5800,75505,144014,25065
7,CHIAPAS,5,SAN CRISTOBAL DE LAS CASAS,PRI_PVEM,0,69619,86,5800,75505,144014,28946
7,CHIAPAS,5,SAN CRISTOBAL DE LAS CASAS,PRI_NUAL,0,69619,86,5800,75505,144014,8695
7,CHIAPAS,5,SAN CRISTOBAL DE LAS CASAS,PRI_PCU,0,69619,86,5800,75505,144014,11286
7,CHIAPAS,5,SAN CRISTOBAL DE LAS CASAS,PVEM_NUAL,0,69619,86,5800,75505,144014,21733
7,CHIAPAS,5,SAN CRISTOBAL DE LAS CASAS,PVEM_PCU,0,69619,86,5800,75505,144014,24324
7,CHIAPAS,5,SAN CRISTOBAL DE LAS CASAS,NUAL_PCU,0,69619,86,5800,75505,144014,4073
7,CHIAPAS,6,COMITAN DE DOMINGUEZ,PAN,1311,112353,112,6492,118957,178462,1311
7,CHIAPAS,6,COMITAN DE DOMINGUEZ,PRI,31205,112353,112,6492,118957,178462,31205
7,CHIAPAS,6,COMITAN DE DOMINGUEZ,PRD,1761,112353,112,6492,118957,178462,1761
7,CHIAPAS,6,COMITAN DE DOMINGUEZ,PT,1477,112353,112,6492,118957,178462,1477
7,CHIAPAS,6,COMITAN DE DOMINGUEZ,PVEM,46843,112353,112,6492,118957,178462,46843
7,CHIAPAS,6,COMITAN DE DOMINGUEZ,MC,560,112353,112,6492,118957,178462,560
7,CHIAPAS,6,COMITAN DE DOMINGUEZ,NUAL,825,112353,112,6492,118957,178462,825
7,CHIAPAS,6,COMITAN DE DOMINGUEZ,PCU,3317,112353,112,6492,118957,178462,3317
7,CHIAPAS,6,COMITAN DE DOMINGUEZ,MORENA,5261,112353,112,6492,118957,178462,5261
7,CHIAPAS,6,COMITAN DE DOMINGUEZ,PH,492,112353,112,6492,118957,178462,492
7,CHIAPAS,6,COMITAN DE DOMINGUEZ,ES,617,112353,112,6492,118957,178462,617
7,CHIAPAS,6,COMITAN DE DOMINGUEZ,MVC,18684,112353,112,6492,118957,178462,18684
7,CHIAPAS,6,COMITAN DE DOMINGUEZ,CAND_IND9,0,112353,112,6492,118957,178462,0
7,CHIAPAS,6,COMITAN DE DOMINGUEZ,PRI_PVEM_NUAL_PCU,0,112353,112,6492,118957,178462,82190
7,CHIAPAS,6,COMITAN DE DOMINGUEZ,PRI_PVEM_NUAL,0,112353,112,6492,118957,178462,78873
7,CHIAPAS,6,COMITAN DE DOMINGUEZ,PRI_PVEM_PCU,0,112353,112,6492,118957,178462,81365
7,CHIAPAS,6,COMITAN DE DOMINGUEZ,PRI_NUAL_PCU,0,112353,112,6492,118957,178462,35347
7,CHIAPAS,6,COMITAN DE DOMINGUEZ,PVEM_NUAL_PCU,0,112353,112,6492,118957,178462,50985
7,CHIAPAS,6,COMITAN DE DOMINGUEZ,PRI_PVEM,0,112353,112,6492,118957,178462,78048
7,CHIAPAS,6,COMITAN DE DOMINGUEZ,PRI_NUAL,0,112353,112,6492,118957,178462,32030
7,CHIAPAS,6,COMITAN DE DOMINGUEZ,PRI_PCU,0,112353,112,6492,118957,178462,34522
7,CHIAPAS,6,COMITAN DE DOMINGUEZ,PVEM_NUAL,0,112353,112,6492,118957,178462,47668
7,CHIAPAS,6,COMITAN DE DOMINGUEZ,PVEM_PCU,0,112353,112,6492,118957,178462,50160
7,CHIAPAS,6,COMITAN DE DOMINGUEZ,NUAL_PCU,0,112353,112,6492,118957,178462,4142
7,CHIAPAS,7,OCOSINGO,PAN,8149,138038,19,8792,146849,230399,8149
7,CHIAPAS,7,OCOSINGO,PRI,29990,138038,19,8792,146849,230399,29990
7,CHIAPAS,7,OCOSINGO,PRD,1861,138038,19,8792,146849,230399,1861
7,CHIAPAS,7,OCOSINGO,PT,1918,138038,19,8792,146849,230399,1918
7,CHIAPAS,7,OCOSINGO,PVEM,54619,138038,19,8792,146849,230399,54619
7,CHIAPAS,7,OCOSINGO,MC,9761,138038,19,8792,146849,230399,9761
7,CHIAPAS,7,OCOSINGO,NUAL,1504,138038,19,8792,146849,230399,1504
7,CHIAPAS,7,OCOSINGO,PCU,6920,138038,19,8792,146849,230399,6920
7,CHIAPAS,7,OCOSINGO,MORENA,9211,138038,19,8792,146849,230399,9211
7,CHIAPAS,7,OCOSINGO,PH,929,138038,19,8792,146849,230399,929
7,CHIAPAS,7,OCOSINGO,ES,418,138038,19,8792,146849,230399,418
7,CHIAPAS,7,OCOSINGO,MVC,12758,138038,19,8792,146849,230399,12758
7,CHIAPAS,7,OCOSINGO,CAND_IND9,0,138038,19,8792,146849,230399,0
7,CHIAPAS,7,OCOSINGO,PRI_PVEM_NUAL_PCU,0,138038,19,8792,146849,230399,93033
7,CHIAPAS,7,OCOSINGO,PRI_PVEM_NUAL,0,138038,19,8792,146849,230399,86113
7,CHIAPAS,7,OCOSINGO,PRI_PVEM_PCU,0,138038,19,8792,146849,230399,91529
7,CHIAPAS,7,OCOSINGO,PRI_NUAL_PCU,0,138038,19,8792,146849,230399,38414
7,CHIAPAS,7,OCOSINGO,PVEM_NUAL_PCU,0,138038,19,8792,146849,230399,63043
7,CHIAPAS,7,OCOSINGO,PRI_PVEM,0,138038,19,8792,146849,230399,84609
7,CHIAPAS,7,OCOSINGO,PRI_NUAL,0,138038,19,8792,146849,230399,31494
7,CHIAPAS,7,OCOSINGO,PRI_PCU,0,138038,19,8792,146849,230399,36910
7,CHIAPAS,7,OCOSINGO,PVEM_NUAL,0,138038,19,8792,146849,230399,56123
7,CHIAPAS,7,OCOSINGO,PVEM_PCU,0,138038,19,8792,146849,230399,61539
7,CHIAPAS,7,OCOSINGO,NUAL_PCU,0,138038,19,8792,146849,230399,8424
7,CHIAPAS,8,YAJALON,PAN,816,76665,513,4426,81604,104890,816
7,CHIAPAS,8,YAJALON,PRI,9392,76665,513,4426,81604,104890,9392
7,CHIAPAS,8,YAJALON,PRD,8321,76665,513,4426,81604,104890,8321
7,CHIAPAS,8,YAJALON,PT,1706,76665,513,4426,81604,104890,1706
7,CHIAPAS,8,YAJALON,PVEM,37619,76665,513,4426,81604,104890,37619
7,CHIAPAS,8,YAJALON,MC,682,76665,513,4426,81604,104890,682
7,CHIAPAS,8,YAJALON,NUAL,607,76665,513,4426,81604,104890,607
7,CHIAPAS,8,YAJALON,PCU,3676,76665,513,4426,81604,104890,3676
7,CHIAPAS,8,YAJALON,MORENA,7175,76665,513,4426,81604,104890,7175
7,CHIAPAS,8,YAJALON,PH,497,76665,513,4426,81604,104890,497
7,CHIAPAS,8,YAJALON,ES,0,76665,513,4426,81604,104890,0
7,CHIAPAS,8,YAJALON,MVC,6174,76665,513,4426,81604,104890,6174
7,CHIAPAS,8,YAJALON,CAND_IND9,0,76665,513,4426,81604,104890,0
7,CHIAPAS,8,YAJALON,PRI_PVEM_NUAL_PCU,0,76665,513,4426,81604,104890,51294
7,CHIAPAS,8,YAJALON,PRI_PVEM_NUAL,0,76665,513,4426,81604,104890,47618
7,CHIAPAS,8,YAJALON,PRI_PVEM_PCU,0,76665,513,4426,81604,104890,50687
7,CHIAPAS,8,YAJALON,PRI_NUAL_PCU,0,76665,513,4426,81604,104890,13675
7,CHIAPAS,8,YAJALON,PVEM_NUAL_PCU,0,76665,513,4426,81604,104890,41902
7,CHIAPAS,8,YAJALON,PRI_PVEM,0,76665,513,4426,81604,104890,47011
7,CHIAPAS,8,YAJALON,PRI_NUAL,0,76665,513,4426,81604,104890,9999
7,CHIAPAS,8,YAJALON,PRI_PCU,0,76665,513,4426,81604,104890,13068
7,CHIAPAS,8,YAJALON,PVEM_NUAL,0,76665,513,4426,81604,104890,38226
7,CHIAPAS,8,YAJALON,PVEM_PCU,0,76665,513,4426,81604,104890,41295
7,CHIAPAS,8,YAJALON,NUAL_PCU,0,76665,513,4426,81604,104890,4283
7,CHIAPAS,9,PALENQUE,PAN,3417,56848,10,2922,59780,132404,3417
7,CHIAPAS,9,PALENQUE,PRI,3076,56848,10,2922,59780,132404,3076
7,CHIAPAS,9,PALENQUE,PRD,1754,56848,10,2922,59780,132404,1754
7,CHIAPAS,9,PALENQUE,PT,4517,56848,10,2922,59780,132404,4517
7,CHIAPAS,9,PALENQUE,PVEM,19106,56848,10,2922,59780,132404,19106
7,CHIAPAS,9,PALENQUE,MC,1327,56848,10,2922,59780,132404,1327
7,CHIAPAS,9,PALENQUE,NUAL,1362,56848,10,2922,59780,132404,1362
7,CHIAPAS,9,PALENQUE,PCU,8935,56848,10,2922,59780,132404,8935
7,CHIAPAS,9,PALENQUE,MORENA,5167,56848,10,2922,59780,132404,5167
7,CHIAPAS,9,PALENQUE,PH,689,56848,10,2922,59780,132404,689
7,CHIAPAS,9,PALENQUE,ES,161,56848,10,2922,59780,132404,161
7,CHIAPAS,9,PALENQUE,MVC,7337,56848,10,2922,59780,132404,7337
7,CHIAPAS,9,PALENQUE,CAND_IND9,0,56848,10,2922,59780,132404,0
7,CHIAPAS,9,PALENQUE,PRI_PVEM_NUAL_PCU,0,56848,10,2922,59780,132404,32479
7,CHIAPAS,9,PALENQUE,PRI_PVEM_NUAL,0,56848,10,2922,59780,132404,23544
7,CHIAPAS,9,PALENQUE,PRI_PVEM_PCU,0,56848,10,2922,59780,132404,31117
7,CHIAPAS,9,PALENQUE,PRI_NUAL_PCU,0,56848,10,2922,59780,132404,13373
7,CHIAPAS,9,PALENQUE,PVEM_NUAL_PCU,0,56848,10,2922,59780,132404,29403
7,CHIAPAS,9,PALENQUE,PRI_PVEM,0,56848,10,2922,59780,132404,22182
7,CHIAPAS,9,PALENQUE,PRI_NUAL,0,56848,10,2922,59780,132404,4438
7,CHIAPAS,9,PALENQUE,PRI_PCU,0,56848,10,2922,59780,132404,12011
7,CHIAPAS,9,PALENQUE,PVEM_NUAL,0,56848,10,2922,59780,132404,20468
7,CHIAPAS,9,PALENQUE,PVEM_PCU,0,56848,10,2922,59780,132404,28041
7,CHIAPAS,9,PALENQUE,NUAL_PCU,0,56848,10,2922,59780,132404,10297
7,CHIAPAS,10,BOCHIL,PAN,1268,60018,4,2953,62975,76842,1268
7,CHIAPAS,10,BOCHIL,PRI,22791,60018,4,2953,62975,76842,22791
7,CHIAPAS,10,BOCHIL,PRD,3219,60018,4,2953,62975,76842,3219
7,CHIAPAS,10,BOCHIL,PT,1090,60018,4,2953,62975,76842,1090
7,CHIAPAS,10,BOCHIL,PVEM,19802,60018,4,2953,62975,76842,19802
7,CHIAPAS,10,BOCHIL,MC,1149,60018,4,2953,62975,76842,1149
7,CHIAPAS,10,BOCHIL,NUAL,445,60018,4,2953,62975,76842,445
7,CHIAPAS,10,BOCHIL,PCU,2180,60018,4,2953,62975,76842,2180
7,CHIAPAS,10,BOCHIL,MORENA,3469,60018,4,2953,62975,76842,3469
7,CHIAPAS,10,BOCHIL,PH,211,60018,4,2953,62975,76842,211
7,CHIAPAS,10,BOCHIL,ES,186,60018,4,2953,62975,76842,186
7,CHIAPAS,10,BOCHIL,MVC,4208,60018,4,2953,62975,76842,4208
7,CHIAPAS,10,BOCHIL,CAND_IND9,0,60018,4,2953,62975,76842,0
7,CHIAPAS,10,BOCHIL,PRI_PVEM_NUAL_PCU,0,60018,4,2953,62975,76842,45218
7,CHIAPAS,10,BOCHIL,PRI_PVEM_NUAL,0,60018,4,2953,62975,76842,43038
7,CHIAPAS,10,BOCHIL,PRI_PVEM_PCU,0,60018,4,2953,62975,76842,44773
7,CHIAPAS,10,BOCHIL,PRI_NUAL_PCU,0,60018,4,2953,62975,76842,25416
7,CHIAPAS,10,BOCHIL,PVEM_NUAL_PCU,0,60018,4,2953,62975,76842,22427
7,CHIAPAS,10,BOCHIL,PRI_PVEM,0,60018,4,2953,62975,76842,42593
7,CHIAPAS,10,BOCHIL,PRI_NUAL,0,60018,4,2953,62975,76842,23236
7,CHIAPAS,10,BOCHIL,PRI_PCU,0,60018,4,2953,62975,76842,24971
7,CHIAPAS,10,BOCHIL,PVEM_NUAL,0,60018,4,2953,62975,76842,20247
7,CHIAPAS,10,BOCHIL,PVEM_PCU,0,60018,4,2953,62975,76842,21982
7,CHIAPAS,10,BOCHIL,NUAL_PCU,0,60018,4,2953,62975,76842,2625
7,CHIAPAS,11,PUEBLO NUEVO SOLISTAHUACAN,PAN,2716,40548,8,2892,43448,50207,2716
7,CHIAPAS,11,PUEBLO NUEVO SOLISTAHUACAN,PRI,5632,40548,8,2892,43448,50207,5632
7,CHIAPAS,11,PUEBLO NUEVO SOLISTAHUACAN,PRD,7558,40548,8,2892,43448,50207,7558
7,CHIAPAS,11,PUEBLO NUEVO SOLISTAHUACAN,PT,1119,40548,8,2892,43448,50207,1119
7,CHIAPAS,11,PUEBLO NUEVO SOLISTAHUACAN,PVEM,9887,40548,8,2892,43448,50207,9887
7,CHIAPAS,11,PUEBLO NUEVO SOLISTAHUACAN,MC,925,40548,8,2892,43448,50207,925
7,CHIAPAS,11,PUEBLO NUEVO SOLISTAHUACAN,NUAL,210,40548,8,2892,43448,50207,210
7,CHIAPAS,11,PUEBLO NUEVO SOLISTAHUACAN,PCU,1040,40548,8,2892,43448,50207,1040
7,CHIAPAS,11,PUEBLO NUEVO SOLISTAHUACAN,MORENA,3004,40548,8,2892,43448,50207,3004
7,CHIAPAS,11,PUEBLO NUEVO SOLISTAHUACAN,PH,156,40548,8,2892,43448,50207,156
7,CHIAPAS,11,PUEBLO NUEVO SOLISTAHUACAN,ES,164,40548,8,2892,43448,50207,164
7,CHIAPAS,11,PUEBLO NUEVO SOLISTAHUACAN,MVC,8137,40548,8,2892,43448,50207,8137
7,CHIAPAS,11,PUEBLO NUEVO SOLISTAHUACAN,CAND_IND9,0,40548,8,2892,43448,50207,0
7,CHIAPAS,11,PUEBLO NUEVO SOLISTAHUACAN,PRI_PVEM_NUAL_PCU,0,40548,8,2892,43448,50207,16769
7,CHIAPAS,11,PUEBLO NUEVO SOLISTAHUACAN,PRI_PVEM_NUAL,0,40548,8,2892,43448,50207,15729
7,CHIAPAS,11,PUEBLO NUEVO SOLISTAHUACAN,PRI_PVEM_PCU,0,40548,8,2892,43448,50207,16559
7,CHIAPAS,11,PUEBLO NUEVO SOLISTAHUACAN,PRI_NUAL_PCU,0,40548,8,2892,43448,50207,6882
7,CHIAPAS,11,PUEBLO NUEVO SOLISTAHUACAN,PVEM_NUAL_PCU,0,40548,8,2892,43448,50207,11137
7,CHIAPAS,11,PUEBLO NUEVO SOLISTAHUACAN,PRI_PVEM,0,40548,8,2892,43448,50207,15519
7,CHIAPAS,11,PUEBLO NUEVO SOLISTAHUACAN,PRI_NUAL,0,40548,8,2892,43448,50207,5842
7,CHIAPAS,11,PUEBLO NUEVO SOLISTAHUACAN,PRI_PCU,0,40548,8,2892,43448,50207,6672
7,CHIAPAS,11,PUEBLO NUEVO SOLISTAHUACAN,PVEM_NUAL,0,40548,8,2892,43448,50207,10097
7,CHIAPAS,11,PUEBLO NUEVO SOLISTAHUACAN,PVEM_PCU,0,40548,8,2892,43448,50207,10927
7,CHIAPAS,11,PUEBLO NUEVO SOLISTAHUACAN,NUAL_PCU,0,40548,8,2892,43448,50207,1250
7,CHIAPAS,12,PICHUCALCO,PAN,2232,81564,36,3834,85434,117654,2232
7,CHIAPAS,12,PICHUCALCO,PRI,16635,81564,36,3834,85434,117654,16635
7,CHIAPAS,12,PICHUCALCO,PRD,5772,81564,36,3834,85434,117654,5772
7,CHIAPAS,12,PICHUCALCO,PT,1903,81564,36,3834,85434,117654,1903
7,CHIAPAS,12,PICHUCALCO,PVEM,34569,81564,36,3834,85434,117654,34569
7,CHIAPAS,12,PICHUCALCO,MC,1328,81564,36,3834,85434,117654,1328
7,CHIAPAS,12,PICHUCALCO,NUAL,3113,81564,36,3834,85434,117654,3113
7,CHIAPAS,12,PICHUCALCO,PCU,3195,81564,36,3834,85434,117654,3195
7,CHIAPAS,12,PICHUCALCO,MORENA,3375,81564,36,3834,85434,117654,3375
7,CHIAPAS,12,PICHUCALCO,PH,376,81564,36,3834,85434,117654,376
7,CHIAPAS,12,PICHUCALCO,ES,783,81564,36,3834,85434,117654,783
7,CHIAPAS,12,PICHUCALCO,MVC,8283,81564,36,3834,85434,117654,8283
7,CHIAPAS,12,PICHUCALCO,CAND_IND9,0,81564,36,3834,85434,117654,0
7,CHIAPAS,12,PICHUCALCO,PRI_PVEM_NUAL_PCU,0,81564,36,3834,85434,117654,57512
7,CHIAPAS,12,PICHUCALCO,PRI_PVEM_NUAL,0,81564,36,3834,85434,117654,54317
7,CHIAPAS,12,PICHUCALCO,PRI_PVEM_PCU,0,81564,36,3834,85434,117654,54399
7,CHIAPAS,12,PICHUCALCO,PRI_NUAL_PCU,0,81564,36,3834,85434,117654,22943
7,CHIAPAS,12,PICHUCALCO,PVEM_NUAL_PCU,0,81564,36,3834,85434,117654,40877
7,CHIAPAS,12,PICHUCALCO,PRI_PVEM,0,81564,36,3834,85434,117654,51204
7,CHIAPAS,12,PICHUCALCO,PRI_NUAL,0,81564,36,3834,85434,117654,19748
7,CHIAPAS,12,PICHUCALCO,PRI_PCU,0,81564,36,3834,85434,117654,19830
7,CHIAPAS,12,PICHUCALCO,PVEM_NUAL,0,81564,36,3834,85434,117654,37682
7,CHIAPAS,12,PICHUCALCO,PVEM_PCU,0,81564,36,3834,85434,117654,37764
7,CHIAPAS,12,PICHUCALCO,NUAL_PCU,0,81564,36,3834,85434,117654,6308
7,CHIAPAS,13,COPAINALA,PAN,3378,65933,31,4103,70067,88950,3378
7,CHIAPAS,13,COPAINALA,PRI,14226,65933,31,4103,70067,88950,14226
7,CHIAPAS,13,COPAINALA,PRD,3768,65933,31,4103,70067,88950,3768
7,CHIAPAS,13,COPAINALA,PT,1971,65933,31,4103,70067,88950,1971
7,CHIAPAS,13,COPAINALA,PVEM,21577,65933,31,4103,70067,88950,21577
7,CHIAPAS,13,COPAINALA,MC,1497,65933,31,4103,70067,88950,1497
7,CHIAPAS,13,COPAINALA,NUAL,1144,65933,31,4103,70067,88950,1144
7,CHIAPAS,13,COPAINALA,PCU,2801,65933,31,4103,70067,88950,2801
7,CHIAPAS,13,COPAINALA,MORENA,7409,65933,31,4103,70067,88950,7409
7,CHIAPAS,13,COPAINALA,PH,546,65933,31,4103,70067,88950,546
7,CHIAPAS,13,COPAINALA,ES,338,65933,31,4103,70067,88950,338
7,CHIAPAS,13,COPAINALA,MVC,7278,65933,31,4103,70067,88950,7278
7,CHIAPAS,13,COPAINALA,CAND_IND9,0,65933,31,4103,70067,88950,0
7,CHIAPAS,13,COPAINALA,PRI_PVEM_NUAL_PCU,0,65933,31,4103,70067,88950,39748
7,CHIAPAS,13,COPAINALA,PRI_PVEM_NUAL,0,65933,31,4103,70067,88950,36947
7,CHIAPAS,13,COPAINALA,PRI_PVEM_PCU,0,65933,31,4103,70067,88950,38604
7,CHIAPAS,13,COPAINALA,PRI_NUAL_PCU,0,65933,31,4103,70067,88950,18171
7,CHIAPAS,13,COPAINALA,PVEM_NUAL_PCU,0,65933,31,4103,70067,88950,25522
7,CHIAPAS,13,COPAINALA,PRI_PVEM,0,65933,31,4103,70067,88950,35803
7,CHIAPAS,13,COPAINALA,PRI_NUAL,0,65933,31,4103,70067,88950,15370
7,CHIAPAS,13,COPAINALA,PRI_PCU,0,65933,31,4103,70067,88950,17027
7,CHIAPAS,13,COPAINALA,PVEM_NUAL,0,65933,31,4103,70067,88950,22721
7,CHIAPAS,13,COPAINALA,PVEM_PCU,0,65933,31,4103,70067,88950,24378
7,CHIAPAS,13,COPAINALA,NUAL_PCU,0,65933,31,4103,70067,88950,3945
7,CHIAPAS,14,CINTALAPA,PAN,4695,107873,77,5250,113200,170086,4695
7,CHIAPAS,14,CINTALAPA,PRI,17041,107873,77,5250,113200,170086,17041
7,CHIAPAS,14,CINTALAPA,PRD,5486,107873,77,5250,113200,170086,5486
7,CHIAPAS,14,CINTALAPA,PT,1930,107873,77,5250,113200,170086,1930
7,CHIAPAS,14,CINTALAPA,PVEM,30224,107873,77,5250,113200,170086,30224
7,CHIAPAS,14,CINTALAPA,MC,7845,107873,77,5250,113200,170086,7845
7,CHIAPAS,14,CINTALAPA,NUAL,3128,107873,77,5250,113200,170086,3128
7,CHIAPAS,14,CINTALAPA,PCU,16415,107873,77,5250,113200,170086,16415
7,CHIAPAS,14,CINTALAPA,MORENA,7639,107873,77,5250,113200,170086,7639
7,CHIAPAS,14,CINTALAPA,PH,1088,107873,77,5250,113200,170086,1088
7,CHIAPAS,14,CINTALAPA,ES,1945,107873,77,5250,113200,170086,1945
7,CHIAPAS,14,CINTALAPA,MVC,10437,107873,77,5250,113200,170086,10437
7,CHIAPAS,14,CINTALAPA,CAND_IND9,0,107873,77,5250,113200,170086,0
7,CHIAPAS,14,CINTALAPA,PRI_PVEM_NUAL_PCU,0,107873,77,5250,113200,170086,66808
7,CHIAPAS,14,CINTALAPA,PRI_PVEM_NUAL,0,107873,77,5250,113200,170086,50393
7,CHIAPAS,14,CINTALAPA,PRI_PVEM_PCU,0,107873,77,5250,113200,170086,63680
7,CHIAPAS,14,CINTALAPA,PRI_NUAL_PCU,0,107873,77,5250,113200,170086,36584
7,CHIAPAS,14,CINTALAPA,PVEM_NUAL_PCU,0,107873,77,5250,113200,170086,49767
7,CHIAPAS,14,CINTALAPA,PRI_PVEM,0,107873,77,5250,113200,170086,47265
7,CHIAPAS,14,CINTALAPA,PRI_NUAL,0,107873,77,5250,113200,170086,20169
7,CHIAPAS,14,CINTALAPA,PRI_PCU,0,107873,77,5250,113200,170086,33456
7,CHIAPAS,14,CINTALAPA,PVEM_NUAL,0,107873,77,5250,113200,170086,33352
7,CHIAPAS,14,CINTALAPA,PVEM_PCU,0,107873,77,5250,113200,170086,46639
7,CHIAPAS,14,CINTALAPA,NUAL_PCU,0,107873,77,5250,113200,170086,19543
7,CHIAPAS,15,TONALA,PAN,7681,92485,18,3767,96270,158604,7681
7,CHIAPAS,15,TONALA,PRI,16384,92485,18,3767,96270,158604,16384
7,CHIAPAS,15,TONALA,PRD,4057,92485,18,3767,96270,158604,4057
7,CHIAPAS,15,TONALA,PT,4805,92485,18,3767,96270,158604,4805
7,CHIAPAS,15,TONALA,PVEM,26151,92485,18,3767,96270,158604,26151
7,CHIAPAS,15,TONALA,MC,3163,92485,18,3767,96270,158604,3163
7,CHIAPAS,15,TONALA,NUAL,3477,92485,18,3767,96270,158604,3477
7,CHIAPAS,15,TONALA,PCU,10360,92485,18,3767,96270,158604,10360
7,CHIAPAS,15,TONALA,MORENA,6828,92485,18,3767,96270,158604,6828
7,CHIAPAS,15,TONALA,PH,1213,92485,18,3767,96270,158604,1213
7,CHIAPAS,15,TONALA,ES,327,92485,18,3767,96270,158604,327
7,CHIAPAS,15,TONALA,MVC,8039,92485,18,3767,96270,158604,8039
7,CHIAPAS,15,TONALA,CAND_IND9,0,92485,18,3767,96270,158604,0
7,CHIAPAS,15,TONALA,PRI_PVEM_NUAL_PCU,0,92485,18,3767,96270,158604,56372
7,CHIAPAS,15,TONALA,PRI_PVEM_NUAL,0,92485,18,3767,96270,158604,46012
7,CHIAPAS,15,TONALA,PRI_PVEM_PCU,0,92485,18,3767,96270,158604,52895
7,CHIAPAS,15,TONALA,PRI_NUAL_PCU,0,92485,18,3767,96270,158604,30221
7,CHIAPAS,15,TONALA,PVEM_NUAL_PCU,0,92485,18,3767,96270,158604,39988
7,CHIAPAS,15,TONALA,PRI_PVEM,0,92485,18,3767,96270,158604,42535
7,CHIAPAS,15,TONALA,PRI_NUAL,0,92485,18,3767,96270,158604,19861
7,CHIAPAS,15,TONALA,PRI_PCU,0,92485,18,3767,96270,158604,26744
7,CHIAPAS,15,TONALA,PVEM_NUAL,0,92485,18,3767,96270,158604,29628
7,CHIAPAS,15,TONALA,PVEM_PCU,0,92485,18,3767,96270,158604,36511
7,CHIAPAS,15,TONALA,NUAL_PCU,0,92485,18,3767,96270,158604,13837
7,CHIAPAS,16,HUIXTLA,PAN,4827,105928,45,5612,111585,169920,4827
7,CHIAPAS,16,HUIXTLA,PRI,14921,105928,45,5612,111585,169920,14921
7,CHIAPAS,16,HUIXTLA,PRD,7930,105928,45,5612,111585,169920,7930
7,CHIAPAS,16,HUIXTLA,PT,5219,105928,45,5612,111585,169920,5219
7,CHIAPAS,16,HUIXTLA,PVEM,26230,105928,45,5612,111585,169920,26230
7,CHIAPAS,16,HUIXTLA,MC,1586,105928,45,5612,111585,169920,1586
7,CHIAPAS,16,HUIXTLA,NUAL,1647,105928,45,5612,111585,169920,1647
7,CHIAPAS,16,HUIXTLA,PCU,19628,105928,45,5612,111585,169920,19628
7,CHIAPAS,16,HUIXTLA,MORENA,14048,105928,45,5612,111585,169920,14048
7,CHIAPAS,16,HUIXTLA,PH,1016,105928,45,5612,111585,169920,1016
7,CHIAPAS,16,HUIXTLA,ES,738,105928,45,5612,111585,169920,738
7,CHIAPAS,16,HUIXTLA,MVC,8138,105928,45,5612,111585,169920,8138
7,CHIAPAS,16,HUIXTLA,CAND_IND9,0,105928,45,5612,111585,169920,0
7,CHIAPAS,16,HUIXTLA,PRI_PVEM_NUAL_PCU,0,105928,45,5612,111585,169920,62426
7,CHIAPAS,16,HUIXTLA,PRI_PVEM_NUAL,0,105928,45,5612,111585,169920,42798
7,CHIAPAS,16,HUIXTLA,PRI_PVEM_PCU,0,105928,45,5612,111585,169920,60779
7,CHIAPAS,16,HUIXTLA,PRI_NUAL_PCU,0,105928,45,5612,111585,169920,36196
7,CHIAPAS,16,HUIXTLA,PVEM_NUAL_PCU,0,105928,45,5612,111585,169920,47505
7,CHIAPAS,16,HUIXTLA,PRI_PVEM,0,105928,45,5612,111585,169920,41151
7,CHIAPAS,16,HUIXTLA,PRI_NUAL,0,105928,45,5612,111585,169920,16568
7,CHIAPAS,16,HUIXTLA,PRI_PCU,0,105928,45,5612,111585,169920,34549
7,CHIAPAS,16,HUIXTLA,PVEM_NUAL,0,105928,45,5612,111585,169920,27877
7,CHIAPAS,16,HUIXTLA,PVEM_PCU,0,105928,45,5612,111585,169920,45858
7,CHIAPAS,16,HUIXTLA,NUAL_PCU,0,105928,45,5612,111585,169920,21275
7,CHIAPAS,17,MOTOZINTLA,PAN,1485,75046,19,5188,80253,194184,1485
7,CHIAPAS,17,MOTOZINTLA,PRI,15627,75046,19,5188,80253,194184,15627
7,CHIAPAS,17,MOTOZINTLA,PRD,7435,75046,19,5188,80253,194184,7435
7,CHIAPAS,17,MOTOZINTLA,PT,3555,75046,19,5188,80253,194184,3555
7,CHIAPAS,17,MOTOZINTLA,PVEM,23010,75046,19,5188,80253,194184,23010
7,CHIAPAS,17,MOTOZINTLA,MC,1504,75046,19,5188,80253,194184,1504
7,CHIAPAS,17,MOTOZINTLA,NUAL,527,75046,19,5188,80253,194184,527
7,CHIAPAS,17,MOTOZINTLA,PCU,16435,75046,19,5188,80253,194184,16435
7,CHIAPAS,17,MOTOZINTLA,MORENA,3591,75046,19,5188,80253,194184,3591
7,CHIAPAS,17,MOTOZINTLA,PH,632,75046,19,5188,80253,194184,632
7,CHIAPAS,17,MOTOZINTLA,ES,142,75046,19,5188,80253,194184,142
7,CHIAPAS,17,MOTOZINTLA,MVC,1103,75046,19,5188,80253,194184,1103
7,CHIAPAS,17,MOTOZINTLA,CAND_IND9,0,75046,19,5188,80253,194184,0
7,CHIAPAS,17,MOTOZINTLA,PRI_PVEM_NUAL_PCU,0,75046,19,5188,80253,194184,55599
7,CHIAPAS,17,MOTOZINTLA,PRI_PVEM_NUAL,0,75046,19,5188,80253,194184,39164
7,CHIAPAS,17,MOTOZINTLA,PRI_PVEM_PCU,0,75046,19,5188,80253,194184,55072
7,CHIAPAS,17,MOTOZINTLA,PRI_NUAL_PCU,0,75046,19,5188,80253,194184,32589
7,CHIAPAS,17,MOTOZINTLA,PVEM_NUAL_PCU,0,75046,19,5188,80253,194184,39972
7,CHIAPAS,17,MOTOZINTLA,PRI_PVEM,0,75046,19,5188,80253,194184,38637
7,CHIAPAS,17,MOTOZINTLA,PRI_NUAL,0,75046,19,5188,80253,194184,16154
7,CHIAPAS,17,MOTOZINTLA,PRI_PCU,0,75046,19,5188,80253,194184,32062
7,CHIAPAS,17,MOTOZINTLA,PVEM_NUAL,0,75046,19,5188,80253,194184,23537
7,CHIAPAS,17,MOTOZINTLA,PVEM_PCU,0,75046,19,5188,80253,194184,39445
7,CHIAPAS,17,MOTOZINTLA,NUAL_PCU,0,75046,19,5188,80253,194184,16962
7,CHIAPAS,18,TAPACHULA NORTE,PAN,2424,36749,25,2344,39118,85828,2424
7,CHIAPAS,18,TAPACHULA NORTE,PRI,7154,36749,25,2344,39118,85828,7154
7,CHIAPAS,18,TAPACHULA NORTE,PRD,1120,36749,25,2344,39118,85828,1120
7,CHIAPAS,18,TAPACHULA NORTE,PT,1601,36749,25,2344,39118,85828,1601
7,CHIAPAS,18,TAPACHULA NORTE,PVEM,8114,36749,25,2344,39118,85828,8114
7,CHIAPAS,18,TAPACHULA NORTE,MC,708,36749,25,2344,39118,85828,708
7,CHIAPAS,18,TAPACHULA NORTE,NUAL,400,36749,25,2344,39118,85828,400
7,CHIAPAS,18,TAPACHULA NORTE,PCU,1406,36749,25,2344,39118,85828,1406
7,CHIAPAS,18,TAPACHULA NORTE,MORENA,10632,36749,25,2344,39118,85828,10632
7,CHIAPAS,18,TAPACHULA NORTE,PH,544,36749,25,2344,39118,85828,544
7,CHIAPAS,18,TAPACHULA NORTE,ES,449,36749,25,2344,39118,85828,449
7,CHIAPAS,18,TAPACHULA NORTE,MVC,2197,36749,25,2344,39118,85828,2197
7,CHIAPAS,18,TAPACHULA NORTE,CAND_IND9,0,36749,25,2344,39118,85828,0
7,CHIAPAS,18,TAPACHULA NORTE,PRI_PVEM_NUAL_PCU,0,36749,25,2344,39118,85828,17074
7,CHIAPAS,18,TAPACHULA NORTE,PRI_PVEM_NUAL,0,36749,25,2344,39118,85828,15668
7,CHIAPAS,18,TAPACHULA NORTE,PRI_PVEM_PCU,0,36749,25,2344,39118,85828,16674
7,CHIAPAS,18,TAPACHULA NORTE,PRI_NUAL_PCU,0,36749,25,2344,39118,85828,8960
7,CHIAPAS,18,TAPACHULA NORTE,PVEM_NUAL_PCU,0,36749,25,2344,39118,85828,9920
7,CHIAPAS,18,TAPACHULA NORTE,PRI_PVEM,0,36749,25,2344,39118,85828,15268
7,CHIAPAS,18,TAPACHULA NORTE,PRI_NUAL,0,36749,25,2344,39118,85828,7554
7,CHIAPAS,18,TAPACHULA NORTE,PRI_PCU,0,36749,25,2344,39118,85828,8560
7,CHIAPAS,18,TAPACHULA NORTE,PVEM_NUAL,0,36749,25,2344,39118,85828,8514
7,CHIAPAS,18,TAPACHULA NORTE,PVEM_PCU,0,36749,25,2344,39118,85828,9520
7,CHIAPAS,18,TAPACHULA NORTE,NUAL_PCU,0,36749,25,2344,39118,85828,1806
7,CHIAPAS,19,TAPACHULA SUR,PAN,3380,54332,62,2698,57092,132975,3380
7,CHIAPAS,19,TAPACHULA SUR,PRI,9988,54332,62,2698,57092,132975,9988
7,CHIAPAS,19,TAPACHULA SUR,PRD,1035,54332,62,2698,57092,132975,1035
7,CHIAPAS,19,TAPACHULA SUR,PT,888,54332,62,2698,57092,132975,888
7,CHIAPAS,19,TAPACHULA SUR,PVEM,14519,54332,62,2698,57092,132975,14519
7,CHIAPAS,19,TAPACHULA SUR,MC,1163,54332,62,2698,57092,132975,1163
7,CHIAPAS,19,TAPACHULA SUR,NUAL,752,54332,62,2698,57092,132975,752
7,CHIAPAS,19,TAPACHULA SUR,PCU,1944,54332,62,2698,57092,132975,1944
7,CHIAPAS,19,TAPACHULA SUR,MORENA,15880,54332,62,2698,57092,132975,15880
7,CHIAPAS,19,TAPACHULA SUR,PH,962,54332,62,2698,57092,132975,962
7,CHIAPAS,19,TAPACHULA SUR,ES,512,54332,62,2698,57092,132975,512
7,CHIAPAS,19,TAPACHULA SUR,MVC,3309,54332,62,2698,57092,132975,3309
7,CHIAPAS,19,TAPACHULA SUR,CAND_IND9,0,54332,62,2698,57092,132975,0
7,CHIAPAS,19,TAPACHULA SUR,PRI_PVEM_NUAL_PCU,0,54332,62,2698,57092,132975,27203
7,CHIAPAS,19,TAPACHULA SUR,PRI_PVEM_NUAL,0,54332,62,2698,57092,132975,25259
7,CHIAPAS,19,TAPACHULA SUR,PRI_PVEM_PCU,0,54332,62,2698,57092,132975,26451
7,CHIAPAS,19,TAPACHULA SUR,PRI_NUAL_PCU,0,54332,62,2698,57092,132975,12684
7,CHIAPAS,19,TAPACHULA SUR,PVEM_NUAL_PCU,0,54332,62,2698,57092,132975,17215
7,CHIAPAS,19,TAPACHULA SUR,PRI_PVEM,0,54332,62,2698,57092,132975,24507
7,CHIAPAS,19,TAPACHULA SUR,PRI_NUAL,0,54332,62,2698,57092,132975,10740
7,CHIAPAS,19,TAPACHULA SUR,PRI_PCU,0,54332,62,2698,57092,132975,11932
7,CHIAPAS,19,TAPACHULA SUR,PVEM_NUAL,0,54332,62,2698,57092,132975,15271
7,CHIAPAS,19,TAPACHULA SUR,PVEM_PCU,0,54332,62,2698,57092,132975,16463
7,CHIAPAS,19,TAPACHULA SUR,NUAL_PCU,0,54332,62,2698,57092,132975,2696
7,CHIAPAS,20,LAS MARGARITAS,PAN,277,70112,18,6141,76271,110274,277
7,CHIAPAS,20,LAS MARGARITAS,PRI,3556,70112,18,6141,76271,110274,3556
7,CHIAPAS,20,LAS MARGARITAS,PRD,12019,70112,18,6141,76271,110274,12019
7,CHIAPAS,20,LAS MARGARITAS,PT,617,70112,18,6141,76271,110274,617
7,CHIAPAS,20,LAS MARGARITAS,PVEM,33776,70112,18,6141,76271,110274,33776
7,CHIAPAS,20,LAS MARGARITAS,MC,596,70112,18,6141,76271,110274,596
7,CHIAPAS,20,LAS MARGARITAS,NUAL,606,70112,18,6141,76271,110274,606
7,CHIAPAS,20,LAS MARGARITAS,PCU,13948,70112,18,6141,76271,110274,13948
7,CHIAPAS,20,LAS MARGARITAS,MORENA,895,70112,18,6141,76271,110274,895
7,CHIAPAS,20,LAS MARGARITAS,PH,392,70112,18,6141,76271,110274,392
7,CHIAPAS,20,LAS MARGARITAS,ES,59,70112,18,6141,76271,110274,59
7,CHIAPAS,20,LAS MARGARITAS,MVC,3371,70112,18,6141,76271,110274,3371
7,CHIAPAS,20,LAS MARGARITAS,CAND_IND9,0,70112,18,6141,76271,110274,0
7,CHIAPAS,20,LAS MARGARITAS,PRI_PVEM_NUAL_PCU,0,70112,18,6141,76271,110274,51886
7,CHIAPAS,20,LAS MARGARITAS,PRI_PVEM_NUAL,0,70112,18,6141,76271,110274,37938
7,CHIAPAS,20,LAS MARGARITAS,PRI_PVEM_PCU,0,70112,18,6141,76271,110274,51280
7,CHIAPAS,20,LAS MARGARITAS,PRI_NUAL_PCU,0,70112,18,6141,76271,110274,18110
7,CHIAPAS,20,LAS MARGARITAS,PVEM_NUAL_PCU,0,70112,18,6141,76271,110274,48330
7,CHIAPAS,20,LAS MARGARITAS,PRI_PVEM,0,70112,18,6141,76271,110274,37332
7,CHIAPAS,20,LAS MARGARITAS,PRI_NUAL,0,70112,18,6141,76271,110274,4162
7,CHIAPAS,20,LAS MARGARITAS,PRI_PCU,0,70112,18,6141,76271,110274,17504
7,CHIAPAS,20,LAS MARGARITAS,PVEM_NUAL,0,70112,18,6141,76271,110274,34382
7,CHIAPAS,20,LAS MARGARITAS,PVEM_PCU,0,70112,18,6141,76271,110274,47724
7,CHIAPAS,20,LAS MARGARITAS,NUAL_PCU,0,70112,18,6141,76271,110274,14554
7,CHIAPAS,21,TENEJAPA,PAN,514,64555,296,9268,74119,94106,514
7,CHIAPAS,21,TENEJAPA,PRI,19797,64555,296,9268,74119,94106,19797
7,CHIAPAS,21,TENEJAPA,PRD,9451,64555,296,9268,74119,94106,9451
7,CHIAPAS,21,TENEJAPA,PT,462,64555,296,9268,74119,94106,462
7,CHIAPAS,21,TENEJAPA,PVEM,26551,64555,296,9268,74119,94106,26551
7,CHIAPAS,21,TENEJAPA,MC,367,64555,296,9268,74119,94106,367
7,CHIAPAS,21,TENEJAPA,NUAL,6,64555,296,9268,74119,94106,6
7,CHIAPAS,21,TENEJAPA,PCU,2751,64555,296,9268,74119,94106,2751
7,CHIAPAS,21,TENEJAPA,MORENA,2648,64555,296,9268,74119,94106,2648
7,CHIAPAS,21,TENEJAPA,PH,327,64555,296,9268,74119,94106,327
7,CHIAPAS,21,TENEJAPA,ES,402,64555,296,9268,74119,94106,402
7,CHIAPAS,21,TENEJAPA,MVC,1279,64555,296,9268,74119,94106,1279
7,CHIAPAS,21,TENEJAPA,CAND_IND9,0,64555,296,9268,74119,94106,0
7,CHIAPAS,21,TENEJAPA,PRI_PVEM_NUAL_PCU,0,64555,296,9268,74119,94106,49105
7,CHIAPAS,21,TENEJAPA,PRI_PVEM_NUAL,0,64555,296,9268,74119,94106,46354
7,CHIAPAS,21,TENEJAPA,PRI_PVEM_PCU,0,64555,296,9268,74119,94106,49099
7,CHIAPAS,21,TENEJAPA,PRI_NUAL_PCU,0,64555,296,9268,74119,94106,22554
7,CHIAPAS,21,TENEJAPA,PVEM_NUAL_PCU,0,64555,296,9268,74119,94106,29308
7,CHIAPAS,21,TENEJAPA,PRI_PVEM,0,64555,296,9268,74119,94106,46348
7,CHIAPAS,21,TENEJAPA,PRI_NUAL,0,64555,296,9268,74119,94106,19803
7,CHIAPAS,21,TENEJAPA,PRI_PCU,0,64555,296,9268,74119,94106,22548
7,CHIAPAS,21,TENEJAPA,PVEM_NUAL,0,64555,296,9268,74119,94106,26557
7,CHIAPAS,21,TENEJAPA,PVEM_PCU,0,64555,296,9268,74119,94106,29302
7,CHIAPAS,21,TENEJAPA,NUAL_PCU,0,64555,296,9268,74119,94106,2757
7,CHIAPAS,22,CHAMULA,PAN,400,113817,35,4521,118373,149383,400
7,CHIAPAS,22,CHAMULA,PRI,45075,113817,35,4521,118373,149383,45075
7,CHIAPAS,22,CHAMULA,PRD,6072,113817,35,4521,118373,149383,6072
7,CHIAPAS,22,CHAMULA,PT,3329,113817,35,4521,118373,149383,3329
7,CHIAPAS,22,CHAMULA,PVEM,44596,113817,35,4521,118373,149383,44596
7,CHIAPAS,22,CHAMULA,MC,279,113817,35,4521,118373,149383,279
7,CHIAPAS,22,CHAMULA,NUAL,669,113817,35,4521,118373,149383,669
7,CHIAPAS,22,CHAMULA,PCU,8655,113817,35,4521,118373,149383,8655
7,CHIAPAS,22,CHAMULA,MORENA,1329,113817,35,4521,118373,149383,1329
7,CHIAPAS,22,CHAMULA,PH,0,113817,35,4521,118373,149383,0
7,CHIAPAS,22,CHAMULA,ES,139,113817,35,4521,118373,149383,139
7,CHIAPAS,22,CHAMULA,MVC,3274,113817,35,4521,118373,149383,3274
7,CHIAPAS,22,CHAMULA,CAND_IND9,0,113817,35,4521,118373,149383,0
7,CHIAPAS,22,CHAMULA,PRI_PVEM_NUAL_PCU,0,113817,35,4521,118373,149383,98995
7,CHIAPAS,22,CHAMULA,PRI_PVEM_NUAL,0,113817,35,4521,118373,149383,90340
7,CHIAPAS,22,CHAMULA,PRI_PVEM_PCU,0,113817,35,4521,118373,149383,98326
7,CHIAPAS,22,CHAMULA,PRI_NUAL_PCU,0,113817,35,4521,118373,149383,54399
7,CHIAPAS,22,CHAMULA,PVEM_NUAL_PCU,0,113817,35,4521,118373,149383,53920
7,CHIAPAS,22,CHAMULA,PRI_PVEM,0,113817,35,4521,118373,149383,89671
7,CHIAPAS,22,CHAMULA,PRI_NUAL,0,113817,35,4521,118373,149383,45744
7,CHIAPAS,22,CHAMULA,PRI_PCU,0,113817,35,4521,118373,149383,53730
7,CHIAPAS,22,CHAMULA,PVEM_NUAL,0,113817,35,4521,118373,149383,45265
7,CHIAPAS,22,CHAMULA,PVEM_PCU,0,113817,35,4521,118373,149383,53251
7,CHIAPAS,22,CHAMULA,NUAL_PCU,0,113817,35,4521,118373,149383,9324
7,CHIAPAS,23,VILLAFLORES,PAN,3206,113882,36,4889,118807,174738,3206
7,CHIAPAS,23,VILLAFLORES,PRI,16619,113882,36,4889,118807,174738,16619
7,CHIAPAS,23,VILLAFLORES,PRD,8595,113882,36,4889,118807,174738,8595
7,CHIAPAS,23,VILLAFLORES,PT,4185,113882,36,4889,118807,174738,4185
7,CHIAPAS,23,VILLAFLORES,PVEM,32982,113882,36,4889,118807,174738,32982
7,CHIAPAS,23,VILLAFLORES,MC,2024,113882,36,4889,118807,174738,2024
7,CHIAPAS,23,VILLAFLORES,NUAL,1263,113882,36,4889,118807,174738,1263
7,CHIAPAS,23,VILLAFLORES,PCU,15577,113882,36,4889,118807,174738,15577
7,CHIAPAS,23,VILLAFLORES,MORENA,9788,113882,36,4889,118807,174738,9788
7,CHIAPAS,23,VILLAFLORES,PH,1115,113882,36,4889,118807,174738,1115
7,CHIAPAS,23,VILLAFLORES,ES,1320,113882,36,4889,118807,174738,1320
7,CHIAPAS,23,VILLAFLORES,MVC,17208,113882,36,4889,118807,174738,17208
7,CHIAPAS,23,VILLAFLORES,CAND_IND9,0,113882,36,4889,118807,174738,0
7,CHIAPAS,23,VILLAFLORES,PRI_PVEM_NUAL_PCU,0,113882,36,4889,118807,174738,66441
7,CHIAPAS,23,VILLAFLORES,PRI_PVEM_NUAL,0,113882,36,4889,118807,174738,50864
7,CHIAPAS,23,VILLAFLORES,PRI_PVEM_PCU,0,113882,36,4889,118807,174738,65178
7,CHIAPAS,23,VILLAFLORES,PRI_NUAL_PCU,0,113882,36,4889,118807,174738,33459
7,CHIAPAS,23,VILLAFLORES,PVEM_NUAL_PCU,0,113882,36,4889,118807,174738,49822
7,CHIAPAS,23,VILLAFLORES,PRI_PVEM,0,113882,36,4889,118807,174738,49601
7,CHIAPAS,23,VILLAFLORES,PRI_NUAL,0,113882,36,4889,118807,174738,17882
7,CHIAPAS,23,VILLAFLORES,PRI_PCU,0,113882,36,4889,118807,174738,32196
7,CHIAPAS,23,VILLAFLORES,PVEM_NUAL,0,113882,36,4889,118807,174738,34245
7,CHIAPAS,23,VILLAFLORES,PVEM_PCU,0,113882,36,4889,118807,174738,48559
7,CHIAPAS,23,VILLAFLORES,NUAL_PCU,0,113882,36,4889,118807,174738,16840
7,CHIAPAS,24,CACAHOATAN,PAN,7340,70221,13,3339,73573,103586,7340
7,CHIAPAS,24,CACAHOATAN,PRI,14855,70221,13,3339,73573,103586,14855
7,CHIAPAS,24,CACAHOATAN,PRD,3741,70221,13,3339,73573,103586,3741
7,CHIAPAS,24,CACAHOATAN,PT,1853,70221,13,3339,73573,103586,1853
7,CHIAPAS,24,CACAHOATAN,PVEM,19484,70221,13,3339,73573,103586,19484
7,CHIAPAS,24,CACAHOATAN,MC,2055,70221,13,3339,73573,103586,2055
7,CHIAPAS,24,CACAHOATAN,NUAL,487,70221,13,3339,73573,103586,487
7,CHIAPAS,24,CACAHOATAN,PCU,2788,70221,13,3339,73573,103586,2788
7,CHIAPAS,24,CACAHOATAN,MORENA,8134,70221,13,3339,73573,103586,8134
7,CHIAPAS,24,CACAHOATAN,PH,799,70221,13,3339,73573,103586,799
7,CHIAPAS,24,CACAHOATAN,ES,334,70221,13,3339,73573,103586,334
7,CHIAPAS,24,CACAHOATAN,MVC,8351,70221,13,3339,73573,103586,8351
7,CHIAPAS,24,CACAHOATAN,CAND_IND9,0,70221,13,3339,73573,103586,0
7,CHIAPAS,24,CACAHOATAN,PRI_PVEM_NUAL_PCU,0,70221,13,3339,73573,103586,37614
7,CHIAPAS,24,CACAHOATAN,PRI_PVEM_NUAL,0,70221,13,3339,73573,103586,34826
7,CHIAPAS,24,CACAHOATAN,PRI_PVEM_PCU,0,70221,13,3339,73573,103586,37127
7,CHIAPAS,24,CACAHOATAN,PRI_NUAL_PCU,0,70221,13,3339,73573,103586,18130
7,CHIAPAS,24,CACAHOATAN,PVEM_NUAL_PCU,0,70221,13,3339,73573,103586,22759
7,CHIAPAS,24,CACAHOATAN,PRI_PVEM,0,70221,13,3339,73573,103586,34339
7,CHIAPAS,24,CACAHOATAN,PRI_NUAL,0,70221,13,3339,73573,103586,15342
7,CHIAPAS,24,CACAHOATAN,PRI_PCU,0,70221,13,3339,73573,103586,17643
7,CHIAPAS,24,CACAHOATAN,PVEM_NUAL,0,70221,13,3339,73573,103586,19971
7,CHIAPAS,24,CACAHOATAN,PVEM_PCU,0,70221,13,3339,73573,103586,22272
7,CHIAPAS,24,CACAHOATAN,NUAL_PCU,0,70221,13,3339,73573,103586,3275
9,DISTRITO FEDERAL,1,NA,PAN,3266,57739,104,3245,61088,160717,3266
9,DISTRITO FEDERAL,1,NA,PRI,4512,57739,104,3245,61088,160717,4512
9,DISTRITO FEDERAL,1,NA,PRD,17794,57739,104,3245,61088,160717,17794
9,DISTRITO FEDERAL,1,NA,PVEM,3272,57739,104,3245,61088,160717,3272
9,DISTRITO FEDERAL,1,NA,PT,1038,57739,104,3245,61088,160717,1038
9,DISTRITO FEDERAL,1,NA,MC,3621,57739,104,3245,61088,160717,3621
9,DISTRITO FEDERAL,1,NA,NUAL,1789,57739,104,3245,61088,160717,1789
9,DISTRITO FEDERAL,1,NA,MORENA,17029,57739,104,3245,61088,160717,17029
9,DISTRITO FEDERAL,1,NA,PH,1644,57739,104,3245,61088,160717,1644
9,DISTRITO FEDERAL,1,NA,ES,3441,57739,104,3245,61088,160717,3441
9,DISTRITO FEDERAL,1,NA,CAND_IND1,0,57739,104,3245,61088,160717,0
9,DISTRITO FEDERAL,1,NA,CAND_IND2,0,57739,104,3245,61088,160717,0
9,DISTRITO FEDERAL,1,NA,CAND_IND3,0,57739,104,3245,61088,160717,0
9,DISTRITO FEDERAL,1,NA,CAND_IND4,0,57739,104,3245,61088,160717,0
9,DISTRITO FEDERAL,1,NA,PRI_PVEM,149,57739,104,3245,61088,160717,7933
9,DISTRITO FEDERAL,1,NA,PRD_PT_NUAL,0,57739,104,3245,61088,160717,20621
9,DISTRITO FEDERAL,1,NA,PRD_PT,184,57739,104,3245,61088,160717,19016
9,DISTRITO FEDERAL,1,NA,PRD_NUAL,0,57739,104,3245,61088,160717,19583
9,DISTRITO FEDERAL,1,NA,PT_NUAL,0,57739,104,3245,61088,160717,2827
9,DISTRITO FEDERAL,2,NA,PAN,15866,78591,223,6192,85006,192158,15866
9,DISTRITO FEDERAL,2,NA,PRI,9164,78591,223,6192,85006,192158,9164
9,DISTRITO FEDERAL,2,NA,PRD,13443,78591,223,6192,85006,192158,13443
9,DISTRITO FEDERAL,2,NA,PVEM,3556,78591,223,6192,85006,192158,3556
9,DISTRITO FEDERAL,2,NA,PT,1146,78591,223,6192,85006,192158,1146
9,DISTRITO FEDERAL,2,NA,MC,2943,78591,223,6192,85006,192158,2943
9,DISTRITO FEDERAL,2,NA,NUAL,2553,78591,223,6192,85006,192158,2553
9,DISTRITO FEDERAL,2,NA,MORENA,20673,78591,223,6192,85006,192158,20673
9,DISTRITO FEDERAL,2,NA,PH,2813,78591,223,6192,85006,192158,2813
9,DISTRITO FEDERAL,2,NA,ES,5811,78591,223,6192,85006,192158,5811
9,DISTRITO FEDERAL,2,NA,CAND_IND1,0,78591,223,6192,85006,192158,0
9,DISTRITO FEDERAL,2,NA,CAND_IND2,0,78591,223,6192,85006,192158,0
9,DISTRITO FEDERAL,2,NA,CAND_IND3,0,78591,223,6192,85006,192158,0
9,DISTRITO FEDERAL,2,NA,CAND_IND4,0,78591,223,6192,85006,192158,0
9,DISTRITO FEDERAL,2,NA,PRI_PVEM,380,78591,223,6192,85006,192158,13100
9,DISTRITO FEDERAL,2,NA,PRD_PT_NUAL,0,78591,223,6192,85006,192158,17142
9,DISTRITO FEDERAL,2,NA,PRD_PT,243,78591,223,6192,85006,192158,14832
9,DISTRITO FEDERAL,2,NA,PRD_NUAL,0,78591,223,6192,85006,192158,15996
9,DISTRITO FEDERAL,2,NA,PT_NUAL,0,78591,223,6192,85006,192158,3699
9,DISTRITO FEDERAL,3,NA,PAN,13297,79600,541,5744,85885,194440,13297
9,DISTRITO FEDERAL,3,NA,PRI,9771,79600,541,5744,85885,194440,9771
9,DISTRITO FEDERAL,3,NA,PRD,15496,79600,541,5744,85885,194440,15496
9,DISTRITO FEDERAL,3,NA,PVEM,3568,79600,541,5744,85885,194440,3568
9,DISTRITO FEDERAL,3,NA,PT,1352,79600,541,5744,85885,194440,1352
9,DISTRITO FEDERAL,3,NA,MC,2367,79600,541,5744,85885,194440,2367
9,DISTRITO FEDERAL,3,NA,NUAL,3243,79600,541,5744,85885,194440,3243
9,DISTRITO FEDERAL,3,NA,MORENA,20919,79600,541,5744,85885,194440,20919
9,DISTRITO FEDERAL,3,NA,PH,3155,79600,541,5744,85885,194440,3155
9,DISTRITO FEDERAL,3,NA,ES,5785,79600,541,5744,85885,194440,5785
9,DISTRITO FEDERAL,3,NA,CAND_IND1,0,79600,541,5744,85885,194440,0
9,DISTRITO FEDERAL,3,NA,CAND_IND2,0,79600,541,5744,85885,194440,0
9,DISTRITO FEDERAL,3,NA,CAND_IND3,0,79600,541,5744,85885,194440,0
9,DISTRITO FEDERAL,3,NA,CAND_IND4,0,79600,541,5744,85885,194440,0
9,DISTRITO FEDERAL,3,NA,PRI_PVEM,298,79600,541,5744,85885,194440,13637
9,DISTRITO FEDERAL,3,NA,PRD_PT_NUAL,0,79600,541,5744,85885,194440,20091
9,DISTRITO FEDERAL,3,NA,PRD_PT,349,79600,541,5744,85885,194440,17197
9,DISTRITO FEDERAL,3,NA,PRD_NUAL,0,79600,541,5744,85885,194440,18739
9,DISTRITO FEDERAL,3,NA,PT_NUAL,0,79600,541,5744,85885,194440,4595
9,DISTRITO FEDERAL,4,NA,PAN,7498,81314,238,5643,87195,214703,7498
9,DISTRITO FEDERAL,4,NA,PRI,8980,81314,238,5643,87195,214703,8980
9,DISTRITO FEDERAL,4,NA,PRD,17185,81314,238,5643,87195,214703,17185
9,DISTRITO FEDERAL,4,NA,PVEM,5166,81314,238,5643,87195,214703,5166
9,DISTRITO FEDERAL,4,NA,PT,1393,81314,238,5643,87195,214703,1393
9,DISTRITO FEDERAL,4,NA,MC,2687,81314,238,5643,87195,214703,2687
9,DISTRITO FEDERAL,4,NA,NUAL,4451,81314,238,5643,87195,214703,4451
9,DISTRITO FEDERAL,4,NA,MORENA,24460,81314,238,5643,87195,214703,24460
9,DISTRITO FEDERAL,4,NA,PH,2954,81314,238,5643,87195,214703,2954
9,DISTRITO FEDERAL,4,NA,ES,6141,81314,238,5643,87195,214703,6141
9,DISTRITO FEDERAL,4,NA,CAND_IND1,0,81314,238,5643,87195,214703,0
9,DISTRITO FEDERAL,4,NA,CAND_IND2,0,81314,238,5643,87195,214703,0
9,DISTRITO FEDERAL,4,NA,CAND_IND3,0,81314,238,5643,87195,214703,0
9,DISTRITO FEDERAL,4,NA,CAND_IND4,0,81314,238,5643,87195,214703,0
9,DISTRITO FEDERAL,4,NA,PRI_PVEM,260,81314,238,5643,87195,214703,14406
9,DISTRITO FEDERAL,4,NA,PRD_PT_NUAL,0,81314,238,5643,87195,214703,23029
9,DISTRITO FEDERAL,4,NA,PRD_PT,139,81314,238,5643,87195,214703,18717
9,DISTRITO FEDERAL,4,NA,PRD_NUAL,0,81314,238,5643,87195,214703,21636
9,DISTRITO FEDERAL,4,NA,PT_NUAL,0,81314,238,5643,87195,214703,5844
9,DISTRITO FEDERAL,5,NA,PAN,13251,67725,168,5037,72930,165267,13251
9,DISTRITO FEDERAL,5,NA,PRI,8370,67725,168,5037,72930,165267,8370
9,DISTRITO FEDERAL,5,NA,PRD,11208,67725,168,5037,72930,165267,11208
9,DISTRITO FEDERAL,5,NA,PVEM,4349,67725,168,5037,72930,165267,4349
9,DISTRITO FEDERAL,5,NA,PT,1194,67725,168,5037,72930,165267,1194
9,DISTRITO FEDERAL,5,NA,MC,1774,67725,168,5037,72930,165267,1774
9,DISTRITO FEDERAL,5,NA,NUAL,2173,67725,168,5037,72930,165267,2173
9,DISTRITO FEDERAL,5,NA,MORENA,17361,67725,168,5037,72930,165267,17361
9,DISTRITO FEDERAL,5,NA,PH,2368,67725,168,5037,72930,165267,2368
9,DISTRITO FEDERAL,5,NA,ES,5241,67725,168,5037,72930,165267,5241
9,DISTRITO FEDERAL,5,NA,CAND_IND1,0,67725,168,5037,72930,165267,0
9,DISTRITO FEDERAL,5,NA,CAND_IND2,0,67725,168,5037,72930,165267,0
9,DISTRITO FEDERAL,5,NA,CAND_IND3,0,67725,168,5037,72930,165267,0
9,DISTRITO FEDERAL,5,NA,CAND_IND4,0,67725,168,5037,72930,165267,0
9,DISTRITO FEDERAL,5,NA,PRI_PVEM,306,67725,168,5037,72930,165267,13025
9,DISTRITO FEDERAL,5,NA,PRD_PT_NUAL,0,67725,168,5037,72930,165267,14575
9,DISTRITO FEDERAL,5,NA,PRD_PT,130,67725,168,5037,72930,165267,12532
9,DISTRITO FEDERAL,5,NA,PRD_NUAL,0,67725,168,5037,72930,165267,13381
9,DISTRITO FEDERAL,5,NA,PT_NUAL,0,67725,168,5037,72930,165267,3367
9,DISTRITO FEDERAL,6,NA,PAN,7617,84338,306,6015,90659,205719,7617
9,DISTRITO FEDERAL,6,NA,PRI,11743,84338,306,6015,90659,205719,11743
9,DISTRITO FEDERAL,6,NA,PRD,15088,84338,306,6015,90659,205719,15088
9,DISTRITO FEDERAL,6,NA,PVEM,3907,84338,306,6015,90659,205719,3907
9,DISTRITO FEDERAL,6,NA,PT,1282,84338,306,6015,90659,205719,1282
9,DISTRITO FEDERAL,6,NA,MC,8470,84338,306,6015,90659,205719,8470
9,DISTRITO FEDERAL,6,NA,NUAL,2520,84338,306,6015,90659,205719,2520
9,DISTRITO FEDERAL,6,NA,MORENA,24292,84338,306,6015,90659,205719,24292
9,DISTRITO FEDERAL,6,NA,PH,2747,84338,306,6015,90659,205719,2747
9,DISTRITO FEDERAL,6,NA,ES,6244,84338,306,6015,90659,205719,6244
9,DISTRITO FEDERAL,6,NA,CAND_IND1,0,84338,306,6015,90659,205719,0
9,DISTRITO FEDERAL,6,NA,CAND_IND2,0,84338,306,6015,90659,205719,0
9,DISTRITO FEDERAL,6,NA,CAND_IND3,0,84338,306,6015,90659,205719,0
9,DISTRITO FEDERAL,6,NA,CAND_IND4,0,84338,306,6015,90659,205719,0
9,DISTRITO FEDERAL,6,NA,PRI_PVEM,332,84338,306,6015,90659,205719,15982
9,DISTRITO FEDERAL,6,NA,PRD_PT_NUAL,0,84338,306,6015,90659,205719,18890
9,DISTRITO FEDERAL,6,NA,PRD_PT,96,84338,306,6015,90659,205719,16466
9,DISTRITO FEDERAL,6,NA,PRD_NUAL,0,84338,306,6015,90659,205719,17608
9,DISTRITO FEDERAL,6,NA,PT_NUAL,0,84338,306,6015,90659,205719,3802
9,DISTRITO FEDERAL,7,NA,PAN,14673,79269,377,6195,85841,196216,14673
9,DISTRITO FEDERAL,7,NA,PRI,10833,79269,377,6195,85841,196216,10833
9,DISTRITO FEDERAL,7,NA,PRD,11074,79269,377,6195,85841,196216,11074
9,DISTRITO FEDERAL,7,NA,PVEM,3861,79269,377,6195,85841,196216,3861
9,DISTRITO FEDERAL,7,NA,PT,1435,79269,377,6195,85841,196216,1435
9,DISTRITO FEDERAL,7,NA,MC,2282,79269,377,6195,85841,196216,2282
9,DISTRITO FEDERAL,7,NA,NUAL,2766,79269,377,6195,85841,196216,2766
9,DISTRITO FEDERAL,7,NA,MORENA,19227,79269,377,6195,85841,196216,19227
9,DISTRITO FEDERAL,7,NA,PH,3329,79269,377,6195,85841,196216,3329
9,DISTRITO FEDERAL,7,NA,ES,5708,79269,377,6195,85841,196216,5708
9,DISTRITO FEDERAL,7,NA,CAND_IND1,3661,79269,377,6195,85841,196216,3661
9,DISTRITO FEDERAL,7,NA,CAND_IND2,0,79269,377,6195,85841,196216,0
9,DISTRITO FEDERAL,7,NA,CAND_IND3,0,79269,377,6195,85841,196216,0
9,DISTRITO FEDERAL,7,NA,CAND_IND4,0,79269,377,6195,85841,196216,0
9,DISTRITO FEDERAL,7,NA,PRI_PVEM,254,79269,377,6195,85841,196216,14948
9,DISTRITO FEDERAL,7,NA,PRD_PT_NUAL,0,79269,377,6195,85841,196216,15275
9,DISTRITO FEDERAL,7,NA,PRD_PT,166,79269,377,6195,85841,196216,12675
9,DISTRITO FEDERAL,7,NA,PRD_NUAL,0,79269,377,6195,85841,196216,13840
9,DISTRITO FEDERAL,7,NA,PT_NUAL,0,79269,377,6195,85841,196216,4201
9,DISTRITO FEDERAL,8,NA,PAN,17186,82340,276,5602,88218,191570,17186
9,DISTRITO FEDERAL,8,NA,PRI,7016,82340,276,5602,88218,191570,7016
9,DISTRITO FEDERAL,8,NA,PRD,29374,82340,276,5602,88218,191570,29374
9,DISTRITO FEDERAL,8,NA,PVEM,3465,82340,276,5602,88218,191570,3465
9,DISTRITO FEDERAL,8,NA,PT,1286,82340,276,5602,88218,191570,1286
9,DISTRITO FEDERAL,8,NA,MC,1678,82340,276,5602,88218,191570,1678
9,DISTRITO FEDERAL,8,NA,NUAL,1758,82340,276,5602,88218,191570,1758
9,DISTRITO FEDERAL,8,NA,MORENA,13149,82340,276,5602,88218,191570,13149
9,DISTRITO FEDERAL,8,NA,PH,2529,82340,276,5602,88218,191570,2529
9,DISTRITO FEDERAL,8,NA,ES,4325,82340,276,5602,88218,191570,4325
9,DISTRITO FEDERAL,8,NA,CAND_IND1,0,82340,276,5602,88218,191570,0
9,DISTRITO FEDERAL,8,NA,CAND_IND2,0,82340,276,5602,88218,191570,0
9,DISTRITO FEDERAL,8,NA,CAND_IND3,0,82340,276,5602,88218,191570,0
9,DISTRITO FEDERAL,8,NA,CAND_IND4,0,82340,276,5602,88218,191570,0
9,DISTRITO FEDERAL,8,NA,PRI_PVEM,259,82340,276,5602,88218,191570,10740
9,DISTRITO FEDERAL,8,NA,PRD_PT_NUAL,0,82340,276,5602,88218,191570,32418
9,DISTRITO FEDERAL,8,NA,PRD_PT,315,82340,276,5602,88218,191570,30975
9,DISTRITO FEDERAL,8,NA,PRD_NUAL,0,82340,276,5602,88218,191570,31132
9,DISTRITO FEDERAL,8,NA,PT_NUAL,0,82340,276,5602,88218,191570,3044
9,DISTRITO FEDERAL,9,NA,PAN,8100,76852,256,5707,82815,186254,8100
9,DISTRITO FEDERAL,9,NA,PRI,15288,76852,256,5707,82815,186254,15288
9,DISTRITO FEDERAL,9,NA,PRD,13706,76852,256,5707,82815,186254,13706
9,DISTRITO FEDERAL,9,NA,PVEM,3052,76852,256,5707,82815,186254,3052
9,DISTRITO FEDERAL,9,NA,PT,1032,76852,256,5707,82815,186254,1032
9,DISTRITO FEDERAL,9,NA,MC,2052,76852,256,5707,82815,186254,2052
9,DISTRITO FEDERAL,9,NA,NUAL,1909,76852,256,5707,82815,186254,1909
9,DISTRITO FEDERAL,9,NA,MORENA,23321,76852,256,5707,82815,186254,23321
9,DISTRITO FEDERAL,9,NA,PH,2684,76852,256,5707,82815,186254,2684
9,DISTRITO FEDERAL,9,NA,ES,5324,76852,256,5707,82815,186254,5324
9,DISTRITO FEDERAL,9,NA,CAND_IND1,0,76852,256,5707,82815,186254,0
9,DISTRITO FEDERAL,9,NA,CAND_IND2,0,76852,256,5707,82815,186254,0
9,DISTRITO FEDERAL,9,NA,CAND_IND3,0,76852,256,5707,82815,186254,0
9,DISTRITO FEDERAL,9,NA,CAND_IND4,0,76852,256,5707,82815,186254,0
9,DISTRITO FEDERAL,9,NA,PRI_PVEM,257,76852,256,5707,82815,186254,18597
9,DISTRITO FEDERAL,9,NA,PRD_PT_NUAL,44,76852,256,5707,82815,186254,16691
9,DISTRITO FEDERAL,9,NA,PRD_PT,77,76852,256,5707,82815,186254,14815
9,DISTRITO FEDERAL,9,NA,PRD_NUAL,5,76852,256,5707,82815,186254,15620
9,DISTRITO FEDERAL,9,NA,PT_NUAL,1,76852,256,5707,82815,186254,2942
9,DISTRITO FEDERAL,10,NA,PAN,8813,77989,216,5823,84028,192958,8813
9,DISTRITO FEDERAL,10,NA,PRI,9134,77989,216,5823,84028,192958,9134
9,DISTRITO FEDERAL,10,NA,PRD,21965,77989,216,5823,84028,192958,21965
9,DISTRITO FEDERAL,10,NA,PVEM,4406,77989,216,5823,84028,192958,4406
9,DISTRITO FEDERAL,10,NA,PT,1134,77989,216,5823,84028,192958,1134
9,DISTRITO FEDERAL,10,NA,MC,6542,77989,216,5823,84028,192958,6542
9,DISTRITO FEDERAL,10,NA,NUAL,2131,77989,216,5823,84028,192958,2131
9,DISTRITO FEDERAL,10,NA,MORENA,15438,77989,216,5823,84028,192958,15438
9,DISTRITO FEDERAL,10,NA,PH,2560,77989,216,5823,84028,192958,2560
9,DISTRITO FEDERAL,10,NA,ES,5491,77989,216,5823,84028,192958,5491
9,DISTRITO FEDERAL,10,NA,CAND_IND1,0,77989,216,5823,84028,192958,0
9,DISTRITO FEDERAL,10,NA,CAND_IND2,0,77989,216,5823,84028,192958,0
9,DISTRITO FEDERAL,10,NA,CAND_IND3,0,77989,216,5823,84028,192958,0
9,DISTRITO FEDERAL,10,NA,CAND_IND4,0,77989,216,5823,84028,192958,0
9,DISTRITO FEDERAL,10,NA,PRI_PVEM,248,77989,216,5823,84028,192958,13788
9,DISTRITO FEDERAL,10,NA,PRD_PT_NUAL,0,77989,216,5823,84028,192958,25230
9,DISTRITO FEDERAL,10,NA,PRD_PT,127,77989,216,5823,84028,192958,23226
9,DISTRITO FEDERAL,10,NA,PRD_NUAL,0,77989,216,5823,84028,192958,24096
9,DISTRITO FEDERAL,10,NA,PT_NUAL,0,77989,216,5823,84028,192958,3265
9,DISTRITO FEDERAL,11,NA,PAN,6655,78621,188,5212,84021,194160,6655
9,DISTRITO FEDERAL,11,NA,PRI,8245,78621,188,5212,84021,194160,8245
9,DISTRITO FEDERAL,11,NA,PRD,24314,78621,188,5212,84021,194160,24314
9,DISTRITO FEDERAL,11,NA,PVEM,3449,78621,188,5212,84021,194160,3449
9,DISTRITO FEDERAL,11,NA,PT,1349,78621,188,5212,84021,194160,1349
9,DISTRITO FEDERAL,11,NA,MC,8030,78621,188,5212,84021,194160,8030
9,DISTRITO FEDERAL,11,NA,NUAL,2270,78621,188,5212,84021,194160,2270
9,DISTRITO FEDERAL,11,NA,MORENA,16233,78621,188,5212,84021,194160,16233
9,DISTRITO FEDERAL,11,NA,PH,2490,78621,188,5212,84021,194160,2490
9,DISTRITO FEDERAL,11,NA,ES,5094,78621,188,5212,84021,194160,5094
9,DISTRITO FEDERAL,11,NA,CAND_IND1,0,78621,188,5212,84021,194160,0
9,DISTRITO FEDERAL,11,NA,CAND_IND2,0,78621,188,5212,84021,194160,0
9,DISTRITO FEDERAL,11,NA,CAND_IND3,0,78621,188,5212,84021,194160,0
9,DISTRITO FEDERAL,11,NA,CAND_IND4,0,78621,188,5212,84021,194160,0
9,DISTRITO FEDERAL,11,NA,PRI_PVEM,224,78621,188,5212,84021,194160,11918
9,DISTRITO FEDERAL,11,NA,PRD_PT_NUAL,0,78621,188,5212,84021,194160,27933
9,DISTRITO FEDERAL,11,NA,PRD_PT,268,78621,188,5212,84021,194160,25931
9,DISTRITO FEDERAL,11,NA,PRD_NUAL,0,78621,188,5212,84021,194160,26584
9,DISTRITO FEDERAL,11,NA,PT_NUAL,0,78621,188,5212,84021,194160,3619
9,DISTRITO FEDERAL,12,NA,PAN,10048,79659,274,6374,86307,198258,10048
9,DISTRITO FEDERAL,12,NA,PRI,13753,79659,274,6374,86307,198258,13753
9,DISTRITO FEDERAL,12,NA,PRD,15810,79659,274,6374,86307,198258,15810
9,DISTRITO FEDERAL,12,NA,PVEM,3193,79659,274,6374,86307,198258,3193
9,DISTRITO FEDERAL,12,NA,PT,1127,79659,274,6374,86307,198258,1127
9,DISTRITO FEDERAL,12,NA,MC,2340,79659,274,6374,86307,198258,2340
9,DISTRITO FEDERAL,12,NA,NUAL,2014,79659,274,6374,86307,198258,2014
9,DISTRITO FEDERAL,12,NA,MORENA,21769,79659,274,6374,86307,198258,21769
9,DISTRITO FEDERAL,12,NA,PH,3489,79659,274,6374,86307,198258,3489
9,DISTRITO FEDERAL,12,NA,ES,5402,79659,274,6374,86307,198258,5402
9,DISTRITO FEDERAL,12,NA,CAND_IND1,0,79659,274,6374,86307,198258,0
9,DISTRITO FEDERAL,12,NA,CAND_IND2,0,79659,274,6374,86307,198258,0
9,DISTRITO FEDERAL,12,NA,CAND_IND3,0,79659,274,6374,86307,198258,0
9,DISTRITO FEDERAL,12,NA,CAND_IND4,0,79659,274,6374,86307,198258,0
9,DISTRITO FEDERAL,12,NA,PRI_PVEM,374,79659,274,6374,86307,198258,17320
9,DISTRITO FEDERAL,12,NA,PRD_PT_NUAL,135,79659,274,6374,86307,198258,19086
9,DISTRITO FEDERAL,12,NA,PRD_PT,137,79659,274,6374,86307,198258,17074
9,DISTRITO FEDERAL,12,NA,PRD_NUAL,36,79659,274,6374,86307,198258,17860
9,DISTRITO FEDERAL,12,NA,PT_NUAL,32,79659,274,6374,86307,198258,3173
9,DISTRITO FEDERAL,13,NA,PAN,25538,74394,379,6895,81668,183195,25538
9,DISTRITO FEDERAL,13,NA,PRI,9750,74394,379,6895,81668,183195,9750
9,DISTRITO FEDERAL,13,NA,PRD,9234,74394,379,6895,81668,183195,9234
9,DISTRITO FEDERAL,13,NA,PVEM,2493,74394,379,6895,81668,183195,2493
9,DISTRITO FEDERAL,13,NA,PT,877,74394,379,6895,81668,183195,877
9,DISTRITO FEDERAL,13,NA,MC,1930,74394,379,6895,81668,183195,1930
9,DISTRITO FEDERAL,13,NA,NUAL,1352,74394,379,6895,81668,183195,1352
9,DISTRITO FEDERAL,13,NA,MORENA,13426,74394,379,6895,81668,183195,13426
9,DISTRITO FEDERAL,13,NA,PH,1833,74394,379,6895,81668,183195,1833
9,DISTRITO FEDERAL,13,NA,ES,2955,74394,379,6895,81668,183195,2955
9,DISTRITO FEDERAL,13,NA,CAND_IND1,0,74394,379,6895,81668,183195,0
9,DISTRITO FEDERAL,13,NA,CAND_IND2,0,74394,379,6895,81668,183195,0
9,DISTRITO FEDERAL,13,NA,CAND_IND3,0,74394,379,6895,81668,183195,0
9,DISTRITO FEDERAL,13,NA,CAND_IND4,4649,74394,379,6895,81668,183195,4649
9,DISTRITO FEDERAL,13,NA,PRI_PVEM,245,74394,379,6895,81668,183195,12488
9,DISTRITO FEDERAL,13,NA,PRD_PT_NUAL,0,74394,379,6895,81668,183195,11463
9,DISTRITO FEDERAL,13,NA,PRD_PT,112,74394,379,6895,81668,183195,10223
9,DISTRITO FEDERAL,13,NA,PRD_NUAL,0,74394,379,6895,81668,183195,10586
9,DISTRITO FEDERAL,13,NA,PT_NUAL,0,74394,379,6895,81668,183195,2229
9,DISTRITO FEDERAL,14,NA,PAN,6044,69775,206,5011,74992,176777,6044
9,DISTRITO FEDERAL,14,NA,PRI,8259,69775,206,5011,74992,176777,8259
9,DISTRITO FEDERAL,14,NA,PRD,17048,69775,206,5011,74992,176777,17048
9,DISTRITO FEDERAL,14,NA,PVEM,3077,69775,206,5011,74992,176777,3077
9,DISTRITO FEDERAL,14,NA,PT,1699,69775,206,5011,74992,176777,1699
9,DISTRITO FEDERAL,14,NA,MC,5119,69775,206,5011,74992,176777,5119
9,DISTRITO FEDERAL,14,NA,NUAL,2087,69775,206,5011,74992,176777,2087
9,DISTRITO FEDERAL,14,NA,MORENA,18296,69775,206,5011,74992,176777,18296
9,DISTRITO FEDERAL,14,NA,PH,2498,69775,206,5011,74992,176777,2498
9,DISTRITO FEDERAL,14,NA,ES,5301,69775,206,5011,74992,176777,5301
9,DISTRITO FEDERAL,14,NA,CAND_IND1,0,69775,206,5011,74992,176777,0
9,DISTRITO FEDERAL,14,NA,CAND_IND2,0,69775,206,5011,74992,176777,0
9,DISTRITO FEDERAL,14,NA,CAND_IND3,0,69775,206,5011,74992,176777,0
9,DISTRITO FEDERAL,14,NA,CAND_IND4,0,69775,206,5011,74992,176777,0
9,DISTRITO FEDERAL,14,NA,PRI_PVEM,347,69775,206,5011,74992,176777,11683
9,DISTRITO FEDERAL,14,NA,PRD_PT_NUAL,0,69775,206,5011,74992,176777,20834
9,DISTRITO FEDERAL,14,NA,PRD_PT,0,69775,206,5011,74992,176777,18747
9,DISTRITO FEDERAL,14,NA,PRD_NUAL,0,69775,206,5011,74992,176777,19135
9,DISTRITO FEDERAL,14,NA,PT_NUAL,0,69775,206,5011,74992,176777,3786
9,DISTRITO FEDERAL,15,NA,PAN,8717,66509,173,5297,71979,161518,8717
9,DISTRITO FEDERAL,15,NA,PRI,7551,66509,173,5297,71979,161518,7551
9,DISTRITO FEDERAL,15,NA,PRD,15306,66509,173,5297,71979,161518,15306
9,DISTRITO FEDERAL,15,NA,PVEM,3333,66509,173,5297,71979,161518,3333
9,DISTRITO FEDERAL,15,NA,PT,1262,66509,173,5297,71979,161518,1262
9,DISTRITO FEDERAL,15,NA,MC,3828,66509,173,5297,71979,161518,3828
9,DISTRITO FEDERAL,15,NA,NUAL,2526,66509,173,5297,71979,161518,2526
9,DISTRITO FEDERAL,15,NA,MORENA,15740,66509,173,5297,71979,161518,15740
9,DISTRITO FEDERAL,15,NA,PH,2616,66509,173,5297,71979,161518,2616
9,DISTRITO FEDERAL,15,NA,ES,5270,66509,173,5297,71979,161518,5270
9,DISTRITO FEDERAL,15,NA,CAND_IND1,0,66509,173,5297,71979,161518,0
9,DISTRITO FEDERAL,15,NA,CAND_IND2,0,66509,173,5297,71979,161518,0
9,DISTRITO FEDERAL,15,NA,CAND_IND3,0,66509,173,5297,71979,161518,0
9,DISTRITO FEDERAL,15,NA,CAND_IND4,0,66509,173,5297,71979,161518,0
9,DISTRITO FEDERAL,15,NA,PRI_PVEM,360,66509,173,5297,71979,161518,11244
9,DISTRITO FEDERAL,15,NA,PRD_PT_NUAL,0,66509,173,5297,71979,161518,19094
9,DISTRITO FEDERAL,15,NA,PRD_PT,0,66509,173,5297,71979,161518,16568
9,DISTRITO FEDERAL,15,NA,PRD_NUAL,0,66509,173,5297,71979,161518,17832
9,DISTRITO FEDERAL,15,NA,PT_NUAL,0,66509,173,5297,71979,161518,3788
9,DISTRITO FEDERAL,16,NA,PAN,22731,73873,386,7416,81675,173001,22731
9,DISTRITO FEDERAL,16,NA,PRI,8915,73873,386,7416,81675,173001,8915
9,DISTRITO FEDERAL,16,NA,PRD,5017,73873,386,7416,81675,173001,5017
9,DISTRITO FEDERAL,16,NA,PVEM,3866,73873,386,7416,81675,173001,3866
9,DISTRITO FEDERAL,16,NA,PT,1132,73873,386,7416,81675,173001,1132
9,DISTRITO FEDERAL,16,NA,MC,5109,73873,386,7416,81675,173001,5109
9,DISTRITO FEDERAL,16,NA,NUAL,2730,73873,386,7416,81675,173001,2730
9,DISTRITO FEDERAL,16,NA,MORENA,15978,73873,386,7416,81675,173001,15978
9,DISTRITO FEDERAL,16,NA,PH,2984,73873,386,7416,81675,173001,2984
9,DISTRITO FEDERAL,16,NA,ES,5114,73873,386,7416,81675,173001,5114
9,DISTRITO FEDERAL,16,NA,CAND_IND1,0,73873,386,7416,81675,173001,0
9,DISTRITO FEDERAL,16,NA,CAND_IND2,0,73873,386,7416,81675,173001,0
9,DISTRITO FEDERAL,16,NA,CAND_IND3,0,73873,386,7416,81675,173001,0
9,DISTRITO FEDERAL,16,NA,CAND_IND4,0,73873,386,7416,81675,173001,0
9,DISTRITO FEDERAL,16,NA,PRI_PVEM,238,73873,386,7416,81675,173001,13019
9,DISTRITO FEDERAL,16,NA,PRD_PT_NUAL,0,73873,386,7416,81675,173001,8879
9,DISTRITO FEDERAL,16,NA,PRD_PT,59,73873,386,7416,81675,173001,6208
9,DISTRITO FEDERAL,16,NA,PRD_NUAL,0,73873,386,7416,81675,173001,7747
9,DISTRITO FEDERAL,16,NA,PT_NUAL,0,73873,386,7416,81675,173001,3862
9,DISTRITO FEDERAL,17,NA,PAN,29817,72505,402,8094,81001,172162,29817
9,DISTRITO FEDERAL,17,NA,PRI,9191,72505,402,8094,81001,172162,9191
9,DISTRITO FEDERAL,17,NA,PRD,3856,72505,402,8094,81001,172162,3856
9,DISTRITO FEDERAL,17,NA,PVEM,2526,72505,402,8094,81001,172162,2526
9,DISTRITO FEDERAL,17,NA,PT,764,72505,402,8094,81001,172162,764
9,DISTRITO FEDERAL,17,NA,MC,4338,72505,402,8094,81001,172162,4338
9,DISTRITO FEDERAL,17,NA,NUAL,1613,72505,402,8094,81001,172162,1613
9,DISTRITO FEDERAL,17,NA,MORENA,13160,72505,402,8094,81001,172162,13160
9,DISTRITO FEDERAL,17,NA,PH,2861,72505,402,8094,81001,172162,2861
9,DISTRITO FEDERAL,17,NA,ES,4179,72505,402,8094,81001,172162,4179
9,DISTRITO FEDERAL,17,NA,CAND_IND1,0,72505,402,8094,81001,172162,0
9,DISTRITO FEDERAL,17,NA,CAND_IND2,0,72505,402,8094,81001,172162,0
9,DISTRITO FEDERAL,17,NA,CAND_IND3,0,72505,402,8094,81001,172162,0
9,DISTRITO FEDERAL,17,NA,CAND_IND4,0,72505,402,8094,81001,172162,0
9,DISTRITO FEDERAL,17,NA,PRI_PVEM,173,72505,402,8094,81001,172162,11890
9,DISTRITO FEDERAL,17,NA,PRD_PT_NUAL,0,72505,402,8094,81001,172162,6233
9,DISTRITO FEDERAL,17,NA,PRD_PT,27,72505,402,8094,81001,172162,4647
9,DISTRITO FEDERAL,17,NA,PRD_NUAL,0,72505,402,8094,81001,172162,5469
9,DISTRITO FEDERAL,17,NA,PT_NUAL,0,72505,402,8094,81001,172162,2377
9,DISTRITO FEDERAL,18,NA,PAN,7973,73472,163,5412,79047,186081,7973
9,DISTRITO FEDERAL,18,NA,PRI,7423,73472,163,5412,79047,186081,7423
9,DISTRITO FEDERAL,18,NA,PRD,19482,73472,163,5412,79047,186081,19482
9,DISTRITO FEDERAL,18,NA,PVEM,7567,73472,163,5412,79047,186081,7567
9,DISTRITO FEDERAL,18,NA,PT,1180,73472,163,5412,79047,186081,1180
9,DISTRITO FEDERAL,18,NA,MC,2032,73472,163,5412,79047,186081,2032
9,DISTRITO FEDERAL,18,NA,NUAL,2833,73472,163,5412,79047,186081,2833
9,DISTRITO FEDERAL,18,NA,MORENA,17155,73472,163,5412,79047,186081,17155
9,DISTRITO FEDERAL,18,NA,PH,2594,73472,163,5412,79047,186081,2594
9,DISTRITO FEDERAL,18,NA,ES,4626,73472,163,5412,79047,186081,4626
9,DISTRITO FEDERAL,18,NA,CAND_IND1,0,73472,163,5412,79047,186081,0
9,DISTRITO FEDERAL,18,NA,CAND_IND2,0,73472,163,5412,79047,186081,0
9,DISTRITO FEDERAL,18,NA,CAND_IND3,0,73472,163,5412,79047,186081,0
9,DISTRITO FEDERAL,18,NA,CAND_IND4,0,73472,163,5412,79047,186081,0
9,DISTRITO FEDERAL,18,NA,PRI_PVEM,404,73472,163,5412,79047,186081,15394
9,DISTRITO FEDERAL,18,NA,PRD_PT_NUAL,0,73472,163,5412,79047,186081,23495
9,DISTRITO FEDERAL,18,NA,PRD_PT,203,73472,163,5412,79047,186081,20865
9,DISTRITO FEDERAL,18,NA,PRD_NUAL,0,73472,163,5412,79047,186081,22315
9,DISTRITO FEDERAL,18,NA,PT_NUAL,0,73472,163,5412,79047,186081,4013
9,DISTRITO FEDERAL,19,NA,PAN,2865,64444,142,3946,68532,149823,2865
9,DISTRITO FEDERAL,19,NA,PRI,7668,64444,142,3946,68532,149823,7668
9,DISTRITO FEDERAL,19,NA,PRD,22873,64444,142,3946,68532,149823,22873
9,DISTRITO FEDERAL,19,NA,PVEM,2801,64444,142,3946,68532,149823,2801
9,DISTRITO FEDERAL,19,NA,PT,1153,64444,142,3946,68532,149823,1153
9,DISTRITO FEDERAL,19,NA,MC,1392,64444,142,3946,68532,149823,1392
9,DISTRITO FEDERAL,19,NA,NUAL,1652,64444,142,3946,68532,149823,1652
9,DISTRITO FEDERAL,19,NA,MORENA,17288,64444,142,3946,68532,149823,17288
9,DISTRITO FEDERAL,19,NA,PH,2000,64444,142,3946,68532,149823,2000
9,DISTRITO FEDERAL,19,NA,ES,4411,64444,142,3946,68532,149823,4411
9,DISTRITO FEDERAL,19,NA,CAND_IND1,0,64444,142,3946,68532,149823,0
9,DISTRITO FEDERAL,19,NA,CAND_IND2,0,64444,142,3946,68532,149823,0
9,DISTRITO FEDERAL,19,NA,CAND_IND3,0,64444,142,3946,68532,149823,0
9,DISTRITO FEDERAL,19,NA,CAND_IND4,0,64444,142,3946,68532,149823,0
9,DISTRITO FEDERAL,19,NA,PRI_PVEM,159,64444,142,3946,68532,149823,10628
9,DISTRITO FEDERAL,19,NA,PRD_PT_NUAL,53,64444,142,3946,68532,149823,25731
9,DISTRITO FEDERAL,19,NA,PRD_PT,111,64444,142,3946,68532,149823,24137
9,DISTRITO FEDERAL,19,NA,PRD_NUAL,9,64444,142,3946,68532,149823,24534
9,DISTRITO FEDERAL,19,NA,PT_NUAL,9,64444,142,3946,68532,149823,2814
9,DISTRITO FEDERAL,20,NA,PAN,19513,88698,174,5150,94022,195196,19513
9,DISTRITO FEDERAL,20,NA,PRI,25133,88698,174,5150,94022,195196,25133
9,DISTRITO FEDERAL,20,NA,PRD,13182,88698,174,5150,94022,195196,13182
9,DISTRITO FEDERAL,20,NA,PVEM,4030,88698,174,5150,94022,195196,4030
9,DISTRITO FEDERAL,20,NA,PT,947,88698,174,5150,94022,195196,947
9,DISTRITO FEDERAL,20,NA,MC,1388,88698,174,5150,94022,195196,1388
9,DISTRITO FEDERAL,20,NA,NUAL,2087,88698,174,5150,94022,195196,2087
9,DISTRITO FEDERAL,20,NA,MORENA,13246,88698,174,5150,94022,195196,13246
9,DISTRITO FEDERAL,20,NA,PH,2824,88698,174,5150,94022,195196,2824
9,DISTRITO FEDERAL,20,NA,ES,3429,88698,174,5150,94022,195196,3429
9,DISTRITO FEDERAL,20,NA,CAND_IND1,0,88698,174,5150,94022,195196,0
9,DISTRITO FEDERAL,20,NA,CAND_IND2,0,88698,174,5150,94022,195196,0
9,DISTRITO FEDERAL,20,NA,CAND_IND3,0,88698,174,5150,94022,195196,0
9,DISTRITO FEDERAL,20,NA,CAND_IND4,0,88698,174,5150,94022,195196,0
9,DISTRITO FEDERAL,20,NA,PRI_PVEM,2679,88698,174,5150,94022,195196,31842
9,DISTRITO FEDERAL,20,NA,PRD_PT_NUAL,0,88698,174,5150,94022,195196,16216
9,DISTRITO FEDERAL,20,NA,PRD_PT,240,88698,174,5150,94022,195196,14369
9,DISTRITO FEDERAL,20,NA,PRD_NUAL,0,88698,174,5150,94022,195196,15269
9,DISTRITO FEDERAL,20,NA,PT_NUAL,0,88698,174,5150,94022,195196,3034
9,DISTRITO FEDERAL,21,NA,PAN,6850,74505,275,5683,80463,175403,6850
9,DISTRITO FEDERAL,21,NA,PRI,8211,74505,275,5683,80463,175403,8211
9,DISTRITO FEDERAL,21,NA,PRD,18575,74505,275,5683,80463,175403,18575
9,DISTRITO FEDERAL,21,NA,PVEM,3919,74505,275,5683,80463,175403,3919
9,DISTRITO FEDERAL,21,NA,PT,1527,74505,275,5683,80463,175403,1527
9,DISTRITO FEDERAL,21,NA,MC,1926,74505,275,5683,80463,175403,1926
9,DISTRITO FEDERAL,21,NA,NUAL,2042,74505,275,5683,80463,175403,2042
9,DISTRITO FEDERAL,21,NA,MORENA,21817,74505,275,5683,80463,175403,21817
9,DISTRITO FEDERAL,21,NA,PH,2038,74505,275,5683,80463,175403,2038
9,DISTRITO FEDERAL,21,NA,ES,4845,74505,275,5683,80463,175403,4845
9,DISTRITO FEDERAL,21,NA,CAND_IND1,0,74505,275,5683,80463,175403,0
9,DISTRITO FEDERAL,21,NA,CAND_IND2,2374,74505,275,5683,80463,175403,2374
9,DISTRITO FEDERAL,21,NA,CAND_IND3,0,74505,275,5683,80463,175403,0
9,DISTRITO FEDERAL,21,NA,CAND_IND4,0,74505,275,5683,80463,175403,0
9,DISTRITO FEDERAL,21,NA,PRI_PVEM,203,74505,275,5683,80463,175403,12333
9,DISTRITO FEDERAL,21,NA,PRD_PT_NUAL,68,74505,275,5683,80463,175403,22212
9,DISTRITO FEDERAL,21,NA,PRD_PT,87,74505,275,5683,80463,175403,20189
9,DISTRITO FEDERAL,21,NA,PRD_NUAL,15,74505,275,5683,80463,175403,20632
9,DISTRITO FEDERAL,21,NA,PT_NUAL,8,74505,275,5683,80463,175403,3577
9,DISTRITO FEDERAL,22,NA,PAN,3496,68358,177,4418,72953,164972,3496
9,DISTRITO FEDERAL,22,NA,PRI,5600,68358,177,4418,72953,164972,5600
9,DISTRITO FEDERAL,22,NA,PRD,19211,68358,177,4418,72953,164972,19211
9,DISTRITO FEDERAL,22,NA,PVEM,3079,68358,177,4418,72953,164972,3079
9,DISTRITO FEDERAL,22,NA,PT,1292,68358,177,4418,72953,164972,1292
9,DISTRITO FEDERAL,22,NA,MC,4063,68358,177,4418,72953,164972,4063
9,DISTRITO FEDERAL,22,NA,NUAL,2234,68358,177,4418,72953,164972,2234
9,DISTRITO FEDERAL,22,NA,MORENA,19106,68358,177,4418,72953,164972,19106
9,DISTRITO FEDERAL,22,NA,PH,1850,68358,177,4418,72953,164972,1850
9,DISTRITO FEDERAL,22,NA,ES,6633,68358,177,4418,72953,164972,6633
9,DISTRITO FEDERAL,22,NA,CAND_IND1,0,68358,177,4418,72953,164972,0
9,DISTRITO FEDERAL,22,NA,CAND_IND2,0,68358,177,4418,72953,164972,0
9,DISTRITO FEDERAL,22,NA,CAND_IND3,1467,68358,177,4418,72953,164972,1467
9,DISTRITO FEDERAL,22,NA,CAND_IND4,0,68358,177,4418,72953,164972,0
9,DISTRITO FEDERAL,22,NA,PRI_PVEM,96,68358,177,4418,72953,164972,8775
9,DISTRITO FEDERAL,22,NA,PRD_PT_NUAL,53,68358,177,4418,72953,164972,22790
9,DISTRITO FEDERAL,22,NA,PRD_PT,136,68358,177,4418,72953,164972,20639
9,DISTRITO FEDERAL,22,NA,PRD_NUAL,35,68358,177,4418,72953,164972,21480
9,DISTRITO FEDERAL,22,NA,PT_NUAL,7,68358,177,4418,72953,164972,3533
9,DISTRITO FEDERAL,23,NA,PAN,21113,74026,284,7047,81357,175538,21113
9,DISTRITO FEDERAL,23,NA,PRI,8984,74026,284,7047,81357,175538,8984
9,DISTRITO FEDERAL,23,NA,PRD,10757,74026,284,7047,81357,175538,10757
9,DISTRITO FEDERAL,23,NA,PVEM,3957,74026,284,7047,81357,175538,3957
9,DISTRITO FEDERAL,23,NA,PT,1030,74026,284,7047,81357,175538,1030
9,DISTRITO FEDERAL,23,NA,MC,2360,74026,284,7047,81357,175538,2360
9,DISTRITO FEDERAL,23,NA,NUAL,2283,74026,284,7047,81357,175538,2283
9,DISTRITO FEDERAL,23,NA,MORENA,15992,74026,284,7047,81357,175538,15992
9,DISTRITO FEDERAL,23,NA,PH,2687,74026,284,7047,81357,175538,2687
9,DISTRITO FEDERAL,23,NA,ES,4436,74026,284,7047,81357,175538,4436
9,DISTRITO FEDERAL,23,NA,CAND_IND1,0,74026,284,7047,81357,175538,0
9,DISTRITO FEDERAL,23,NA,CAND_IND2,0,74026,284,7047,81357,175538,0
9,DISTRITO FEDERAL,23,NA,CAND_IND3,0,74026,284,7047,81357,175538,0
9,DISTRITO FEDERAL,23,NA,CAND_IND4,0,74026,284,7047,81357,175538,0
9,DISTRITO FEDERAL,23,NA,PRI_PVEM,280,74026,284,7047,81357,175538,13221
9,DISTRITO FEDERAL,23,NA,PRD_PT_NUAL,0,74026,284,7047,81357,175538,14070
9,DISTRITO FEDERAL,23,NA,PRD_PT,147,74026,284,7047,81357,175538,11934
9,DISTRITO FEDERAL,23,NA,PRD_NUAL,0,74026,284,7047,81357,175538,13040
9,DISTRITO FEDERAL,23,NA,PT_NUAL,0,74026,284,7047,81357,175538,3313
9,DISTRITO FEDERAL,24,NA,PAN,11167,72278,221,5679,78178,164704,11167
9,DISTRITO FEDERAL,24,NA,PRI,7530,72278,221,5679,78178,164704,7530
9,DISTRITO FEDERAL,24,NA,PRD,16586,72278,221,5679,78178,164704,16586
9,DISTRITO FEDERAL,24,NA,PVEM,3380,72278,221,5679,78178,164704,3380
9,DISTRITO FEDERAL,24,NA,PT,1538,72278,221,5679,78178,164704,1538
9,DISTRITO FEDERAL,24,NA,MC,1978,72278,221,5679,78178,164704,1978
9,DISTRITO FEDERAL,24,NA,NUAL,1922,72278,221,5679,78178,164704,1922
9,DISTRITO FEDERAL,24,NA,MORENA,19005,72278,221,5679,78178,164704,19005
9,DISTRITO FEDERAL,24,NA,PH,2588,72278,221,5679,78178,164704,2588
9,DISTRITO FEDERAL,24,NA,ES,6215,72278,221,5679,78178,164704,6215
9,DISTRITO FEDERAL,24,NA,CAND_IND1,0,72278,221,5679,78178,164704,0
9,DISTRITO FEDERAL,24,NA,CAND_IND2,0,72278,221,5679,78178,164704,0
9,DISTRITO FEDERAL,24,NA,CAND_IND3,0,72278,221,5679,78178,164704,0
9,DISTRITO FEDERAL,24,NA,CAND_IND4,0,72278,221,5679,78178,164704,0
9,DISTRITO FEDERAL,24,NA,PRI_PVEM,164,72278,221,5679,78178,164704,11074
9,DISTRITO FEDERAL,24,NA,PRD_PT_NUAL,53,72278,221,5679,78178,164704,20099
9,DISTRITO FEDERAL,24,NA,PRD_PT,120,72278,221,5679,78178,164704,18244
9,DISTRITO FEDERAL,24,NA,PRD_NUAL,19,72278,221,5679,78178,164704,18527
9,DISTRITO FEDERAL,24,NA,PT_NUAL,13,72278,221,5679,78178,164704,3473
9,DISTRITO FEDERAL,25,NA,PAN,10366,66137,140,5158,71435,168498,10366
9,DISTRITO FEDERAL,25,NA,PRI,6415,66137,140,5158,71435,168498,6415
9,DISTRITO FEDERAL,25,NA,PRD,14665,66137,140,5158,71435,168498,14665
9,DISTRITO FEDERAL,25,NA,PVEM,7097,66137,140,5158,71435,168498,7097
9,DISTRITO FEDERAL,25,NA,PT,1646,66137,140,5158,71435,168498,1646
9,DISTRITO FEDERAL,25,NA,MC,2903,66137,140,5158,71435,168498,2903
9,DISTRITO FEDERAL,25,NA,NUAL,2050,66137,140,5158,71435,168498,2050
9,DISTRITO FEDERAL,25,NA,MORENA,13354,66137,140,5158,71435,168498,13354
9,DISTRITO FEDERAL,25,NA,PH,2406,66137,140,5158,71435,168498,2406
9,DISTRITO FEDERAL,25,NA,ES,4212,66137,140,5158,71435,168498,4212
9,DISTRITO FEDERAL,25,NA,CAND_IND1,0,66137,140,5158,71435,168498,0
9,DISTRITO FEDERAL,25,NA,CAND_IND2,0,66137,140,5158,71435,168498,0
9,DISTRITO FEDERAL,25,NA,CAND_IND3,0,66137,140,5158,71435,168498,0
9,DISTRITO FEDERAL,25,NA,CAND_IND4,0,66137,140,5158,71435,168498,0
9,DISTRITO FEDERAL,25,NA,PRI_PVEM,592,66137,140,5158,71435,168498,14104
9,DISTRITO FEDERAL,25,NA,PRD_PT_NUAL,0,66137,140,5158,71435,168498,18361
9,DISTRITO FEDERAL,25,NA,PRD_PT,431,66137,140,5158,71435,168498,16742
9,DISTRITO FEDERAL,25,NA,PRD_NUAL,0,66137,140,5158,71435,168498,16715
9,DISTRITO FEDERAL,25,NA,PT_NUAL,0,66137,140,5158,71435,168498,3696
9,DISTRITO FEDERAL,26,NA,PAN,19302,77619,404,7685,85708,178915,19302
9,DISTRITO FEDERAL,26,NA,PRI,10183,77619,404,7685,85708,178915,10183
9,DISTRITO FEDERAL,26,NA,PRD,12755,77619,404,7685,85708,178915,12755
9,DISTRITO FEDERAL,26,NA,PVEM,2921,77619,404,7685,85708,178915,2921
9,DISTRITO FEDERAL,26,NA,PT,1269,77619,404,7685,85708,178915,1269
9,DISTRITO FEDERAL,26,NA,MC,3093,77619,404,7685,85708,178915,3093
9,DISTRITO FEDERAL,26,NA,NUAL,1971,77619,404,7685,85708,178915,1971
9,DISTRITO FEDERAL,26,NA,MORENA,18206,77619,404,7685,85708,178915,18206
9,DISTRITO FEDERAL,26,NA,PH,2980,77619,404,7685,85708,178915,2980
9,DISTRITO FEDERAL,26,NA,ES,4623,77619,404,7685,85708,178915,4623
9,DISTRITO FEDERAL,26,NA,CAND_IND1,0,77619,404,7685,85708,178915,0
9,DISTRITO FEDERAL,26,NA,CAND_IND2,0,77619,404,7685,85708,178915,0
9,DISTRITO FEDERAL,26,NA,CAND_IND3,0,77619,404,7685,85708,178915,0
9,DISTRITO FEDERAL,26,NA,CAND_IND4,0,77619,404,7685,85708,178915,0
9,DISTRITO FEDERAL,26,NA,PRI_PVEM,186,77619,404,7685,85708,178915,13290
9,DISTRITO FEDERAL,26,NA,PRD_PT_NUAL,0,77619,404,7685,85708,178915,15995
9,DISTRITO FEDERAL,26,NA,PRD_PT,130,77619,404,7685,85708,178915,14154
9,DISTRITO FEDERAL,26,NA,PRD_NUAL,0,77619,404,7685,85708,178915,14726
9,DISTRITO FEDERAL,26,NA,PT_NUAL,0,77619,404,7685,85708,178915,3240
9,DISTRITO FEDERAL,27,NA,PAN,2389,79863,408,4887,85158,186484,2389
9,DISTRITO FEDERAL,27,NA,PRI,4944,79863,408,4887,85158,186484,4944
9,DISTRITO FEDERAL,27,NA,PRD,26713,79863,408,4887,85158,186484,26713
9,DISTRITO FEDERAL,27,NA,PVEM,3175,79863,408,4887,85158,186484,3175
9,DISTRITO FEDERAL,27,NA,PT,1958,79863,408,4887,85158,186484,1958
9,DISTRITO FEDERAL,27,NA,MC,8834,79863,408,4887,85158,186484,8834
9,DISTRITO FEDERAL,27,NA,NUAL,1923,79863,408,4887,85158,186484,1923
9,DISTRITO FEDERAL,27,NA,MORENA,24221,79863,408,4887,85158,186484,24221
9,DISTRITO FEDERAL,27,NA,PH,1786,79863,408,4887,85158,186484,1786
9,DISTRITO FEDERAL,27,NA,ES,3476,79863,408,4887,85158,186484,3476
9,DISTRITO FEDERAL,27,NA,CAND_IND1,0,79863,408,4887,85158,186484,0
9,DISTRITO FEDERAL,27,NA,CAND_IND2,0,79863,408,4887,85158,186484,0
9,DISTRITO FEDERAL,27,NA,CAND_IND3,0,79863,408,4887,85158,186484,0
9,DISTRITO FEDERAL,27,NA,CAND_IND4,0,79863,408,4887,85158,186484,0
9,DISTRITO FEDERAL,27,NA,PRI_PVEM,107,79863,408,4887,85158,186484,8226
9,DISTRITO FEDERAL,27,NA,PRD_PT_NUAL,68,79863,408,4887,85158,186484,30662
9,DISTRITO FEDERAL,27,NA,PRD_PT,228,79863,408,4887,85158,186484,28899
9,DISTRITO FEDERAL,27,NA,PRD_NUAL,34,79863,408,4887,85158,186484,28670
9,DISTRITO FEDERAL,27,NA,PT_NUAL,7,79863,408,4887,85158,186484,3888
9,DISTRITO FEDERAL,28,NA,PAN,7343,75571,197,5913,81681,188404,7343
9,DISTRITO FEDERAL,28,NA,PRI,6579,75571,197,5913,81681,188404,6579
9,DISTRITO FEDERAL,28,NA,PRD,18464,75571,197,5913,81681,188404,18464
9,DISTRITO FEDERAL,28,NA,PVEM,3804,75571,197,5913,81681,188404,3804
9,DISTRITO FEDERAL,28,NA,PT,1744,75571,197,5913,81681,188404,1744
9,DISTRITO FEDERAL,28,NA,MC,2988,75571,197,5913,81681,188404,2988
9,DISTRITO FEDERAL,28,NA,NUAL,2017,75571,197,5913,81681,188404,2017
9,DISTRITO FEDERAL,28,NA,MORENA,22489,75571,197,5913,81681,188404,22489
9,DISTRITO FEDERAL,28,NA,PH,2704,75571,197,5913,81681,188404,2704
9,DISTRITO FEDERAL,28,NA,ES,7103,75571,197,5913,81681,188404,7103
9,DISTRITO FEDERAL,28,NA,CAND_IND1,0,75571,197,5913,81681,188404,0
9,DISTRITO FEDERAL,28,NA,CAND_IND2,0,75571,197,5913,81681,188404,0
9,DISTRITO FEDERAL,28,NA,CAND_IND3,0,75571,197,5913,81681,188404,0
9,DISTRITO FEDERAL,28,NA,CAND_IND4,0,75571,197,5913,81681,188404,0
9,DISTRITO FEDERAL,28,NA,PRI_PVEM,106,75571,197,5913,81681,188404,10489
9,DISTRITO FEDERAL,28,NA,PRD_PT_NUAL,73,75571,197,5913,81681,188404,22298
9,DISTRITO FEDERAL,28,NA,PRD_PT,139,75571,197,5913,81681,188404,20347
9,DISTRITO FEDERAL,28,NA,PRD_NUAL,10,75571,197,5913,81681,188404,20491
9,DISTRITO FEDERAL,28,NA,PT_NUAL,8,75571,197,5913,81681,188404,3769
9,DISTRITO FEDERAL,29,NA,PAN,2821,68509,139,4104,72752,176141,2821
9,DISTRITO FEDERAL,29,NA,PRI,4298,68509,139,4104,72752,176141,4298
9,DISTRITO FEDERAL,29,NA,PRD,25132,68509,139,4104,72752,176141,25132
9,DISTRITO FEDERAL,29,NA,PVEM,3811,68509,139,4104,72752,176141,3811
9,DISTRITO FEDERAL,29,NA,PT,1929,68509,139,4104,72752,176141,1929
9,DISTRITO FEDERAL,29,NA,MC,1531,68509,139,4104,72752,176141,1531
9,DISTRITO FEDERAL,29,NA,NUAL,1849,68509,139,4104,72752,176141,1849
9,DISTRITO FEDERAL,29,NA,MORENA,21191,68509,139,4104,72752,176141,21191
9,DISTRITO FEDERAL,29,NA,PH,1700,68509,139,4104,72752,176141,1700
9,DISTRITO FEDERAL,29,NA,ES,3783,68509,139,4104,72752,176141,3783
9,DISTRITO FEDERAL,29,NA,CAND_IND1,0,68509,139,4104,72752,176141,0
9,DISTRITO FEDERAL,29,NA,CAND_IND2,0,68509,139,4104,72752,176141,0
9,DISTRITO FEDERAL,29,NA,CAND_IND3,0,68509,139,4104,72752,176141,0
9,DISTRITO FEDERAL,29,NA,CAND_IND4,0,68509,139,4104,72752,176141,0
9,DISTRITO FEDERAL,29,NA,PRI_PVEM,137,68509,139,4104,72752,176141,8246
9,DISTRITO FEDERAL,29,NA,PRD_PT_NUAL,83,68509,139,4104,72752,176141,28993
9,DISTRITO FEDERAL,29,NA,PRD_PT,201,68509,139,4104,72752,176141,27262
9,DISTRITO FEDERAL,29,NA,PRD_NUAL,26,68509,139,4104,72752,176141,27007
9,DISTRITO FEDERAL,29,NA,PT_NUAL,17,68509,139,4104,72752,176141,3795
9,DISTRITO FEDERAL,30,NA,PAN,16375,76771,349,7118,84238,171333,16375
9,DISTRITO FEDERAL,30,NA,PRI,9080,76771,349,7118,84238,171333,9080
9,DISTRITO FEDERAL,30,NA,PRD,14731,76771,349,7118,84238,171333,14731
9,DISTRITO FEDERAL,30,NA,PVEM,2989,76771,349,7118,84238,171333,2989
9,DISTRITO FEDERAL,30,NA,PT,1102,76771,349,7118,84238,171333,1102
9,DISTRITO FEDERAL,30,NA,MC,3639,76771,349,7118,84238,171333,3639
9,DISTRITO FEDERAL,30,NA,NUAL,2195,76771,349,7118,84238,171333,2195
9,DISTRITO FEDERAL,30,NA,MORENA,17299,76771,349,7118,84238,171333,17299
9,DISTRITO FEDERAL,30,NA,PH,2922,76771,349,7118,84238,171333,2922
9,DISTRITO FEDERAL,30,NA,ES,6178,76771,349,7118,84238,171333,6178
9,DISTRITO FEDERAL,30,NA,CAND_IND1,0,76771,349,7118,84238,171333,0
9,DISTRITO FEDERAL,30,NA,CAND_IND2,0,76771,349,7118,84238,171333,0
9,DISTRITO FEDERAL,30,NA,CAND_IND3,0,76771,349,7118,84238,171333,0
9,DISTRITO FEDERAL,30,NA,CAND_IND4,0,76771,349,7118,84238,171333,0
9,DISTRITO FEDERAL,30,NA,PRI_PVEM,146,76771,349,7118,84238,171333,12215
9,DISTRITO FEDERAL,30,NA,PRD_PT_NUAL,0,76771,349,7118,84238,171333,18028
9,DISTRITO FEDERAL,30,NA,PRD_PT,115,76771,349,7118,84238,171333,15948
9,DISTRITO FEDERAL,30,NA,PRD_NUAL,0,76771,349,7118,84238,171333,16926
9,DISTRITO FEDERAL,30,NA,PT_NUAL,0,76771,349,7118,84238,171333,3297
9,DISTRITO FEDERAL,31,NA,PAN,3729,70697,153,4572,75422,173002,3729
9,DISTRITO FEDERAL,31,NA,PRI,5373,70697,153,4572,75422,173002,5373
9,DISTRITO FEDERAL,31,NA,PRD,23179,70697,153,4572,75422,173002,23179
9,DISTRITO FEDERAL,31,NA,PVEM,3101,70697,153,4572,75422,173002,3101
9,DISTRITO FEDERAL,31,NA,PT,1580,70697,153,4572,75422,173002,1580
9,DISTRITO FEDERAL,31,NA,MC,1826,70697,153,4572,75422,173002,1826
9,DISTRITO FEDERAL,31,NA,NUAL,1719,70697,153,4572,75422,173002,1719
9,DISTRITO FEDERAL,31,NA,MORENA,22506,70697,153,4572,75422,173002,22506
9,DISTRITO FEDERAL,31,NA,PH,2433,70697,153,4572,75422,173002,2433
9,DISTRITO FEDERAL,31,NA,ES,4745,70697,153,4572,75422,173002,4745
9,DISTRITO FEDERAL,31,NA,CAND_IND1,0,70697,153,4572,75422,173002,0
9,DISTRITO FEDERAL,31,NA,CAND_IND2,0,70697,153,4572,75422,173002,0
9,DISTRITO FEDERAL,31,NA,CAND_IND3,0,70697,153,4572,75422,173002,0
9,DISTRITO FEDERAL,31,NA,CAND_IND4,0,70697,153,4572,75422,173002,0
9,DISTRITO FEDERAL,31,NA,PRI_PVEM,127,70697,153,4572,75422,173002,8601
9,DISTRITO FEDERAL,31,NA,PRD_PT_NUAL,152,70697,153,4572,75422,173002,26630
9,DISTRITO FEDERAL,31,NA,PRD_PT,170,70697,153,4572,75422,173002,24929
9,DISTRITO FEDERAL,31,NA,PRD_NUAL,25,70697,153,4572,75422,173002,24923
9,DISTRITO FEDERAL,31,NA,PT_NUAL,32,70697,153,4572,75422,173002,3331
9,DISTRITO FEDERAL,32,NA,PAN,8291,79586,334,6968,86888,189783,8291
9,DISTRITO FEDERAL,32,NA,PRI,8425,79586,334,6968,86888,189783,8425
9,DISTRITO FEDERAL,32,NA,PRD,22560,79586,334,6968,86888,189783,22560
9,DISTRITO FEDERAL,32,NA,PVEM,2659,79586,334,6968,86888,189783,2659
9,DISTRITO FEDERAL,32,NA,PT,1342,79586,334,6968,86888,189783,1342
9,DISTRITO FEDERAL,32,NA,MC,4458,79586,334,6968,86888,189783,4458
9,DISTRITO FEDERAL,32,NA,NUAL,2611,79586,334,6968,86888,189783,2611
9,DISTRITO FEDERAL,32,NA,MORENA,21288,79586,334,6968,86888,189783,21288
9,DISTRITO FEDERAL,32,NA,PH,2542,79586,334,6968,86888,189783,2542
9,DISTRITO FEDERAL,32,NA,ES,4945,79586,334,6968,86888,189783,4945
9,DISTRITO FEDERAL,32,NA,CAND_IND1,0,79586,334,6968,86888,189783,0
9,DISTRITO FEDERAL,32,NA,CAND_IND2,0,79586,334,6968,86888,189783,0
9,DISTRITO FEDERAL,32,NA,CAND_IND3,0,79586,334,6968,86888,189783,0
9,DISTRITO FEDERAL,32,NA,CAND_IND4,0,79586,334,6968,86888,189783,0
9,DISTRITO FEDERAL,32,NA,PRI_PVEM,195,79586,334,6968,86888,189783,11279
9,DISTRITO FEDERAL,32,NA,PRD_PT_NUAL,0,79586,334,6968,86888,189783,26513
9,DISTRITO FEDERAL,32,NA,PRD_PT,270,79586,334,6968,86888,189783,24172
9,DISTRITO FEDERAL,32,NA,PRD_NUAL,0,79586,334,6968,86888,189783,25171
9,DISTRITO FEDERAL,32,NA,PT_NUAL,0,79586,334,6968,86888,189783,3953
9,DISTRITO FEDERAL,33,NA,PAN,11088,81044,203,5966,87213,183311,11088
9,DISTRITO FEDERAL,33,NA,PRI,17566,81044,203,5966,87213,183311,17566
9,DISTRITO FEDERAL,33,NA,PRD,16836,81044,203,5966,87213,183311,16836
9,DISTRITO FEDERAL,33,NA,PVEM,3196,81044,203,5966,87213,183311,3196
9,DISTRITO FEDERAL,33,NA,PT,1103,81044,203,5966,87213,183311,1103
9,DISTRITO FEDERAL,33,NA,MC,3989,81044,203,5966,87213,183311,3989
9,DISTRITO FEDERAL,33,NA,NUAL,2093,81044,203,5966,87213,183311,2093
9,DISTRITO FEDERAL,33,NA,MORENA,17905,81044,203,5966,87213,183311,17905
9,DISTRITO FEDERAL,33,NA,PH,2434,81044,203,5966,87213,183311,2434
9,DISTRITO FEDERAL,33,NA,ES,3954,81044,203,5966,87213,183311,3954
9,DISTRITO FEDERAL,33,NA,CAND_IND1,0,81044,203,5966,87213,183311,0
9,DISTRITO FEDERAL,33,NA,CAND_IND2,0,81044,203,5966,87213,183311,0
9,DISTRITO FEDERAL,33,NA,CAND_IND3,0,81044,203,5966,87213,183311,0
9,DISTRITO FEDERAL,33,NA,CAND_IND4,0,81044,203,5966,87213,183311,0
9,DISTRITO FEDERAL,33,NA,PRI_PVEM,516,81044,203,5966,87213,183311,21278
9,DISTRITO FEDERAL,33,NA,PRD_PT_NUAL,0,81044,203,5966,87213,183311,20032
9,DISTRITO FEDERAL,33,NA,PRD_PT,364,81044,203,5966,87213,183311,18303
9,DISTRITO FEDERAL,33,NA,PRD_NUAL,0,81044,203,5966,87213,183311,18929
9,DISTRITO FEDERAL,33,NA,PT_NUAL,0,81044,203,5966,87213,183311,3196
9,DISTRITO FEDERAL,34,NA,PAN,3286,78998,99,4433,83530,179804,3286
9,DISTRITO FEDERAL,34,NA,PRI,22457,78998,99,4433,83530,179804,22457
9,DISTRITO FEDERAL,34,NA,PRD,13168,78998,99,4433,83530,179804,13168
9,DISTRITO FEDERAL,34,NA,PVEM,3603,78998,99,4433,83530,179804,3603
9,DISTRITO FEDERAL,34,NA,PT,1529,78998,99,4433,83530,179804,1529
9,DISTRITO FEDERAL,34,NA,MC,10612,78998,99,4433,83530,179804,10612
9,DISTRITO FEDERAL,34,NA,NUAL,2169,78998,99,4433,83530,179804,2169
9,DISTRITO FEDERAL,34,NA,MORENA,15174,78998,99,4433,83530,179804,15174
9,DISTRITO FEDERAL,34,NA,PH,1803,78998,99,4433,83530,179804,1803
9,DISTRITO FEDERAL,34,NA,ES,3854,78998,99,4433,83530,179804,3854
9,DISTRITO FEDERAL,34,NA,CAND_IND1,0,78998,99,4433,83530,179804,0
9,DISTRITO FEDERAL,34,NA,CAND_IND2,0,78998,99,4433,83530,179804,0
9,DISTRITO FEDERAL,34,NA,CAND_IND3,0,78998,99,4433,83530,179804,0
9,DISTRITO FEDERAL,34,NA,CAND_IND4,0,78998,99,4433,83530,179804,0
9,DISTRITO FEDERAL,34,NA,PRI_PVEM,1048,78998,99,4433,83530,179804,27108
9,DISTRITO FEDERAL,34,NA,PRD_PT_NUAL,0,78998,99,4433,83530,179804,16866
9,DISTRITO FEDERAL,34,NA,PRD_PT,295,78998,99,4433,83530,179804,14992
9,DISTRITO FEDERAL,34,NA,PRD_NUAL,0,78998,99,4433,83530,179804,15337
9,DISTRITO FEDERAL,34,NA,PT_NUAL,0,78998,99,4433,83530,179804,3698
9,DISTRITO FEDERAL,35,NA,PAN,3952,62548,146,4376,67070,182813,3952
9,DISTRITO FEDERAL,35,NA,PRI,6586,62548,146,4376,67070,182813,6586
9,DISTRITO FEDERAL,35,NA,PRD,9377,62548,146,4376,67070,182813,9377
9,DISTRITO FEDERAL,35,NA,PVEM,4636,62548,146,4376,67070,182813,4636
9,DISTRITO FEDERAL,35,NA,PT,902,62548,146,4376,67070,182813,902
9,DISTRITO FEDERAL,35,NA,MC,7311,62548,146,4376,67070,182813,7311
9,DISTRITO FEDERAL,35,NA,NUAL,2640,62548,146,4376,67070,182813,2640
9,DISTRITO FEDERAL,35,NA,MORENA,20241,62548,146,4376,67070,182813,20241
9,DISTRITO FEDERAL,35,NA,PH,2077,62548,146,4376,67070,182813,2077
9,DISTRITO FEDERAL,35,NA,ES,4257,62548,146,4376,67070,182813,4257
9,DISTRITO FEDERAL,35,NA,CAND_IND1,0,62548,146,4376,67070,182813,0
9,DISTRITO FEDERAL,35,NA,CAND_IND2,0,62548,146,4376,67070,182813,0
9,DISTRITO FEDERAL,35,NA,CAND_IND3,0,62548,146,4376,67070,182813,0
9,DISTRITO FEDERAL,35,NA,CAND_IND4,0,62548,146,4376,67070,182813,0
9,DISTRITO FEDERAL,35,NA,PRI_PVEM,414,62548,146,4376,67070,182813,11636
9,DISTRITO FEDERAL,35,NA,PRD_PT_NUAL,0,62548,146,4376,67070,182813,12919
9,DISTRITO FEDERAL,35,NA,PRD_PT,155,62548,146,4376,67070,182813,10434
9,DISTRITO FEDERAL,35,NA,PRD_NUAL,0,62548,146,4376,67070,182813,12017
9,DISTRITO FEDERAL,35,NA,PT_NUAL,0,62548,146,4376,67070,182813,3542
9,DISTRITO FEDERAL,36,NA,PAN,4009,58711,112,3969,62792,164883,4009
9,DISTRITO FEDERAL,36,NA,PRI,7475,58711,112,3969,62792,164883,7475
9,DISTRITO FEDERAL,36,NA,PRD,8443,58711,112,3969,62792,164883,8443
9,DISTRITO FEDERAL,36,NA,PVEM,4434,58711,112,3969,62792,164883,4434
9,DISTRITO FEDERAL,36,NA,PT,2233,58711,112,3969,62792,164883,2233
9,DISTRITO FEDERAL,36,NA,MC,7051,58711,112,3969,62792,164883,7051
9,DISTRITO FEDERAL,36,NA,NUAL,1717,58711,112,3969,62792,164883,1717
9,DISTRITO FEDERAL,36,NA,MORENA,17600,58711,112,3969,62792,164883,17600
9,DISTRITO FEDERAL,36,NA,PH,1741,58711,112,3969,62792,164883,1741
9,DISTRITO FEDERAL,36,NA,ES,3367,58711,112,3969,62792,164883,3367
9,DISTRITO FEDERAL,36,NA,CAND_IND1,0,58711,112,3969,62792,164883,0
9,DISTRITO FEDERAL,36,NA,CAND_IND2,0,58711,112,3969,62792,164883,0
9,DISTRITO FEDERAL,36,NA,CAND_IND3,0,58711,112,3969,62792,164883,0
9,DISTRITO FEDERAL,36,NA,CAND_IND4,0,58711,112,3969,62792,164883,0
9,DISTRITO FEDERAL,36,NA,PRI_PVEM,641,58711,112,3969,62792,164883,12550
9,DISTRITO FEDERAL,36,NA,PRD_PT_NUAL,0,58711,112,3969,62792,164883,12393
9,DISTRITO FEDERAL,36,NA,PRD_PT,0,58711,112,3969,62792,164883,10676
9,DISTRITO FEDERAL,36,NA,PRD_NUAL,0,58711,112,3969,62792,164883,10160
9,DISTRITO FEDERAL,36,NA,PT_NUAL,0,58711,112,3969,62792,164883,3950
9,DISTRITO FEDERAL,37,NA,PAN,10550,68469,251,5726,74446,174855,10550
9,DISTRITO FEDERAL,37,NA,PRI,6052,68469,251,5726,74446,174855,6052
9,DISTRITO FEDERAL,37,NA,PRD,14840,68469,251,5726,74446,174855,14840
9,DISTRITO FEDERAL,37,NA,PVEM,4237,68469,251,5726,74446,174855,4237
9,DISTRITO FEDERAL,37,NA,PT,1120,68469,251,5726,74446,174855,1120
9,DISTRITO FEDERAL,37,NA,MC,1975,68469,251,5726,74446,174855,1975
9,DISTRITO FEDERAL,37,NA,NUAL,1609,68469,251,5726,74446,174855,1609
9,DISTRITO FEDERAL,37,NA,MORENA,20955,68469,251,5726,74446,174855,20955
9,DISTRITO FEDERAL,37,NA,PH,2265,68469,251,5726,74446,174855,2265
9,DISTRITO FEDERAL,37,NA,ES,4181,68469,251,5726,74446,174855,4181
9,DISTRITO FEDERAL,37,NA,CAND_IND1,0,68469,251,5726,74446,174855,0
9,DISTRITO FEDERAL,37,NA,CAND_IND2,0,68469,251,5726,74446,174855,0
9,DISTRITO FEDERAL,37,NA,CAND_IND3,0,68469,251,5726,74446,174855,0
9,DISTRITO FEDERAL,37,NA,CAND_IND4,0,68469,251,5726,74446,174855,0
9,DISTRITO FEDERAL,37,NA,PRI_PVEM,318,68469,251,5726,74446,174855,10607
9,DISTRITO FEDERAL,37,NA,PRD_PT_NUAL,0,68469,251,5726,74446,174855,17569
9,DISTRITO FEDERAL,37,NA,PRD_PT,367,68469,251,5726,74446,174855,16327
9,DISTRITO FEDERAL,37,NA,PRD_NUAL,0,68469,251,5726,74446,174855,16449
9,DISTRITO FEDERAL,37,NA,PT_NUAL,0,68469,251,5726,74446,174855,2729
9,DISTRITO FEDERAL,38,NA,PAN,18516,71741,318,7063,79122,168621,18516
9,DISTRITO FEDERAL,38,NA,PRI,9426,71741,318,7063,79122,168621,9426
9,DISTRITO FEDERAL,38,NA,PRD,7308,71741,318,7063,79122,168621,7308
9,DISTRITO FEDERAL,38,NA,PVEM,3144,71741,318,7063,79122,168621,3144
9,DISTRITO FEDERAL,38,NA,PT,1337,71741,318,7063,79122,168621,1337
9,DISTRITO FEDERAL,38,NA,MC,2327,71741,318,7063,79122,168621,2327
9,DISTRITO FEDERAL,38,NA,NUAL,1733,71741,318,7063,79122,168621,1733
9,DISTRITO FEDERAL,38,NA,MORENA,19978,71741,318,7063,79122,168621,19978
9,DISTRITO FEDERAL,38,NA,PH,2708,71741,318,7063,79122,168621,2708
9,DISTRITO FEDERAL,38,NA,ES,4666,71741,318,7063,79122,168621,4666
9,DISTRITO FEDERAL,38,NA,CAND_IND1,0,71741,318,7063,79122,168621,0
9,DISTRITO FEDERAL,38,NA,CAND_IND2,0,71741,318,7063,79122,168621,0
9,DISTRITO FEDERAL,38,NA,CAND_IND3,0,71741,318,7063,79122,168621,0
9,DISTRITO FEDERAL,38,NA,CAND_IND4,0,71741,318,7063,79122,168621,0
9,DISTRITO FEDERAL,38,NA,PRI_PVEM,317,71741,318,7063,79122,168621,12887
9,DISTRITO FEDERAL,38,NA,PRD_PT_NUAL,0,71741,318,7063,79122,168621,10378
9,DISTRITO FEDERAL,38,NA,PRD_PT,281,71741,318,7063,79122,168621,8926
9,DISTRITO FEDERAL,38,NA,PRD_NUAL,0,71741,318,7063,79122,168621,9041
9,DISTRITO FEDERAL,38,NA,PT_NUAL,0,71741,318,7063,79122,168621,3070
9,DISTRITO FEDERAL,39,NA,PAN,7842,57998,259,4955,63212,150468,7842
9,DISTRITO FEDERAL,39,NA,PRI,7220,57998,259,4955,63212,150468,7220
9,DISTRITO FEDERAL,39,NA,PRD,6404,57998,259,4955,63212,150468,6404
9,DISTRITO FEDERAL,39,NA,PVEM,4701,57998,259,4955,63212,150468,4701
9,DISTRITO FEDERAL,39,NA,PT,1848,57998,259,4955,63212,150468,1848
9,DISTRITO FEDERAL,39,NA,MC,4024,57998,259,4955,63212,150468,4024
9,DISTRITO FEDERAL,39,NA,NUAL,1924,57998,259,4955,63212,150468,1924
9,DISTRITO FEDERAL,39,NA,MORENA,17025,57998,259,4955,63212,150468,17025
9,DISTRITO FEDERAL,39,NA,PH,2029,57998,259,4955,63212,150468,2029
9,DISTRITO FEDERAL,39,NA,ES,4533,57998,259,4955,63212,150468,4533
9,DISTRITO FEDERAL,39,NA,CAND_IND1,0,57998,259,4955,63212,150468,0
9,DISTRITO FEDERAL,39,NA,CAND_IND2,0,57998,259,4955,63212,150468,0
9,DISTRITO FEDERAL,39,NA,CAND_IND3,0,57998,259,4955,63212,150468,0
9,DISTRITO FEDERAL,39,NA,CAND_IND4,0,57998,259,4955,63212,150468,0
9,DISTRITO FEDERAL,39,NA,PRI_PVEM,443,57998,259,4955,63212,150468,12364
9,DISTRITO FEDERAL,39,NA,PRD_PT_NUAL,0,57998,259,4955,63212,150468,10176
9,DISTRITO FEDERAL,39,NA,PRD_PT,0,57998,259,4955,63212,150468,8252
9,DISTRITO FEDERAL,39,NA,PRD_NUAL,5,57998,259,4955,63212,150468,8333
9,DISTRITO FEDERAL,39,NA,PT_NUAL,0,57998,259,4955,63212,150468,3772
9,DISTRITO FEDERAL,40,NA,PAN,7873,66916,135,5237,72288,170392,7873
9,DISTRITO FEDERAL,40,NA,PRI,6708,66916,135,5237,72288,170392,6708
9,DISTRITO FEDERAL,40,NA,PRD,18173,66916,135,5237,72288,170392,18173
9,DISTRITO FEDERAL,40,NA,PVEM,4072,66916,135,5237,72288,170392,4072
9,DISTRITO FEDERAL,40,NA,PT,1035,66916,135,5237,72288,170392,1035
9,DISTRITO FEDERAL,40,NA,MC,1579,66916,135,5237,72288,170392,1579
9,DISTRITO FEDERAL,40,NA,NUAL,1366,66916,135,5237,72288,170392,1366
9,DISTRITO FEDERAL,40,NA,MORENA,19783,66916,135,5237,72288,170392,19783
9,DISTRITO FEDERAL,40,NA,PH,2075,66916,135,5237,72288,170392,2075
9,DISTRITO FEDERAL,40,NA,ES,3545,66916,135,5237,72288,170392,3545
9,DISTRITO FEDERAL,40,NA,CAND_IND1,0,66916,135,5237,72288,170392,0
9,DISTRITO FEDERAL,40,NA,CAND_IND2,0,66916,135,5237,72288,170392,0
9,DISTRITO FEDERAL,40,NA,CAND_IND3,0,66916,135,5237,72288,170392,0
9,DISTRITO FEDERAL,40,NA,CAND_IND4,0,66916,135,5237,72288,170392,0
9,DISTRITO FEDERAL,40,NA,PRI_PVEM,374,66916,135,5237,72288,170392,11154
9,DISTRITO FEDERAL,40,NA,PRD_PT_NUAL,0,66916,135,5237,72288,170392,20574
9,DISTRITO FEDERAL,40,NA,PRD_PT,333,66916,135,5237,72288,170392,19541
9,DISTRITO FEDERAL,40,NA,PRD_NUAL,0,66916,135,5237,72288,170392,19539
9,DISTRITO FEDERAL,40,NA,PT_NUAL,0,66916,135,5237,72288,170392,2401
11,GUANAJUATO,1,DOLORES HIDALGO C.I.N.,PAN,28585,78469,23,3303,81772,162955,28585
11,GUANAJUATO,1,DOLORES HIDALGO C.I.N.,PRI,22487,78469,23,3303,81772,162955,22487
11,GUANAJUATO,1,DOLORES HIDALGO C.I.N.,PRD,3614,78469,23,3303,81772,162955,3614
11,GUANAJUATO,1,DOLORES HIDALGO C.I.N.,PVEM,14416,78469,23,3303,81772,162955,14416
11,GUANAJUATO,1,DOLORES HIDALGO C.I.N.,PT,2762,78469,23,3303,81772,162955,2762
11,GUANAJUATO,1,DOLORES HIDALGO C.I.N.,MC,420,78469,23,3303,81772,162955,420
11,GUANAJUATO,1,DOLORES HIDALGO C.I.N.,NUAL,2763,78469,23,3303,81772,162955,2763
11,GUANAJUATO,1,DOLORES HIDALGO C.I.N.,MORENA,1208,78469,23,3303,81772,162955,1208
11,GUANAJUATO,1,DOLORES HIDALGO C.I.N.,PH,1728,78469,23,3303,81772,162955,1728
11,GUANAJUATO,1,DOLORES HIDALGO C.I.N.,ES,463,78469,23,3303,81772,162955,463
11,GUANAJUATO,1,DOLORES HIDALGO C.I.N.,PRI_PVEM_NUAL,0,78469,23,3303,81772,162955,39666
11,GUANAJUATO,2,SAN LUIS DE LA PAZ,PAN,40087,100899,81,4392,105291,195858,40087
11,GUANAJUATO,2,SAN LUIS DE LA PAZ,PRI,25656,100899,81,4392,105291,195858,25656
11,GUANAJUATO,2,SAN LUIS DE LA PAZ,PRD,7458,100899,81,4392,105291,195858,7458
11,GUANAJUATO,2,SAN LUIS DE LA PAZ,PVEM,14704,100899,81,4392,105291,195858,14704
11,GUANAJUATO,2,SAN LUIS DE LA PAZ,PT,1328,100899,81,4392,105291,195858,1328
11,GUANAJUATO,2,SAN LUIS DE LA PAZ,MC,1792,100899,81,4392,105291,195858,1792
11,GUANAJUATO,2,SAN LUIS DE LA PAZ,NUAL,4877,100899,81,4392,105291,195858,4877
11,GUANAJUATO,2,SAN LUIS DE LA PAZ,MORENA,2256,100899,81,4392,105291,195858,2256
11,GUANAJUATO,2,SAN LUIS DE LA PAZ,PH,1211,100899,81,4392,105291,195858,1211
11,GUANAJUATO,2,SAN LUIS DE LA PAZ,ES,1449,100899,81,4392,105291,195858,1449
11,GUANAJUATO,2,SAN LUIS DE LA PAZ,PRI_PVEM_NUAL,0,100899,81,4392,105291,195858,45237
11,GUANAJUATO,3,LEON,PAN,46784,76608,154,3595,80203,166616,46784
11,GUANAJUATO,3,LEON,PRI,11660,76608,154,3595,80203,166616,11660
11,GUANAJUATO,3,LEON,PRD,921,76608,154,3595,80203,166616,921
11,GUANAJUATO,3,LEON,PVEM,4989,76608,154,3595,80203,166616,4989
11,GUANAJUATO,3,LEON,PT,662,76608,154,3595,80203,166616,662
11,GUANAJUATO,3,LEON,MC,1925,76608,154,3595,80203,166616,1925
11,GUANAJUATO,3,LEON,NUAL,2172,76608,154,3595,80203,166616,2172
11,GUANAJUATO,3,LEON,MORENA,2076,76608,154,3595,80203,166616,2076
11,GUANAJUATO,3,LEON,PH,1599,76608,154,3595,80203,166616,1599
11,GUANAJUATO,3,LEON,ES,3009,76608,154,3595,80203,166616,3009
11,GUANAJUATO,3,LEON,PRI_PVEM_NUAL,657,76608,154,3595,80203,166616,19478
11,GUANAJUATO,4,LEON,PAN,59505,114254,188,4572,118826,291968,59505
11,GUANAJUATO,4,LEON,PRI,24354,114254,188,4572,118826,291968,24354
11,GUANAJUATO,4,LEON,PRD,1664,114254,188,4572,118826,291968,1664
11,GUANAJUATO,4,LEON,PVEM,8289,114254,188,4572,118826,291968,8289
11,GUANAJUATO,4,LEON,PT,1240,114254,188,4572,118826,291968,1240
11,GUANAJUATO,4,LEON,MC,2701,114254,188,4572,118826,291968,2701
11,GUANAJUATO,4,LEON,NUAL,3771,114254,188,4572,118826,291968,3771
11,GUANAJUATO,4,LEON,MORENA,3171,114254,188,4572,118826,291968,3171
11,GUANAJUATO,4,LEON,PH,2887,114254,188,4572,118826,291968,2887
11,GUANAJUATO,4,LEON,ES,5024,114254,188,4572,118826,291968,5024
11,GUANAJUATO,4,LEON,PRI_PVEM_NUAL,1460,114254,188,4572,118826,291968,37874
11,GUANAJUATO,5,LEON,PAN,43156,79979,95,3170,83149,206726,43156
11,GUANAJUATO,5,LEON,PRI,14510,79979,95,3170,83149,206726,14510
11,GUANAJUATO,5,LEON,PRD,1047,79979,95,3170,83149,206726,1047
11,GUANAJUATO,5,LEON,PVEM,7252,79979,95,3170,83149,206726,7252
11,GUANAJUATO,5,LEON,PT,679,79979,95,3170,83149,206726,679
11,GUANAJUATO,5,LEON,MC,2615,79979,95,3170,83149,206726,2615
11,GUANAJUATO,5,LEON,NUAL,2389,79979,95,3170,83149,206726,2389
11,GUANAJUATO,5,LEON,MORENA,2243,79979,95,3170,83149,206726,2243
11,GUANAJUATO,5,LEON,PH,1743,79979,95,3170,83149,206726,1743
11,GUANAJUATO,5,LEON,ES,3138,79979,95,3170,83149,206726,3138
11,GUANAJUATO,5,LEON,PRI_PVEM_NUAL,1112,79979,95,3170,83149,206726,25263
11,GUANAJUATO,6,LEON,PAN,32992,61493,53,2402,63895,143098,32992
11,GUANAJUATO,6,LEON,PRI,12857,61493,53,2402,63895,143098,12857
11,GUANAJUATO,6,LEON,PRD,760,61493,53,2402,63895,143098,760
11,GUANAJUATO,6,LEON,PVEM,4286,61493,53,2402,63895,143098,4286
11,GUANAJUATO,6,LEON,PT,580,61493,53,2402,63895,143098,580
11,GUANAJUATO,6,LEON,MC,1244,61493,53,2402,63895,143098,1244
11,GUANAJUATO,6,LEON,NUAL,2042,61493,53,2402,63895,143098,2042
11,GUANAJUATO,6,LEON,MORENA,1707,61493,53,2402,63895,143098,1707
11,GUANAJUATO,6,LEON,PH,1467,61493,53,2402,63895,143098,1467
11,GUANAJUATO,6,LEON,ES,2761,61493,53,2402,63895,143098,2761
11,GUANAJUATO,6,LEON,PRI_PVEM_NUAL,744,61493,53,2402,63895,143098,19929
11,GUANAJUATO,7,LEON,PAN,44589,83676,80,3491,87167,220040,44589
11,GUANAJUATO,7,LEON,PRI,15871,83676,80,3491,87167,220040,15871
11,GUANAJUATO,7,LEON,PRD,1279,83676,80,3491,87167,220040,1279
11,GUANAJUATO,7,LEON,PVEM,6433,83676,80,3491,87167,220040,6433
11,GUANAJUATO,7,LEON,PT,907,83676,80,3491,87167,220040,907
11,GUANAJUATO,7,LEON,MC,1959,83676,80,3491,87167,220040,1959
11,GUANAJUATO,7,LEON,NUAL,2518,83676,80,3491,87167,220040,2518
11,GUANAJUATO,7,LEON,MORENA,3168,83676,80,3491,87167,220040,3168
11,GUANAJUATO,7,LEON,PH,2126,83676,80,3491,87167,220040,2126
11,GUANAJUATO,7,LEON,ES,3853,83676,80,3491,87167,220040,3853
11,GUANAJUATO,7,LEON,PRI_PVEM_NUAL,893,83676,80,3491,87167,220040,25715
11,GUANAJUATO,8,GUANAJUATO,PAN,26286,77347,144,3869,81216,205508,26286
11,GUANAJUATO,8,GUANAJUATO,PRI,21867,77347,144,3869,81216,205508,21867
11,GUANAJUATO,8,GUANAJUATO,PRD,9551,77347,144,3869,81216,205508,9551
11,GUANAJUATO,8,GUANAJUATO,PVEM,7007,77347,144,3869,81216,205508,7007
11,GUANAJUATO,8,GUANAJUATO,PT,1022,77347,144,3869,81216,205508,1022
11,GUANAJUATO,8,GUANAJUATO,MC,829,77347,144,3869,81216,205508,829
11,GUANAJUATO,8,GUANAJUATO,NUAL,2980,77347,144,3869,81216,205508,2980
11,GUANAJUATO,8,GUANAJUATO,MORENA,4107,77347,144,3869,81216,205508,4107
11,GUANAJUATO,8,GUANAJUATO,PH,1763,77347,144,3869,81216,205508,1763
11,GUANAJUATO,8,GUANAJUATO,ES,1791,77347,144,3869,81216,205508,1791
11,GUANAJUATO,8,GUANAJUATO,PRI_PVEM_NUAL,0,77347,144,3869,81216,205508,31854
11,GUANAJUATO,9,SAN MIGUEL DE ALLENDE,PAN,32690,80134,55,4589,84723,177683,32690
11,GUANAJUATO,9,SAN MIGUEL DE ALLENDE,PRI,23074,80134,55,4589,84723,177683,23074
11,GUANAJUATO,9,SAN MIGUEL DE ALLENDE,PRD,1758,80134,55,4589,84723,177683,1758
11,GUANAJUATO,9,SAN MIGUEL DE ALLENDE,PVEM,5227,80134,55,4589,84723,177683,5227
11,GUANAJUATO,9,SAN MIGUEL DE ALLENDE,PT,2148,80134,55,4589,84723,177683,2148
11,GUANAJUATO,9,SAN MIGUEL DE ALLENDE,MC,1720,80134,55,4589,84723,177683,1720
11,GUANAJUATO,9,SAN MIGUEL DE ALLENDE,NUAL,3226,80134,55,4589,84723,177683,3226
11,GUANAJUATO,9,SAN MIGUEL DE ALLENDE,MORENA,2349,80134,55,4589,84723,177683,2349
11,GUANAJUATO,9,SAN MIGUEL DE ALLENDE,PH,5499,80134,55,4589,84723,177683,5499
11,GUANAJUATO,9,SAN MIGUEL DE ALLENDE,ES,2388,80134,55,4589,84723,177683,2388
11,GUANAJUATO,9,SAN MIGUEL DE ALLENDE,PRI_PVEM_NUAL,0,80134,55,4589,84723,177683,31527
11,GUANAJUATO,10,SAN FRANCISCO DEL RINCON,PAN,38482,100202,78,3331,103533,224133,38482
11,GUANAJUATO,10,SAN FRANCISCO DEL RINCON,PRI,31696,100202,78,3331,103533,224133,31696
11,GUANAJUATO,10,SAN FRANCISCO DEL RINCON,PRD,5470,100202,78,3331,103533,224133,5470
11,GUANAJUATO,10,SAN FRANCISCO DEL RINCON,PVEM,13892,100202,78,3331,103533,224133,13892
11,GUANAJUATO,10,SAN FRANCISCO DEL RINCON,PT,652,100202,78,3331,103533,224133,652
11,GUANAJUATO,10,SAN FRANCISCO DEL RINCON,MC,457,100202,78,3331,103533,224133,457
11,GUANAJUATO,10,SAN FRANCISCO DEL RINCON,NUAL,4707,100202,78,3331,103533,224133,4707
11,GUANAJUATO,10,SAN FRANCISCO DEL RINCON,MORENA,2448,100202,78,3331,103533,224133,2448
11,GUANAJUATO,10,SAN FRANCISCO DEL RINCON,PH,760,100202,78,3331,103533,224133,760
11,GUANAJUATO,10,SAN FRANCISCO DEL RINCON,ES,1560,100202,78,3331,103533,224133,1560
11,GUANAJUATO,10,SAN FRANCISCO DEL RINCON,PRI_PVEM_NUAL,0,100202,78,3331,103533,224133,50295
11,GUANAJUATO,11,IRAPUATO,PAN,30505,71929,105,2873,74802,194781,30505
11,GUANAJUATO,11,IRAPUATO,PRI,25222,71929,105,2873,74802,194781,25222
11,GUANAJUATO,11,IRAPUATO,PRD,1338,71929,105,2873,74802,194781,1338
11,GUANAJUATO,11,IRAPUATO,PVEM,3803,71929,105,2873,74802,194781,3803
11,GUANAJUATO,11,IRAPUATO,PT,633,71929,105,2873,74802,194781,633
11,GUANAJUATO,11,IRAPUATO,MC,1263,71929,105,2873,74802,194781,1263
11,GUANAJUATO,11,IRAPUATO,NUAL,2429,71929,105,2873,74802,194781,2429
11,GUANAJUATO,11,IRAPUATO,MORENA,2754,71929,105,2873,74802,194781,2754
11,GUANAJUATO,11,IRAPUATO,PH,978,71929,105,2873,74802,194781,978
11,GUANAJUATO,11,IRAPUATO,ES,1963,71929,105,2873,74802,194781,1963
11,GUANAJUATO,11,IRAPUATO,PRI_PVEM_NUAL,936,71929,105,2873,74802,194781,32390
11,GUANAJUATO,12,IRAPUATO,PAN,29476,70250,124,3425,73675,188555,29476
11,GUANAJUATO,12,IRAPUATO,PRI,25472,70250,124,3425,73675,188555,25472
11,GUANAJUATO,12,IRAPUATO,PRD,1398,70250,124,3425,73675,188555,1398
11,GUANAJUATO,12,IRAPUATO,PVEM,3742,70250,124,3425,73675,188555,3742
11,GUANAJUATO,12,IRAPUATO,PT,732,70250,124,3425,73675,188555,732
11,GUANAJUATO,12,IRAPUATO,MC,1320,70250,124,3425,73675,188555,1320
11,GUANAJUATO,12,IRAPUATO,NUAL,2487,70250,124,3425,73675,188555,2487
11,GUANAJUATO,12,IRAPUATO,MORENA,2726,70250,124,3425,73675,188555,2726
11,GUANAJUATO,12,IRAPUATO,PH,936,70250,124,3425,73675,188555,936
11,GUANAJUATO,12,IRAPUATO,ES,1837,70250,124,3425,73675,188555,1837
11,GUANAJUATO,12,IRAPUATO,PRI_PVEM_NUAL,0,70250,124,3425,73675,188555,31701
11,GUANAJUATO,13,SALAMANCA,PAN,31727,80666,60,2624,83290,182154,31727
11,GUANAJUATO,13,SALAMANCA,PRI,18010,80666,60,2624,83290,182154,18010
11,GUANAJUATO,13,SALAMANCA,PRD,4165,80666,60,2624,83290,182154,4165
11,GUANAJUATO,13,SALAMANCA,PVEM,14506,80666,60,2624,83290,182154,14506
11,GUANAJUATO,13,SALAMANCA,PT,1069,80666,60,2624,83290,182154,1069
11,GUANAJUATO,13,SALAMANCA,MC,1452,80666,60,2624,83290,182154,1452
11,GUANAJUATO,13,SALAMANCA,NUAL,2344,80666,60,2624,83290,182154,2344
11,GUANAJUATO,13,SALAMANCA,MORENA,3176,80666,60,2624,83290,182154,3176
11,GUANAJUATO,13,SALAMANCA,PH,1755,80666,60,2624,83290,182154,1755
11,GUANAJUATO,13,SALAMANCA,ES,2402,80666,60,2624,83290,182154,2402
11,GUANAJUATO,13,SALAMANCA,PRI_PVEM_NUAL,0,80666,60,2624,83290,182154,34860
11,GUANAJUATO,14,SALAMANCA,PAN,25971,71161,60,2671,73832,151717,25971
11,GUANAJUATO,14,SALAMANCA,PRI,10465,71161,60,2671,73832,151717,10465
11,GUANAJUATO,14,SALAMANCA,PRD,9693,71161,60,2671,73832,151717,9693
11,GUANAJUATO,14,SALAMANCA,PVEM,12302,71161,60,2671,73832,151717,12302
11,GUANAJUATO,14,SALAMANCA,PT,838,71161,60,2671,73832,151717,838
11,GUANAJUATO,14,SALAMANCA,MC,1662,71161,60,2671,73832,151717,1662
11,GUANAJUATO,14,SALAMANCA,NUAL,2843,71161,60,2671,73832,151717,2843
11,GUANAJUATO,14,SALAMANCA,MORENA,3127,71161,60,2671,73832,151717,3127
11,GUANAJUATO,14,SALAMANCA,PH,2632,71161,60,2671,73832,151717,2632
11,GUANAJUATO,14,SALAMANCA,ES,1568,71161,60,2671,73832,151717,1568
11,GUANAJUATO,14,SALAMANCA,PRI_PVEM_NUAL,0,71161,60,2671,73832,151717,25610
11,GUANAJUATO,15,CELAYA,PAN,28056,89108,129,4243,93351,197293,28056
11,GUANAJUATO,15,CELAYA,PRI,15244,89108,129,4243,93351,197293,15244
11,GUANAJUATO,15,CELAYA,PRD,4936,89108,129,4243,93351,197293,4936
11,GUANAJUATO,15,CELAYA,PVEM,6975,89108,129,4243,93351,197293,6975
11,GUANAJUATO,15,CELAYA,PT,2235,89108,129,4243,93351,197293,2235
11,GUANAJUATO,15,CELAYA,MC,6415,89108,129,4243,93351,197293,6415
11,GUANAJUATO,15,CELAYA,NUAL,8301,89108,129,4243,93351,197293,8301
11,GUANAJUATO,15,CELAYA,MORENA,6273,89108,129,4243,93351,197293,6273
11,GUANAJUATO,15,CELAYA,PH,4872,89108,129,4243,93351,197293,4872
11,GUANAJUATO,15,CELAYA,ES,3938,89108,129,4243,93351,197293,3938
11,GUANAJUATO,15,CELAYA,PRI_PVEM_NUAL,1734,89108,129,4243,93351,197293,32254
11,GUANAJUATO,16,CELAYA,PAN,30872,79057,112,2962,82019,195143,30872
11,GUANAJUATO,16,CELAYA,PRI,17084,79057,112,2962,82019,195143,17084
11,GUANAJUATO,16,CELAYA,PRD,2086,79057,112,2962,82019,195143,2086
11,GUANAJUATO,16,CELAYA,PVEM,6952,79057,112,2962,82019,195143,6952
11,GUANAJUATO,16,CELAYA,PT,1968,79057,112,2962,82019,195143,1968
11,GUANAJUATO,16,CELAYA,MC,4974,79057,112,2962,82019,195143,4974
11,GUANAJUATO,16,CELAYA,NUAL,3568,79057,112,2962,82019,195143,3568
11,GUANAJUATO,16,CELAYA,MORENA,4742,79057,112,2962,82019,195143,4742
11,GUANAJUATO,16,CELAYA,PH,2386,79057,112,2962,82019,195143,2386
11,GUANAJUATO,16,CELAYA,ES,3252,79057,112,2962,82019,195143,3252
11,GUANAJUATO,16,CELAYA,PRI_PVEM_NUAL,1061,79057,112,2962,82019,195143,28665
11,GUANAJUATO,17,APASEO EL GRANDE,PAN,31725,89654,55,3823,93477,197658,31725
11,GUANAJUATO,17,APASEO EL GRANDE,PRI,20745,89654,55,3823,93477,197658,20745
11,GUANAJUATO,17,APASEO EL GRANDE,PRD,5853,89654,55,3823,93477,197658,5853
11,GUANAJUATO,17,APASEO EL GRANDE,PVEM,7722,89654,55,3823,93477,197658,7722
11,GUANAJUATO,17,APASEO EL GRANDE,PT,1108,89654,55,3823,93477,197658,1108
11,GUANAJUATO,17,APASEO EL GRANDE,MC,14093,89654,55,3823,93477,197658,14093
11,GUANAJUATO,17,APASEO EL GRANDE,NUAL,2855,89654,55,3823,93477,197658,2855
11,GUANAJUATO,17,APASEO EL GRANDE,MORENA,2580,89654,55,3823,93477,197658,2580
11,GUANAJUATO,17,APASEO EL GRANDE,PH,1555,89654,55,3823,93477,197658,1555
11,GUANAJUATO,17,APASEO EL GRANDE,ES,1363,89654,55,3823,93477,197658,1363
11,GUANAJUATO,17,APASEO EL GRANDE,PRI_PVEM_NUAL,0,89654,55,3823,93477,197658,31322
11,GUANAJUATO,18,PENJAMO,PAN,41321,81771,35,3749,85520,172082,41321
11,GUANAJUATO,18,PENJAMO,PRI,15698,81771,35,3749,85520,172082,15698
11,GUANAJUATO,18,PENJAMO,PRD,13846,81771,35,3749,85520,172082,13846
11,GUANAJUATO,18,PENJAMO,PVEM,4372,81771,35,3749,85520,172082,4372
11,GUANAJUATO,18,PENJAMO,PT,1118,81771,35,3749,85520,172082,1118
11,GUANAJUATO,18,PENJAMO,MC,292,81771,35,3749,85520,172082,292
11,GUANAJUATO,18,PENJAMO,NUAL,2172,81771,35,3749,85520,172082,2172
11,GUANAJUATO,18,PENJAMO,MORENA,1238,81771,35,3749,85520,172082,1238
11,GUANAJUATO,18,PENJAMO,PH,896,81771,35,3749,85520,172082,896
11,GUANAJUATO,18,PENJAMO,ES,783,81771,35,3749,85520,172082,783
11,GUANAJUATO,18,PENJAMO,PRI_PVEM_NUAL,0,81771,35,3749,85520,172082,22242
11,GUANAJUATO,19,VALLE DE SANTIAGO,PAN,27206,76297,36,2209,78506,154521,27206
11,GUANAJUATO,19,VALLE DE SANTIAGO,PRI,18519,76297,36,2209,78506,154521,18519
11,GUANAJUATO,19,VALLE DE SANTIAGO,PRD,7320,76297,36,2209,78506,154521,7320
11,GUANAJUATO,19,VALLE DE SANTIAGO,PVEM,6159,76297,36,2209,78506,154521,6159
11,GUANAJUATO,19,VALLE DE SANTIAGO,PT,1044,76297,36,2209,78506,154521,1044
11,GUANAJUATO,19,VALLE DE SANTIAGO,MC,1824,76297,36,2209,78506,154521,1824
11,GUANAJUATO,19,VALLE DE SANTIAGO,NUAL,5771,76297,36,2209,78506,154521,5771
11,GUANAJUATO,19,VALLE DE SANTIAGO,MORENA,2765,76297,36,2209,78506,154521,2765
11,GUANAJUATO,19,VALLE DE SANTIAGO,PH,4685,76297,36,2209,78506,154521,4685
11,GUANAJUATO,19,VALLE DE SANTIAGO,ES,968,76297,36,2209,78506,154521,968
11,GUANAJUATO,19,VALLE DE SANTIAGO,PRI_PVEM_NUAL,0,76297,36,2209,78506,154521,30449
11,GUANAJUATO,20,YURIRIA,PAN,19280,81832,15,2689,84521,156231,19280
11,GUANAJUATO,20,YURIRIA,PRI,24877,81832,15,2689,84521,156231,24877
11,GUANAJUATO,20,YURIRIA,PRD,5075,81832,15,2689,84521,156231,5075
11,GUANAJUATO,20,YURIRIA,PVEM,18239,81832,15,2689,84521,156231,18239
11,GUANAJUATO,20,YURIRIA,PT,861,81832,15,2689,84521,156231,861
11,GUANAJUATO,20,YURIRIA,MC,1412,81832,15,2689,84521,156231,1412
11,GUANAJUATO,20,YURIRIA,NUAL,4289,81832,15,2689,84521,156231,4289
11,GUANAJUATO,20,YURIRIA,MORENA,1749,81832,15,2689,84521,156231,1749
11,GUANAJUATO,20,YURIRIA,PH,5353,81832,15,2689,84521,156231,5353
11,GUANAJUATO,20,YURIRIA,ES,682,81832,15,2689,84521,156231,682
11,GUANAJUATO,20,YURIRIA,PRI_PVEM_NUAL,0,81832,15,2689,84521,156231,47405
11,GUANAJUATO,21,SALVATIERRA,PAN,24702,72495,35,2668,75163,153221,24702
11,GUANAJUATO,21,SALVATIERRA,PRI,19717,72495,35,2668,75163,153221,19717
11,GUANAJUATO,21,SALVATIERRA,PRD,10262,72495,35,2668,75163,153221,10262
11,GUANAJUATO,21,SALVATIERRA,PVEM,8118,72495,35,2668,75163,153221,8118
11,GUANAJUATO,21,SALVATIERRA,PT,1157,72495,35,2668,75163,153221,1157
11,GUANAJUATO,21,SALVATIERRA,MC,894,72495,35,2668,75163,153221,894
11,GUANAJUATO,21,SALVATIERRA,NUAL,2841,72495,35,2668,75163,153221,2841
11,GUANAJUATO,21,SALVATIERRA,MORENA,2798,72495,35,2668,75163,153221,2798
11,GUANAJUATO,21,SALVATIERRA,PH,716,72495,35,2668,75163,153221,716
11,GUANAJUATO,21,SALVATIERRA,ES,1255,72495,35,2668,75163,153221,1255
11,GUANAJUATO,21,SALVATIERRA,PRI_PVEM_NUAL,0,72495,35,2668,75163,153221,30676
11,GUANAJUATO,22,ACAMBARO,PAN,21665,69893,39,3402,73295,153918,21665
11,GUANAJUATO,22,ACAMBARO,PRI,14068,69893,39,3402,73295,153918,14068
11,GUANAJUATO,22,ACAMBARO,PRD,13698,69893,39,3402,73295,153918,13698
11,GUANAJUATO,22,ACAMBARO,PVEM,11848,69893,39,3402,73295,153918,11848
11,GUANAJUATO,22,ACAMBARO,PT,1056,69893,39,3402,73295,153918,1056
11,GUANAJUATO,22,ACAMBARO,MC,2412,69893,39,3402,73295,153918,2412
11,GUANAJUATO,22,ACAMBARO,NUAL,2963,69893,39,3402,73295,153918,2963
11,GUANAJUATO,22,ACAMBARO,MORENA,1103,69893,39,3402,73295,153918,1103
11,GUANAJUATO,22,ACAMBARO,PH,445,69893,39,3402,73295,153918,445
11,GUANAJUATO,22,ACAMBARO,ES,596,69893,39,3402,73295,153918,596
11,GUANAJUATO,22,ACAMBARO,PRI_PVEM_NUAL,0,69893,39,3402,73295,153918,28879
12,GUERRERO,1,CHILPANCINGO DE LOS BRAVO,PAN,859,34962,24,2575,37561,83128,859
12,GUERRERO,1,CHILPANCINGO DE LOS BRAVO,PRI,14206,34962,24,2575,37561,83128,14206
12,GUERRERO,1,CHILPANCINGO DE LOS BRAVO,PRD,8345,34962,24,2575,37561,83128,8345
12,GUERRERO,1,CHILPANCINGO DE LOS BRAVO,PT,762,34962,24,2575,37561,83128,762
12,GUERRERO,1,CHILPANCINGO DE LOS BRAVO,PVEM,1008,34962,24,2575,37561,83128,1008
12,GUERRERO,1,CHILPANCINGO DE LOS BRAVO,MC,2131,34962,24,2575,37561,83128,2131
12,GUERRERO,1,CHILPANCINGO DE LOS BRAVO,NUAL,1320,34962,24,2575,37561,83128,1320
12,GUERRERO,1,CHILPANCINGO DE LOS BRAVO,MORENA,2128,34962,24,2575,37561,83128,2128
12,GUERRERO,1,CHILPANCINGO DE LOS BRAVO,PH,1671,34962,24,2575,37561,83128,1671
12,GUERRERO,1,CHILPANCINGO DE LOS BRAVO,ES,565,34962,24,2575,37561,83128,565
12,GUERRERO,1,CHILPANCINGO DE LOS BRAVO,PPG,939,34962,24,2575,37561,83128,939
12,GUERRERO,1,CHILPANCINGO DE LOS BRAVO,COALICION_PRI_PVEM,531,34962,24,2575,37561,83128,15745
12,GUERRERO,1,CHILPANCINGO DE LOS BRAVO,COMUN_PRD_PT,497,34962,24,2575,37561,83128,9604
12,GUERRERO,2,CHILPANCINGO DE LOS BRAVO,PAN,997,39575,74,3081,42730,91879,997
12,GUERRERO,2,CHILPANCINGO DE LOS BRAVO,PRI,16179,39575,74,3081,42730,91879,16179
12,GUERRERO,2,CHILPANCINGO DE LOS BRAVO,PRD,10194,39575,74,3081,42730,91879,10194
12,GUERRERO,2,CHILPANCINGO DE LOS BRAVO,PT,880,39575,74,3081,42730,91879,880
12,GUERRERO,2,CHILPANCINGO DE LOS BRAVO,PVEM,1338,39575,74,3081,42730,91879,1338
12,GUERRERO,2,CHILPANCINGO DE LOS BRAVO,MC,2195,39575,74,3081,42730,91879,2195
12,GUERRERO,2,CHILPANCINGO DE LOS BRAVO,NUAL,1026,39575,74,3081,42730,91879,1026
12,GUERRERO,2,CHILPANCINGO DE LOS BRAVO,MORENA,3055,39575,74,3081,42730,91879,3055
12,GUERRERO,2,CHILPANCINGO DE LOS BRAVO,PH,0,39575,74,3081,42730,91879,0
12,GUERRERO,2,CHILPANCINGO DE LOS BRAVO,ES,982,39575,74,3081,42730,91879,982
12,GUERRERO,2,CHILPANCINGO DE LOS BRAVO,PPG,1223,39575,74,3081,42730,91879,1223
12,GUERRERO,2,CHILPANCINGO DE LOS BRAVO,COALICION_PRI_PVEM,848,39575,74,3081,42730,91879,18365
12,GUERRERO,2,CHILPANCINGO DE LOS BRAVO,COMUN_PRD_PT,658,39575,74,3081,42730,91879,11732
12,GUERRERO,3,ACAPULCO DE JUAREZ,PAN,4911,42023,87,3063,45173,96657,4911
12,GUERRERO,3,ACAPULCO DE JUAREZ,PRI,11749,42023,87,3063,45173,96657,11749
12,GUERRERO,3,ACAPULCO DE JUAREZ,PRD,8988,42023,87,3063,45173,96657,8988
12,GUERRERO,3,ACAPULCO DE JUAREZ,PT,832,42023,87,3063,45173,96657,832
12,GUERRERO,3,ACAPULCO DE JUAREZ,PVEM,3085,42023,87,3063,45173,96657,3085
12,GUERRERO,3,ACAPULCO DE JUAREZ,MC,4453,42023,87,3063,45173,96657,4453
12,GUERRERO,3,ACAPULCO DE JUAREZ,NUAL,1396,42023,87,3063,45173,96657,1396
12,GUERRERO,3,ACAPULCO DE JUAREZ,MORENA,2681,42023,87,3063,45173,96657,2681
12,GUERRERO,3,ACAPULCO DE JUAREZ,PH,490,42023,87,3063,45173,96657,490
12,GUERRERO,3,ACAPULCO DE JUAREZ,ES,1145,42023,87,3063,45173,96657,1145
12,GUERRERO,3,ACAPULCO DE JUAREZ,PPG,859,42023,87,3063,45173,96657,859
12,GUERRERO,3,ACAPULCO DE JUAREZ,COALICION_PRI_PVEM,787,42023,87,3063,45173,96657,15621
12,GUERRERO,3,ACAPULCO DE JUAREZ,COMUN_PRD_PT,647,42023,87,3063,45173,96657,10467
12,GUERRERO,4,ACAPULCO DE JUAREZ,PAN,4084,41137,49,2854,44040,95120,4084
12,GUERRERO,4,ACAPULCO DE JUAREZ,PRI,12168,41137,49,2854,44040,95120,12168
12,GUERRERO,4,ACAPULCO DE JUAREZ,PRD,10122,41137,49,2854,44040,95120,10122
12,GUERRERO,4,ACAPULCO DE JUAREZ,PT,841,41137,49,2854,44040,95120,841
12,GUERRERO,4,ACAPULCO DE JUAREZ,PVEM,1840,41137,49,2854,44040,95120,1840
12,GUERRERO,4,ACAPULCO DE JUAREZ,MC,3634,41137,49,2854,44040,95120,3634
12,GUERRERO,4,ACAPULCO DE JUAREZ,NUAL,1349,41137,49,2854,44040,95120,1349
12,GUERRERO,4,ACAPULCO DE JUAREZ,MORENA,2333,41137,49,2854,44040,95120,2333
12,GUERRERO,4,ACAPULCO DE JUAREZ,PH,724,41137,49,2854,44040,95120,724
12,GUERRERO,4,ACAPULCO DE JUAREZ,ES,1819,41137,49,2854,44040,95120,1819
12,GUERRERO,4,ACAPULCO DE JUAREZ,PPG,708,41137,49,2854,44040,95120,708
12,GUERRERO,4,ACAPULCO DE JUAREZ,COALICION_PRI_PVEM,827,41137,49,2854,44040,95120,14835
12,GUERRERO,4,ACAPULCO DE JUAREZ,COMUN_PRD_PT,688,41137,49,2854,44040,95120,11651
12,GUERRERO,5,ACAPULCO DE JUAREZ,PAN,2371,34791,40,2247,37078,92768,2371
12,GUERRERO,5,ACAPULCO DE JUAREZ,PRI,10473,34791,40,2247,37078,92768,10473
12,GUERRERO,5,ACAPULCO DE JUAREZ,PRD,11065,34791,40,2247,37078,92768,11065
12,GUERRERO,5,ACAPULCO DE JUAREZ,PT,1213,34791,40,2247,37078,92768,1213
12,GUERRERO,5,ACAPULCO DE JUAREZ,PVEM,1351,34791,40,2247,37078,92768,1351
12,GUERRERO,5,ACAPULCO DE JUAREZ,MC,3411,34791,40,2247,37078,92768,3411
12,GUERRERO,5,ACAPULCO DE JUAREZ,NUAL,641,34791,40,2247,37078,92768,641
12,GUERRERO,5,ACAPULCO DE JUAREZ,MORENA,1686,34791,40,2247,37078,92768,1686
12,GUERRERO,5,ACAPULCO DE JUAREZ,PH,303,34791,40,2247,37078,92768,303
12,GUERRERO,5,ACAPULCO DE JUAREZ,ES,519,34791,40,2247,37078,92768,519
12,GUERRERO,5,ACAPULCO DE JUAREZ,PPG,513,34791,40,2247,37078,92768,513
12,GUERRERO,5,ACAPULCO DE JUAREZ,COALICION_PRI_PVEM,435,34791,40,2247,37078,92768,12259
12,GUERRERO,5,ACAPULCO DE JUAREZ,COMUN_PRD_PT,810,34791,40,2247,37078,92768,13088
12,GUERRERO,6,ACAPULCO DE JUAREZ,PAN,2489,36107,41,2359,38507,86249,2489
12,GUERRERO,6,ACAPULCO DE JUAREZ,PRI,13240,36107,41,2359,38507,86249,13240
12,GUERRERO,6,ACAPULCO DE JUAREZ,PRD,9020,36107,41,2359,38507,86249,9020
12,GUERRERO,6,ACAPULCO DE JUAREZ,PT,766,36107,41,2359,38507,86249,766
12,GUERRERO,6,ACAPULCO DE JUAREZ,PVEM,1754,36107,41,2359,38507,86249,1754
12,GUERRERO,6,ACAPULCO DE JUAREZ,MC,2811,36107,41,2359,38507,86249,2811
12,GUERRERO,6,ACAPULCO DE JUAREZ,NUAL,977,36107,41,2359,38507,86249,977
12,GUERRERO,6,ACAPULCO DE JUAREZ,MORENA,1909,36107,41,2359,38507,86249,1909
12,GUERRERO,6,ACAPULCO DE JUAREZ,PH,338,36107,41,2359,38507,86249,338
12,GUERRERO,6,ACAPULCO DE JUAREZ,ES,555,36107,41,2359,38507,86249,555
12,GUERRERO,6,ACAPULCO DE JUAREZ,PPG,692,36107,41,2359,38507,86249,692
12,GUERRERO,6,ACAPULCO DE JUAREZ,COALICION_PRI_PVEM,809,36107,41,2359,38507,86249,15803
12,GUERRERO,6,ACAPULCO DE JUAREZ,COMUN_PRD_PT,747,36107,41,2359,38507,86249,10533
12,GUERRERO,7,ACAPULCO DE JUAREZ,PAN,2656,37671,42,2381,40094,91593,2656
12,GUERRERO,7,ACAPULCO DE JUAREZ,PRI,16558,37671,42,2381,40094,91593,16558
12,GUERRERO,7,ACAPULCO DE JUAREZ,PRD,0,37671,42,2381,40094,91593,0
12,GUERRERO,7,ACAPULCO DE JUAREZ,PT,7263,37671,42,2381,40094,91593,7263
12,GUERRERO,7,ACAPULCO DE JUAREZ,PVEM,2449,37671,42,2381,40094,91593,2449
12,GUERRERO,7,ACAPULCO DE JUAREZ,MC,2835,37671,42,2381,40094,91593,2835
12,GUERRERO,7,ACAPULCO DE JUAREZ,NUAL,912,37671,42,2381,40094,91593,912
12,GUERRERO,7,ACAPULCO DE JUAREZ,MORENA,1493,37671,42,2381,40094,91593,1493
12,GUERRERO,7,ACAPULCO DE JUAREZ,PH,504,37671,42,2381,40094,91593,504
12,GUERRERO,7,ACAPULCO DE JUAREZ,ES,1336,37671,42,2381,40094,91593,1336
12,GUERRERO,7,ACAPULCO DE JUAREZ,PPG,689,37671,42,2381,40094,91593,689
12,GUERRERO,7,ACAPULCO DE JUAREZ,COALICION_PRI_PVEM,976,37671,42,2381,40094,91593,19983
12,GUERRERO,7,ACAPULCO DE JUAREZ,COMUN_PRD_PT,0,37671,42,2381,40094,91593,7263
12,GUERRERO,8,ACAPULCO DE JUAREZ,PAN,1877,42864,22,2374,45260,81115,1877
12,GUERRERO,8,ACAPULCO DE JUAREZ,PRI,15067,42864,22,2374,45260,81115,15067
12,GUERRERO,8,ACAPULCO DE JUAREZ,PRD,6664,42864,22,2374,45260,81115,6664
12,GUERRERO,8,ACAPULCO DE JUAREZ,PT,628,42864,22,2374,45260,81115,628
12,GUERRERO,8,ACAPULCO DE JUAREZ,PVEM,6529,42864,22,2374,45260,81115,6529
12,GUERRERO,8,ACAPULCO DE JUAREZ,MC,6070,42864,22,2374,45260,81115,6070
12,GUERRERO,8,ACAPULCO DE JUAREZ,NUAL,707,42864,22,2374,45260,81115,707
12,GUERRERO,8,ACAPULCO DE JUAREZ,MORENA,1264,42864,22,2374,45260,81115,1264
12,GUERRERO,8,ACAPULCO DE JUAREZ,PH,2963,42864,22,2374,45260,81115,2963
12,GUERRERO,8,ACAPULCO DE JUAREZ,ES,279,42864,22,2374,45260,81115,279
12,GUERRERO,8,ACAPULCO DE JUAREZ,PPG,425,42864,22,2374,45260,81115,425
12,GUERRERO,8,ACAPULCO DE JUAREZ,COALICION_PRI_PVEM,259,42864,22,2374,45260,81115,21855
12,GUERRERO,8,ACAPULCO DE JUAREZ,COMUN_PRD_PT,132,42864,22,2374,45260,81115,7424
12,GUERRERO,9,ACAPULCO DE JUAREZ,PAN,1960,38503,22,3074,41599,83615,1960
12,GUERRERO,9,ACAPULCO DE JUAREZ,PRI,12072,38503,22,3074,41599,83615,12072
12,GUERRERO,9,ACAPULCO DE JUAREZ,PRD,11946,38503,22,3074,41599,83615,11946
12,GUERRERO,9,ACAPULCO DE JUAREZ,PT,1612,38503,22,3074,41599,83615,1612
12,GUERRERO,9,ACAPULCO DE JUAREZ,PVEM,2143,38503,22,3074,41599,83615,2143
12,GUERRERO,9,ACAPULCO DE JUAREZ,MC,2959,38503,22,3074,41599,83615,2959
12,GUERRERO,9,ACAPULCO DE JUAREZ,NUAL,1437,38503,22,3074,41599,83615,1437
12,GUERRERO,9,ACAPULCO DE JUAREZ,MORENA,1697,38503,22,3074,41599,83615,1697
12,GUERRERO,9,ACAPULCO DE JUAREZ,PH,541,38503,22,3074,41599,83615,541
12,GUERRERO,9,ACAPULCO DE JUAREZ,ES,638,38503,22,3074,41599,83615,638
12,GUERRERO,9,ACAPULCO DE JUAREZ,PPG,551,38503,22,3074,41599,83615,551
12,GUERRERO,9,ACAPULCO DE JUAREZ,COALICION_PRI_PVEM,506,38503,22,3074,41599,83615,14721
12,GUERRERO,9,ACAPULCO DE JUAREZ,COMUN_PRD_PT,441,38503,22,3074,41599,83615,13999
12,GUERRERO,10,TECPAN DE GALEANA,PAN,335,47043,20,2247,49310,85282,335
12,GUERRERO,10,TECPAN DE GALEANA,PRI,19439,47043,20,2247,49310,85282,19439
12,GUERRERO,10,TECPAN DE GALEANA,PRD,16538,47043,20,2247,49310,85282,16538
12,GUERRERO,10,TECPAN DE GALEANA,PT,351,47043,20,2247,49310,85282,351
12,GUERRERO,10,TECPAN DE GALEANA,PVEM,1109,47043,20,2247,49310,85282,1109
12,GUERRERO,10,TECPAN DE GALEANA,MC,3777,47043,20,2247,49310,85282,3777
12,GUERRERO,10,TECPAN DE GALEANA,NUAL,1207,47043,20,2247,49310,85282,1207
12,GUERRERO,10,TECPAN DE GALEANA,MORENA,2789,47043,20,2247,49310,85282,2789
12,GUERRERO,10,TECPAN DE GALEANA,PH,357,47043,20,2247,49310,85282,357
12,GUERRERO,10,TECPAN DE GALEANA,ES,0,47043,20,2247,49310,85282,0
12,GUERRERO,10,TECPAN DE GALEANA,PPG,707,47043,20,2247,49310,85282,707
12,GUERRERO,10,TECPAN DE GALEANA,COALICION_PRI_PVEM,434,47043,20,2247,49310,85282,20982
12,GUERRERO,10,TECPAN DE GALEANA,COMUN_PRD_PT,0,47043,20,2247,49310,85282,16889
12,GUERRERO,11,ZIHUATANEJO DE AZUETA,PAN,819,42971,44,1923,44938,85811,819
12,GUERRERO,11,ZIHUATANEJO DE AZUETA,PRI,14463,42971,44,1923,44938,85811,14463
12,GUERRERO,11,ZIHUATANEJO DE AZUETA,PRD,18694,42971,44,1923,44938,85811,18694
12,GUERRERO,11,ZIHUATANEJO DE AZUETA,PT,932,42971,44,1923,44938,85811,932
12,GUERRERO,11,ZIHUATANEJO DE AZUETA,PVEM,1011,42971,44,1923,44938,85811,1011
12,GUERRERO,11,ZIHUATANEJO DE AZUETA,MC,2500,42971,44,1923,44938,85811,2500
12,GUERRERO,11,ZIHUATANEJO DE AZUETA,NUAL,839,42971,44,1923,44938,85811,839
12,GUERRERO,11,ZIHUATANEJO DE AZUETA,MORENA,1915,42971,44,1923,44938,85811,1915
12,GUERRERO,11,ZIHUATANEJO DE AZUETA,PH,681,42971,44,1923,44938,85811,681
12,GUERRERO,11,ZIHUATANEJO DE AZUETA,ES,517,42971,44,1923,44938,85811,517
12,GUERRERO,11,ZIHUATANEJO DE AZUETA,PPG,322,42971,44,1923,44938,85811,322
12,GUERRERO,11,ZIHUATANEJO DE AZUETA,COALICION_PRI_PVEM,278,42971,44,1923,44938,85811,15752
12,GUERRERO,11,ZIHUATANEJO DE AZUETA,COMUN_PRD_PT,0,42971,44,1923,44938,85811,19626
12,GUERRERO,12,ZIHUATANEJO DE AZUETA,PAN,674,45033,17,1709,46759,84840,674
12,GUERRERO,12,ZIHUATANEJO DE AZUETA,PRI,12409,45033,17,1709,46759,84840,12409
12,GUERRERO,12,ZIHUATANEJO DE AZUETA,PRD,18967,45033,17,1709,46759,84840,18967
12,GUERRERO,12,ZIHUATANEJO DE AZUETA,PT,598,45033,17,1709,46759,84840,598
12,GUERRERO,12,ZIHUATANEJO DE AZUETA,PVEM,3822,45033,17,1709,46759,84840,3822
12,GUERRERO,12,ZIHUATANEJO DE AZUETA,MC,3082,45033,17,1709,46759,84840,3082
12,GUERRERO,12,ZIHUATANEJO DE AZUETA,NUAL,1619,45033,17,1709,46759,84840,1619
12,GUERRERO,12,ZIHUATANEJO DE AZUETA,MORENA,1863,45033,17,1709,46759,84840,1863
12,GUERRERO,12,ZIHUATANEJO DE AZUETA,PH,864,45033,17,1709,46759,84840,864
12,GUERRERO,12,ZIHUATANEJO DE AZUETA,ES,662,45033,17,1709,46759,84840,662
12,GUERRERO,12,ZIHUATANEJO DE AZUETA,PPG,369,45033,17,1709,46759,84840,369
12,GUERRERO,12,ZIHUATANEJO DE AZUETA,COALICION_PRI_PVEM,104,45033,17,1709,46759,84840,16335
12,GUERRERO,12,ZIHUATANEJO DE AZUETA,COMUN_PRD_PT,0,45033,17,1709,46759,84840,19565
12,GUERRERO,13,SAN MARCOS,PAN,6148,52572,31,4052,56655,81432,6148
12,GUERRERO,13,SAN MARCOS,PRI,10806,52572,31,4052,56655,81432,10806
12,GUERRERO,13,SAN MARCOS,PRD,9291,52572,31,4052,56655,81432,9291
12,GUERRERO,13,SAN MARCOS,PT,3127,52572,31,4052,56655,81432,3127
12,GUERRERO,13,SAN MARCOS,PVEM,14534,52572,31,4052,56655,81432,14534
12,GUERRERO,13,SAN MARCOS,MC,2772,52572,31,4052,56655,81432,2772
12,GUERRERO,13,SAN MARCOS,NUAL,1248,52572,31,4052,56655,81432,1248
12,GUERRERO,13,SAN MARCOS,MORENA,1763,52572,31,4052,56655,81432,1763
12,GUERRERO,13,SAN MARCOS,PH,1313,52572,31,4052,56655,81432,1313
12,GUERRERO,13,SAN MARCOS,ES,157,52572,31,4052,56655,81432,157
12,GUERRERO,13,SAN MARCOS,PPG,520,52572,31,4052,56655,81432,520
12,GUERRERO,13,SAN MARCOS,COALICION_PRI_PVEM,574,52572,31,4052,56655,81432,25914
12,GUERRERO,13,SAN MARCOS,COMUN_PRD_PT,319,52572,31,4052,56655,81432,12737
12,GUERRERO,14,AYUTLA DE LOS LIBRES,PAN,310,48199,53,2668,50920,74737,310
12,GUERRERO,14,AYUTLA DE LOS LIBRES,PRI,5251,48199,53,2668,50920,74737,5251
12,GUERRERO,14,AYUTLA DE LOS LIBRES,PRD,21265,48199,53,2668,50920,74737,21265
12,GUERRERO,14,AYUTLA DE LOS LIBRES,PT,1019,48199,53,2668,50920,74737,1019
12,GUERRERO,14,AYUTLA DE LOS LIBRES,PVEM,11566,48199,53,2668,50920,74737,11566
12,GUERRERO,14,AYUTLA DE LOS LIBRES,MC,2317,48199,53,2668,50920,74737,2317
12,GUERRERO,14,AYUTLA DE LOS LIBRES,NUAL,791,48199,53,2668,50920,74737,791
12,GUERRERO,14,AYUTLA DE LOS LIBRES,MORENA,652,48199,53,2668,50920,74737,652
12,GUERRERO,14,AYUTLA DE LOS LIBRES,PH,679,48199,53,2668,50920,74737,679
12,GUERRERO,14,AYUTLA DE LOS LIBRES,ES,0,48199,53,2668,50920,74737,0
12,GUERRERO,14,AYUTLA DE LOS LIBRES,PPG,2122,48199,53,2668,50920,74737,2122
12,GUERRERO,14,AYUTLA DE LOS LIBRES,COALICION_PRI_PVEM,2227,48199,53,2668,50920,74737,19044
12,GUERRERO,14,AYUTLA DE LOS LIBRES,COMUN_PRD_PT,0,48199,53,2668,50920,74737,22284
12,GUERRERO,15,SAN LUIS ACATLAN,PAN,2433,49439,20,3027,52486,75802,2433
12,GUERRERO,15,SAN LUIS ACATLAN,PRI,12724,49439,20,3027,52486,75802,12724
12,GUERRERO,15,SAN LUIS ACATLAN,PRD,14804,49439,20,3027,52486,75802,14804
12,GUERRERO,15,SAN LUIS ACATLAN,PT,1612,49439,20,3027,52486,75802,1612
12,GUERRERO,15,SAN LUIS ACATLAN,PVEM,3764,49439,20,3027,52486,75802,3764
12,GUERRERO,15,SAN LUIS ACATLAN,MC,8791,49439,20,3027,52486,75802,8791
12,GUERRERO,15,SAN LUIS ACATLAN,NUAL,1158,49439,20,3027,52486,75802,1158
12,GUERRERO,15,SAN LUIS ACATLAN,MORENA,1685,49439,20,3027,52486,75802,1685
12,GUERRERO,15,SAN LUIS ACATLAN,PH,975,49439,20,3027,52486,75802,975
12,GUERRERO,15,SAN LUIS ACATLAN,ES,374,49439,20,3027,52486,75802,374
12,GUERRERO,15,SAN LUIS ACATLAN,PPG,635,49439,20,3027,52486,75802,635
12,GUERRERO,15,SAN LUIS ACATLAN,COALICION_PRI_PVEM,484,49439,20,3027,52486,75802,16972
12,GUERRERO,15,SAN LUIS ACATLAN,COMUN_PRD_PT,0,49439,20,3027,52486,75802,16416
12,GUERRERO,16,OMETEPEC,PAN,8652,48083,28,2318,50429,70916,8652
12,GUERRERO,16,OMETEPEC,PRI,14580,48083,28,2318,50429,70916,14580
12,GUERRERO,16,OMETEPEC,PRD,12120,48083,28,2318,50429,70916,12120
12,GUERRERO,16,OMETEPEC,PT,3008,48083,28,2318,50429,70916,3008
12,GUERRERO,16,OMETEPEC,PVEM,762,48083,28,2318,50429,70916,762
12,GUERRERO,16,OMETEPEC,MC,3526,48083,28,2318,50429,70916,3526
12,GUERRERO,16,OMETEPEC,NUAL,562,48083,28,2318,50429,70916,562
12,GUERRERO,16,OMETEPEC,MORENA,1455,48083,28,2318,50429,70916,1455
12,GUERRERO,16,OMETEPEC,PH,800,48083,28,2318,50429,70916,800
12,GUERRERO,16,OMETEPEC,ES,644,48083,28,2318,50429,70916,644
12,GUERRERO,16,OMETEPEC,PPG,264,48083,28,2318,50429,70916,264
12,GUERRERO,16,OMETEPEC,COALICION_PRI_PVEM,628,48083,28,2318,50429,70916,15970
12,GUERRERO,16,OMETEPEC,COMUN_PRD_PT,1082,48083,28,2318,50429,70916,16210
12,GUERRERO,17,COYUCA DE CATALAN,PAN,658,56489,5,1725,58219,89337,658
12,GUERRERO,17,COYUCA DE CATALAN,PRI,24163,56489,5,1725,58219,89337,24163
12,GUERRERO,17,COYUCA DE CATALAN,PRD,23086,56489,5,1725,58219,89337,23086
12,GUERRERO,17,COYUCA DE CATALAN,PT,756,56489,5,1725,58219,89337,756
12,GUERRERO,17,COYUCA DE CATALAN,PVEM,1318,56489,5,1725,58219,89337,1318
12,GUERRERO,17,COYUCA DE CATALAN,MC,4479,56489,5,1725,58219,89337,4479
12,GUERRERO,17,COYUCA DE CATALAN,NUAL,245,56489,5,1725,58219,89337,245
12,GUERRERO,17,COYUCA DE CATALAN,MORENA,1114,56489,5,1725,58219,89337,1114
12,GUERRERO,17,COYUCA DE CATALAN,PH,157,56489,5,1725,58219,89337,157
12,GUERRERO,17,COYUCA DE CATALAN,ES,77,56489,5,1725,58219,89337,77
12,GUERRERO,17,COYUCA DE CATALAN,PPG,57,56489,5,1725,58219,89337,57
12,GUERRERO,17,COYUCA DE CATALAN,COALICION_PRI_PVEM,379,56489,5,1725,58219,89337,25860
12,GUERRERO,17,COYUCA DE CATALAN,COMUN_PRD_PT,0,56489,5,1725,58219,89337,23842
12,GUERRERO,18,PUNGARABATO,PAN,549,59499,6,1582,61087,97275,549
12,GUERRERO,18,PUNGARABATO,PRI,25040,59499,6,1582,61087,97275,25040
12,GUERRERO,18,PUNGARABATO,PRD,28289,59499,6,1582,61087,97275,28289
12,GUERRERO,18,PUNGARABATO,PT,402,59499,6,1582,61087,97275,402
12,GUERRERO,18,PUNGARABATO,PVEM,301,59499,6,1582,61087,97275,301
12,GUERRERO,18,PUNGARABATO,MC,517,59499,6,1582,61087,97275,517
12,GUERRERO,18,PUNGARABATO,NUAL,685,59499,6,1582,61087,97275,685
12,GUERRERO,18,PUNGARABATO,MORENA,3168,59499,6,1582,61087,97275,3168
12,GUERRERO,18,PUNGARABATO,PH,110,59499,6,1582,61087,97275,110
12,GUERRERO,18,PUNGARABATO,ES,0,59499,6,1582,61087,97275,0
12,GUERRERO,18,PUNGARABATO,PPG,154,59499,6,1582,61087,97275,154
12,GUERRERO,18,PUNGARABATO,COALICION_PRI_PVEM,284,59499,6,1582,61087,97275,25625
12,GUERRERO,18,PUNGARABATO,COMUN_PRD_PT,0,59499,6,1582,61087,97275,28691
12,GUERRERO,19,EDUARDO NERI,PAN,2587,42877,10,2010,44897,70045,2587
12,GUERRERO,19,EDUARDO NERI,PRI,17952,42877,10,2010,44897,70045,17952
12,GUERRERO,19,EDUARDO NERI,PRD,16678,42877,10,2010,44897,70045,16678
12,GUERRERO,19,EDUARDO NERI,PT,540,42877,10,2010,44897,70045,540
12,GUERRERO,19,EDUARDO NERI,PVEM,321,42877,10,2010,44897,70045,321
12,GUERRERO,19,EDUARDO NERI,MC,1798,42877,10,2010,44897,70045,1798
12,GUERRERO,19,EDUARDO NERI,NUAL,458,42877,10,2010,44897,70045,458
12,GUERRERO,19,EDUARDO NERI,MORENA,986,42877,10,2010,44897,70045,986
12,GUERRERO,19,EDUARDO NERI,PH,471,42877,10,2010,44897,70045,471
12,GUERRERO,19,EDUARDO NERI,ES,0,42877,10,2010,44897,70045,0
12,GUERRERO,19,EDUARDO NERI,PPG,487,42877,10,2010,44897,70045,487
12,GUERRERO,19,EDUARDO NERI,COALICION_PRI_PVEM,599,42877,10,2010,44897,70045,18872
12,GUERRERO,19,EDUARDO NERI,COMUN_PRD_PT,0,42877,10,2010,44897,70045,17218
12,GUERRERO,20,TELOLOAPAN,PAN,501,47422,76,2312,49810,79678,501
12,GUERRERO,20,TELOLOAPAN,PRI,11093,47422,76,2312,49810,79678,11093
12,GUERRERO,20,TELOLOAPAN,PRD,13968,47422,76,2312,49810,79678,13968
12,GUERRERO,20,TELOLOAPAN,PT,1847,47422,76,2312,49810,79678,1847
12,GUERRERO,20,TELOLOAPAN,PVEM,810,47422,76,2312,49810,79678,810
12,GUERRERO,20,TELOLOAPAN,MC,13045,47422,76,2312,49810,79678,13045
12,GUERRERO,20,TELOLOAPAN,NUAL,3483,47422,76,2312,49810,79678,3483
12,GUERRERO,20,TELOLOAPAN,MORENA,1385,47422,76,2312,49810,79678,1385
12,GUERRERO,20,TELOLOAPAN,PH,212,47422,76,2312,49810,79678,212
12,GUERRERO,20,TELOLOAPAN,ES,443,47422,76,2312,49810,79678,443
12,GUERRERO,20,TELOLOAPAN,PPG,200,47422,76,2312,49810,79678,200
12,GUERRERO,20,TELOLOAPAN,COALICION_PRI_PVEM,84,47422,76,2312,49810,79678,11987
12,GUERRERO,20,TELOLOAPAN,COMUN_PRD_PT,351,47422,76,2312,49810,79678,16166
12,GUERRERO,21,TAXCO DE ALARCON,PAN,15103,54908,36,2767,57711,96929,15103
12,GUERRERO,21,TAXCO DE ALARCON,PRI,17901,54908,36,2767,57711,96929,17901
12,GUERRERO,21,TAXCO DE ALARCON,PRD,4047,54908,36,2767,57711,96929,4047
12,GUERRERO,21,TAXCO DE ALARCON,PT,2504,54908,36,2767,57711,96929,2504
12,GUERRERO,21,TAXCO DE ALARCON,PVEM,2952,54908,36,2767,57711,96929,2952
12,GUERRERO,21,TAXCO DE ALARCON,MC,1436,54908,36,2767,57711,96929,1436
12,GUERRERO,21,TAXCO DE ALARCON,NUAL,2204,54908,36,2767,57711,96929,2204
12,GUERRERO,21,TAXCO DE ALARCON,MORENA,1245,54908,36,2767,57711,96929,1245
12,GUERRERO,21,TAXCO DE ALARCON,PH,1078,54908,36,2767,57711,96929,1078
12,GUERRERO,21,TAXCO DE ALARCON,ES,0,54908,36,2767,57711,96929,0
12,GUERRERO,21,TAXCO DE ALARCON,PPG,5752,54908,36,2767,57711,96929,5752
12,GUERRERO,21,TAXCO DE ALARCON,COALICION_PRI_PVEM,571,54908,36,2767,57711,96929,21424
12,GUERRERO,21,TAXCO DE ALARCON,COMUN_PRD_PT,115,54908,36,2767,57711,96929,6666
12,GUERRERO,22,IGUALA DE LA INDEPENDENCIA,PAN,954,39049,37,2427,41513,93531,954
12,GUERRERO,22,IGUALA DE LA INDEPENDENCIA,PRI,14112,39049,37,2427,41513,93531,14112
12,GUERRERO,22,IGUALA DE LA INDEPENDENCIA,PRD,7624,39049,37,2427,41513,93531,7624
12,GUERRERO,22,IGUALA DE LA INDEPENDENCIA,PT,1804,39049,37,2427,41513,93531,1804
12,GUERRERO,22,IGUALA DE LA INDEPENDENCIA,PVEM,1995,39049,37,2427,41513,93531,1995
12,GUERRERO,22,IGUALA DE LA INDEPENDENCIA,MC,5694,39049,37,2427,41513,93531,5694
12,GUERRERO,22,IGUALA DE LA INDEPENDENCIA,NUAL,1113,39049,37,2427,41513,93531,1113
12,GUERRERO,22,IGUALA DE LA INDEPENDENCIA,MORENA,2303,39049,37,2427,41513,93531,2303
12,GUERRERO,22,IGUALA DE LA INDEPENDENCIA,PH,480,39049,37,2427,41513,93531,480
12,GUERRERO,22,IGUALA DE LA INDEPENDENCIA,ES,2093,39049,37,2427,41513,93531,2093
12,GUERRERO,22,IGUALA DE LA INDEPENDENCIA,PPG,457,39049,37,2427,41513,93531,457
12,GUERRERO,22,IGUALA DE LA INDEPENDENCIA,COALICION_PRI_PVEM,420,39049,37,2427,41513,93531,16527
12,GUERRERO,22,IGUALA DE LA INDEPENDENCIA,COMUN_PRD_PT,0,39049,37,2427,41513,93531,9428
12,GUERRERO,23,IGUALA DE LA INDEPENDENCIA,PAN,4829,50472,21,2546,53039,90270,4829
12,GUERRERO,23,IGUALA DE LA INDEPENDENCIA,PRI,15841,50472,21,2546,53039,90270,15841
12,GUERRERO,23,IGUALA DE LA INDEPENDENCIA,PRD,7915,50472,21,2546,53039,90270,7915
12,GUERRERO,23,IGUALA DE LA INDEPENDENCIA,PT,7436,50472,21,2546,53039,90270,7436
12,GUERRERO,23,IGUALA DE LA INDEPENDENCIA,PVEM,1739,50472,21,2546,53039,90270,1739
12,GUERRERO,23,IGUALA DE LA INDEPENDENCIA,MC,7082,50472,21,2546,53039,90270,7082
12,GUERRERO,23,IGUALA DE LA INDEPENDENCIA,NUAL,1047,50472,21,2546,53039,90270,1047
12,GUERRERO,23,IGUALA DE LA INDEPENDENCIA,MORENA,1819,50472,21,2546,53039,90270,1819
12,GUERRERO,23,IGUALA DE LA INDEPENDENCIA,PH,1237,50472,21,2546,53039,90270,1237
12,GUERRERO,23,IGUALA DE LA INDEPENDENCIA,ES,470,50472,21,2546,53039,90270,470
12,GUERRERO,23,IGUALA DE LA INDEPENDENCIA,PPG,335,50472,21,2546,53039,90270,335
12,GUERRERO,23,IGUALA DE LA INDEPENDENCIA,COALICION_PRI_PVEM,722,50472,21,2546,53039,90270,18302
12,GUERRERO,23,IGUALA DE LA INDEPENDENCIA,COMUN_PRD_PT,0,50472,21,2546,53039,90270,15351
12,GUERRERO,24,TIXTLA DE GUERRERO,PAN,867,43458,12,3456,46926,84857,867
12,GUERRERO,24,TIXTLA DE GUERRERO,PRI,11305,43458,12,3456,46926,84857,11305
12,GUERRERO,24,TIXTLA DE GUERRERO,PRD,15045,43458,12,3456,46926,84857,15045
12,GUERRERO,24,TIXTLA DE GUERRERO,PT,565,43458,12,3456,46926,84857,565
12,GUERRERO,24,TIXTLA DE GUERRERO,PVEM,2726,43458,12,3456,46926,84857,2726
12,GUERRERO,24,TIXTLA DE GUERRERO,MC,8348,43458,12,3456,46926,84857,8348
12,GUERRERO,24,TIXTLA DE GUERRERO,NUAL,1339,43458,12,3456,46926,84857,1339
12,GUERRERO,24,TIXTLA DE GUERRERO,MORENA,935,43458,12,3456,46926,84857,935
12,GUERRERO,24,TIXTLA DE GUERRERO,PH,435,43458,12,3456,46926,84857,435
12,GUERRERO,24,TIXTLA DE GUERRERO,ES,214,43458,12,3456,46926,84857,214
12,GUERRERO,24,TIXTLA DE GUERRERO,PPG,1493,43458,12,3456,46926,84857,1493
12,GUERRERO,24,TIXTLA DE GUERRERO,COALICION_PRI_PVEM,186,43458,12,3456,46926,84857,14217
12,GUERRERO,24,TIXTLA DE GUERRERO,COMUN_PRD_PT,0,43458,12,3456,46926,84857,15610
12,GUERRERO,25,CHILAPA DE ALVAREZ,PAN,719,43327,36,3051,46414,79940,719
12,GUERRERO,25,CHILAPA DE ALVAREZ,PRI,18645,43327,36,3051,46414,79940,18645
12,GUERRERO,25,CHILAPA DE ALVAREZ,PRD,15350,43327,36,3051,46414,79940,15350
12,GUERRERO,25,CHILAPA DE ALVAREZ,PT,1070,43327,36,3051,46414,79940,1070
12,GUERRERO,25,CHILAPA DE ALVAREZ,PVEM,1001,43327,36,3051,46414,79940,1001
12,GUERRERO,25,CHILAPA DE ALVAREZ,MC,1703,43327,36,3051,46414,79940,1703
12,GUERRERO,25,CHILAPA DE ALVAREZ,NUAL,1571,43327,36,3051,46414,79940,1571
12,GUERRERO,25,CHILAPA DE ALVAREZ,MORENA,1306,43327,36,3051,46414,79940,1306
12,GUERRERO,25,CHILAPA DE ALVAREZ,PH,654,43327,36,3051,46414,79940,654
12,GUERRERO,25,CHILAPA DE ALVAREZ,ES,0,43327,36,3051,46414,79940,0
12,GUERRERO,25,CHILAPA DE ALVAREZ,PPG,466,43327,36,3051,46414,79940,466
12,GUERRERO,25,CHILAPA DE ALVAREZ,COALICION_PRI_PVEM,396,43327,36,3051,46414,79940,20042
12,GUERRERO,25,CHILAPA DE ALVAREZ,COMUN_PRD_PT,446,43327,36,3051,46414,79940,16866
12,GUERRERO,26,ATLIXTAC,PAN,8672,58092,19,3098,61209,81986,8672
12,GUERRERO,26,ATLIXTAC,PRI,17062,58092,19,3098,61209,81986,17062
12,GUERRERO,26,ATLIXTAC,PRD,19370,58092,19,3098,61209,81986,19370
12,GUERRERO,26,ATLIXTAC,PT,1627,58092,19,3098,61209,81986,1627
12,GUERRERO,26,ATLIXTAC,PVEM,548,58092,19,3098,61209,81986,548
12,GUERRERO,26,ATLIXTAC,MC,4619,58092,19,3098,61209,81986,4619
12,GUERRERO,26,ATLIXTAC,NUAL,2321,58092,19,3098,61209,81986,2321
12,GUERRERO,26,ATLIXTAC,MORENA,1863,58092,19,3098,61209,81986,1863
12,GUERRERO,26,ATLIXTAC,PH,1549,58092,19,3098,61209,81986,1549
12,GUERRERO,26,ATLIXTAC,ES,199,58092,19,3098,61209,81986,199
12,GUERRERO,26,ATLIXTAC,PPG,180,58092,19,3098,61209,81986,180
12,GUERRERO,26,ATLIXTAC,COALICION_PRI_PVEM,82,58092,19,3098,61209,81986,17692
12,GUERRERO,26,ATLIXTAC,COMUN_PRD_PT,0,58092,19,3098,61209,81986,20997
12,GUERRERO,27,TLAPA DE COMONFORT,PAN,0,52067,17,2817,54901,97902,0
12,GUERRERO,27,TLAPA DE COMONFORT,PRI,19122,52067,17,2817,54901,97902,19122
12,GUERRERO,27,TLAPA DE COMONFORT,PRD,16634,52067,17,2817,54901,97902,16634
12,GUERRERO,27,TLAPA DE COMONFORT,PT,7709,52067,17,2817,54901,97902,7709
12,GUERRERO,27,TLAPA DE COMONFORT,PVEM,598,52067,17,2817,54901,97902,598
12,GUERRERO,27,TLAPA DE COMONFORT,MC,1313,52067,17,2817,54901,97902,1313
12,GUERRERO,27,TLAPA DE COMONFORT,NUAL,1449,52067,17,2817,54901,97902,1449
12,GUERRERO,27,TLAPA DE COMONFORT,MORENA,2281,52067,17,2817,54901,97902,2281
12,GUERRERO,27,TLAPA DE COMONFORT,PH,602,52067,17,2817,54901,97902,602
12,GUERRERO,27,TLAPA DE COMONFORT,ES,418,52067,17,2817,54901,97902,418
12,GUERRERO,27,TLAPA DE COMONFORT,PPG,1226,52067,17,2817,54901,97902,1226
12,GUERRERO,27,TLAPA DE COMONFORT,COALICION_PRI_PVEM,715,52067,17,2817,54901,97902,20435
12,GUERRERO,27,TLAPA DE COMONFORT,COMUN_PRD_PT,0,52067,17,2817,54901,97902,24343
12,GUERRERO,28,TLAPA DE COMONFORT,PAN,256,48592,8,3309,51909,78808,256
12,GUERRERO,28,TLAPA DE COMONFORT,PRI,13300,48592,8,3309,51909,78808,13300
12,GUERRERO,28,TLAPA DE COMONFORT,PRD,14929,48592,8,3309,51909,78808,14929
12,GUERRERO,28,TLAPA DE COMONFORT,PT,10320,48592,8,3309,51909,78808,10320
12,GUERRERO,28,TLAPA DE COMONFORT,PVEM,1203,48592,8,3309,51909,78808,1203
12,GUERRERO,28,TLAPA DE COMONFORT,MC,6493,48592,8,3309,51909,78808,6493
12,GUERRERO,28,TLAPA DE COMONFORT,NUAL,289,48592,8,3309,51909,78808,289
12,GUERRERO,28,TLAPA DE COMONFORT,MORENA,978,48592,8,3309,51909,78808,978
12,GUERRERO,28,TLAPA DE COMONFORT,PH,137,48592,8,3309,51909,78808,137
12,GUERRERO,28,TLAPA DE COMONFORT,ES,321,48592,8,3309,51909,78808,321
12,GUERRERO,28,TLAPA DE COMONFORT,PPG,366,48592,8,3309,51909,78808,366
12,GUERRERO,28,TLAPA DE COMONFORT,COALICION_PRI_PVEM,0,48592,8,3309,51909,78808,14503
12,GUERRERO,28,TLAPA DE COMONFORT,COMUN_PRD_PT,0,48592,8,3309,51909,78808,25249
14,JALISCO,1,COLOTLÁN,PAN,43266,166428,49,4039,170516,270340,43266
14,JALISCO,1,COLOTLÁN,PRI,50698,166428,49,4039,170516,270340,50698
14,JALISCO,1,COLOTLÁN,PRD,11952,166428,49,4039,170516,270340,11952
14,JALISCO,1,COLOTLÁN,PVEM,5132,166428,49,4039,170516,270340,5132
14,JALISCO,1,COLOTLÁN,PT,6981,166428,49,4039,170516,270340,6981
14,JALISCO,1,COLOTLÁN,MC,33265,166428,49,4039,170516,270340,33265
14,JALISCO,1,COLOTLÁN,NUAL,6206,166428,49,4039,170516,270340,6206
14,JALISCO,1,COLOTLÁN,MORENA,4363,166428,49,4039,170516,270340,4363
14,JALISCO,1,COLOTLÁN,PH,1283,166428,49,4039,170516,270340,1283
14,JALISCO,1,COLOTLÁN,ES,1828,166428,49,4039,170516,270340,1828
14,JALISCO,1,COLOTLÁN,PRI_PVEM,1454,166428,49,4039,170516,270340,57284
14,JALISCO,1,COLOTLÁN,CAND_IND1,0,166428,49,4039,170516,270340,0
14,JALISCO,2,LAGOS DE MORENO,PAN,51041,146690,85,4677,151452,278018,51041
14,JALISCO,2,LAGOS DE MORENO,PRI,44641,146690,85,4677,151452,278018,44641
14,JALISCO,2,LAGOS DE MORENO,PRD,3403,146690,85,4677,151452,278018,3403
14,JALISCO,2,LAGOS DE MORENO,PVEM,8699,146690,85,4677,151452,278018,8699
14,JALISCO,2,LAGOS DE MORENO,PT,902,146690,85,4677,151452,278018,902
14,JALISCO,2,LAGOS DE MORENO,MC,26035,146690,85,4677,151452,278018,26035
14,JALISCO,2,LAGOS DE MORENO,NUAL,3894,146690,85,4677,151452,278018,3894
14,JALISCO,2,LAGOS DE MORENO,MORENA,2505,146690,85,4677,151452,278018,2505
14,JALISCO,2,LAGOS DE MORENO,PH,1573,146690,85,4677,151452,278018,1573
14,JALISCO,2,LAGOS DE MORENO,ES,1369,146690,85,4677,151452,278018,1369
14,JALISCO,2,LAGOS DE MORENO,PRI_PVEM,2628,146690,85,4677,151452,278018,55968
14,JALISCO,2,LAGOS DE MORENO,CAND_IND1,0,146690,85,4677,151452,278018,0
14,JALISCO,3,TEPATITLÁN DE MORELOS,PAN,46133,150735,70,5177,155982,290045,46133
14,JALISCO,3,TEPATITLÁN DE MORELOS,PRI,48149,150735,70,5177,155982,290045,48149
14,JALISCO,3,TEPATITLÁN DE MORELOS,PRD,2692,150735,70,5177,155982,290045,2692
14,JALISCO,3,TEPATITLÁN DE MORELOS,PVEM,6786,150735,70,5177,155982,290045,6786
14,JALISCO,3,TEPATITLÁN DE MORELOS,PT,835,150735,70,5177,155982,290045,835
14,JALISCO,3,TEPATITLÁN DE MORELOS,MC,29450,150735,70,5177,155982,290045,29450
14,JALISCO,3,TEPATITLÁN DE MORELOS,NUAL,4026,150735,70,5177,155982,290045,4026
14,JALISCO,3,TEPATITLÁN DE MORELOS,MORENA,1414,150735,70,5177,155982,290045,1414
14,JALISCO,3,TEPATITLÁN DE MORELOS,PH,4490,150735,70,5177,155982,290045,4490
14,JALISCO,3,TEPATITLÁN DE MORELOS,ES,5560,150735,70,5177,155982,290045,5560
14,JALISCO,3,TEPATITLÁN DE MORELOS,PRI_PVEM,1200,150735,70,5177,155982,290045,56135
14,JALISCO,3,TEPATITLÁN DE MORELOS,CAND_IND1,0,150735,70,5177,155982,290045,0
14,JALISCO,4,ZAPOPAN,PAN,13618,108529,81,3660,112270,259491,13618
14,JALISCO,4,ZAPOPAN,PRI,38393,108529,81,3660,112270,259491,38393
14,JALISCO,4,ZAPOPAN,PRD,1649,108529,81,3660,112270,259491,1649
14,JALISCO,4,ZAPOPAN,PVEM,3393,108529,81,3660,112270,259491,3393
14,JALISCO,4,ZAPOPAN,PT,2270,108529,81,3660,112270,259491,2270
14,JALISCO,4,ZAPOPAN,MC,35785,108529,81,3660,112270,259491,35785
14,JALISCO,4,ZAPOPAN,NUAL,3417,108529,81,3660,112270,259491,3417
14,JALISCO,4,ZAPOPAN,MORENA,3132,108529,81,3660,112270,259491,3132
14,JALISCO,4,ZAPOPAN,PH,2445,108529,81,3660,112270,259491,2445
14,JALISCO,4,ZAPOPAN,ES,3620,108529,81,3660,112270,259491,3620
14,JALISCO,4,ZAPOPAN,PRI_PVEM,807,108529,81,3660,112270,259491,42593
14,JALISCO,4,ZAPOPAN,CAND_IND1,0,108529,81,3660,112270,259491,0
14,JALISCO,5,PUERTO VALLARTA,PAN,30600,163701,64,4588,168353,319764,30600
14,JALISCO,5,PUERTO VALLARTA,PRI,46944,163701,64,4588,168353,319764,46944
14,JALISCO,5,PUERTO VALLARTA,PRD,8549,163701,64,4588,168353,319764,8549
14,JALISCO,5,PUERTO VALLARTA,PVEM,4446,163701,64,4588,168353,319764,4446
14,JALISCO,5,PUERTO VALLARTA,PT,3037,163701,64,4588,168353,319764,3037
14,JALISCO,5,PUERTO VALLARTA,MC,57396,163701,64,4588,168353,319764,57396
14,JALISCO,5,PUERTO VALLARTA,NUAL,2825,163701,64,4588,168353,319764,2825
14,JALISCO,5,PUERTO VALLARTA,MORENA,3642,163701,64,4588,168353,319764,3642
14,JALISCO,5,PUERTO VALLARTA,PH,2846,163701,64,4588,168353,319764,2846
14,JALISCO,5,PUERTO VALLARTA,ES,1640,163701,64,4588,168353,319764,1640
14,JALISCO,5,PUERTO VALLARTA,PRI_PVEM,1776,163701,64,4588,168353,319764,53166
14,JALISCO,5,PUERTO VALLARTA,CAND_IND1,0,163701,64,4588,168353,319764,0
14,JALISCO,6,ZAPOPAN,PAN,27066,166775,365,5760,172900,412490,27066
14,JALISCO,6,ZAPOPAN,PRI,42959,166775,365,5760,172900,412490,42959
14,JALISCO,6,ZAPOPAN,PRD,2450,166775,365,5760,172900,412490,2450
14,JALISCO,6,ZAPOPAN,PVEM,7098,166775,365,5760,172900,412490,7098
14,JALISCO,6,ZAPOPAN,PT,2701,166775,365,5760,172900,412490,2701
14,JALISCO,6,ZAPOPAN,MC,60454,166775,365,5760,172900,412490,60454
14,JALISCO,6,ZAPOPAN,NUAL,4951,166775,365,5760,172900,412490,4951
14,JALISCO,6,ZAPOPAN,MORENA,5340,166775,365,5760,172900,412490,5340
14,JALISCO,6,ZAPOPAN,PH,4275,166775,365,5760,172900,412490,4275
14,JALISCO,6,ZAPOPAN,ES,7793,166775,365,5760,172900,412490,7793
14,JALISCO,6,ZAPOPAN,PRI_PVEM,1688,166775,365,5760,172900,412490,51745
14,JALISCO,6,ZAPOPAN,CAND_IND1,0,166775,365,5760,172900,412490,0
14,JALISCO,7,SAN PEDRO TLAQUEPAQUE,PAN,23219,218117,409,6881,225407,508000,23219
14,JALISCO,7,SAN PEDRO TLAQUEPAQUE,PRI,46049,218117,409,6881,225407,508000,46049
14,JALISCO,7,SAN PEDRO TLAQUEPAQUE,PRD,20027,218117,409,6881,225407,508000,20027
14,JALISCO,7,SAN PEDRO TLAQUEPAQUE,PVEM,6304,218117,409,6881,225407,508000,6304
14,JALISCO,7,SAN PEDRO TLAQUEPAQUE,PT,3996,218117,409,6881,225407,508000,3996
14,JALISCO,7,SAN PEDRO TLAQUEPAQUE,MC,95686,218117,409,6881,225407,508000,95686
14,JALISCO,7,SAN PEDRO TLAQUEPAQUE,NUAL,4874,218117,409,6881,225407,508000,4874
14,JALISCO,7,SAN PEDRO TLAQUEPAQUE,MORENA,4532,218117,409,6881,225407,508000,4532
14,JALISCO,7,SAN PEDRO TLAQUEPAQUE,PH,3495,218117,409,6881,225407,508000,3495
14,JALISCO,7,SAN PEDRO TLAQUEPAQUE,ES,7941,218117,409,6881,225407,508000,7941
14,JALISCO,7,SAN PEDRO TLAQUEPAQUE,PRI_PVEM,1994,218117,409,6881,225407,508000,54347
14,JALISCO,7,SAN PEDRO TLAQUEPAQUE,CAND_IND1,0,218117,409,6881,225407,508000,0
14,JALISCO,8,GUADALAJARA,PAN,18998,111423,131,4190,115744,210220,18998
14,JALISCO,8,GUADALAJARA,PRI,28932,111423,131,4190,115744,210220,28932
14,JALISCO,8,GUADALAJARA,PRD,1745,111423,131,4190,115744,210220,1745
14,JALISCO,8,GUADALAJARA,PVEM,3078,111423,131,4190,115744,210220,3078
14,JALISCO,8,GUADALAJARA,PT,1879,111423,131,4190,115744,210220,1879
14,JALISCO,8,GUADALAJARA,MC,43440,111423,131,4190,115744,210220,43440
14,JALISCO,8,GUADALAJARA,NUAL,3551,111423,131,4190,115744,210220,3551
14,JALISCO,8,GUADALAJARA,MORENA,3120,111423,131,4190,115744,210220,3120
14,JALISCO,8,GUADALAJARA,PH,2114,111423,131,4190,115744,210220,2114
14,JALISCO,8,GUADALAJARA,ES,3608,111423,131,4190,115744,210220,3608
14,JALISCO,8,GUADALAJARA,PRI_PVEM,958,111423,131,4190,115744,210220,32968
14,JALISCO,8,GUADALAJARA,CAND_IND1,NA,111423,131,4190,115744,210220,0
14,JALISCO,9,GUADALAJARA,PAN,9988,105903,76,3030,109009,219298,9988
14,JALISCO,9,GUADALAJARA,PRI,29914,105903,76,3030,109009,219298,29914
14,JALISCO,9,GUADALAJARA,PRD,1631,105903,76,3030,109009,219298,1631
14,JALISCO,9,GUADALAJARA,PVEM,3214,105903,76,3030,109009,219298,3214
14,JALISCO,9,GUADALAJARA,PT,2410,105903,76,3030,109009,219298,2410
14,JALISCO,9,GUADALAJARA,MC,43842,105903,76,3030,109009,219298,43842
14,JALISCO,9,GUADALAJARA,NUAL,5875,105903,76,3030,109009,219298,5875
14,JALISCO,9,GUADALAJARA,MORENA,2844,105903,76,3030,109009,219298,2844
14,JALISCO,9,GUADALAJARA,PH,2708,105903,76,3030,109009,219298,2708
14,JALISCO,9,GUADALAJARA,ES,2629,105903,76,3030,109009,219298,2629
14,JALISCO,9,GUADALAJARA,PRI_PVEM,848,105903,76,3030,109009,219298,33976
14,JALISCO,9,GUADALAJARA,CAND_IND1,0,105903,76,3030,109009,219298,0
14,JALISCO,10,ZAPOPAN,PAN,19573,148134,358,3975,152467,291983,19573
14,JALISCO,10,ZAPOPAN,PRI,21178,148134,358,3975,152467,291983,21178
14,JALISCO,10,ZAPOPAN,PRD,1102,148134,358,3975,152467,291983,1102
14,JALISCO,10,ZAPOPAN,PVEM,3060,148134,358,3975,152467,291983,3060
14,JALISCO,10,ZAPOPAN,PT,941,148134,358,3975,152467,291983,941
14,JALISCO,10,ZAPOPAN,MC,34614,148134,358,3975,152467,291983,34614
14,JALISCO,10,ZAPOPAN,NUAL,2079,148134,358,3975,152467,291983,2079
14,JALISCO,10,ZAPOPAN,MORENA,2533,148134,358,3975,152467,291983,2533
14,JALISCO,10,ZAPOPAN,PH,1422,148134,358,3975,152467,291983,1422
14,JALISCO,10,ZAPOPAN,ES,3674,148134,358,3975,152467,291983,3674
14,JALISCO,10,ZAPOPAN,PRI_PVEM,743,148134,358,3975,152467,291983,24981
14,JALISCO,10,ZAPOPAN,CAND_IND1,57215,148134,358,3975,152467,291983,57215
14,JALISCO,11,GUADALAJARA,PAN,11334,108005,97,2894,110996,214769,11334
14,JALISCO,11,GUADALAJARA,PRI,31608,108005,97,2894,110996,214769,31608
14,JALISCO,11,GUADALAJARA,PRD,2026,108005,97,2894,110996,214769,2026
14,JALISCO,11,GUADALAJARA,PVEM,2821,108005,97,2894,110996,214769,2821
14,JALISCO,11,GUADALAJARA,PT,2117,108005,97,2894,110996,214769,2117
14,JALISCO,11,GUADALAJARA,MC,45432,108005,97,2894,110996,214769,45432
14,JALISCO,11,GUADALAJARA,NUAL,3712,108005,97,2894,110996,214769,3712
14,JALISCO,11,GUADALAJARA,MORENA,2915,108005,97,2894,110996,214769,2915
14,JALISCO,11,GUADALAJARA,PH,2142,108005,97,2894,110996,214769,2142
14,JALISCO,11,GUADALAJARA,ES,2741,108005,97,2894,110996,214769,2741
14,JALISCO,11,GUADALAJARA,PRI_PVEM,1157,108005,97,2894,110996,214769,35586
14,JALISCO,11,GUADALAJARA,CAND_IND1,0,108005,97,2894,110996,214769,0
14,JALISCO,12,GUADALAJARA,PAN,23178,115565,181,3964,119710,216097,23178
14,JALISCO,12,GUADALAJARA,PRI,21492,115565,181,3964,119710,216097,21492
14,JALISCO,12,GUADALAJARA,PRD,2124,115565,181,3964,119710,216097,2124
14,JALISCO,12,GUADALAJARA,PVEM,3575,115565,181,3964,119710,216097,3575
14,JALISCO,12,GUADALAJARA,PT,1469,115565,181,3964,119710,216097,1469
14,JALISCO,12,GUADALAJARA,MC,49589,115565,181,3964,119710,216097,49589
14,JALISCO,12,GUADALAJARA,NUAL,2959,115565,181,3964,119710,216097,2959
14,JALISCO,12,GUADALAJARA,MORENA,3184,115565,181,3964,119710,216097,3184
14,JALISCO,12,GUADALAJARA,PH,2105,115565,181,3964,119710,216097,2105
14,JALISCO,12,GUADALAJARA,ES,4417,115565,181,3964,119710,216097,4417
14,JALISCO,12,GUADALAJARA,PRI_PVEM,1473,115565,181,3964,119710,216097,26540
14,JALISCO,12,GUADALAJARA,CAND_IND1,NA,115565,181,3964,119710,216097,0
14,JALISCO,13,GUADALAJARA,PAN,13031,105519,91,3094,108704,208077,13031
14,JALISCO,13,GUADALAJARA,PRI,28273,105519,91,3094,108704,208077,28273
14,JALISCO,13,GUADALAJARA,PRD,1375,105519,91,3094,108704,208077,1375
14,JALISCO,13,GUADALAJARA,PVEM,3321,105519,91,3094,108704,208077,3321
14,JALISCO,13,GUADALAJARA,PT,2214,105519,91,3094,108704,208077,2214
14,JALISCO,13,GUADALAJARA,MC,44565,105519,91,3094,108704,208077,44565
14,JALISCO,13,GUADALAJARA,NUAL,3715,105519,91,3094,108704,208077,3715
14,JALISCO,13,GUADALAJARA,MORENA,2869,105519,91,3094,108704,208077,2869
14,JALISCO,13,GUADALAJARA,PH,2281,105519,91,3094,108704,208077,2281
14,JALISCO,13,GUADALAJARA,ES,3134,105519,91,3094,108704,208077,3134
14,JALISCO,13,GUADALAJARA,PRI_PVEM,741,105519,91,3094,108704,208077,32335
14,JALISCO,13,GUADALAJARA,CAND_IND1,0,105519,91,3094,108704,208077,0
14,JALISCO,14,GUADALAJARA,PAN,11055,99634,104,2831,102569,203536,11055
14,JALISCO,14,GUADALAJARA,PRI,22747,99634,104,2831,102569,203536,22747
14,JALISCO,14,GUADALAJARA,PRD,2172,99634,104,2831,102569,203536,2172
14,JALISCO,14,GUADALAJARA,PVEM,5665,99634,104,2831,102569,203536,5665
14,JALISCO,14,GUADALAJARA,PT,2055,99634,104,2831,102569,203536,2055
14,JALISCO,14,GUADALAJARA,MC,44533,99634,104,2831,102569,203536,44533
14,JALISCO,14,GUADALAJARA,NUAL,2817,99634,104,2831,102569,203536,2817
14,JALISCO,14,GUADALAJARA,MORENA,2401,99634,104,2831,102569,203536,2401
14,JALISCO,14,GUADALAJARA,PH,1705,99634,104,2831,102569,203536,1705
14,JALISCO,14,GUADALAJARA,ES,2678,99634,104,2831,102569,203536,2678
14,JALISCO,14,GUADALAJARA,PRI_PVEM,1806,99634,104,2831,102569,203536,30218
14,JALISCO,14,GUADALAJARA,CAND_IND1,NA,99634,104,2831,102569,203536,0
14,JALISCO,15,LA BARCA,PAN,36185,147523,46,4305,151874,284482,36185
14,JALISCO,15,LA BARCA,PRI,51883,147523,46,4305,151874,284482,51883
14,JALISCO,15,LA BARCA,PRD,8750,147523,46,4305,151874,284482,8750
14,JALISCO,15,LA BARCA,PVEM,6727,147523,46,4305,151874,284482,6727
14,JALISCO,15,LA BARCA,PT,2073,147523,46,4305,151874,284482,2073
14,JALISCO,15,LA BARCA,MC,19568,147523,46,4305,151874,284482,19568
14,JALISCO,15,LA BARCA,NUAL,6001,147523,46,4305,151874,284482,6001
14,JALISCO,15,LA BARCA,MORENA,3840,147523,46,4305,151874,284482,3840
14,JALISCO,15,LA BARCA,PH,2957,147523,46,4305,151874,284482,2957
14,JALISCO,15,LA BARCA,ES,8475,147523,46,4305,151874,284482,8475
14,JALISCO,15,LA BARCA,PRI_PVEM,1064,147523,46,4305,151874,284482,59674
14,JALISCO,15,LA BARCA,CAND_IND1,NA,147523,46,4305,151874,284482,0
14,JALISCO,16,SAN PEDRO TLAQUEPAQUE,PAN,16443,130837,107,4148,135092,319258,16443
14,JALISCO,16,SAN PEDRO TLAQUEPAQUE,PRI,42020,130837,107,4148,135092,319258,42020
14,JALISCO,16,SAN PEDRO TLAQUEPAQUE,PRD,2176,130837,107,4148,135092,319258,2176
14,JALISCO,16,SAN PEDRO TLAQUEPAQUE,PVEM,5112,130837,107,4148,135092,319258,5112
14,JALISCO,16,SAN PEDRO TLAQUEPAQUE,PT,3484,130837,107,4148,135092,319258,3484
14,JALISCO,16,SAN PEDRO TLAQUEPAQUE,MC,43133,130837,107,4148,135092,319258,43133
14,JALISCO,16,SAN PEDRO TLAQUEPAQUE,NUAL,3947,130837,107,4148,135092,319258,3947
14,JALISCO,16,SAN PEDRO TLAQUEPAQUE,MORENA,5661,130837,107,4148,135092,319258,5661
14,JALISCO,16,SAN PEDRO TLAQUEPAQUE,PH,2677,130837,107,4148,135092,319258,2677
14,JALISCO,16,SAN PEDRO TLAQUEPAQUE,ES,4115,130837,107,4148,135092,319258,4115
14,JALISCO,16,SAN PEDRO TLAQUEPAQUE,PRI_PVEM,2069,130837,107,4148,135092,319258,49201
14,JALISCO,16,SAN PEDRO TLAQUEPAQUE,CAND_IND1,NA,130837,107,4148,135092,319258,0
14,JALISCO,17,JOCOTEPEC,PAN,31768,172220,90,4845,177155,304805,31768
14,JALISCO,17,JOCOTEPEC,PRI,52019,172220,90,4845,177155,304805,52019
14,JALISCO,17,JOCOTEPEC,PRD,7300,172220,90,4845,177155,304805,7300
14,JALISCO,17,JOCOTEPEC,PVEM,9589,172220,90,4845,177155,304805,9589
14,JALISCO,17,JOCOTEPEC,PT,2952,172220,90,4845,177155,304805,2952
14,JALISCO,17,JOCOTEPEC,MC,52529,172220,90,4845,177155,304805,52529
14,JALISCO,17,JOCOTEPEC,NUAL,4058,172220,90,4845,177155,304805,4058
14,JALISCO,17,JOCOTEPEC,MORENA,6367,172220,90,4845,177155,304805,6367
14,JALISCO,17,JOCOTEPEC,PH,1398,172220,90,4845,177155,304805,1398
14,JALISCO,17,JOCOTEPEC,ES,2017,172220,90,4845,177155,304805,2017
14,JALISCO,17,JOCOTEPEC,PRI_PVEM,2223,172220,90,4845,177155,304805,63831
14,JALISCO,17,JOCOTEPEC,CAND_IND1,0,172220,90,4845,177155,304805,0
14,JALISCO,18,AUTLÁN DE NAVARRO,PAN,40826,164720,48,4653,169421,293845,40826
14,JALISCO,18,AUTLÁN DE NAVARRO,PRI,55888,164720,48,4653,169421,293845,55888
14,JALISCO,18,AUTLÁN DE NAVARRO,PRD,8209,164720,48,4653,169421,293845,8209
14,JALISCO,18,AUTLÁN DE NAVARRO,PVEM,3695,164720,48,4653,169421,293845,3695
14,JALISCO,18,AUTLÁN DE NAVARRO,PT,2368,164720,48,4653,169421,293845,2368
14,JALISCO,18,AUTLÁN DE NAVARRO,MC,35596,164720,48,4653,169421,293845,35596
14,JALISCO,18,AUTLÁN DE NAVARRO,NUAL,5642,164720,48,4653,169421,293845,5642
14,JALISCO,18,AUTLÁN DE NAVARRO,MORENA,4449,164720,48,4653,169421,293845,4449
14,JALISCO,18,AUTLÁN DE NAVARRO,PH,4554,164720,48,4653,169421,293845,4554
14,JALISCO,18,AUTLÁN DE NAVARRO,ES,1914,164720,48,4653,169421,293845,1914
14,JALISCO,18,AUTLÁN DE NAVARRO,PRI_PVEM,1579,164720,48,4653,169421,293845,61162
14,JALISCO,18,AUTLÁN DE NAVARRO,CAND_IND1,NA,164720,48,4653,169421,293845,0
14,JALISCO,19,ZAPOTLÁN EL GRANDE,PAN,23942,163630,36,4699,168365,283838,23942
14,JALISCO,19,ZAPOTLÁN EL GRANDE,PRI,41562,163630,36,4699,168365,283838,41562
14,JALISCO,19,ZAPOTLÁN EL GRANDE,PRD,38003,163630,36,4699,168365,283838,38003
14,JALISCO,19,ZAPOTLÁN EL GRANDE,PVEM,4238,163630,36,4699,168365,283838,4238
14,JALISCO,19,ZAPOTLÁN EL GRANDE,PT,3136,163630,36,4699,168365,283838,3136
14,JALISCO,19,ZAPOTLÁN EL GRANDE,MC,32536,163630,36,4699,168365,283838,32536
14,JALISCO,19,ZAPOTLÁN EL GRANDE,NUAL,7541,163630,36,4699,168365,283838,7541
14,JALISCO,19,ZAPOTLÁN EL GRANDE,MORENA,5647,163630,36,4699,168365,283838,5647
14,JALISCO,19,ZAPOTLÁN EL GRANDE,PH,3162,163630,36,4699,168365,283838,3162
14,JALISCO,19,ZAPOTLÁN EL GRANDE,ES,2426,163630,36,4699,168365,283838,2426
14,JALISCO,19,ZAPOTLÁN EL GRANDE,PRI_PVEM,1437,163630,36,4699,168365,283838,47237
14,JALISCO,19,ZAPOTLÁN EL GRANDE,CAND_IND1,NA,163630,36,4699,168365,283838,0
14,JALISCO,20,TONALÁ,PAN,17240,116882,97,4530,121509,310250,17240
14,JALISCO,20,TONALÁ,PRI,40724,116882,97,4530,121509,310250,40724
14,JALISCO,20,TONALÁ,PRD,2711,116882,97,4530,121509,310250,2711
14,JALISCO,20,TONALÁ,PVEM,5198,116882,97,4530,121509,310250,5198
14,JALISCO,20,TONALÁ,PT,3720,116882,97,4530,121509,310250,3720
14,JALISCO,20,TONALÁ,MC,31123,116882,97,4530,121509,310250,31123
14,JALISCO,20,TONALÁ,NUAL,4765,116882,97,4530,121509,310250,4765
14,JALISCO,20,TONALÁ,MORENA,3592,116882,97,4530,121509,310250,3592
14,JALISCO,20,TONALÁ,PH,3354,116882,97,4530,121509,310250,3354
14,JALISCO,20,TONALÁ,ES,4455,116882,97,4530,121509,310250,4455
14,JALISCO,20,TONALÁ,PRI_PVEM,NA,116882,97,4530,121509,310250,45922
14,JALISCO,20,TONALÁ,CAND_IND1,NA,116882,97,4530,121509,310250,0
15,MEXICO,1,TOLUCA,PAN,29135,115197,209,5714,121120,233846,29135
15,MEXICO,1,TOLUCA,PRI,38920,115197,209,5714,121120,233846,38920
15,MEXICO,1,TOLUCA,PRD,8590,115197,209,5714,121120,233846,8590
15,MEXICO,1,TOLUCA,PVEM,3989,115197,209,5714,121120,233846,3989
15,MEXICO,1,TOLUCA,PT,5155,115197,209,5714,121120,233846,5155
15,MEXICO,1,TOLUCA,MC,3972,115197,209,5714,121120,233846,3972
15,MEXICO,1,TOLUCA,NUAL,4516,115197,209,5714,121120,233846,4516
15,MEXICO,1,TOLUCA,MORENA,8947,115197,209,5714,121120,233846,8947
15,MEXICO,1,TOLUCA,PH,4062,115197,209,5714,121120,233846,4062
15,MEXICO,1,TOLUCA,ES,6402,115197,209,5714,121120,233846,6402
15,MEXICO,1,TOLUCA,PFD,800,115197,209,5714,121120,233846,800
15,MEXICO,1,TOLUCA,PRI_PVEM,709,115197,209,5714,121120,233846,43618
15,MEXICO,1,TOLUCA,CAND_IND9,0,115197,209,5714,121120,233846,0
15,MEXICO,1,TOLUCA,CAND_IND10,0,115197,209,5714,121120,233846,0
15,MEXICO,2,TOLUCA,PAN,42467,171141,271,8286,179698,354932,42467
15,MEXICO,2,TOLUCA,PRI,60975,171141,271,8286,179698,354932,60975
15,MEXICO,2,TOLUCA,PRD,10385,171141,271,8286,179698,354932,10385
15,MEXICO,2,TOLUCA,PVEM,5403,171141,271,8286,179698,354932,5403
15,MEXICO,2,TOLUCA,PT,6943,171141,271,8286,179698,354932,6943
15,MEXICO,2,TOLUCA,MC,6759,171141,271,8286,179698,354932,6759
15,MEXICO,2,TOLUCA,NUAL,8364,171141,271,8286,179698,354932,8364
15,MEXICO,2,TOLUCA,MORENA,12409,171141,271,8286,179698,354932,12409
15,MEXICO,2,TOLUCA,PH,5271,171141,271,8286,179698,354932,5271
15,MEXICO,2,TOLUCA,ES,9512,171141,271,8286,179698,354932,9512
15,MEXICO,2,TOLUCA,PFD,1129,171141,271,8286,179698,354932,1129
15,MEXICO,2,TOLUCA,PRI_PVEM,1524,171141,271,8286,179698,354932,67902
15,MEXICO,2,TOLUCA,CAND_IND9,0,171141,271,8286,179698,354932,0
15,MEXICO,2,TOLUCA,CAND_IND10,0,171141,271,8286,179698,354932,0
15,MEXICO,3,TEMOAYA,PAN,12719,105909,44,5157,111110,196212,12719
15,MEXICO,3,TEMOAYA,PRI,37320,105909,44,5157,111110,196212,37320
15,MEXICO,3,TEMOAYA,PRD,3458,105909,44,5157,111110,196212,3458
15,MEXICO,3,TEMOAYA,PVEM,14849,105909,44,5157,111110,196212,14849
15,MEXICO,3,TEMOAYA,PT,9043,105909,44,5157,111110,196212,9043
15,MEXICO,3,TEMOAYA,MC,13398,105909,44,5157,111110,196212,13398
15,MEXICO,3,TEMOAYA,NUAL,2800,105909,44,5157,111110,196212,2800
15,MEXICO,3,TEMOAYA,MORENA,7758,105909,44,5157,111110,196212,7758
15,MEXICO,3,TEMOAYA,PH,1860,105909,44,5157,111110,196212,1860
15,MEXICO,3,TEMOAYA,ES,2100,105909,44,5157,111110,196212,2100
15,MEXICO,3,TEMOAYA,PFD,604,105909,44,5157,111110,196212,604
15,MEXICO,3,TEMOAYA,PRI_PVEM,0,105909,44,5157,111110,196212,52169
15,MEXICO,3,TEMOAYA,CAND_IND9,0,105909,44,5157,111110,196212,0
15,MEXICO,3,TEMOAYA,CAND_IND10,0,105909,44,5157,111110,196212,0
15,MEXICO,4,LERMA,PAN,25447,107954,144,3956,112054,193383,25447
15,MEXICO,4,LERMA,PRI,40796,107954,144,3956,112054,193383,40796
15,MEXICO,4,LERMA,PRD,7791,107954,144,3956,112054,193383,7791
15,MEXICO,4,LERMA,PVEM,2784,107954,144,3956,112054,193383,2784
15,MEXICO,4,LERMA,PT,5169,107954,144,3956,112054,193383,5169
15,MEXICO,4,LERMA,MC,6783,107954,144,3956,112054,193383,6783
15,MEXICO,4,LERMA,NUAL,3854,107954,144,3956,112054,193383,3854
15,MEXICO,4,LERMA,MORENA,8056,107954,144,3956,112054,193383,8056
15,MEXICO,4,LERMA,PH,0,107954,144,3956,112054,193383,0
15,MEXICO,4,LERMA,ES,5222,107954,144,3956,112054,193383,5222
15,MEXICO,4,LERMA,PFD,1693,107954,144,3956,112054,193383,1693
15,MEXICO,4,LERMA,PRI_PVEM,359,107954,144,3956,112054,193383,43939
15,MEXICO,4,LERMA,CAND_IND9,0,107954,144,3956,112054,193383,0
15,MEXICO,4,LERMA,CAND_IND10,0,107954,144,3956,112054,193383,0
15,MEXICO,5,TENANGO DEL VALLE,PAN,8272,71569,49,2627,74245,120493,8272
15,MEXICO,5,TENANGO DEL VALLE,PRI,26790,71569,49,2627,74245,120493,26790
15,MEXICO,5,TENANGO DEL VALLE,PRD,8442,71569,49,2627,74245,120493,8442
15,MEXICO,5,TENANGO DEL VALLE,PVEM,1089,71569,49,2627,74245,120493,1089
15,MEXICO,5,TENANGO DEL VALLE,PT,11917,71569,49,2627,74245,120493,11917
15,MEXICO,5,TENANGO DEL VALLE,MC,1570,71569,49,2627,74245,120493,1570
15,MEXICO,5,TENANGO DEL VALLE,NUAL,2398,71569,49,2627,74245,120493,2398
15,MEXICO,5,TENANGO DEL VALLE,MORENA,3334,71569,49,2627,74245,120493,3334
15,MEXICO,5,TENANGO DEL VALLE,PH,3548,71569,49,2627,74245,120493,3548
15,MEXICO,5,TENANGO DEL VALLE,ES,2372,71569,49,2627,74245,120493,2372
15,MEXICO,5,TENANGO DEL VALLE,PFD,1400,71569,49,2627,74245,120493,1400
15,MEXICO,5,TENANGO DEL VALLE,PRI_PVEM,437,71569,49,2627,74245,120493,28316
15,MEXICO,5,TENANGO DEL VALLE,CAND_IND9,0,71569,49,2627,74245,120493,0
15,MEXICO,5,TENANGO DEL VALLE,CAND_IND10,0,71569,49,2627,74245,120493,0
15,MEXICO,6,TIANGUISTENCO,PAN,11860,48756,44,2122,50922,95027,11860
15,MEXICO,6,TIANGUISTENCO,PRI,17808,48756,44,2122,50922,95027,17808
15,MEXICO,6,TIANGUISTENCO,PRD,6056,48756,44,2122,50922,95027,6056
15,MEXICO,6,TIANGUISTENCO,PVEM,873,48756,44,2122,50922,95027,873
15,MEXICO,6,TIANGUISTENCO,PT,2115,48756,44,2122,50922,95027,2115
15,MEXICO,6,TIANGUISTENCO,MC,890,48756,44,2122,50922,95027,890
15,MEXICO,6,TIANGUISTENCO,NUAL,1700,48756,44,2122,50922,95027,1700
15,MEXICO,6,TIANGUISTENCO,MORENA,4320,48756,44,2122,50922,95027,4320
15,MEXICO,6,TIANGUISTENCO,PH,0,48756,44,2122,50922,95027,0
15,MEXICO,6,TIANGUISTENCO,ES,2194,48756,44,2122,50922,95027,2194
15,MEXICO,6,TIANGUISTENCO,PFD,769,48756,44,2122,50922,95027,769
15,MEXICO,6,TIANGUISTENCO,PRI_PVEM,171,48756,44,2122,50922,95027,18852
15,MEXICO,6,TIANGUISTENCO,CAND_IND9,0,48756,44,2122,50922,95027,0
15,MEXICO,6,TIANGUISTENCO,CAND_IND10,0,48756,44,2122,50922,95027,0
15,MEXICO,7,TENANCINGO,PAN,16771,76193,25,3192,79410,122556,16771
15,MEXICO,7,TENANCINGO,PRI,25953,76193,25,3192,79410,122556,25953
15,MEXICO,7,TENANCINGO,PRD,11352,76193,25,3192,79410,122556,11352
15,MEXICO,7,TENANCINGO,PVEM,1622,76193,25,3192,79410,122556,1622
15,MEXICO,7,TENANCINGO,PT,3823,76193,25,3192,79410,122556,3823
15,MEXICO,7,TENANCINGO,MC,2599,76193,25,3192,79410,122556,2599
15,MEXICO,7,TENANCINGO,NUAL,3375,76193,25,3192,79410,122556,3375
15,MEXICO,7,TENANCINGO,MORENA,7121,76193,25,3192,79410,122556,7121
15,MEXICO,7,TENANCINGO,PH,1994,76193,25,3192,79410,122556,1994
15,MEXICO,7,TENANCINGO,ES,1300,76193,25,3192,79410,122556,1300
15,MEXICO,7,TENANCINGO,PFD,283,76193,25,3192,79410,122556,283
15,MEXICO,7,TENANCINGO,PRI_PVEM,0,76193,25,3192,79410,122556,27575
15,MEXICO,7,TENANCINGO,CAND_IND9,0,76193,25,3192,79410,122556,0
15,MEXICO,7,TENANCINGO,CAND_IND10,0,76193,25,3192,79410,122556,0
15,MEXICO,8,SULTEPEC,PAN,17359,58188,4,1737,59929,79426,17359
15,MEXICO,8,SULTEPEC,PRI,26462,58188,4,1737,59929,79426,26462
15,MEXICO,8,SULTEPEC,PRD,7690,58188,4,1737,59929,79426,7690
15,MEXICO,8,SULTEPEC,PVEM,528,58188,4,1737,59929,79426,528
15,MEXICO,8,SULTEPEC,PT,735,58188,4,1737,59929,79426,735
15,MEXICO,8,SULTEPEC,MC,2199,58188,4,1737,59929,79426,2199
15,MEXICO,8,SULTEPEC,NUAL,836,58188,4,1737,59929,79426,836
15,MEXICO,8,SULTEPEC,MORENA,1678,58188,4,1737,59929,79426,1678
15,MEXICO,8,SULTEPEC,PH,439,58188,4,1737,59929,79426,439
15,MEXICO,8,SULTEPEC,ES,166,58188,4,1737,59929,79426,166
15,MEXICO,8,SULTEPEC,PFD,96,58188,4,1737,59929,79426,96
15,MEXICO,8,SULTEPEC,PRI_PVEM,0,58188,4,1737,59929,79426,26990
15,MEXICO,8,SULTEPEC,CAND_IND9,0,58188,4,1737,59929,79426,0
15,MEXICO,8,SULTEPEC,CAND_IND10,0,58188,4,1737,59929,79426,0
15,MEXICO,9,TEJUPILCO,PAN,9477,81016,52,3340,84408,120405,9477
15,MEXICO,9,TEJUPILCO,PRI,32892,81016,52,3340,84408,120405,32892
15,MEXICO,9,TEJUPILCO,PRD,33611,81016,52,3340,84408,120405,33611
15,MEXICO,9,TEJUPILCO,PVEM,622,81016,52,3340,84408,120405,622
15,MEXICO,9,TEJUPILCO,PT,573,81016,52,3340,84408,120405,573
15,MEXICO,9,TEJUPILCO,MC,277,81016,52,3340,84408,120405,277
15,MEXICO,9,TEJUPILCO,NUAL,966,81016,52,3340,84408,120405,966
15,MEXICO,9,TEJUPILCO,MORENA,1568,81016,52,3340,84408,120405,1568
15,MEXICO,9,TEJUPILCO,PH,302,81016,52,3340,84408,120405,302
15,MEXICO,9,TEJUPILCO,ES,375,81016,52,3340,84408,120405,375
15,MEXICO,9,TEJUPILCO,PFD,68,81016,52,3340,84408,120405,68
15,MEXICO,9,TEJUPILCO,PRI_PVEM,285,81016,52,3340,84408,120405,33799
15,MEXICO,9,TEJUPILCO,CAND_IND9,0,81016,52,3340,84408,120405,0
15,MEXICO,9,TEJUPILCO,CAND_IND10,0,81016,52,3340,84408,120405,0
15,MEXICO,10,VALLE DE BRAVO,PAN,18590,82181,42,2393,84616,121962,18590
15,MEXICO,10,VALLE DE BRAVO,PRI,42829,82181,42,2393,84616,121962,42829
15,MEXICO,10,VALLE DE BRAVO,PRD,2791,82181,42,2393,84616,121962,2791
15,MEXICO,10,VALLE DE BRAVO,PVEM,1305,82181,42,2393,84616,121962,1305
15,MEXICO,10,VALLE DE BRAVO,PT,6026,82181,42,2393,84616,121962,6026
15,MEXICO,10,VALLE DE BRAVO,MC,3003,82181,42,2393,84616,121962,3003
15,MEXICO,10,VALLE DE BRAVO,NUAL,1875,82181,42,2393,84616,121962,1875
15,MEXICO,10,VALLE DE BRAVO,MORENA,3029,82181,42,2393,84616,121962,3029
15,MEXICO,10,VALLE DE BRAVO,PH,1367,82181,42,2393,84616,121962,1367
15,MEXICO,10,VALLE DE BRAVO,ES,826,82181,42,2393,84616,121962,826
15,MEXICO,10,VALLE DE BRAVO,PFD,178,82181,42,2393,84616,121962,178
15,MEXICO,10,VALLE DE BRAVO,PRI_PVEM,362,82181,42,2393,84616,121962,44496
15,MEXICO,10,VALLE DE BRAVO,CAND_IND9,0,82181,42,2393,84616,121962,0
15,MEXICO,10,VALLE DE BRAVO,CAND_IND10,0,82181,42,2393,84616,121962,0
15,MEXICO,11,SANTO TOMÁS,PAN,5440,52569,14,1757,54340,70901,5440
15,MEXICO,11,SANTO TOMÁS,PRI,19729,52569,14,1757,54340,70901,19729
15,MEXICO,11,SANTO TOMÁS,PRD,22961,52569,14,1757,54340,70901,22961
15,MEXICO,11,SANTO TOMÁS,PVEM,404,52569,14,1757,54340,70901,404
15,MEXICO,11,SANTO TOMÁS,PT,1340,52569,14,1757,54340,70901,1340
15,MEXICO,11,SANTO TOMÁS,MC,200,52569,14,1757,54340,70901,200
15,MEXICO,11,SANTO TOMÁS,NUAL,1432,52569,14,1757,54340,70901,1432
15,MEXICO,11,SANTO TOMÁS,MORENA,521,52569,14,1757,54340,70901,521
15,MEXICO,11,SANTO TOMÁS,PH,0,52569,14,1757,54340,70901,0
15,MEXICO,11,SANTO TOMÁS,ES,206,52569,14,1757,54340,70901,206
15,MEXICO,11,SANTO TOMÁS,PFD,72,52569,14,1757,54340,70901,72
15,MEXICO,11,SANTO TOMÁS,PRI_PVEM,264,52569,14,1757,54340,70901,20397
15,MEXICO,11,SANTO TOMÁS,CAND_IND9,0,52569,14,1757,54340,70901,0
15,MEXICO,11,SANTO TOMÁS,CAND_IND10,0,52569,14,1757,54340,70901,0
15,MEXICO,12,EL ORO,PAN,28589,91711,263,4747,96721,165838,28589
15,MEXICO,12,EL ORO,PRI,44645,91711,263,4747,96721,165838,44645
15,MEXICO,12,EL ORO,PRD,3347,91711,263,4747,96721,165838,3347
15,MEXICO,12,EL ORO,PVEM,1216,91711,263,4747,96721,165838,1216
15,MEXICO,12,EL ORO,PT,1630,91711,263,4747,96721,165838,1630
15,MEXICO,12,EL ORO,MC,1338,91711,263,4747,96721,165838,1338
15,MEXICO,12,EL ORO,NUAL,4878,91711,263,4747,96721,165838,4878
15,MEXICO,12,EL ORO,MORENA,2588,91711,263,4747,96721,165838,2588
15,MEXICO,12,EL ORO,PH,993,91711,263,4747,96721,165838,993
15,MEXICO,12,EL ORO,ES,1267,91711,263,4747,96721,165838,1267
15,MEXICO,12,EL ORO,PFD,766,91711,263,4747,96721,165838,766
15,MEXICO,12,EL ORO,PRI_PVEM,454,91711,263,4747,96721,165838,46315
15,MEXICO,12,EL ORO,CAND_IND9,0,91711,263,4747,96721,165838,0
15,MEXICO,12,EL ORO,CAND_IND10,0,91711,263,4747,96721,165838,0
15,MEXICO,13,ATLACOMULCO,PAN,20980,115309,79,4962,120350,200930,20980
15,MEXICO,13,ATLACOMULCO,PRI,55658,115309,79,4962,120350,200930,55658
15,MEXICO,13,ATLACOMULCO,PRD,14402,115309,79,4962,120350,200930,14402
15,MEXICO,13,ATLACOMULCO,PVEM,2694,115309,79,4962,120350,200930,2694
15,MEXICO,13,ATLACOMULCO,PT,6604,115309,79,4962,120350,200930,6604
15,MEXICO,13,ATLACOMULCO,MC,1999,115309,79,4962,120350,200930,1999
15,MEXICO,13,ATLACOMULCO,NUAL,4197,115309,79,4962,120350,200930,4197
15,MEXICO,13,ATLACOMULCO,MORENA,4301,115309,79,4962,120350,200930,4301
15,MEXICO,13,ATLACOMULCO,PH,1292,115309,79,4962,120350,200930,1292
15,MEXICO,13,ATLACOMULCO,ES,2244,115309,79,4962,120350,200930,2244
15,MEXICO,13,ATLACOMULCO,PFD,297,115309,79,4962,120350,200930,297
15,MEXICO,13,ATLACOMULCO,PRI_PVEM,641,115309,79,4962,120350,200930,58993
15,MEXICO,13,ATLACOMULCO,CAND_IND9,0,115309,79,4962,120350,200930,0
15,MEXICO,13,ATLACOMULCO,CAND_IND10,0,115309,79,4962,120350,200930,0
15,MEXICO,14,JILOTEPEC,PAN,21177,67410,21,2342,69773,99273,21177
15,MEXICO,14,JILOTEPEC,PRI,24629,67410,21,2342,69773,99273,24629
15,MEXICO,14,JILOTEPEC,PRD,2371,67410,21,2342,69773,99273,2371
15,MEXICO,14,JILOTEPEC,PVEM,900,67410,21,2342,69773,99273,900
15,MEXICO,14,JILOTEPEC,PT,610,67410,21,2342,69773,99273,610
15,MEXICO,14,JILOTEPEC,MC,358,67410,21,2342,69773,99273,358
15,MEXICO,14,JILOTEPEC,NUAL,14130,67410,21,2342,69773,99273,14130
15,MEXICO,14,JILOTEPEC,MORENA,1381,67410,21,2342,69773,99273,1381
15,MEXICO,14,JILOTEPEC,PH,490,67410,21,2342,69773,99273,490
15,MEXICO,14,JILOTEPEC,ES,779,67410,21,2342,69773,99273,779
15,MEXICO,14,JILOTEPEC,PFD,328,67410,21,2342,69773,99273,328
15,MEXICO,14,JILOTEPEC,PRI_PVEM,257,67410,21,2342,69773,99273,25786
15,MEXICO,14,JILOTEPEC,CAND_IND9,0,67410,21,2342,69773,99273,0
15,MEXICO,14,JILOTEPEC,CAND_IND10,0,67410,21,2342,69773,99273,0
15,MEXICO,15,IXTLAHUACA,PAN,12909,90249,69,3659,93977,165075,12909
15,MEXICO,15,IXTLAHUACA,PRI,41828,90249,69,3659,93977,165075,41828
15,MEXICO,15,IXTLAHUACA,PRD,2794,90249,69,3659,93977,165075,2794
15,MEXICO,15,IXTLAHUACA,PVEM,2050,90249,69,3659,93977,165075,2050
15,MEXICO,15,IXTLAHUACA,PT,2297,90249,69,3659,93977,165075,2297
15,MEXICO,15,IXTLAHUACA,MC,13985,90249,69,3659,93977,165075,13985
15,MEXICO,15,IXTLAHUACA,NUAL,4103,90249,69,3659,93977,165075,4103
15,MEXICO,15,IXTLAHUACA,MORENA,3597,90249,69,3659,93977,165075,3597
15,MEXICO,15,IXTLAHUACA,PH,1750,90249,69,3659,93977,165075,1750
15,MEXICO,15,IXTLAHUACA,ES,4176,90249,69,3659,93977,165075,4176
15,MEXICO,15,IXTLAHUACA,PFD,430,90249,69,3659,93977,165075,430
15,MEXICO,15,IXTLAHUACA,PRI_PVEM,330,90249,69,3659,93977,165075,44208
15,MEXICO,15,IXTLAHUACA,CAND_IND9,0,90249,69,3659,93977,165075,0
15,MEXICO,15,IXTLAHUACA,CAND_IND10,0,90249,69,3659,93977,165075,0
15,MEXICO,16,ATIZAPÁN DE ZARAGOZA,PAN,53220,151193,327,8582,160102,378410,53220
15,MEXICO,16,ATIZAPÁN DE ZARAGOZA,PRI,40362,151193,327,8582,160102,378410,40362
15,MEXICO,16,ATIZAPÁN DE ZARAGOZA,PRD,6808,151193,327,8582,160102,378410,6808
15,MEXICO,16,ATIZAPÁN DE ZARAGOZA,PVEM,5353,151193,327,8582,160102,378410,5353
15,MEXICO,16,ATIZAPÁN DE ZARAGOZA,PT,2239,151193,327,8582,160102,378410,2239
15,MEXICO,16,ATIZAPÁN DE ZARAGOZA,MC,4719,151193,327,8582,160102,378410,4719
15,MEXICO,16,ATIZAPÁN DE ZARAGOZA,NUAL,5598,151193,327,8582,160102,378410,5598
15,MEXICO,16,ATIZAPÁN DE ZARAGOZA,MORENA,16945,151193,327,8582,160102,378410,16945
15,MEXICO,16,ATIZAPÁN DE ZARAGOZA,PH,4222,151193,327,8582,160102,378410,4222
15,MEXICO,16,ATIZAPÁN DE ZARAGOZA,ES,9686,151193,327,8582,160102,378410,9686
15,MEXICO,16,ATIZAPÁN DE ZARAGOZA,PFD,954,151193,327,8582,160102,378410,954
15,MEXICO,16,ATIZAPÁN DE ZARAGOZA,PRI_PVEM,1087,151193,327,8582,160102,378410,46802
15,MEXICO,16,ATIZAPÁN DE ZARAGOZA,CAND_IND9,0,151193,327,8582,160102,378410,0
15,MEXICO,16,ATIZAPÁN DE ZARAGOZA,CAND_IND10,0,151193,327,8582,160102,378410,0
15,MEXICO,17,HUIXQUILUCAN,PAN,35870,96678,180,4508,101366,191156,35870
15,MEXICO,17,HUIXQUILUCAN,PRI,34851,96678,180,4508,101366,191156,34851
15,MEXICO,17,HUIXQUILUCAN,PRD,6551,96678,180,4508,101366,191156,6551
15,MEXICO,17,HUIXQUILUCAN,PVEM,2093,96678,180,4508,101366,191156,2093
15,MEXICO,17,HUIXQUILUCAN,PT,934,96678,180,4508,101366,191156,934
15,MEXICO,17,HUIXQUILUCAN,MC,1421,96678,180,4508,101366,191156,1421
15,MEXICO,17,HUIXQUILUCAN,NUAL,2412,96678,180,4508,101366,191156,2412
15,MEXICO,17,HUIXQUILUCAN,MORENA,5994,96678,180,4508,101366,191156,5994
15,MEXICO,17,HUIXQUILUCAN,PH,1824,96678,180,4508,101366,191156,1824
15,MEXICO,17,HUIXQUILUCAN,ES,3437,96678,180,4508,101366,191156,3437
15,MEXICO,17,HUIXQUILUCAN,PFD,487,96678,180,4508,101366,191156,487
15,MEXICO,17,HUIXQUILUCAN,PRI_PVEM,804,96678,180,4508,101366,191156,37748
15,MEXICO,17,HUIXQUILUCAN,CAND_IND9,0,96678,180,4508,101366,191156,0
15,MEXICO,17,HUIXQUILUCAN,CAND_IND10,0,96678,180,4508,101366,191156,0
15,MEXICO,18,TLALNEPANTLA,PAN,36726,111989,321,7794,120104,250931,36726
15,MEXICO,18,TLALNEPANTLA,PRI,27835,111989,321,7794,120104,250931,27835
15,MEXICO,18,TLALNEPANTLA,PRD,7337,111989,321,7794,120104,250931,7337
15,MEXICO,18,TLALNEPANTLA,PVEM,4015,111989,321,7794,120104,250931,4015
15,MEXICO,18,TLALNEPANTLA,PT,1659,111989,321,7794,120104,250931,1659
15,MEXICO,18,TLALNEPANTLA,MC,3659,111989,321,7794,120104,250931,3659
15,MEXICO,18,TLALNEPANTLA,NUAL,3698,111989,321,7794,120104,250931,3698
15,MEXICO,18,TLALNEPANTLA,MORENA,13456,111989,321,7794,120104,250931,13456
15,MEXICO,18,TLALNEPANTLA,PH,4102,111989,321,7794,120104,250931,4102
15,MEXICO,18,TLALNEPANTLA,ES,7939,111989,321,7794,120104,250931,7939
15,MEXICO,18,TLALNEPANTLA,PFD,901,111989,321,7794,120104,250931,901
15,MEXICO,18,TLALNEPANTLA,PRI_PVEM,662,111989,321,7794,120104,250931,32512
15,MEXICO,18,TLALNEPANTLA,CAND_IND9,0,111989,321,7794,120104,250931,0
15,MEXICO,18,TLALNEPANTLA,CAND_IND10,0,111989,321,7794,120104,250931,0
15,MEXICO,19,CUAUTITLÁN,PAN,26604,135229,233,4892,140354,277508,26604
15,MEXICO,19,CUAUTITLÁN,PRI,38898,135229,233,4892,140354,277508,38898
15,MEXICO,19,CUAUTITLÁN,PRD,29184,135229,233,4892,140354,277508,29184
15,MEXICO,19,CUAUTITLÁN,PVEM,3034,135229,233,4892,140354,277508,3034
15,MEXICO,19,CUAUTITLÁN,PT,3670,135229,233,4892,140354,277508,3670
15,MEXICO,19,CUAUTITLÁN,MC,6604,135229,233,4892,140354,277508,6604
15,MEXICO,19,CUAUTITLÁN,NUAL,3857,135229,233,4892,140354,277508,3857
15,MEXICO,19,CUAUTITLÁN,MORENA,12618,135229,233,4892,140354,277508,12618
15,MEXICO,19,CUAUTITLÁN,PH,3747,135229,233,4892,140354,277508,3747
15,MEXICO,19,CUAUTITLÁN,ES,5625,135229,233,4892,140354,277508,5625
15,MEXICO,19,CUAUTITLÁN,PFD,834,135229,233,4892,140354,277508,834
15,MEXICO,19,CUAUTITLÁN,PRI_PVEM,554,135229,233,4892,140354,277508,42486
15,MEXICO,19,CUAUTITLÁN,CAND_IND9,0,135229,233,4892,140354,277508,0
15,MEXICO,19,CUAUTITLÁN,CAND_IND10,0,135229,233,4892,140354,277508,0
15,MEXICO,20,ZUMPANGO,PAN,32297,130949,94,4292,135335,240004,32297
15,MEXICO,20,ZUMPANGO,PRI,42028,130949,94,4292,135335,240004,42028
15,MEXICO,20,ZUMPANGO,PRD,13437,130949,94,4292,135335,240004,13437
15,MEXICO,20,ZUMPANGO,PVEM,2124,130949,94,4292,135335,240004,2124
15,MEXICO,20,ZUMPANGO,PT,5147,130949,94,4292,135335,240004,5147
15,MEXICO,20,ZUMPANGO,MC,9400,130949,94,4292,135335,240004,9400
15,MEXICO,20,ZUMPANGO,NUAL,6557,130949,94,4292,135335,240004,6557
15,MEXICO,20,ZUMPANGO,MORENA,8414,130949,94,4292,135335,240004,8414
15,MEXICO,20,ZUMPANGO,PH,2320,130949,94,4292,135335,240004,2320
15,MEXICO,20,ZUMPANGO,ES,7561,130949,94,4292,135335,240004,7561
15,MEXICO,20,ZUMPANGO,PFD,729,130949,94,4292,135335,240004,729
15,MEXICO,20,ZUMPANGO,PRI_PVEM,935,130949,94,4292,135335,240004,45087
15,MEXICO,20,ZUMPANGO,CAND_IND9,0,130949,94,4292,135335,240004,0
15,MEXICO,20,ZUMPANGO,CAND_IND10,0,130949,94,4292,135335,240004,0
15,MEXICO,21,ECATEPEC,PAN,12122,158395,347,8413,167155,404906,12122
15,MEXICO,21,ECATEPEC,PRI,53635,158395,347,8413,167155,404906,53635
15,MEXICO,21,ECATEPEC,PRD,27603,158395,347,8413,167155,404906,27603
15,MEXICO,21,ECATEPEC,PVEM,6774,158395,347,8413,167155,404906,6774
15,MEXICO,21,ECATEPEC,PT,4780,158395,347,8413,167155,404906,4780
15,MEXICO,21,ECATEPEC,MC,4741,158395,347,8413,167155,404906,4741
15,MEXICO,21,ECATEPEC,NUAL,6465,158395,347,8413,167155,404906,6465
15,MEXICO,21,ECATEPEC,MORENA,21250,158395,347,8413,167155,404906,21250
15,MEXICO,21,ECATEPEC,PH,4586,158395,347,8413,167155,404906,4586
15,MEXICO,21,ECATEPEC,ES,7942,158395,347,8413,167155,404906,7942
15,MEXICO,21,ECATEPEC,PFD,599,158395,347,8413,167155,404906,599
15,MEXICO,21,ECATEPEC,PRI_PVEM,1588,158395,347,8413,167155,404906,61997
15,MEXICO,21,ECATEPEC,CAND_IND9,6310,158395,347,8413,167155,404906,6310
15,MEXICO,21,ECATEPEC,CAND_IND10,0,158395,347,8413,167155,404906,0
15,MEXICO,22,ECATEPEC,PAN,10757,113290,221,6444,119955,281823,10757
15,MEXICO,22,ECATEPEC,PRI,38366,113290,221,6444,119955,281823,38366
15,MEXICO,22,ECATEPEC,PRD,15235,113290,221,6444,119955,281823,15235
15,MEXICO,22,ECATEPEC,PVEM,5221,113290,221,6444,119955,281823,5221
15,MEXICO,22,ECATEPEC,PT,3032,113290,221,6444,119955,281823,3032
15,MEXICO,22,ECATEPEC,MC,3338,113290,221,6444,119955,281823,3338
15,MEXICO,22,ECATEPEC,NUAL,4718,113290,221,6444,119955,281823,4718
15,MEXICO,22,ECATEPEC,MORENA,19412,113290,221,6444,119955,281823,19412
15,MEXICO,22,ECATEPEC,PH,3901,113290,221,6444,119955,281823,3901
15,MEXICO,22,ECATEPEC,ES,7330,113290,221,6444,119955,281823,7330
15,MEXICO,22,ECATEPEC,PFD,605,113290,221,6444,119955,281823,605
15,MEXICO,22,ECATEPEC,PRI_PVEM,1375,113290,221,6444,119955,281823,44962
15,MEXICO,22,ECATEPEC,CAND_IND9,0,113290,221,6444,119955,281823,0
15,MEXICO,22,ECATEPEC,CAND_IND10,0,113290,221,6444,119955,281823,0
15,MEXICO,23,TEXCOCO,PAN,8437,174301,124,5648,180073,299991,8437
15,MEXICO,23,TEXCOCO,PRI,52489,174301,124,5648,180073,299991,52489
15,MEXICO,23,TEXCOCO,PRD,17076,174301,124,5648,180073,299991,17076
15,MEXICO,23,TEXCOCO,PVEM,3039,174301,124,5648,180073,299991,3039
15,MEXICO,23,TEXCOCO,PT,9162,174301,124,5648,180073,299991,9162
15,MEXICO,23,TEXCOCO,MC,6704,174301,124,5648,180073,299991,6704
15,MEXICO,23,TEXCOCO,NUAL,3630,174301,124,5648,180073,299991,3630
15,MEXICO,23,TEXCOCO,MORENA,59662,174301,124,5648,180073,299991,59662
15,MEXICO,23,TEXCOCO,PH,5818,174301,124,5648,180073,299991,5818
15,MEXICO,23,TEXCOCO,ES,5961,174301,124,5648,180073,299991,5961
15,MEXICO,23,TEXCOCO,PFD,855,174301,124,5648,180073,299991,855
15,MEXICO,23,TEXCOCO,PRI_PVEM,1468,174301,124,5648,180073,299991,56996
15,MEXICO,23,TEXCOCO,CAND_IND9,0,174301,124,5648,180073,299991,0
15,MEXICO,23,TEXCOCO,CAND_IND10,0,174301,124,5648,180073,299991,0
15,MEXICO,24,NEZAHUALCÓYOTL,PAN,4557,67580,145,3930,71655,153196,4557
15,MEXICO,24,NEZAHUALCÓYOTL,PRI,15958,67580,145,3930,71655,153196,15958
15,MEXICO,24,NEZAHUALCÓYOTL,PRD,24603,67580,145,3930,71655,153196,24603
15,MEXICO,24,NEZAHUALCÓYOTL,PVEM,1770,67580,145,3930,71655,153196,1770
15,MEXICO,24,NEZAHUALCÓYOTL,PT,976,67580,145,3930,71655,153196,976
15,MEXICO,24,NEZAHUALCÓYOTL,MC,1610,67580,145,3930,71655,153196,1610
15,MEXICO,24,NEZAHUALCÓYOTL,NUAL,1947,67580,145,3930,71655,153196,1947
15,MEXICO,24,NEZAHUALCÓYOTL,MORENA,10459,67580,145,3930,71655,153196,10459
15,MEXICO,24,NEZAHUALCÓYOTL,PH,1598,67580,145,3930,71655,153196,1598
15,MEXICO,24,NEZAHUALCÓYOTL,ES,3561,67580,145,3930,71655,153196,3561
15,MEXICO,24,NEZAHUALCÓYOTL,PFD,378,67580,145,3930,71655,153196,378
15,MEXICO,24,NEZAHUALCÓYOTL,PRI_PVEM,163,67580,145,3930,71655,153196,17891
15,MEXICO,24,NEZAHUALCÓYOTL,CAND_IND9,0,67580,145,3930,71655,153196,0
15,MEXICO,24,NEZAHUALCÓYOTL,CAND_IND10,0,67580,145,3930,71655,153196,0
15,MEXICO,25,NEZAHUALCÓYOTL,PAN,2225,81484,81,3055,84620,169518,2225
15,MEXICO,25,NEZAHUALCÓYOTL,PRI,17040,81484,81,3055,84620,169518,17040
15,MEXICO,25,NEZAHUALCÓYOTL,PRD,46859,81484,81,3055,84620,169518,46859
15,MEXICO,25,NEZAHUALCÓYOTL,PVEM,1680,81484,81,3055,84620,169518,1680
15,MEXICO,25,NEZAHUALCÓYOTL,PT,836,81484,81,3055,84620,169518,836
15,MEXICO,25,NEZAHUALCÓYOTL,MC,1040,81484,81,3055,84620,169518,1040
15,MEXICO,25,NEZAHUALCÓYOTL,NUAL,1451,81484,81,3055,84620,169518,1451
15,MEXICO,25,NEZAHUALCÓYOTL,MORENA,5734,81484,81,3055,84620,169518,5734
15,MEXICO,25,NEZAHUALCÓYOTL,PH,1291,81484,81,3055,84620,169518,1291
15,MEXICO,25,NEZAHUALCÓYOTL,ES,2340,81484,81,3055,84620,169518,2340
15,MEXICO,25,NEZAHUALCÓYOTL,PFD,350,81484,81,3055,84620,169518,350
15,MEXICO,25,NEZAHUALCÓYOTL,PRI_PVEM,638,81484,81,3055,84620,169518,19358
15,MEXICO,25,NEZAHUALCÓYOTL,CAND_IND9,0,81484,81,3055,84620,169518,0
15,MEXICO,25,NEZAHUALCÓYOTL,CAND_IND10,0,81484,81,3055,84620,169518,0
15,MEXICO,26,NEZAHUALCÓYOTL,PAN,3222,70220,188,3296,73704,150556,3222
15,MEXICO,26,NEZAHUALCÓYOTL,PRI,17546,70220,188,3296,73704,150556,17546
15,MEXICO,26,NEZAHUALCÓYOTL,PRD,31650,70220,188,3296,73704,150556,31650
15,MEXICO,26,NEZAHUALCÓYOTL,PVEM,1730,70220,188,3296,73704,150556,1730
15,MEXICO,26,NEZAHUALCÓYOTL,PT,911,70220,188,3296,73704,150556,911
15,MEXICO,26,NEZAHUALCÓYOTL,MC,1208,70220,188,3296,73704,150556,1208
15,MEXICO,26,NEZAHUALCÓYOTL,NUAL,1531,70220,188,3296,73704,150556,1531
15,MEXICO,26,NEZAHUALCÓYOTL,MORENA,6726,70220,188,3296,73704,150556,6726
15,MEXICO,26,NEZAHUALCÓYOTL,PH,1375,70220,188,3296,73704,150556,1375
15,MEXICO,26,NEZAHUALCÓYOTL,ES,2321,70220,188,3296,73704,150556,2321
15,MEXICO,26,NEZAHUALCÓYOTL,PFD,250,70220,188,3296,73704,150556,250
15,MEXICO,26,NEZAHUALCÓYOTL,PRI_PVEM,961,70220,188,3296,73704,150556,20237
15,MEXICO,26,NEZAHUALCÓYOTL,CAND_IND9,0,70220,188,3296,73704,150556,0
15,MEXICO,26,NEZAHUALCÓYOTL,CAND_IND10,789,70220,188,3296,73704,150556,789
15,MEXICO,27,CHALCO,PAN,11569,229889,252,10625,240766,501969,11569
15,MEXICO,27,CHALCO,PRI,61929,229889,252,10625,240766,501969,61929
15,MEXICO,27,CHALCO,PRD,51976,229889,252,10625,240766,501969,51976
15,MEXICO,27,CHALCO,PVEM,6374,229889,252,10625,240766,501969,6374
15,MEXICO,27,CHALCO,PT,4437,229889,252,10625,240766,501969,4437
15,MEXICO,27,CHALCO,MC,32636,229889,252,10625,240766,501969,32636
15,MEXICO,27,CHALCO,NUAL,6251,229889,252,10625,240766,501969,6251
15,MEXICO,27,CHALCO,MORENA,36589,229889,252,10625,240766,501969,36589
15,MEXICO,27,CHALCO,PH,0,229889,252,10625,240766,501969,0
15,MEXICO,27,CHALCO,ES,14484,229889,252,10625,240766,501969,14484
15,MEXICO,27,CHALCO,PFD,2118,229889,252,10625,240766,501969,2118
15,MEXICO,27,CHALCO,PRI_PVEM,1526,229889,252,10625,240766,501969,69829
15,MEXICO,27,CHALCO,CAND_IND9,0,229889,252,10625,240766,501969,0
15,MEXICO,27,CHALCO,CAND_IND10,0,229889,252,10625,240766,501969,0
15,MEXICO,28,AMECAMECA,PAN,14261,78964,43,2856,81863,132999,14261
15,MEXICO,28,AMECAMECA,PRI,29863,78964,43,2856,81863,132999,29863
15,MEXICO,28,AMECAMECA,PRD,5227,78964,43,2856,81863,132999,5227
15,MEXICO,28,AMECAMECA,PVEM,1767,78964,43,2856,81863,132999,1767
15,MEXICO,28,AMECAMECA,PT,2210,78964,43,2856,81863,132999,2210
15,MEXICO,28,AMECAMECA,MC,7648,78964,43,2856,81863,132999,7648
15,MEXICO,28,AMECAMECA,NUAL,1400,78964,43,2856,81863,132999,1400
15,MEXICO,28,AMECAMECA,MORENA,6195,78964,43,2856,81863,132999,6195
15,MEXICO,28,AMECAMECA,PH,1407,78964,43,2856,81863,132999,1407
15,MEXICO,28,AMECAMECA,ES,6842,78964,43,2856,81863,132999,6842
15,MEXICO,28,AMECAMECA,PFD,1934,78964,43,2856,81863,132999,1934
15,MEXICO,28,AMECAMECA,PRI_PVEM,210,78964,43,2856,81863,132999,31840
15,MEXICO,28,AMECAMECA,CAND_IND9,0,78964,43,2856,81863,132999,0
15,MEXICO,28,AMECAMECA,CAND_IND10,0,78964,43,2856,81863,132999,0
15,MEXICO,29,NAUCALPAN,PAN,38723,136070,219,7334,143623,330219,38723
15,MEXICO,29,NAUCALPAN,PRI,39387,136070,219,7334,143623,330219,39387
15,MEXICO,29,NAUCALPAN,PRD,8600,136070,219,7334,143623,330219,8600
15,MEXICO,29,NAUCALPAN,PVEM,5353,136070,219,7334,143623,330219,5353
15,MEXICO,29,NAUCALPAN,PT,2324,136070,219,7334,143623,330219,2324
15,MEXICO,29,NAUCALPAN,MC,4403,136070,219,7334,143623,330219,4403
15,MEXICO,29,NAUCALPAN,NUAL,4679,136070,219,7334,143623,330219,4679
15,MEXICO,29,NAUCALPAN,MORENA,18831,136070,219,7334,143623,330219,18831
15,MEXICO,29,NAUCALPAN,PH,4143,136070,219,7334,143623,330219,4143
15,MEXICO,29,NAUCALPAN,ES,7664,136070,219,7334,143623,330219,7664
15,MEXICO,29,NAUCALPAN,PFD,719,136070,219,7334,143623,330219,719
15,MEXICO,29,NAUCALPAN,PRI_PVEM,1244,136070,219,7334,143623,330219,45984
15,MEXICO,29,NAUCALPAN,CAND_IND9,0,136070,219,7334,143623,330219,0
15,MEXICO,29,NAUCALPAN,CAND_IND10,0,136070,219,7334,143623,330219,0
15,MEXICO,30,NAUCALPAN,PAN,50161,132007,253,7158,139418,307376,50161
15,MEXICO,30,NAUCALPAN,PRI,33901,132007,253,7158,139418,307376,33901
15,MEXICO,30,NAUCALPAN,PRD,5922,132007,253,7158,139418,307376,5922
15,MEXICO,30,NAUCALPAN,PVEM,4500,132007,253,7158,139418,307376,4500
15,MEXICO,30,NAUCALPAN,PT,1825,132007,253,7158,139418,307376,1825
15,MEXICO,30,NAUCALPAN,MC,5068,132007,253,7158,139418,307376,5068
15,MEXICO,30,NAUCALPAN,NUAL,3703,132007,253,7158,139418,307376,3703
15,MEXICO,30,NAUCALPAN,MORENA,14498,132007,253,7158,139418,307376,14498
15,MEXICO,30,NAUCALPAN,PH,3799,132007,253,7158,139418,307376,3799
15,MEXICO,30,NAUCALPAN,ES,6704,132007,253,7158,139418,307376,6704
15,MEXICO,30,NAUCALPAN,PFD,929,132007,253,7158,139418,307376,929
15,MEXICO,30,NAUCALPAN,PRI_PVEM,997,132007,253,7158,139418,307376,39398
15,MEXICO,30,NAUCALPAN,CAND_IND9,0,132007,253,7158,139418,307376,0
15,MEXICO,30,NAUCALPAN,CAND_IND10,0,132007,253,7158,139418,307376,0
15,MEXICO,31,LA PAZ,PAN,9873,216337,334,9923,226594,607224,9873
15,MEXICO,31,LA PAZ,PRI,80349,216337,334,9923,226594,607224,80349
15,MEXICO,31,LA PAZ,PRD,46441,216337,334,9923,226594,607224,46441
15,MEXICO,31,LA PAZ,PVEM,8633,216337,334,9923,226594,607224,8633
15,MEXICO,31,LA PAZ,PT,5804,216337,334,9923,226594,607224,5804
15,MEXICO,31,LA PAZ,MC,4692,216337,334,9923,226594,607224,4692
15,MEXICO,31,LA PAZ,NUAL,7014,216337,334,9923,226594,607224,7014
15,MEXICO,31,LA PAZ,MORENA,33711,216337,334,9923,226594,607224,33711
15,MEXICO,31,LA PAZ,PH,5674,216337,334,9923,226594,607224,5674
15,MEXICO,31,LA PAZ,ES,10300,216337,334,9923,226594,607224,10300
15,MEXICO,31,LA PAZ,PFD,1270,216337,334,9923,226594,607224,1270
15,MEXICO,31,LA PAZ,PRI_PVEM,2576,216337,334,9923,226594,607224,91558
15,MEXICO,31,LA PAZ,CAND_IND9,0,216337,334,9923,226594,607224,0
15,MEXICO,31,LA PAZ,CAND_IND10,0,216337,334,9923,226594,607224,0
15,MEXICO,32,NEZAHUALCÓYOTL,PAN,2694,85433,119,3657,89209,187444,2694
15,MEXICO,32,NEZAHUALCÓYOTL,PRI,18440,85433,119,3657,89209,187444,18440
15,MEXICO,32,NEZAHUALCÓYOTL,PRD,43735,85433,119,3657,89209,187444,43735
15,MEXICO,32,NEZAHUALCÓYOTL,PVEM,2250,85433,119,3657,89209,187444,2250
15,MEXICO,32,NEZAHUALCÓYOTL,PT,1239,85433,119,3657,89209,187444,1239
15,MEXICO,32,NEZAHUALCÓYOTL,MC,1546,85433,119,3657,89209,187444,1546
15,MEXICO,32,NEZAHUALCÓYOTL,NUAL,1692,85433,119,3657,89209,187444,1692
15,MEXICO,32,NEZAHUALCÓYOTL,MORENA,7975,85433,119,3657,89209,187444,7975
15,MEXICO,32,NEZAHUALCÓYOTL,PH,1845,85433,119,3657,89209,187444,1845
15,MEXICO,32,NEZAHUALCÓYOTL,ES,2919,85433,119,3657,89209,187444,2919
15,MEXICO,32,NEZAHUALCÓYOTL,PFD,394,85433,119,3657,89209,187444,394
15,MEXICO,32,NEZAHUALCÓYOTL,PRI_PVEM,704,85433,119,3657,89209,187444,21394
15,MEXICO,32,NEZAHUALCÓYOTL,CAND_IND9,0,85433,119,3657,89209,187444,0
15,MEXICO,32,NEZAHUALCÓYOTL,CAND_IND10,0,85433,119,3657,89209,187444,0
15,MEXICO,33,ECATEPEC,PAN,26859,237433,445,12065,249943,540169,26859
15,MEXICO,33,ECATEPEC,PRI,94438,237433,445,12065,249943,540169,94438
15,MEXICO,33,ECATEPEC,PRD,25980,237433,445,12065,249943,540169,25980
15,MEXICO,33,ECATEPEC,PVEM,9673,237433,445,12065,249943,540169,9673
15,MEXICO,33,ECATEPEC,PT,6417,237433,445,12065,249943,540169,6417
15,MEXICO,33,ECATEPEC,MC,7379,237433,445,12065,249943,540169,7379
15,MEXICO,33,ECATEPEC,NUAL,8693,237433,445,12065,249943,540169,8693
15,MEXICO,33,ECATEPEC,MORENA,30553,237433,445,12065,249943,540169,30553
15,MEXICO,33,ECATEPEC,PH,7657,237433,445,12065,249943,540169,7657
15,MEXICO,33,ECATEPEC,ES,16162,237433,445,12065,249943,540169,16162
15,MEXICO,33,ECATEPEC,PFD,1606,237433,445,12065,249943,540169,1606
15,MEXICO,33,ECATEPEC,PRI_PVEM,2016,237433,445,12065,249943,540169,106127
15,MEXICO,33,ECATEPEC,CAND_IND9,0,237433,445,12065,249943,540169,0
15,MEXICO,33,ECATEPEC,CAND_IND10,0,237433,445,12065,249943,540169,0
15,MEXICO,34,IXTAPAN DE LA SAL,PAN,11936,64139,26,2202,66367,98598,11936
15,MEXICO,34,IXTAPAN DE LA SAL,PRI,31006,64139,26,2202,66367,98598,31006
15,MEXICO,34,IXTAPAN DE LA SAL,PRD,10304,64139,26,2202,66367,98598,10304
15,MEXICO,34,IXTAPAN DE LA SAL,PVEM,753,64139,26,2202,66367,98598,753
15,MEXICO,34,IXTAPAN DE LA SAL,PT,3199,64139,26,2202,66367,98598,3199
15,MEXICO,34,IXTAPAN DE LA SAL,MC,1867,64139,26,2202,66367,98598,1867
15,MEXICO,34,IXTAPAN DE LA SAL,NUAL,1100,64139,26,2202,66367,98598,1100
15,MEXICO,34,IXTAPAN DE LA SAL,MORENA,2154,64139,26,2202,66367,98598,2154
15,MEXICO,34,IXTAPAN DE LA SAL,PH,0,64139,26,2202,66367,98598,0
15,MEXICO,34,IXTAPAN DE LA SAL,ES,959,64139,26,2202,66367,98598,959
15,MEXICO,34,IXTAPAN DE LA SAL,PFD,447,64139,26,2202,66367,98598,447
15,MEXICO,34,IXTAPAN DE LA SAL,PRI_PVEM,414,64139,26,2202,66367,98598,32173
15,MEXICO,34,IXTAPAN DE LA SAL,CAND_IND9,0,64139,26,2202,66367,98598,0
15,MEXICO,34,IXTAPAN DE LA SAL,CAND_IND10,0,64139,26,2202,66367,98598,0
15,MEXICO,35,METEPEC,PAN,22929,101534,190,4827,106551,183924,22929
15,MEXICO,35,METEPEC,PRI,35716,101534,190,4827,106551,183924,35716
15,MEXICO,35,METEPEC,PRD,3264,101534,190,4827,106551,183924,3264
15,MEXICO,35,METEPEC,PVEM,2475,101534,190,4827,106551,183924,2475
15,MEXICO,35,METEPEC,PT,10961,101534,190,4827,106551,183924,10961
15,MEXICO,35,METEPEC,MC,3834,101534,190,4827,106551,183924,3834
15,MEXICO,35,METEPEC,NUAL,5041,101534,190,4827,106551,183924,5041
15,MEXICO,35,METEPEC,MORENA,8047,101534,190,4827,106551,183924,8047
15,MEXICO,35,METEPEC,PH,3077,101534,190,4827,106551,183924,3077
15,MEXICO,35,METEPEC,ES,5007,101534,190,4827,106551,183924,5007
15,MEXICO,35,METEPEC,PFD,835,101534,190,4827,106551,183924,835
15,MEXICO,35,METEPEC,PRI_PVEM,348,101534,190,4827,106551,183924,38539
15,MEXICO,35,METEPEC,CAND_IND9,0,101534,190,4827,106551,183924,0
15,MEXICO,35,METEPEC,CAND_IND10,0,101534,190,4827,106551,183924,0
15,MEXICO,36,VILLA DEL CARBÓN,PAN,26343,101497,93,3276,104866,196492,26343
15,MEXICO,36,VILLA DEL CARBÓN,PRI,27239,101497,93,3276,104866,196492,27239
15,MEXICO,36,VILLA DEL CARBÓN,PRD,10390,101497,93,3276,104866,196492,10390
15,MEXICO,36,VILLA DEL CARBÓN,PVEM,1979,101497,93,3276,104866,196492,1979
15,MEXICO,36,VILLA DEL CARBÓN,PT,2087,101497,93,3276,104866,196492,2087
15,MEXICO,36,VILLA DEL CARBÓN,MC,16485,101497,93,3276,104866,196492,16485
15,MEXICO,36,VILLA DEL CARBÓN,NUAL,2880,101497,93,3276,104866,196492,2880
15,MEXICO,36,VILLA DEL CARBÓN,MORENA,5442,101497,93,3276,104866,196492,5442
15,MEXICO,36,VILLA DEL CARBÓN,PH,3161,101497,93,3276,104866,196492,3161
15,MEXICO,36,VILLA DEL CARBÓN,ES,3677,101497,93,3276,104866,196492,3677
15,MEXICO,36,VILLA DEL CARBÓN,PFD,1279,101497,93,3276,104866,196492,1279
15,MEXICO,36,VILLA DEL CARBÓN,PRI_PVEM,535,101497,93,3276,104866,196492,29753
15,MEXICO,36,VILLA DEL CARBÓN,CAND_IND9,0,101497,93,3276,104866,196492,0
15,MEXICO,36,VILLA DEL CARBÓN,CAND_IND10,0,101497,93,3276,104866,196492,0
15,MEXICO,37,TLALNEPANTLA,PAN,23487,113848,332,6447,120627,294813,23487
15,MEXICO,37,TLALNEPANTLA,PRI,33752,113848,332,6447,120627,294813,33752
15,MEXICO,37,TLALNEPANTLA,PRD,14412,113848,332,6447,120627,294813,14412
15,MEXICO,37,TLALNEPANTLA,PVEM,4093,113848,332,6447,120627,294813,4093
15,MEXICO,37,TLALNEPANTLA,PT,3406,113848,332,6447,120627,294813,3406
15,MEXICO,37,TLALNEPANTLA,MC,3464,113848,332,6447,120627,294813,3464
15,MEXICO,37,TLALNEPANTLA,NUAL,3497,113848,332,6447,120627,294813,3497
15,MEXICO,37,TLALNEPANTLA,MORENA,14894,113848,332,6447,120627,294813,14894
15,MEXICO,37,TLALNEPANTLA,PH,4066,113848,332,6447,120627,294813,4066
15,MEXICO,37,TLALNEPANTLA,ES,6772,113848,332,6447,120627,294813,6772
15,MEXICO,37,TLALNEPANTLA,PFD,812,113848,332,6447,120627,294813,812
15,MEXICO,37,TLALNEPANTLA,PRI_PVEM,1193,113848,332,6447,120627,294813,39038
15,MEXICO,37,TLALNEPANTLA,CAND_IND9,0,113848,332,6447,120627,294813,0
15,MEXICO,37,TLALNEPANTLA,CAND_IND10,0,113848,332,6447,120627,294813,0
15,MEXICO,38,COACALCO,PAN,30671,239478,522,12059,252059,555036,30671
15,MEXICO,38,COACALCO,PRI,64180,239478,522,12059,252059,555036,64180
15,MEXICO,38,COACALCO,PRD,40181,239478,522,12059,252059,555036,40181
15,MEXICO,38,COACALCO,PVEM,10077,239478,522,12059,252059,555036,10077
15,MEXICO,38,COACALCO,PT,7245,239478,522,12059,252059,555036,7245
15,MEXICO,38,COACALCO,MC,15940,239478,522,12059,252059,555036,15940
15,MEXICO,38,COACALCO,NUAL,8502,239478,522,12059,252059,555036,8502
15,MEXICO,38,COACALCO,MORENA,32705,239478,522,12059,252059,555036,32705
15,MEXICO,38,COACALCO,PH,8248,239478,522,12059,252059,555036,8248
15,MEXICO,38,COACALCO,ES,17310,239478,522,12059,252059,555036,17310
15,MEXICO,38,COACALCO,PFD,1694,239478,522,12059,252059,555036,1694
15,MEXICO,38,COACALCO,PRI_PVEM,2725,239478,522,12059,252059,555036,76982
15,MEXICO,38,COACALCO,CAND_IND9,0,239478,522,12059,252059,555036,0
15,MEXICO,38,COACALCO,CAND_IND10,0,239478,522,12059,252059,555036,0
15,MEXICO,39,OTUMBA,PAN,31330,124423,73,3739,128235,205586,31330
15,MEXICO,39,OTUMBA,PRI,47848,124423,73,3739,128235,205586,47848
15,MEXICO,39,OTUMBA,PRD,12978,124423,73,3739,128235,205586,12978
15,MEXICO,39,OTUMBA,PVEM,2113,124423,73,3739,128235,205586,2113
15,MEXICO,39,OTUMBA,PT,8337,124423,73,3739,128235,205586,8337
15,MEXICO,39,OTUMBA,MC,3096,124423,73,3739,128235,205586,3096
15,MEXICO,39,OTUMBA,NUAL,2804,124423,73,3739,128235,205586,2804
15,MEXICO,39,OTUMBA,MORENA,8494,124423,73,3739,128235,205586,8494
15,MEXICO,39,OTUMBA,PH,1746,124423,73,3739,128235,205586,1746
15,MEXICO,39,OTUMBA,ES,4817,124423,73,3739,128235,205586,4817
15,MEXICO,39,OTUMBA,PFD,416,124423,73,3739,128235,205586,416
15,MEXICO,39,OTUMBA,PRI_PVEM,444,124423,73,3739,128235,205586,50405
15,MEXICO,39,OTUMBA,CAND_IND9,0,124423,73,3739,128235,205586,0
15,MEXICO,39,OTUMBA,CAND_IND10,0,124423,73,3739,128235,205586,0
15,MEXICO,40,IXTAPALUCA,PAN,12595,195964,263,8577,204804,434339,12595
15,MEXICO,40,IXTAPALUCA,PRI,70206,195964,263,8577,204804,434339,70206
15,MEXICO,40,IXTAPALUCA,PRD,52600,195964,263,8577,204804,434339,52600
15,MEXICO,40,IXTAPALUCA,PVEM,5659,195964,263,8577,204804,434339,5659
15,MEXICO,40,IXTAPALUCA,PT,2383,195964,263,8577,204804,434339,2383
15,MEXICO,40,IXTAPALUCA,MC,3966,195964,263,8577,204804,434339,3966
15,MEXICO,40,IXTAPALUCA,NUAL,4688,195964,263,8577,204804,434339,4688
15,MEXICO,40,IXTAPALUCA,MORENA,21316,195964,263,8577,204804,434339,21316
15,MEXICO,40,IXTAPALUCA,PH,6100,195964,263,8577,204804,434339,6100
15,MEXICO,40,IXTAPALUCA,ES,14024,195964,263,8577,204804,434339,14024
15,MEXICO,40,IXTAPALUCA,PFD,1122,195964,263,8577,204804,434339,1122
15,MEXICO,40,IXTAPALUCA,PRI_PVEM,1305,195964,263,8577,204804,434339,77170
15,MEXICO,40,IXTAPALUCA,CAND_IND9,0,195964,263,8577,204804,434339,0
15,MEXICO,40,IXTAPALUCA,CAND_IND10,0,195964,263,8577,204804,434339,0
15,MEXICO,41,NEZAHUALCÓYOTL,PAN,1893,75937,110,3192,79239,165752,1893
15,MEXICO,41,NEZAHUALCÓYOTL,PRI,15858,75937,110,3192,79239,165752,15858
15,MEXICO,41,NEZAHUALCÓYOTL,PRD,39856,75937,110,3192,79239,165752,39856
15,MEXICO,41,NEZAHUALCÓYOTL,PVEM,2341,75937,110,3192,79239,165752,2341
15,MEXICO,41,NEZAHUALCÓYOTL,PT,754,75937,110,3192,79239,165752,754
15,MEXICO,41,NEZAHUALCÓYOTL,MC,1454,75937,110,3192,79239,165752,1454
15,MEXICO,41,NEZAHUALCÓYOTL,NUAL,1814,75937,110,3192,79239,165752,1814
15,MEXICO,41,NEZAHUALCÓYOTL,MORENA,6444,75937,110,3192,79239,165752,6444
15,MEXICO,41,NEZAHUALCÓYOTL,PH,1835,75937,110,3192,79239,165752,1835
15,MEXICO,41,NEZAHUALCÓYOTL,ES,2716,75937,110,3192,79239,165752,2716
15,MEXICO,41,NEZAHUALCÓYOTL,PFD,297,75937,110,3192,79239,165752,297
15,MEXICO,41,NEZAHUALCÓYOTL,PRI_PVEM,675,75937,110,3192,79239,165752,18874
15,MEXICO,41,NEZAHUALCÓYOTL,CAND_IND9,0,75937,110,3192,79239,165752,0
15,MEXICO,41,NEZAHUALCÓYOTL,CAND_IND10,0,75937,110,3192,79239,165752,0
15,MEXICO,42,ECATEPEC,PAN,8288,104697,193,6416,111306,260354,8288
15,MEXICO,42,ECATEPEC,PRI,36696,104697,193,6416,111306,260354,36696
15,MEXICO,42,ECATEPEC,PRD,17301,104697,193,6416,111306,260354,17301
15,MEXICO,42,ECATEPEC,PVEM,4269,104697,193,6416,111306,260354,4269
15,MEXICO,42,ECATEPEC,PT,2769,104697,193,6416,111306,260354,2769
15,MEXICO,42,ECATEPEC,MC,2742,104697,193,6416,111306,260354,2742
15,MEXICO,42,ECATEPEC,NUAL,5208,104697,193,6416,111306,260354,5208
15,MEXICO,42,ECATEPEC,MORENA,15744,104697,193,6416,111306,260354,15744
15,MEXICO,42,ECATEPEC,PH,3284,104697,193,6416,111306,260354,3284
15,MEXICO,42,ECATEPEC,ES,7111,104697,193,6416,111306,260354,7111
15,MEXICO,42,ECATEPEC,PFD,599,104697,193,6416,111306,260354,599
15,MEXICO,42,ECATEPEC,PRI_PVEM,686,104697,193,6416,111306,260354,41651
15,MEXICO,42,ECATEPEC,CAND_IND9,0,104697,193,6416,111306,260354,0
15,MEXICO,42,ECATEPEC,CAND_IND10,0,104697,193,6416,111306,260354,0
15,MEXICO,43,CUAUTITLÁN IZCALLI,PAN,51390,181284,372,9522,191178,385869,51390
15,MEXICO,43,CUAUTITLÁN IZCALLI,PRI,45033,181284,372,9522,191178,385869,45033
15,MEXICO,43,CUAUTITLÁN IZCALLI,PRD,9793,181284,372,9522,191178,385869,9793
15,MEXICO,43,CUAUTITLÁN IZCALLI,PVEM,5335,181284,372,9522,191178,385869,5335
15,MEXICO,43,CUAUTITLÁN IZCALLI,PT,6254,181284,372,9522,191178,385869,6254
15,MEXICO,43,CUAUTITLÁN IZCALLI,MC,7341,181284,372,9522,191178,385869,7341
15,MEXICO,43,CUAUTITLÁN IZCALLI,NUAL,7722,181284,372,9522,191178,385869,7722
15,MEXICO,43,CUAUTITLÁN IZCALLI,MORENA,24172,181284,372,9522,191178,385869,24172
15,MEXICO,43,CUAUTITLÁN IZCALLI,PH,7220,181284,372,9522,191178,385869,7220
15,MEXICO,43,CUAUTITLÁN IZCALLI,ES,14451,181284,372,9522,191178,385869,14451
15,MEXICO,43,CUAUTITLÁN IZCALLI,PFD,1585,181284,372,9522,191178,385869,1585
15,MEXICO,43,CUAUTITLÁN IZCALLI,PRI_PVEM,988,181284,372,9522,191178,385869,51356
15,MEXICO,43,CUAUTITLÁN IZCALLI,CAND_IND9,0,181284,372,9522,191178,385869,0
15,MEXICO,43,CUAUTITLÁN IZCALLI,CAND_IND10,0,181284,372,9522,191178,385869,0
15,MEXICO,44,NICOLÁS ROMERO,PAN,34667,131773,126,4725,136624,281868,34667
15,MEXICO,44,NICOLÁS ROMERO,PRI,44603,131773,126,4725,136624,281868,44603
15,MEXICO,44,NICOLÁS ROMERO,PRD,7896,131773,126,4725,136624,281868,7896
15,MEXICO,44,NICOLÁS ROMERO,PVEM,3906,131773,126,4725,136624,281868,3906
15,MEXICO,44,NICOLÁS ROMERO,PT,2359,131773,126,4725,136624,281868,2359
15,MEXICO,44,NICOLÁS ROMERO,MC,5848,131773,126,4725,136624,281868,5848
15,MEXICO,44,NICOLÁS ROMERO,NUAL,7059,131773,126,4725,136624,281868,7059
15,MEXICO,44,NICOLÁS ROMERO,MORENA,14203,131773,126,4725,136624,281868,14203
15,MEXICO,44,NICOLÁS ROMERO,PH,4490,131773,126,4725,136624,281868,4490
15,MEXICO,44,NICOLÁS ROMERO,ES,5288,131773,126,4725,136624,281868,5288
15,MEXICO,44,NICOLÁS ROMERO,PFD,732,131773,126,4725,136624,281868,732
15,MEXICO,44,NICOLÁS ROMERO,PRI_PVEM,722,131773,126,4725,136624,281868,49231
15,MEXICO,44,NICOLÁS ROMERO,CAND_IND9,0,131773,126,4725,136624,281868,0
15,MEXICO,44,NICOLÁS ROMERO,CAND_IND10,0,131773,126,4725,136624,281868,0
15,MEXICO,45,ZINACANTEPEC,PAN,22367,114270,108,4894,119272,215347,22367
15,MEXICO,45,ZINACANTEPEC,PRI,37886,114270,108,4894,119272,215347,37886
15,MEXICO,45,ZINACANTEPEC,PRD,8742,114270,108,4894,119272,215347,8742
15,MEXICO,45,ZINACANTEPEC,PVEM,4106,114270,108,4894,119272,215347,4106
15,MEXICO,45,ZINACANTEPEC,PT,11562,114270,108,4894,119272,215347,11562
15,MEXICO,45,ZINACANTEPEC,MC,6774,114270,108,4894,119272,215347,6774
15,MEXICO,45,ZINACANTEPEC,NUAL,6366,114270,108,4894,119272,215347,6366
15,MEXICO,45,ZINACANTEPEC,MORENA,5294,114270,108,4894,119272,215347,5294
15,MEXICO,45,ZINACANTEPEC,PH,4128,114270,108,4894,119272,215347,4128
15,MEXICO,45,ZINACANTEPEC,ES,4100,114270,108,4894,119272,215347,4100
15,MEXICO,45,ZINACANTEPEC,PFD,2112,114270,108,4894,119272,215347,2112
15,MEXICO,45,ZINACANTEPEC,PRI_PVEM,833,114270,108,4894,119272,215347,42825
15,MEXICO,45,ZINACANTEPEC,CAND_IND9,0,114270,108,4894,119272,215347,0
15,MEXICO,45,ZINACANTEPEC,CAND_IND10,0,114270,108,4894,119272,215347,0
16,MICHOACAN,1,LA PIEDAD,PAN,19077,76768,31,2794,79593,151585,19077
16,MICHOACAN,1,LA PIEDAD,PRI,30582,76768,31,2794,79593,151585,30582
16,MICHOACAN,1,LA PIEDAD,PRD,16008,76768,31,2794,79593,151585,16008
16,MICHOACAN,1,LA PIEDAD,PT,949,76768,31,2794,79593,151585,949
16,MICHOACAN,1,LA PIEDAD,PVEM,1321,76768,31,2794,79593,151585,1321
16,MICHOACAN,1,LA PIEDAD,MC,377,76768,31,2794,79593,151585,377
16,MICHOACAN,1,LA PIEDAD,NUAL,1228,76768,31,2794,79593,151585,1228
16,MICHOACAN,1,LA PIEDAD,MORENA,5373,76768,31,2794,79593,151585,5373
16,MICHOACAN,1,LA PIEDAD,PH,447,76768,31,2794,79593,151585,447
16,MICHOACAN,1,LA PIEDAD,ES,397,76768,31,2794,79593,151585,397
16,MICHOACAN,1,LA PIEDAD,CAND_IND6,0,76768,31,2794,79593,151585,0
16,MICHOACAN,1,LA PIEDAD,PRI_PVEM,394,76768,31,2794,79593,151585,32297
16,MICHOACAN,1,LA PIEDAD,CC_PRD_PT_PH_ES,615,76768,31,2794,79593,151585,18416
16,MICHOACAN,1,LA PIEDAD,CC_PRD_PT_PH,0,76768,31,2794,79593,151585,17404
16,MICHOACAN,1,LA PIEDAD,CC_PRD_PT_ES,0,76768,31,2794,79593,151585,17354
16,MICHOACAN,1,LA PIEDAD,CC_PT_PH_ES,0,76768,31,2794,79593,151585,1793
16,MICHOACAN,1,LA PIEDAD,CC_PRD_PT,0,76768,31,2794,79593,151585,16957
16,MICHOACAN,1,LA PIEDAD,CC_PRD_ES,0,76768,31,2794,79593,151585,16405
16,MICHOACAN,1,LA PIEDAD,CC_PRD_NUAL,0,76768,31,2794,79593,151585,17236
16,MICHOACAN,1,LA PIEDAD,CC_PT_ES,0,76768,31,2794,79593,151585,1346
16,MICHOACAN,1,LA PIEDAD,CC_PAN_PT,0,76768,31,2794,79593,151585,20026
16,MICHOACAN,2,PURUÁNDIRO,PAN,7784,68841,70,3583,72494,129623,7784
16,MICHOACAN,2,PURUÁNDIRO,PRI,19875,68841,70,3583,72494,129623,19875
16,MICHOACAN,2,PURUÁNDIRO,PRD,25485,68841,70,3583,72494,129623,25485
16,MICHOACAN,2,PURUÁNDIRO,PT,6690,68841,70,3583,72494,129623,6690
16,MICHOACAN,2,PURUÁNDIRO,PVEM,1745,68841,70,3583,72494,129623,1745
16,MICHOACAN,2,PURUÁNDIRO,MC,0,68841,70,3583,72494,129623,0
16,MICHOACAN,2,PURUÁNDIRO,NUAL,3570,68841,70,3583,72494,129623,3570
16,MICHOACAN,2,PURUÁNDIRO,MORENA,1951,68841,70,3583,72494,129623,1951
16,MICHOACAN,2,PURUÁNDIRO,PH,0,68841,70,3583,72494,129623,0
16,MICHOACAN,2,PURUÁNDIRO,ES,1258,68841,70,3583,72494,129623,1258
16,MICHOACAN,2,PURUÁNDIRO,CAND_IND6,0,68841,70,3583,72494,129623,0
16,MICHOACAN,2,PURUÁNDIRO,PRI_PVEM,483,68841,70,3583,72494,129623,22103
16,MICHOACAN,2,PURUÁNDIRO,CC_PRD_PT_PH_ES,0,68841,70,3583,72494,129623,33433
16,MICHOACAN,2,PURUÁNDIRO,CC_PRD_PT_PH,0,68841,70,3583,72494,129623,32175
16,MICHOACAN,2,PURUÁNDIRO,CC_PRD_PT_ES,0,68841,70,3583,72494,129623,33433
16,MICHOACAN,2,PURUÁNDIRO,CC_PT_PH_ES,0,68841,70,3583,72494,129623,7948
16,MICHOACAN,2,PURUÁNDIRO,CC_PRD_PT,0,68841,70,3583,72494,129623,32175
16,MICHOACAN,2,PURUÁNDIRO,CC_PRD_ES,0,68841,70,3583,72494,129623,26743
16,MICHOACAN,2,PURUÁNDIRO,CC_PRD_NUAL,0,68841,70,3583,72494,129623,29055
16,MICHOACAN,2,PURUÁNDIRO,CC_PT_ES,0,68841,70,3583,72494,129623,7948
16,MICHOACAN,2,PURUÁNDIRO,CC_PAN_PT,0,68841,70,3583,72494,129623,14474
16,MICHOACAN,3,MARAVATÍO,PAN,12337,72495,44,3516,76055,128194,12337
16,MICHOACAN,3,MARAVATÍO,PRI,18245,72495,44,3516,76055,128194,18245
16,MICHOACAN,3,MARAVATÍO,PRD,22586,72495,44,3516,76055,128194,22586
16,MICHOACAN,3,MARAVATÍO,PT,1711,72495,44,3516,76055,128194,1711
16,MICHOACAN,3,MARAVATÍO,PVEM,1773,72495,44,3516,76055,128194,1773
16,MICHOACAN,3,MARAVATÍO,MC,7353,72495,44,3516,76055,128194,7353
16,MICHOACAN,3,MARAVATÍO,NUAL,3909,72495,44,3516,76055,128194,3909
16,MICHOACAN,3,MARAVATÍO,MORENA,1842,72495,44,3516,76055,128194,1842
16,MICHOACAN,3,MARAVATÍO,PH,876,72495,44,3516,76055,128194,876
16,MICHOACAN,3,MARAVATÍO,ES,1014,72495,44,3516,76055,128194,1014
16,MICHOACAN,3,MARAVATÍO,CAND_IND6,0,72495,44,3516,76055,128194,0
16,MICHOACAN,3,MARAVATÍO,PRI_PVEM,308,72495,44,3516,76055,128194,20326
16,MICHOACAN,3,MARAVATÍO,CC_PRD_PT_PH_ES,0,72495,44,3516,76055,128194,26187
16,MICHOACAN,3,MARAVATÍO,CC_PRD_PT_PH,0,72495,44,3516,76055,128194,25173
16,MICHOACAN,3,MARAVATÍO,CC_PRD_PT_ES,0,72495,44,3516,76055,128194,25311
16,MICHOACAN,3,MARAVATÍO,CC_PT_PH_ES,0,72495,44,3516,76055,128194,3601
16,MICHOACAN,3,MARAVATÍO,CC_PRD_PT,541,72495,44,3516,76055,128194,24838
16,MICHOACAN,3,MARAVATÍO,CC_PRD_ES,0,72495,44,3516,76055,128194,23600
16,MICHOACAN,3,MARAVATÍO,CC_PRD_NUAL,0,72495,44,3516,76055,128194,26495
16,MICHOACAN,3,MARAVATÍO,CC_PT_ES,0,72495,44,3516,76055,128194,2725
16,MICHOACAN,3,MARAVATÍO,CC_PAN_PT,0,72495,44,3516,76055,128194,14048
16,MICHOACAN,4,JIQUILPAN,PAN,22552,89369,30,2866,92265,152023,22552
16,MICHOACAN,4,JIQUILPAN,PRI,27516,89369,30,2866,92265,152023,27516
16,MICHOACAN,4,JIQUILPAN,PRD,19758,89369,30,2866,92265,152023,19758
16,MICHOACAN,4,JIQUILPAN,PT,2127,89369,30,2866,92265,152023,2127
16,MICHOACAN,4,JIQUILPAN,PVEM,7112,89369,30,2866,92265,152023,7112
16,MICHOACAN,4,JIQUILPAN,MC,3637,89369,30,2866,92265,152023,3637
16,MICHOACAN,4,JIQUILPAN,NUAL,1689,89369,30,2866,92265,152023,1689
16,MICHOACAN,4,JIQUILPAN,MORENA,3293,89369,30,2866,92265,152023,3293
16,MICHOACAN,4,JIQUILPAN,PH,0,89369,30,2866,92265,152023,0
16,MICHOACAN,4,JIQUILPAN,ES,456,89369,30,2866,92265,152023,456
16,MICHOACAN,4,JIQUILPAN,CAND_IND6,0,89369,30,2866,92265,152023,0
16,MICHOACAN,4,JIQUILPAN,PRI_PVEM,682,89369,30,2866,92265,152023,35310
16,MICHOACAN,4,JIQUILPAN,CC_PRD_PT_PH_ES,0,89369,30,2866,92265,152023,22341
16,MICHOACAN,4,JIQUILPAN,CC_PRD_PT_PH,0,89369,30,2866,92265,152023,21885
16,MICHOACAN,4,JIQUILPAN,CC_PRD_PT_ES,547,89369,30,2866,92265,152023,22888
16,MICHOACAN,4,JIQUILPAN,CC_PT_PH_ES,0,89369,30,2866,92265,152023,2583
16,MICHOACAN,4,JIQUILPAN,CC_PRD_PT,0,89369,30,2866,92265,152023,21885
16,MICHOACAN,4,JIQUILPAN,CC_PRD_ES,0,89369,30,2866,92265,152023,20214
16,MICHOACAN,4,JIQUILPAN,CC_PRD_NUAL,0,89369,30,2866,92265,152023,21447
16,MICHOACAN,4,JIQUILPAN,CC_PT_ES,0,89369,30,2866,92265,152023,2583
16,MICHOACAN,4,JIQUILPAN,CC_PAN_PT,0,89369,30,2866,92265,152023,24679
16,MICHOACAN,5,JACONA,PAN,13502,77857,43,3404,81304,152751,13502
16,MICHOACAN,5,JACONA,PRI,23013,77857,43,3404,81304,152751,23013
16,MICHOACAN,5,JACONA,PRD,15631,77857,43,3404,81304,152751,15631
16,MICHOACAN,5,JACONA,PT,2419,77857,43,3404,81304,152751,2419
16,MICHOACAN,5,JACONA,PVEM,4670,77857,43,3404,81304,152751,4670
16,MICHOACAN,5,JACONA,MC,6189,77857,43,3404,81304,152751,6189
16,MICHOACAN,5,JACONA,NUAL,2000,77857,43,3404,81304,152751,2000
16,MICHOACAN,5,JACONA,MORENA,3158,77857,43,3404,81304,152751,3158
16,MICHOACAN,5,JACONA,PH,770,77857,43,3404,81304,152751,770
16,MICHOACAN,5,JACONA,ES,5109,77857,43,3404,81304,152751,5109
16,MICHOACAN,5,JACONA,CAND_IND6,0,77857,43,3404,81304,152751,0
16,MICHOACAN,5,JACONA,PRI_PVEM,919,77857,43,3404,81304,152751,28602
16,MICHOACAN,5,JACONA,CC_PRD_PT_PH_ES,0,77857,43,3404,81304,152751,23929
16,MICHOACAN,5,JACONA,CC_PRD_PT_PH,477,77857,43,3404,81304,152751,19297
16,MICHOACAN,5,JACONA,CC_PRD_PT_ES,0,77857,43,3404,81304,152751,23159
16,MICHOACAN,5,JACONA,CC_PT_PH_ES,0,77857,43,3404,81304,152751,8298
16,MICHOACAN,5,JACONA,CC_PRD_PT,0,77857,43,3404,81304,152751,18050
16,MICHOACAN,5,JACONA,CC_PRD_ES,0,77857,43,3404,81304,152751,20740
16,MICHOACAN,5,JACONA,CC_PRD_NUAL,0,77857,43,3404,81304,152751,17631
16,MICHOACAN,5,JACONA,CC_PT_ES,0,77857,43,3404,81304,152751,7528
16,MICHOACAN,5,JACONA,CC_PAN_PT,0,77857,43,3404,81304,152751,15921
16,MICHOACAN,6,ZAMORA,PAN,14154,54883,107,2894,57884,136998,14154
16,MICHOACAN,6,ZAMORA,PRI,13064,54883,107,2894,57884,136998,13064
16,MICHOACAN,6,ZAMORA,PRD,7073,54883,107,2894,57884,136998,7073
16,MICHOACAN,6,ZAMORA,PT,5582,54883,107,2894,57884,136998,5582
16,MICHOACAN,6,ZAMORA,PVEM,2640,54883,107,2894,57884,136998,2640
16,MICHOACAN,6,ZAMORA,MC,3453,54883,107,2894,57884,136998,3453
16,MICHOACAN,6,ZAMORA,NUAL,1473,54883,107,2894,57884,136998,1473
16,MICHOACAN,6,ZAMORA,MORENA,4261,54883,107,2894,57884,136998,4261
16,MICHOACAN,6,ZAMORA,PH,1186,54883,107,2894,57884,136998,1186
16,MICHOACAN,6,ZAMORA,ES,1470,54883,107,2894,57884,136998,1470
16,MICHOACAN,6,ZAMORA,CAND_IND6,0,54883,107,2894,57884,136998,0
16,MICHOACAN,6,ZAMORA,PRI_PVEM,468,54883,107,2894,57884,136998,16172
16,MICHOACAN,6,ZAMORA,CC_PRD_PT_PH_ES,0,54883,107,2894,57884,136998,15311
16,MICHOACAN,6,ZAMORA,CC_PRD_PT_PH,0,54883,107,2894,57884,136998,13841
16,MICHOACAN,6,ZAMORA,CC_PRD_PT_ES,0,54883,107,2894,57884,136998,14125
16,MICHOACAN,6,ZAMORA,CC_PT_PH_ES,59,54883,107,2894,57884,136998,8297
16,MICHOACAN,6,ZAMORA,CC_PRD_PT,0,54883,107,2894,57884,136998,12655
16,MICHOACAN,6,ZAMORA,CC_PRD_ES,0,54883,107,2894,57884,136998,8543
16,MICHOACAN,6,ZAMORA,CC_PRD_NUAL,0,54883,107,2894,57884,136998,8546
16,MICHOACAN,6,ZAMORA,CC_PT_ES,0,54883,107,2894,57884,136998,7052
16,MICHOACAN,6,ZAMORA,CC_PAN_PT,0,54883,107,2894,57884,136998,19736
16,MICHOACAN,7,ZACAPU,PAN,12459,74375,96,4494,78965,134399,12459
16,MICHOACAN,7,ZACAPU,PRI,16857,74375,96,4494,78965,134399,16857
16,MICHOACAN,7,ZACAPU,PRD,22136,74375,96,4494,78965,134399,22136
16,MICHOACAN,7,ZACAPU,PT,3397,74375,96,4494,78965,134399,3397
16,MICHOACAN,7,ZACAPU,PVEM,3496,74375,96,4494,78965,134399,3496
16,MICHOACAN,7,ZACAPU,MC,7021,74375,96,4494,78965,134399,7021
16,MICHOACAN,7,ZACAPU,NUAL,2787,74375,96,4494,78965,134399,2787
16,MICHOACAN,7,ZACAPU,MORENA,5217,74375,96,4494,78965,134399,5217
16,MICHOACAN,7,ZACAPU,PH,0,74375,96,4494,78965,134399,0
16,MICHOACAN,7,ZACAPU,ES,638,74375,96,4494,78965,134399,638
16,MICHOACAN,7,ZACAPU,CAND_IND6,0,74375,96,4494,78965,134399,0
16,MICHOACAN,7,ZACAPU,PRI_PVEM,116,74375,96,4494,78965,134399,20469
16,MICHOACAN,7,ZACAPU,CC_PRD_PT_PH_ES,0,74375,96,4494,78965,134399,26171
16,MICHOACAN,7,ZACAPU,CC_PRD_PT_PH,0,74375,96,4494,78965,134399,25533
16,MICHOACAN,7,ZACAPU,CC_PRD_PT_ES,251,74375,96,4494,78965,134399,26422
16,MICHOACAN,7,ZACAPU,CC_PT_PH_ES,0,74375,96,4494,78965,134399,4035
16,MICHOACAN,7,ZACAPU,CC_PRD_PT,0,74375,96,4494,78965,134399,25533
16,MICHOACAN,7,ZACAPU,CC_PRD_ES,0,74375,96,4494,78965,134399,22774
16,MICHOACAN,7,ZACAPU,CC_PRD_NUAL,0,74375,96,4494,78965,134399,24923
16,MICHOACAN,7,ZACAPU,CC_PT_ES,0,74375,96,4494,78965,134399,4035
16,MICHOACAN,7,ZACAPU,CC_PAN_PT,0,74375,96,4494,78965,134399,15856
16,MICHOACAN,8,ZINAPÉCUARO,PAN,14211,92405,89,4850,97344,172940,14211
16,MICHOACAN,8,ZINAPÉCUARO,PRI,24931,92405,89,4850,97344,172940,24931
16,MICHOACAN,8,ZINAPÉCUARO,PRD,21193,92405,89,4850,97344,172940,21193
16,MICHOACAN,8,ZINAPÉCUARO,PT,11477,92405,89,4850,97344,172940,11477
16,MICHOACAN,8,ZINAPÉCUARO,PVEM,4538,92405,89,4850,97344,172940,4538
16,MICHOACAN,8,ZINAPÉCUARO,MC,6076,92405,89,4850,97344,172940,6076
16,MICHOACAN,8,ZINAPÉCUARO,NUAL,1896,92405,89,4850,97344,172940,1896
16,MICHOACAN,8,ZINAPÉCUARO,MORENA,4733,92405,89,4850,97344,172940,4733
16,MICHOACAN,8,ZINAPÉCUARO,PH,0,92405,89,4850,97344,172940,0
16,MICHOACAN,8,ZINAPÉCUARO,ES,1944,92405,89,4850,97344,172940,1944
16,MICHOACAN,8,ZINAPÉCUARO,CAND_IND6,0,92405,89,4850,97344,172940,0
16,MICHOACAN,8,ZINAPÉCUARO,PRI_PVEM,638,92405,89,4850,97344,172940,30107
16,MICHOACAN,8,ZINAPÉCUARO,CC_PRD_PT_PH_ES,0,92405,89,4850,97344,172940,34614
16,MICHOACAN,8,ZINAPÉCUARO,CC_PRD_PT_PH,0,92405,89,4850,97344,172940,32670
16,MICHOACAN,8,ZINAPÉCUARO,CC_PRD_PT_ES,0,92405,89,4850,97344,172940,34614
16,MICHOACAN,8,ZINAPÉCUARO,CC_PT_PH_ES,0,92405,89,4850,97344,172940,13421
16,MICHOACAN,8,ZINAPÉCUARO,CC_PRD_PT,768,92405,89,4850,97344,172940,33438
16,MICHOACAN,8,ZINAPÉCUARO,CC_PRD_ES,0,92405,89,4850,97344,172940,23137
16,MICHOACAN,8,ZINAPÉCUARO,CC_PRD_NUAL,0,92405,89,4850,97344,172940,23089
16,MICHOACAN,8,ZINAPÉCUARO,CC_PT_ES,0,92405,89,4850,97344,172940,13421
16,MICHOACAN,8,ZINAPÉCUARO,CC_PAN_PT,0,92405,89,4850,97344,172940,25688
16,MICHOACAN,9,LOS REYES,PAN,16319,68676,53,2977,71706,128280,16319
16,MICHOACAN,9,LOS REYES,PRI,17069,68676,53,2977,71706,128280,17069
16,MICHOACAN,9,LOS REYES,PRD,16992,68676,53,2977,71706,128280,16992
16,MICHOACAN,9,LOS REYES,PT,4278,68676,53,2977,71706,128280,4278
16,MICHOACAN,9,LOS REYES,PVEM,6487,68676,53,2977,71706,128280,6487
16,MICHOACAN,9,LOS REYES,MC,3181,68676,53,2977,71706,128280,3181
16,MICHOACAN,9,LOS REYES,NUAL,747,68676,53,2977,71706,128280,747
16,MICHOACAN,9,LOS REYES,MORENA,1657,68676,53,2977,71706,128280,1657
16,MICHOACAN,9,LOS REYES,PH,0,68676,53,2977,71706,128280,0
16,MICHOACAN,9,LOS REYES,ES,516,68676,53,2977,71706,128280,516
16,MICHOACAN,9,LOS REYES,CAND_IND6,0,68676,53,2977,71706,128280,0
16,MICHOACAN,9,LOS REYES,PRI_PVEM,584,68676,53,2977,71706,128280,24140
16,MICHOACAN,9,LOS REYES,CC_PRD_PT_PH_ES,0,68676,53,2977,71706,128280,21786
16,MICHOACAN,9,LOS REYES,CC_PRD_PT_PH,0,68676,53,2977,71706,128280,21270
16,MICHOACAN,9,LOS REYES,CC_PRD_PT_ES,846,68676,53,2977,71706,128280,22632
16,MICHOACAN,9,LOS REYES,CC_PT_PH_ES,0,68676,53,2977,71706,128280,4794
16,MICHOACAN,9,LOS REYES,CC_PRD_PT,0,68676,53,2977,71706,128280,21270
16,MICHOACAN,9,LOS REYES,CC_PRD_ES,0,68676,53,2977,71706,128280,17508
16,MICHOACAN,9,LOS REYES,CC_PRD_NUAL,0,68676,53,2977,71706,128280,17739
16,MICHOACAN,9,LOS REYES,CC_PT_ES,0,68676,53,2977,71706,128280,4794
16,MICHOACAN,9,LOS REYES,CC_PAN_PT,0,68676,53,2977,71706,128280,20597
16,MICHOACAN,10,MORELIA NOROESTE,PAN,11716,59936,182,5563,65681,146552,11716
16,MICHOACAN,10,MORELIA NOROESTE,PRI,16595,59936,182,5563,65681,146552,16595
16,MICHOACAN,10,MORELIA NOROESTE,PRD,11398,59936,182,5563,65681,146552,11398
16,MICHOACAN,10,MORELIA NOROESTE,PT,2187,59936,182,5563,65681,146552,2187
16,MICHOACAN,10,MORELIA NOROESTE,PVEM,5084,59936,182,5563,65681,146552,5084
16,MICHOACAN,10,MORELIA NOROESTE,MC,2243,59936,182,5563,65681,146552,2243
16,MICHOACAN,10,MORELIA NOROESTE,NUAL,1459,59936,182,5563,65681,146552,1459
16,MICHOACAN,10,MORELIA NOROESTE,MORENA,4112,59936,182,5563,65681,146552,4112
16,MICHOACAN,10,MORELIA NOROESTE,PH,2054,59936,182,5563,65681,146552,2054
16,MICHOACAN,10,MORELIA NOROESTE,ES,2709,59936,182,5563,65681,146552,2709
16,MICHOACAN,10,MORELIA NOROESTE,CAND_IND6,0,59936,182,5563,65681,146552,0
16,MICHOACAN,10,MORELIA NOROESTE,PRI_PVEM,0,59936,182,5563,65681,146552,21679
16,MICHOACAN,10,MORELIA NOROESTE,CC_PRD_PT_PH_ES,0,59936,182,5563,65681,146552,18348
16,MICHOACAN,10,MORELIA NOROESTE,CC_PRD_PT_PH,0,59936,182,5563,65681,146552,15639
16,MICHOACAN,10,MORELIA NOROESTE,CC_PRD_PT_ES,0,59936,182,5563,65681,146552,16294
16,MICHOACAN,10,MORELIA NOROESTE,CC_PT_PH_ES,0,59936,182,5563,65681,146552,6950
16,MICHOACAN,10,MORELIA NOROESTE,CC_PRD_PT,379,59936,182,5563,65681,146552,13964
16,MICHOACAN,10,MORELIA NOROESTE,CC_PRD_ES,0,59936,182,5563,65681,146552,14107
16,MICHOACAN,10,MORELIA NOROESTE,CC_PRD_NUAL,0,59936,182,5563,65681,146552,12857
16,MICHOACAN,10,MORELIA NOROESTE,CC_PT_ES,0,59936,182,5563,65681,146552,4896
16,MICHOACAN,10,MORELIA NOROESTE,CC_PAN_PT,0,59936,182,5563,65681,146552,13903
16,MICHOACAN,11,MORELIA NORESTE,PAN,14107,54301,145,4643,59089,122027,14107
16,MICHOACAN,11,MORELIA NORESTE,PRI,12942,54301,145,4643,59089,122027,12942
16,MICHOACAN,11,MORELIA NORESTE,PRD,8821,54301,145,4643,59089,122027,8821
16,MICHOACAN,11,MORELIA NORESTE,PT,3102,54301,145,4643,59089,122027,3102
16,MICHOACAN,11,MORELIA NORESTE,PVEM,3579,54301,145,4643,59089,122027,3579
16,MICHOACAN,11,MORELIA NORESTE,MC,2067,54301,145,4643,59089,122027,2067
16,MICHOACAN,11,MORELIA NORESTE,NUAL,1149,54301,145,4643,59089,122027,1149
16,MICHOACAN,11,MORELIA NORESTE,MORENA,3767,54301,145,4643,59089,122027,3767
16,MICHOACAN,11,MORELIA NORESTE,PH,1806,54301,145,4643,59089,122027,1806
16,MICHOACAN,11,MORELIA NORESTE,ES,2173,54301,145,4643,59089,122027,2173
16,MICHOACAN,11,MORELIA NORESTE,CAND_IND6,0,54301,145,4643,59089,122027,0
16,MICHOACAN,11,MORELIA NORESTE,PRI_PVEM,677,54301,145,4643,59089,122027,17198
16,MICHOACAN,11,MORELIA NORESTE,CC_PRD_PT_PH_ES,0,54301,145,4643,59089,122027,15902
16,MICHOACAN,11,MORELIA NORESTE,CC_PRD_PT_PH,0,54301,145,4643,59089,122027,13729
16,MICHOACAN,11,MORELIA NORESTE,CC_PRD_PT_ES,0,54301,145,4643,59089,122027,14096
16,MICHOACAN,11,MORELIA NORESTE,CC_PT_PH_ES,0,54301,145,4643,59089,122027,7081
16,MICHOACAN,11,MORELIA NORESTE,CC_PRD_PT,0,54301,145,4643,59089,122027,11923
16,MICHOACAN,11,MORELIA NORESTE,CC_PRD_ES,0,54301,145,4643,59089,122027,10994
16,MICHOACAN,11,MORELIA NORESTE,CC_PRD_NUAL,0,54301,145,4643,59089,122027,9970
16,MICHOACAN,11,MORELIA NORESTE,CC_PT_ES,111,54301,145,4643,59089,122027,5386
16,MICHOACAN,11,MORELIA NORESTE,CC_PAN_PT,0,54301,145,4643,59089,122027,17209
16,MICHOACAN,12,HIDALGO,PAN,4597,35959,14,1733,37706,138010,4597
16,MICHOACAN,12,HIDALGO,PRI,8732,35959,14,1733,37706,138010,8732
16,MICHOACAN,12,HIDALGO,PRD,13466,35959,14,1733,37706,138010,13466
16,MICHOACAN,12,HIDALGO,PT,2356,35959,14,1733,37706,138010,2356
16,MICHOACAN,12,HIDALGO,PVEM,1948,35959,14,1733,37706,138010,1948
16,MICHOACAN,12,HIDALGO,MC,464,35959,14,1733,37706,138010,464
16,MICHOACAN,12,HIDALGO,NUAL,2814,35959,14,1733,37706,138010,2814
16,MICHOACAN,12,HIDALGO,MORENA,546,35959,14,1733,37706,138010,546
16,MICHOACAN,12,HIDALGO,PH,0,35959,14,1733,37706,138010,0
16,MICHOACAN,12,HIDALGO,ES,400,35959,14,1733,37706,138010,400
16,MICHOACAN,12,HIDALGO,CAND_IND6,0,35959,14,1733,37706,138010,0
16,MICHOACAN,12,HIDALGO,PRI_PVEM,0,35959,14,1733,37706,138010,10680
16,MICHOACAN,12,HIDALGO,CC_PRD_PT_PH_ES,0,35959,14,1733,37706,138010,16222
16,MICHOACAN,12,HIDALGO,CC_PRD_PT_PH,0,35959,14,1733,37706,138010,15822
16,MICHOACAN,12,HIDALGO,CC_PRD_PT_ES,0,35959,14,1733,37706,138010,16222
16,MICHOACAN,12,HIDALGO,CC_PT_PH_ES,0,35959,14,1733,37706,138010,2756
16,MICHOACAN,12,HIDALGO,CC_PRD_PT,0,35959,14,1733,37706,138010,15822
16,MICHOACAN,12,HIDALGO,CC_PRD_ES,0,35959,14,1733,37706,138010,13866
16,MICHOACAN,12,HIDALGO,CC_PRD_NUAL,636,35959,14,1733,37706,138010,16916
16,MICHOACAN,12,HIDALGO,CC_PT_ES,0,35959,14,1733,37706,138010,2756
16,MICHOACAN,12,HIDALGO,CC_PAN_PT,0,35959,14,1733,37706,138010,6953
16,MICHOACAN,13,ZITÁCUARO,PAN,13130,71477,63,4106,75646,129045,13130
16,MICHOACAN,13,ZITÁCUARO,PRI,16989,71477,63,4106,75646,129045,16989
16,MICHOACAN,13,ZITÁCUARO,PRD,15997,71477,63,4106,75646,129045,15997
16,MICHOACAN,13,ZITÁCUARO,PT,6642,71477,63,4106,75646,129045,6642
16,MICHOACAN,13,ZITÁCUARO,PVEM,4701,71477,63,4106,75646,129045,4701
16,MICHOACAN,13,ZITÁCUARO,MC,2301,71477,63,4106,75646,129045,2301
16,MICHOACAN,13,ZITÁCUARO,NUAL,2901,71477,63,4106,75646,129045,2901
16,MICHOACAN,13,ZITÁCUARO,MORENA,3409,71477,63,4106,75646,129045,3409
16,MICHOACAN,13,ZITÁCUARO,PH,1942,71477,63,4106,75646,129045,1942
16,MICHOACAN,13,ZITÁCUARO,ES,1313,71477,63,4106,75646,129045,1313
16,MICHOACAN,13,ZITÁCUARO,CAND_IND6,0,71477,63,4106,75646,129045,0
16,MICHOACAN,13,ZITÁCUARO,PRI_PVEM,899,71477,63,4106,75646,129045,22589
16,MICHOACAN,13,ZITÁCUARO,CC_PRD_PT_PH_ES,0,71477,63,4106,75646,129045,25894
16,MICHOACAN,13,ZITÁCUARO,CC_PRD_PT_PH,0,71477,63,4106,75646,129045,24581
16,MICHOACAN,13,ZITÁCUARO,CC_PRD_PT_ES,0,71477,63,4106,75646,129045,23952
16,MICHOACAN,13,ZITÁCUARO,CC_PT_PH_ES,0,71477,63,4106,75646,129045,9897
16,MICHOACAN,13,ZITÁCUARO,CC_PRD_PT,1253,71477,63,4106,75646,129045,23892
16,MICHOACAN,13,ZITÁCUARO,CC_PRD_ES,0,71477,63,4106,75646,129045,17310
16,MICHOACAN,13,ZITÁCUARO,CC_PRD_NUAL,0,71477,63,4106,75646,129045,18898
16,MICHOACAN,13,ZITÁCUARO,CC_PT_ES,0,71477,63,4106,75646,129045,7955
16,MICHOACAN,13,ZITÁCUARO,CC_PAN_PT,0,71477,63,4106,75646,129045,19772
16,MICHOACAN,14,URUAPAN NORTE,PAN,11105,58363,57,3227,61647,123219,11105
16,MICHOACAN,14,URUAPAN NORTE,PRI,13425,58363,57,3227,61647,123219,13425
16,MICHOACAN,14,URUAPAN NORTE,PRD,20611,58363,57,3227,61647,123219,20611
16,MICHOACAN,14,URUAPAN NORTE,PT,1065,58363,57,3227,61647,123219,1065
16,MICHOACAN,14,URUAPAN NORTE,PVEM,2146,58363,57,3227,61647,123219,2146
16,MICHOACAN,14,URUAPAN NORTE,MC,1347,58363,57,3227,61647,123219,1347
16,MICHOACAN,14,URUAPAN NORTE,NUAL,1978,58363,57,3227,61647,123219,1978
16,MICHOACAN,14,URUAPAN NORTE,MORENA,3083,58363,57,3227,61647,123219,3083
16,MICHOACAN,14,URUAPAN NORTE,PH,2458,58363,57,3227,61647,123219,2458
16,MICHOACAN,14,URUAPAN NORTE,ES,650,58363,57,3227,61647,123219,650
16,MICHOACAN,14,URUAPAN NORTE,CAND_IND6,0,58363,57,3227,61647,123219,0
16,MICHOACAN,14,URUAPAN NORTE,PRI_PVEM,156,58363,57,3227,61647,123219,15727
16,MICHOACAN,14,URUAPAN NORTE,CC_PRD_PT_PH_ES,0,58363,57,3227,61647,123219,24784
16,MICHOACAN,14,URUAPAN NORTE,CC_PRD_PT_PH,0,58363,57,3227,61647,123219,24134
16,MICHOACAN,14,URUAPAN NORTE,CC_PRD_PT_ES,0,58363,57,3227,61647,123219,22326
16,MICHOACAN,14,URUAPAN NORTE,CC_PT_PH_ES,0,58363,57,3227,61647,123219,4173
16,MICHOACAN,14,URUAPAN NORTE,CC_PRD_PT,339,58363,57,3227,61647,123219,22015
16,MICHOACAN,14,URUAPAN NORTE,CC_PRD_ES,0,58363,57,3227,61647,123219,21261
16,MICHOACAN,14,URUAPAN NORTE,CC_PRD_NUAL,0,58363,57,3227,61647,123219,22589
16,MICHOACAN,14,URUAPAN NORTE,CC_PT_ES,0,58363,57,3227,61647,123219,1715
16,MICHOACAN,14,URUAPAN NORTE,CC_PAN_PT,0,58363,57,3227,61647,123219,12170
16,MICHOACAN,15,PÁTZCUARO,PAN,16164,87960,151,6064,94175,157008,16164
16,MICHOACAN,15,PÁTZCUARO,PRI,22874,87960,151,6064,94175,157008,22874
16,MICHOACAN,15,PÁTZCUARO,PRD,28711,87960,151,6064,94175,157008,28711
16,MICHOACAN,15,PÁTZCUARO,PT,2016,87960,151,6064,94175,157008,2016
16,MICHOACAN,15,PÁTZCUARO,PVEM,5874,87960,151,6064,94175,157008,5874
16,MICHOACAN,15,PÁTZCUARO,MC,3678,87960,151,6064,94175,157008,3678
16,MICHOACAN,15,PÁTZCUARO,NUAL,1476,87960,151,6064,94175,157008,1476
16,MICHOACAN,15,PÁTZCUARO,MORENA,4410,87960,151,6064,94175,157008,4410
16,MICHOACAN,15,PÁTZCUARO,PH,0,87960,151,6064,94175,157008,0
16,MICHOACAN,15,PÁTZCUARO,ES,1752,87960,151,6064,94175,157008,1752
16,MICHOACAN,15,PÁTZCUARO,CAND_IND6,0,87960,151,6064,94175,157008,0
16,MICHOACAN,15,PÁTZCUARO,PRI_PVEM,411,87960,151,6064,94175,157008,29159
16,MICHOACAN,15,PÁTZCUARO,CC_PRD_PT_PH_ES,0,87960,151,6064,94175,157008,32479
16,MICHOACAN,15,PÁTZCUARO,CC_PRD_PT_PH,0,87960,151,6064,94175,157008,30727
16,MICHOACAN,15,PÁTZCUARO,CC_PRD_PT_ES,0,87960,151,6064,94175,157008,32479
16,MICHOACAN,15,PÁTZCUARO,CC_PT_PH_ES,0,87960,151,6064,94175,157008,3768
16,MICHOACAN,15,PÁTZCUARO,CC_PRD_PT,594,87960,151,6064,94175,157008,31321
16,MICHOACAN,15,PÁTZCUARO,CC_PRD_ES,0,87960,151,6064,94175,157008,30463
16,MICHOACAN,15,PÁTZCUARO,CC_PRD_NUAL,0,87960,151,6064,94175,157008,30187
16,MICHOACAN,15,PÁTZCUARO,CC_PT_ES,0,87960,151,6064,94175,157008,3768
16,MICHOACAN,15,PÁTZCUARO,CC_PAN_PT,0,87960,151,6064,94175,157008,18180
16,MICHOACAN,16,MORELIA SUROESTE,PAN,19673,71141,260,6706,78107,163797,19673
16,MICHOACAN,16,MORELIA SUROESTE,PRI,17499,71141,260,6706,78107,163797,17499
16,MICHOACAN,16,MORELIA SUROESTE,PRD,11124,71141,260,6706,78107,163797,11124
16,MICHOACAN,16,MORELIA SUROESTE,PT,2034,71141,260,6706,78107,163797,2034
16,MICHOACAN,16,MORELIA SUROESTE,PVEM,3607,71141,260,6706,78107,163797,3607
16,MICHOACAN,16,MORELIA SUROESTE,MC,4319,71141,260,6706,78107,163797,4319
16,MICHOACAN,16,MORELIA SUROESTE,NUAL,1544,71141,260,6706,78107,163797,1544
16,MICHOACAN,16,MORELIA SUROESTE,MORENA,5357,71141,260,6706,78107,163797,5357
16,MICHOACAN,16,MORELIA SUROESTE,PH,2643,71141,260,6706,78107,163797,2643
16,MICHOACAN,16,MORELIA SUROESTE,ES,2948,71141,260,6706,78107,163797,2948
16,MICHOACAN,16,MORELIA SUROESTE,CAND_IND6,0,71141,260,6706,78107,163797,0
16,MICHOACAN,16,MORELIA SUROESTE,PRI_PVEM,0,71141,260,6706,78107,163797,21106
16,MICHOACAN,16,MORELIA SUROESTE,CC_PRD_PT_PH_ES,0,71141,260,6706,78107,163797,18749
16,MICHOACAN,16,MORELIA SUROESTE,CC_PRD_PT_PH,0,71141,260,6706,78107,163797,15801
16,MICHOACAN,16,MORELIA SUROESTE,CC_PRD_PT_ES,0,71141,260,6706,78107,163797,16106
16,MICHOACAN,16,MORELIA SUROESTE,CC_PT_PH_ES,0,71141,260,6706,78107,163797,7625
16,MICHOACAN,16,MORELIA SUROESTE,CC_PRD_PT,393,71141,260,6706,78107,163797,13551
16,MICHOACAN,16,MORELIA SUROESTE,CC_PRD_ES,0,71141,260,6706,78107,163797,14072
16,MICHOACAN,16,MORELIA SUROESTE,CC_PRD_NUAL,0,71141,260,6706,78107,163797,12668
16,MICHOACAN,16,MORELIA SUROESTE,CC_PT_ES,0,71141,260,6706,78107,163797,4982
16,MICHOACAN,16,MORELIA SUROESTE,CC_PAN_PT,0,71141,260,6706,78107,163797,21707
16,MICHOACAN,17,MORELIA SURESTE,PAN,22279,63950,208,6244,70402,126334,22279
16,MICHOACAN,17,MORELIA SURESTE,PRI,14829,63950,208,6244,70402,126334,14829
16,MICHOACAN,17,MORELIA SURESTE,PRD,8343,63950,208,6244,70402,126334,8343
16,MICHOACAN,17,MORELIA SURESTE,PT,2412,63950,208,6244,70402,126334,2412
16,MICHOACAN,17,MORELIA SURESTE,PVEM,2813,63950,208,6244,70402,126334,2813
16,MICHOACAN,17,MORELIA SURESTE,MC,2742,63950,208,6244,70402,126334,2742
16,MICHOACAN,17,MORELIA SURESTE,NUAL,1285,63950,208,6244,70402,126334,1285
16,MICHOACAN,17,MORELIA SURESTE,MORENA,4077,63950,208,6244,70402,126334,4077
16,MICHOACAN,17,MORELIA SURESTE,PH,2252,63950,208,6244,70402,126334,2252
16,MICHOACAN,17,MORELIA SURESTE,ES,2050,63950,208,6244,70402,126334,2050
16,MICHOACAN,17,MORELIA SURESTE,CAND_IND6,0,63950,208,6244,70402,126334,0
16,MICHOACAN,17,MORELIA SURESTE,PRI_PVEM,737,63950,208,6244,70402,126334,18379
16,MICHOACAN,17,MORELIA SURESTE,CC_PRD_PT_PH_ES,0,63950,208,6244,70402,126334,15057
16,MICHOACAN,17,MORELIA SURESTE,CC_PRD_PT_PH,0,63950,208,6244,70402,126334,13007
16,MICHOACAN,17,MORELIA SURESTE,CC_PRD_PT_ES,0,63950,208,6244,70402,126334,12805
16,MICHOACAN,17,MORELIA SURESTE,CC_PT_PH_ES,0,63950,208,6244,70402,126334,6714
16,MICHOACAN,17,MORELIA SURESTE,CC_PRD_PT,0,63950,208,6244,70402,126334,10755
16,MICHOACAN,17,MORELIA SURESTE,CC_PRD_ES,0,63950,208,6244,70402,126334,10393
16,MICHOACAN,17,MORELIA SURESTE,CC_PRD_NUAL,0,63950,208,6244,70402,126334,9628
16,MICHOACAN,17,MORELIA SURESTE,CC_PT_ES,131,63950,208,6244,70402,126334,4593
16,MICHOACAN,17,MORELIA SURESTE,CC_PAN_PT,0,63950,208,6244,70402,126334,24691
16,MICHOACAN,18,HUETAMO,PAN,2820,66939,13,2577,69529,106125,2820
16,MICHOACAN,18,HUETAMO,PRI,23169,66939,13,2577,69529,106125,23169
16,MICHOACAN,18,HUETAMO,PRD,28049,66939,13,2577,69529,106125,28049
16,MICHOACAN,18,HUETAMO,PT,4060,66939,13,2577,69529,106125,4060
16,MICHOACAN,18,HUETAMO,PVEM,2252,66939,13,2577,69529,106125,2252
16,MICHOACAN,18,HUETAMO,MC,3697,66939,13,2577,69529,106125,3697
16,MICHOACAN,18,HUETAMO,NUAL,851,66939,13,2577,69529,106125,851
16,MICHOACAN,18,HUETAMO,MORENA,1297,66939,13,2577,69529,106125,1297
16,MICHOACAN,18,HUETAMO,PH,218,66939,13,2577,69529,106125,218
16,MICHOACAN,18,HUETAMO,ES,290,66939,13,2577,69529,106125,290
16,MICHOACAN,18,HUETAMO,CAND_IND6,0,66939,13,2577,69529,106125,0
16,MICHOACAN,18,HUETAMO,PRI_PVEM,228,66939,13,2577,69529,106125,25649
16,MICHOACAN,18,HUETAMO,CC_PRD_PT_PH_ES,0,66939,13,2577,69529,106125,32617
16,MICHOACAN,18,HUETAMO,CC_PRD_PT_PH,0,66939,13,2577,69529,106125,32327
16,MICHOACAN,18,HUETAMO,CC_PRD_PT_ES,0,66939,13,2577,69529,106125,32399
16,MICHOACAN,18,HUETAMO,CC_PT_PH_ES,0,66939,13,2577,69529,106125,4568
16,MICHOACAN,18,HUETAMO,CC_PRD_PT,0,66939,13,2577,69529,106125,32109
16,MICHOACAN,18,HUETAMO,CC_PRD_ES,8,66939,13,2577,69529,106125,28347
16,MICHOACAN,18,HUETAMO,CC_PRD_NUAL,0,66939,13,2577,69529,106125,28900
16,MICHOACAN,18,HUETAMO,CC_PT_ES,0,66939,13,2577,69529,106125,4350
16,MICHOACAN,18,HUETAMO,CC_PAN_PT,0,66939,13,2577,69529,106125,6880
16,MICHOACAN,19,TACÁMBARO,PAN,16056,68909,29,3512,72450,119683,16056
16,MICHOACAN,19,TACÁMBARO,PRI,23352,68909,29,3512,72450,119683,23352
16,MICHOACAN,19,TACÁMBARO,PRD,19397,68909,29,3512,72450,119683,19397
16,MICHOACAN,19,TACÁMBARO,PT,981,68909,29,3512,72450,119683,981
16,MICHOACAN,19,TACÁMBARO,PVEM,3421,68909,29,3512,72450,119683,3421
16,MICHOACAN,19,TACÁMBARO,MC,0,68909,29,3512,72450,119683,0
16,MICHOACAN,19,TACÁMBARO,NUAL,1853,68909,29,3512,72450,119683,1853
16,MICHOACAN,19,TACÁMBARO,MORENA,1856,68909,29,3512,72450,119683,1856
16,MICHOACAN,19,TACÁMBARO,PH,0,68909,29,3512,72450,119683,0
16,MICHOACAN,19,TACÁMBARO,ES,623,68909,29,3512,72450,119683,623
16,MICHOACAN,19,TACÁMBARO,CAND_IND6,0,68909,29,3512,72450,119683,0
16,MICHOACAN,19,TACÁMBARO,PRI_PVEM,531,68909,29,3512,72450,119683,27304
16,MICHOACAN,19,TACÁMBARO,CC_PRD_PT_PH_ES,0,68909,29,3512,72450,119683,21001
16,MICHOACAN,19,TACÁMBARO,CC_PRD_PT_PH,0,68909,29,3512,72450,119683,20378
16,MICHOACAN,19,TACÁMBARO,CC_PRD_PT_ES,839,68909,29,3512,72450,119683,21840
16,MICHOACAN,19,TACÁMBARO,CC_PT_PH_ES,0,68909,29,3512,72450,119683,1604
16,MICHOACAN,19,TACÁMBARO,CC_PRD_PT,0,68909,29,3512,72450,119683,20378
16,MICHOACAN,19,TACÁMBARO,CC_PRD_ES,0,68909,29,3512,72450,119683,20020
16,MICHOACAN,19,TACÁMBARO,CC_PRD_NUAL,0,68909,29,3512,72450,119683,21250
16,MICHOACAN,19,TACÁMBARO,CC_PT_ES,0,68909,29,3512,72450,119683,1604
16,MICHOACAN,19,TACÁMBARO,CC_PAN_PT,0,68909,29,3512,72450,119683,17037
16,MICHOACAN,20,URUAPAN SUR,PAN,19776,73949,89,3434,77472,157879,19776
16,MICHOACAN,20,URUAPAN SUR,PRI,19942,73949,89,3434,77472,157879,19942
16,MICHOACAN,20,URUAPAN SUR,PRD,18788,73949,89,3434,77472,157879,18788
16,MICHOACAN,20,URUAPAN SUR,PT,1727,73949,89,3434,77472,157879,1727
16,MICHOACAN,20,URUAPAN SUR,PVEM,2931,73949,89,3434,77472,157879,2931
16,MICHOACAN,20,URUAPAN SUR,MC,1426,73949,89,3434,77472,157879,1426
16,MICHOACAN,20,URUAPAN SUR,NUAL,1841,73949,89,3434,77472,157879,1841
16,MICHOACAN,20,URUAPAN SUR,MORENA,3131,73949,89,3434,77472,157879,3131
16,MICHOACAN,20,URUAPAN SUR,PH,2360,73949,89,3434,77472,157879,2360
16,MICHOACAN,20,URUAPAN SUR,ES,798,73949,89,3434,77472,157879,798
16,MICHOACAN,20,URUAPAN SUR,CAND_IND6,0,73949,89,3434,77472,157879,0
16,MICHOACAN,20,URUAPAN SUR,PRI_PVEM,387,73949,89,3434,77472,157879,23260
16,MICHOACAN,20,URUAPAN SUR,CC_PRD_PT_PH_ES,0,73949,89,3434,77472,157879,23673
16,MICHOACAN,20,URUAPAN SUR,CC_PRD_PT_PH,0,73949,89,3434,77472,157879,22875
16,MICHOACAN,20,URUAPAN SUR,CC_PRD_PT_ES,842,73949,89,3434,77472,157879,22155
16,MICHOACAN,20,URUAPAN SUR,CC_PT_PH_ES,0,73949,89,3434,77472,157879,4885
16,MICHOACAN,20,URUAPAN SUR,CC_PRD_PT,0,73949,89,3434,77472,157879,20515
16,MICHOACAN,20,URUAPAN SUR,CC_PRD_ES,0,73949,89,3434,77472,157879,19586
16,MICHOACAN,20,URUAPAN SUR,CC_PRD_NUAL,0,73949,89,3434,77472,157879,20629
16,MICHOACAN,20,URUAPAN SUR,CC_PT_ES,0,73949,89,3434,77472,157879,2525
16,MICHOACAN,20,URUAPAN SUR,CC_PAN_PT,0,73949,89,3434,77472,157879,21503
16,MICHOACAN,21,COALCOMÁN DE VÁZQUEZ PALLARES,PAN,8148,56180,26,1857,58063,103152,8148
16,MICHOACAN,21,COALCOMÁN DE VÁZQUEZ PALLARES,PRI,14348,56180,26,1857,58063,103152,14348
16,MICHOACAN,21,COALCOMÁN DE VÁZQUEZ PALLARES,PRD,20975,56180,26,1857,58063,103152,20975
16,MICHOACAN,21,COALCOMÁN DE VÁZQUEZ PALLARES,PT,1583,56180,26,1857,58063,103152,1583
16,MICHOACAN,21,COALCOMÁN DE VÁZQUEZ PALLARES,PVEM,4346,56180,26,1857,58063,103152,4346
16,MICHOACAN,21,COALCOMÁN DE VÁZQUEZ PALLARES,MC,0,56180,26,1857,58063,103152,0
16,MICHOACAN,21,COALCOMÁN DE VÁZQUEZ PALLARES,NUAL,1814,56180,26,1857,58063,103152,1814
16,MICHOACAN,21,COALCOMÁN DE VÁZQUEZ PALLARES,MORENA,2096,56180,26,1857,58063,103152,2096
16,MICHOACAN,21,COALCOMÁN DE VÁZQUEZ PALLARES,PH,1855,56180,26,1857,58063,103152,1855
16,MICHOACAN,21,COALCOMÁN DE VÁZQUEZ PALLARES,ES,135,56180,26,1857,58063,103152,135
16,MICHOACAN,21,COALCOMÁN DE VÁZQUEZ PALLARES,CAND_IND6,0,56180,26,1857,58063,103152,0
16,MICHOACAN,21,COALCOMÁN DE VÁZQUEZ PALLARES,PRI_PVEM,351,56180,26,1857,58063,103152,19045
16,MICHOACAN,21,COALCOMÁN DE VÁZQUEZ PALLARES,CC_PRD_PT_PH_ES,529,56180,26,1857,58063,103152,25077
16,MICHOACAN,21,COALCOMÁN DE VÁZQUEZ PALLARES,CC_PRD_PT_PH,0,56180,26,1857,58063,103152,24413
16,MICHOACAN,21,COALCOMÁN DE VÁZQUEZ PALLARES,CC_PRD_PT_ES,0,56180,26,1857,58063,103152,22693
16,MICHOACAN,21,COALCOMÁN DE VÁZQUEZ PALLARES,CC_PT_PH_ES,0,56180,26,1857,58063,103152,3573
16,MICHOACAN,21,COALCOMÁN DE VÁZQUEZ PALLARES,CC_PRD_PT,0,56180,26,1857,58063,103152,22558
16,MICHOACAN,21,COALCOMÁN DE VÁZQUEZ PALLARES,CC_PRD_ES,0,56180,26,1857,58063,103152,21110
16,MICHOACAN,21,COALCOMÁN DE VÁZQUEZ PALLARES,CC_PRD_NUAL,0,56180,26,1857,58063,103152,22789
16,MICHOACAN,21,COALCOMÁN DE VÁZQUEZ PALLARES,CC_PT_ES,0,56180,26,1857,58063,103152,1718
16,MICHOACAN,21,COALCOMÁN DE VÁZQUEZ PALLARES,CC_PAN_PT,0,56180,26,1857,58063,103152,9731
16,MICHOACAN,22,MÚGICA,PAN,2797,68022,25,2101,70148,109325,2797
16,MICHOACAN,22,MÚGICA,PRI,30197,68022,25,2101,70148,109325,30197
16,MICHOACAN,22,MÚGICA,PRD,28902,68022,25,2101,70148,109325,28902
16,MICHOACAN,22,MÚGICA,PT,710,68022,25,2101,70148,109325,710
16,MICHOACAN,22,MÚGICA,PVEM,596,68022,25,2101,70148,109325,596
16,MICHOACAN,22,MÚGICA,MC,1503,68022,25,2101,70148,109325,1503
16,MICHOACAN,22,MÚGICA,NUAL,843,68022,25,2101,70148,109325,843
16,MICHOACAN,22,MÚGICA,MORENA,1871,68022,25,2101,70148,109325,1871
16,MICHOACAN,22,MÚGICA,PH,0,68022,25,2101,70148,109325,0
16,MICHOACAN,22,MÚGICA,ES,146,68022,25,2101,70148,109325,146
16,MICHOACAN,22,MÚGICA,CAND_IND6,0,68022,25,2101,70148,109325,0
16,MICHOACAN,22,MÚGICA,PRI_PVEM,382,68022,25,2101,70148,109325,31175
16,MICHOACAN,22,MÚGICA,CC_PRD_PT_PH_ES,0,68022,25,2101,70148,109325,29758
16,MICHOACAN,22,MÚGICA,CC_PRD_PT_PH,0,68022,25,2101,70148,109325,29612
16,MICHOACAN,22,MÚGICA,CC_PRD_PT_ES,0,68022,25,2101,70148,109325,29758
16,MICHOACAN,22,MÚGICA,CC_PT_PH_ES,0,68022,25,2101,70148,109325,856
16,MICHOACAN,22,MÚGICA,CC_PRD_PT,0,68022,25,2101,70148,109325,29612
16,MICHOACAN,22,MÚGICA,CC_PRD_ES,8,68022,25,2101,70148,109325,29056
16,MICHOACAN,22,MÚGICA,CC_PRD_NUAL,0,68022,25,2101,70148,109325,29745
16,MICHOACAN,22,MÚGICA,CC_PT_ES,0,68022,25,2101,70148,109325,856
16,MICHOACAN,22,MÚGICA,CC_PAN_PT,67,68022,25,2101,70148,109325,3574
16,MICHOACAN,23,APATZINGÁN,PAN,10284,52255,46,2298,54599,105278,10284
16,MICHOACAN,23,APATZINGÁN,PRI,13760,52255,46,2298,54599,105278,13760
16,MICHOACAN,23,APATZINGÁN,PRD,11552,52255,46,2298,54599,105278,11552
16,MICHOACAN,23,APATZINGÁN,PT,3658,52255,46,2298,54599,105278,3658
16,MICHOACAN,23,APATZINGÁN,PVEM,1354,52255,46,2298,54599,105278,1354
16,MICHOACAN,23,APATZINGÁN,MC,1850,52255,46,2298,54599,105278,1850
16,MICHOACAN,23,APATZINGÁN,NUAL,754,52255,46,2298,54599,105278,754
16,MICHOACAN,23,APATZINGÁN,MORENA,5849,52255,46,2298,54599,105278,5849
16,MICHOACAN,23,APATZINGÁN,PH,0,52255,46,2298,54599,105278,0
16,MICHOACAN,23,APATZINGÁN,ES,2937,52255,46,2298,54599,105278,2937
16,MICHOACAN,23,APATZINGÁN,CAND_IND6,0,52255,46,2298,54599,105278,0
16,MICHOACAN,23,APATZINGÁN,PRI_PVEM,257,52255,46,2298,54599,105278,15371
16,MICHOACAN,23,APATZINGÁN,CC_PRD_PT_PH_ES,0,52255,46,2298,54599,105278,18147
16,MICHOACAN,23,APATZINGÁN,CC_PRD_PT_PH,0,52255,46,2298,54599,105278,15210
16,MICHOACAN,23,APATZINGÁN,CC_PRD_PT_ES,0,52255,46,2298,54599,105278,18147
16,MICHOACAN,23,APATZINGÁN,CC_PT_PH_ES,0,52255,46,2298,54599,105278,6595
16,MICHOACAN,23,APATZINGÁN,CC_PRD_PT,0,52255,46,2298,54599,105278,15210
16,MICHOACAN,23,APATZINGÁN,CC_PRD_ES,0,52255,46,2298,54599,105278,14489
16,MICHOACAN,23,APATZINGÁN,CC_PRD_NUAL,0,52255,46,2298,54599,105278,12306
16,MICHOACAN,23,APATZINGÁN,CC_PT_ES,0,52255,46,2298,54599,105278,6595
16,MICHOACAN,23,APATZINGÁN,CC_PAN_PT,0,52255,46,2298,54599,105278,13942
16,MICHOACAN,24,LÁZARO CÁRDENAS,PAN,6848,52243,68,2125,54436,130581,6848
16,MICHOACAN,24,LÁZARO CÁRDENAS,PRI,17624,52243,68,2125,54436,130581,17624
16,MICHOACAN,24,LÁZARO CÁRDENAS,PRD,15463,52243,68,2125,54436,130581,15463
16,MICHOACAN,24,LÁZARO CÁRDENAS,PT,903,52243,68,2125,54436,130581,903
16,MICHOACAN,24,LÁZARO CÁRDENAS,PVEM,1293,52243,68,2125,54436,130581,1293
16,MICHOACAN,24,LÁZARO CÁRDENAS,MC,0,52243,68,2125,54436,130581,0
16,MICHOACAN,24,LÁZARO CÁRDENAS,NUAL,1472,52243,68,2125,54436,130581,1472
16,MICHOACAN,24,LÁZARO CÁRDENAS,MORENA,4362,52243,68,2125,54436,130581,4362
16,MICHOACAN,24,LÁZARO CÁRDENAS,PH,733,52243,68,2125,54436,130581,733
16,MICHOACAN,24,LÁZARO CÁRDENAS,ES,1129,52243,68,2125,54436,130581,1129
16,MICHOACAN,24,LÁZARO CÁRDENAS,CAND_IND6,2076,52243,68,2125,54436,130581,2076
16,MICHOACAN,24,LÁZARO CÁRDENAS,PRI_PVEM,183,52243,68,2125,54436,130581,19100
16,MICHOACAN,24,LÁZARO CÁRDENAS,CC_PRD_PT_PH_ES,0,52243,68,2125,54436,130581,18228
16,MICHOACAN,24,LÁZARO CÁRDENAS,CC_PRD_PT_PH,0,52243,68,2125,54436,130581,17099
16,MICHOACAN,24,LÁZARO CÁRDENAS,CC_PRD_PT_ES,0,52243,68,2125,54436,130581,17495
16,MICHOACAN,24,LÁZARO CÁRDENAS,CC_PT_PH_ES,0,52243,68,2125,54436,130581,2765
16,MICHOACAN,24,LÁZARO CÁRDENAS,CC_PRD_PT,157,52243,68,2125,54436,130581,16523
16,MICHOACAN,24,LÁZARO CÁRDENAS,CC_PRD_ES,0,52243,68,2125,54436,130581,16592
16,MICHOACAN,24,LÁZARO CÁRDENAS,CC_PRD_NUAL,0,52243,68,2125,54436,130581,16935
16,MICHOACAN,24,LÁZARO CÁRDENAS,CC_PT_ES,0,52243,68,2125,54436,130581,2032
16,MICHOACAN,24,LÁZARO CÁRDENAS,CC_PAN_PT,0,52243,68,2125,54436,130581,7751
17,MORELOS,1,CUERNAVACA NORTE,PAN,8191,44731,162,3786,48679,91757,8191
17,MORELOS,1,CUERNAVACA NORTE,PRI,6838,44731,162,3786,48679,91757,6838
17,MORELOS,1,CUERNAVACA NORTE,PVEM,3626,44731,162,3786,48679,91757,3626
17,MORELOS,1,CUERNAVACA NORTE,NUAL,2229,44731,162,3786,48679,91757,2229
17,MORELOS,1,CUERNAVACA NORTE,PRI_PVEM,0,44731,162,3786,48679,91757,10464
17,MORELOS,1,CUERNAVACA NORTE,PRI_NUAL,0,44731,162,3786,48679,91757,9067
17,MORELOS,1,CUERNAVACA NORTE,PVEM_NUAL,0,44731,162,3786,48679,91757,5855
17,MORELOS,1,CUERNAVACA NORTE,PRI_PVEM_NUAL,0,44731,162,3786,48679,91757,12693
17,MORELOS,1,CUERNAVACA NORTE,PRD,6274,44731,162,3786,48679,91757,6274
17,MORELOS,1,CUERNAVACA NORTE,PT,1210,44731,162,3786,48679,91757,1210
17,MORELOS,1,CUERNAVACA NORTE,MC,2019,44731,162,3786,48679,91757,2019
17,MORELOS,1,CUERNAVACA NORTE,PSD,5162,44731,162,3786,48679,91757,5162
17,MORELOS,1,CUERNAVACA NORTE,MORENA,5215,44731,162,3786,48679,91757,5215
17,MORELOS,1,CUERNAVACA NORTE,ES,2243,44731,162,3786,48679,91757,2243
17,MORELOS,1,CUERNAVACA NORTE,PH,1724,44731,162,3786,48679,91757,1724
17,MORELOS,2,CUERNAVACA ORIENTE,PAN,7075,39707,158,3277,43142,87764,7075
17,MORELOS,2,CUERNAVACA ORIENTE,PRI,7350,39707,158,3277,43142,87764,7350
17,MORELOS,2,CUERNAVACA ORIENTE,PVEM,2345,39707,158,3277,43142,87764,2345
17,MORELOS,2,CUERNAVACA ORIENTE,NUAL,835,39707,158,3277,43142,87764,835
17,MORELOS,2,CUERNAVACA ORIENTE,PRI_PVEM,0,39707,158,3277,43142,87764,9695
17,MORELOS,2,CUERNAVACA ORIENTE,PRI_NUAL,0,39707,158,3277,43142,87764,8185
17,MORELOS,2,CUERNAVACA ORIENTE,PVEM_NUAL,0,39707,158,3277,43142,87764,3180
17,MORELOS,2,CUERNAVACA ORIENTE,PRI_PVEM_NUAL,0,39707,158,3277,43142,87764,10530
17,MORELOS,2,CUERNAVACA ORIENTE,PRD,5397,39707,158,3277,43142,87764,5397
17,MORELOS,2,CUERNAVACA ORIENTE,PT,592,39707,158,3277,43142,87764,592
17,MORELOS,2,CUERNAVACA ORIENTE,MC,1797,39707,158,3277,43142,87764,1797
17,MORELOS,2,CUERNAVACA ORIENTE,PSD,4771,39707,158,3277,43142,87764,4771
17,MORELOS,2,CUERNAVACA ORIENTE,MORENA,5494,39707,158,3277,43142,87764,5494
17,MORELOS,2,CUERNAVACA ORIENTE,ES,1907,39707,158,3277,43142,87764,1907
17,MORELOS,2,CUERNAVACA ORIENTE,PH,2144,39707,158,3277,43142,87764,2144
17,MORELOS,3,CUERNAVACA PONIENTE,PAN,4718,24422,108,2096,26626,51763,4718
17,MORELOS,3,CUERNAVACA PONIENTE,PRI,3863,24422,108,2096,26626,51763,3863
17,MORELOS,3,CUERNAVACA PONIENTE,PVEM,1434,24422,108,2096,26626,51763,1434
17,MORELOS,3,CUERNAVACA PONIENTE,NUAL,1194,24422,108,2096,26626,51763,1194
17,MORELOS,3,CUERNAVACA PONIENTE,PRI_PVEM,52,24422,108,2096,26626,51763,5349
17,MORELOS,3,CUERNAVACA PONIENTE,PRI_NUAL,19,24422,108,2096,26626,51763,5076
17,MORELOS,3,CUERNAVACA PONIENTE,PVEM_NUAL,12,24422,108,2096,26626,51763,2640
17,MORELOS,3,CUERNAVACA PONIENTE,PRI_PVEM_NUAL,124,24422,108,2096,26626,51763,6615
17,MORELOS,3,CUERNAVACA PONIENTE,PRD,3352,24422,108,2096,26626,51763,3352
17,MORELOS,3,CUERNAVACA PONIENTE,PT,215,24422,108,2096,26626,51763,215
17,MORELOS,3,CUERNAVACA PONIENTE,MC,1153,24422,108,2096,26626,51763,1153
17,MORELOS,3,CUERNAVACA PONIENTE,PSD,3178,24422,108,2096,26626,51763,3178
17,MORELOS,3,CUERNAVACA PONIENTE,MORENA,2570,24422,108,2096,26626,51763,2570
17,MORELOS,3,CUERNAVACA PONIENTE,ES,1541,24422,108,2096,26626,51763,1541
17,MORELOS,3,CUERNAVACA PONIENTE,PH,997,24422,108,2096,26626,51763,997
17,MORELOS,4,CUERNAVACA SUR,PAN,8620,39832,126,3103,43061,84242,8620
17,MORELOS,4,CUERNAVACA SUR,PRI,5236,39832,126,3103,43061,84242,5236
17,MORELOS,4,CUERNAVACA SUR,PVEM,2276,39832,126,3103,43061,84242,2276
17,MORELOS,4,CUERNAVACA SUR,NUAL,892,39832,126,3103,43061,84242,892
17,MORELOS,4,CUERNAVACA SUR,PRI_PVEM,118,39832,126,3103,43061,84242,7630
17,MORELOS,4,CUERNAVACA SUR,PRI_NUAL,21,39832,126,3103,43061,84242,6149
17,MORELOS,4,CUERNAVACA SUR,PVEM_NUAL,12,39832,126,3103,43061,84242,3180
17,MORELOS,4,CUERNAVACA SUR,PRI_PVEM_NUAL,49,39832,126,3103,43061,84242,8453
17,MORELOS,4,CUERNAVACA SUR,PRD,3697,39832,126,3103,43061,84242,3697
17,MORELOS,4,CUERNAVACA SUR,PT,1176,39832,126,3103,43061,84242,1176
17,MORELOS,4,CUERNAVACA SUR,MC,2899,39832,126,3103,43061,84242,2899
17,MORELOS,4,CUERNAVACA SUR,PSD,7045,39832,126,3103,43061,84242,7045
17,MORELOS,4,CUERNAVACA SUR,MORENA,3821,39832,126,3103,43061,84242,3821
17,MORELOS,4,CUERNAVACA SUR,ES,2295,39832,126,3103,43061,84242,2295
17,MORELOS,4,CUERNAVACA SUR,PH,1675,39832,126,3103,43061,84242,1675
17,MORELOS,5,TEMIXCO,PAN,6356,68549,72,3829,72450,138257,6356
17,MORELOS,5,TEMIXCO,PRI,8432,68549,72,3829,72450,138257,8432
17,MORELOS,5,TEMIXCO,PVEM,16006,68549,72,3829,72450,138257,16006
17,MORELOS,5,TEMIXCO,NUAL,3764,68549,72,3829,72450,138257,3764
17,MORELOS,5,TEMIXCO,PRI_PVEM,0,68549,72,3829,72450,138257,24438
17,MORELOS,5,TEMIXCO,PRI_NUAL,0,68549,72,3829,72450,138257,12196
17,MORELOS,5,TEMIXCO,PVEM_NUAL,0,68549,72,3829,72450,138257,19770
17,MORELOS,5,TEMIXCO,PRI_PVEM_NUAL,0,68549,72,3829,72450,138257,28202
17,MORELOS,5,TEMIXCO,PRD,14153,68549,72,3829,72450,138257,14153
17,MORELOS,5,TEMIXCO,PT,4564,68549,72,3829,72450,138257,4564
17,MORELOS,5,TEMIXCO,MC,2648,68549,72,3829,72450,138257,2648
17,MORELOS,5,TEMIXCO,PSD,1618,68549,72,3829,72450,138257,1618
17,MORELOS,5,TEMIXCO,MORENA,5591,68549,72,3829,72450,138257,5591
17,MORELOS,5,TEMIXCO,ES,2253,68549,72,3829,72450,138257,2253
17,MORELOS,5,TEMIXCO,PH,3164,68549,72,3829,72450,138257,3164
17,MORELOS,6,JIUTEPEC NORTE,PAN,2530,27826,33,1866,29725,70226,2530
17,MORELOS,6,JIUTEPEC NORTE,PRI,4526,27826,33,1866,29725,70226,4526
17,MORELOS,6,JIUTEPEC NORTE,PVEM,2634,27826,33,1866,29725,70226,2634
17,MORELOS,6,JIUTEPEC NORTE,NUAL,1079,27826,33,1866,29725,70226,1079
17,MORELOS,6,JIUTEPEC NORTE,PRI_PVEM,0,27826,33,1866,29725,70226,7160
17,MORELOS,6,JIUTEPEC NORTE,PRI_NUAL,0,27826,33,1866,29725,70226,5605
17,MORELOS,6,JIUTEPEC NORTE,PVEM_NUAL,0,27826,33,1866,29725,70226,3713
17,MORELOS,6,JIUTEPEC NORTE,PRI_PVEM_NUAL,0,27826,33,1866,29725,70226,8239
17,MORELOS,6,JIUTEPEC NORTE,PRD,4115,27826,33,1866,29725,70226,4115
17,MORELOS,6,JIUTEPEC NORTE,PT,388,27826,33,1866,29725,70226,388
17,MORELOS,6,JIUTEPEC NORTE,MC,3157,27826,33,1866,29725,70226,3157
17,MORELOS,6,JIUTEPEC NORTE,PSD,915,27826,33,1866,29725,70226,915
17,MORELOS,6,JIUTEPEC NORTE,MORENA,3920,27826,33,1866,29725,70226,3920
17,MORELOS,6,JIUTEPEC NORTE,ES,1994,27826,33,1866,29725,70226,1994
17,MORELOS,6,JIUTEPEC NORTE,PH,2568,27826,33,1866,29725,70226,2568
17,MORELOS,7,JIUTEPEC SUR,PAN,3353,37728,89,2612,40429,85640,3353
17,MORELOS,7,JIUTEPEC SUR,PRI,5227,37728,89,2612,40429,85640,5227
17,MORELOS,7,JIUTEPEC SUR,PVEM,2821,37728,89,2612,40429,85640,2821
17,MORELOS,7,JIUTEPEC SUR,NUAL,961,37728,89,2612,40429,85640,961
17,MORELOS,7,JIUTEPEC SUR,PRI_PVEM,0,37728,89,2612,40429,85640,8048
17,MORELOS,7,JIUTEPEC SUR,PRI_NUAL,0,37728,89,2612,40429,85640,6188
17,MORELOS,7,JIUTEPEC SUR,PVEM_NUAL,0,37728,89,2612,40429,85640,3782
17,MORELOS,7,JIUTEPEC SUR,PRI_PVEM_NUAL,0,37728,89,2612,40429,85640,9009
17,MORELOS,7,JIUTEPEC SUR,PRD,10049,37728,89,2612,40429,85640,10049
17,MORELOS,7,JIUTEPEC SUR,PT,452,37728,89,2612,40429,85640,452
17,MORELOS,7,JIUTEPEC SUR,MC,2682,37728,89,2612,40429,85640,2682
17,MORELOS,7,JIUTEPEC SUR,PSD,1170,37728,89,2612,40429,85640,1170
17,MORELOS,7,JIUTEPEC SUR,MORENA,4774,37728,89,2612,40429,85640,4774
17,MORELOS,7,JIUTEPEC SUR,ES,2387,37728,89,2612,40429,85640,2387
17,MORELOS,7,JIUTEPEC SUR,PH,3852,37728,89,2612,40429,85640,3852
17,MORELOS,8,TETECALA,PAN,2645,53462,29,2402,55893,86931,2645
17,MORELOS,8,TETECALA,PRI,19191,53462,29,2402,55893,86931,19191
17,MORELOS,8,TETECALA,PVEM,2751,53462,29,2402,55893,86931,2751
17,MORELOS,8,TETECALA,NUAL,1392,53462,29,2402,55893,86931,1392
17,MORELOS,8,TETECALA,PRI_PVEM,0,53462,29,2402,55893,86931,21942
17,MORELOS,8,TETECALA,PRI_NUAL,0,53462,29,2402,55893,86931,20583
17,MORELOS,8,TETECALA,PVEM_NUAL,0,53462,29,2402,55893,86931,4143
17,MORELOS,8,TETECALA,PRI_PVEM_NUAL,0,53462,29,2402,55893,86931,23334
17,MORELOS,8,TETECALA,PRD,15158,53462,29,2402,55893,86931,15158
17,MORELOS,8,TETECALA,PT,3656,53462,29,2402,55893,86931,3656
17,MORELOS,8,TETECALA,MC,4322,53462,29,2402,55893,86931,4322
17,MORELOS,8,TETECALA,PSD,453,53462,29,2402,55893,86931,453
17,MORELOS,8,TETECALA,MORENA,1299,53462,29,2402,55893,86931,1299
17,MORELOS,8,TETECALA,ES,1191,53462,29,2402,55893,86931,1191
17,MORELOS,8,TETECALA,PH,1404,53462,29,2402,55893,86931,1404
17,MORELOS,9,PUENTE DE IXTLA,PAN,1189,32943,38,1757,34738,59680,1189
17,MORELOS,9,PUENTE DE IXTLA,PRI,6588,32943,38,1757,34738,59680,6588
17,MORELOS,9,PUENTE DE IXTLA,PVEM,1299,32943,38,1757,34738,59680,1299
17,MORELOS,9,PUENTE DE IXTLA,NUAL,8087,32943,38,1757,34738,59680,8087
17,MORELOS,9,PUENTE DE IXTLA,PRI_PVEM,0,32943,38,1757,34738,59680,7887
17,MORELOS,9,PUENTE DE IXTLA,PRI_NUAL,0,32943,38,1757,34738,59680,14675
17,MORELOS,9,PUENTE DE IXTLA,PVEM_NUAL,0,32943,38,1757,34738,59680,9386
17,MORELOS,9,PUENTE DE IXTLA,PRI_PVEM_NUAL,0,32943,38,1757,34738,59680,15974
17,MORELOS,9,PUENTE DE IXTLA,PRD,2689,32943,38,1757,34738,59680,2689
17,MORELOS,9,PUENTE DE IXTLA,PT,3310,32943,38,1757,34738,59680,3310
17,MORELOS,9,PUENTE DE IXTLA,MC,2519,32943,38,1757,34738,59680,2519
17,MORELOS,9,PUENTE DE IXTLA,PSD,2177,32943,38,1757,34738,59680,2177
17,MORELOS,9,PUENTE DE IXTLA,MORENA,3203,32943,38,1757,34738,59680,3203
17,MORELOS,9,PUENTE DE IXTLA,ES,947,32943,38,1757,34738,59680,947
17,MORELOS,9,PUENTE DE IXTLA,PH,935,32943,38,1757,34738,59680,935
17,MORELOS,10,ZACATEPEC,PAN,2843,36194,15,1834,38043,64923,2843
17,MORELOS,10,ZACATEPEC,PRI,9363,36194,15,1834,38043,64923,9363
17,MORELOS,10,ZACATEPEC,PVEM,1857,36194,15,1834,38043,64923,1857
17,MORELOS,10,ZACATEPEC,NUAL,761,36194,15,1834,38043,64923,761
17,MORELOS,10,ZACATEPEC,PRI_PVEM,74,36194,15,1834,38043,64923,11294
17,MORELOS,10,ZACATEPEC,PRI_NUAL,28,36194,15,1834,38043,64923,10152
17,MORELOS,10,ZACATEPEC,PVEM_NUAL,25,36194,15,1834,38043,64923,2643
17,MORELOS,10,ZACATEPEC,PRI_PVEM_NUAL,365,36194,15,1834,38043,64923,12346
17,MORELOS,10,ZACATEPEC,PRD,6119,36194,15,1834,38043,64923,6119
17,MORELOS,10,ZACATEPEC,PT,1659,36194,15,1834,38043,64923,1659
17,MORELOS,10,ZACATEPEC,MC,1826,36194,15,1834,38043,64923,1826
17,MORELOS,10,ZACATEPEC,PSD,3723,36194,15,1834,38043,64923,3723
17,MORELOS,10,ZACATEPEC,MORENA,2263,36194,15,1834,38043,64923,2263
17,MORELOS,10,ZACATEPEC,ES,3022,36194,15,1834,38043,64923,3022
17,MORELOS,10,ZACATEPEC,PH,2266,36194,15,1834,38043,64923,2266
17,MORELOS,11,JOJUTLA,PAN,1440,36577,40,1900,38517,69488,1440
17,MORELOS,11,JOJUTLA,PRI,5345,36577,40,1900,38517,69488,5345
17,MORELOS,11,JOJUTLA,PVEM,1222,36577,40,1900,38517,69488,1222
17,MORELOS,11,JOJUTLA,NUAL,1958,36577,40,1900,38517,69488,1958
17,MORELOS,11,JOJUTLA,PRI_PVEM,0,36577,40,1900,38517,69488,6567
17,MORELOS,11,JOJUTLA,PRI_NUAL,0,36577,40,1900,38517,69488,7303
17,MORELOS,11,JOJUTLA,PVEM_NUAL,0,36577,40,1900,38517,69488,3180
17,MORELOS,11,JOJUTLA,PRI_PVEM_NUAL,0,36577,40,1900,38517,69488,8525
17,MORELOS,11,JOJUTLA,PRD,6179,36577,40,1900,38517,69488,6179
17,MORELOS,11,JOJUTLA,PT,4748,36577,40,1900,38517,69488,4748
17,MORELOS,11,JOJUTLA,MC,1296,36577,40,1900,38517,69488,1296
17,MORELOS,11,JOJUTLA,PSD,6051,36577,40,1900,38517,69488,6051
17,MORELOS,11,JOJUTLA,MORENA,5219,36577,40,1900,38517,69488,5219
17,MORELOS,11,JOJUTLA,ES,1778,36577,40,1900,38517,69488,1778
17,MORELOS,11,JOJUTLA,PH,1341,36577,40,1900,38517,69488,1341
17,MORELOS,12,YAUTEPEC PONIENTE,PAN,3491,37329,33,2316,39678,75732,3491
17,MORELOS,12,YAUTEPEC PONIENTE,PRI,5283,37329,33,2316,39678,75732,5283
17,MORELOS,12,YAUTEPEC PONIENTE,PVEM,1693,37329,33,2316,39678,75732,1693
17,MORELOS,12,YAUTEPEC PONIENTE,NUAL,1476,37329,33,2316,39678,75732,1476
17,MORELOS,12,YAUTEPEC PONIENTE,PRI_PVEM,0,37329,33,2316,39678,75732,6976
17,MORELOS,12,YAUTEPEC PONIENTE,PRI_NUAL,0,37329,33,2316,39678,75732,6759
17,MORELOS,12,YAUTEPEC PONIENTE,PVEM_NUAL,0,37329,33,2316,39678,75732,3169
17,MORELOS,12,YAUTEPEC PONIENTE,PRI_PVEM_NUAL,0,37329,33,2316,39678,75732,8452
17,MORELOS,12,YAUTEPEC PONIENTE,PRD,8094,37329,33,2316,39678,75732,8094
17,MORELOS,12,YAUTEPEC PONIENTE,PT,1536,37329,33,2316,39678,75732,1536
17,MORELOS,12,YAUTEPEC PONIENTE,MC,3895,37329,33,2316,39678,75732,3895
17,MORELOS,12,YAUTEPEC PONIENTE,PSD,4945,37329,33,2316,39678,75732,4945
17,MORELOS,12,YAUTEPEC PONIENTE,MORENA,4283,37329,33,2316,39678,75732,4283
17,MORELOS,12,YAUTEPEC PONIENTE,ES,1082,37329,33,2316,39678,75732,1082
17,MORELOS,12,YAUTEPEC PONIENTE,PH,1551,37329,33,2316,39678,75732,1551
17,MORELOS,13,YAUTEPEC ORIENTE,PAN,4655,37847,20,1914,39781,65717,4655
17,MORELOS,13,YAUTEPEC ORIENTE,PRI,4407,37847,20,1914,39781,65717,4407
17,MORELOS,13,YAUTEPEC ORIENTE,PVEM,1012,37847,20,1914,39781,65717,1012
17,MORELOS,13,YAUTEPEC ORIENTE,NUAL,1915,37847,20,1914,39781,65717,1915
17,MORELOS,13,YAUTEPEC ORIENTE,PRI_PVEM,23,37847,20,1914,39781,65717,5442
17,MORELOS,13,YAUTEPEC ORIENTE,PRI_NUAL,15,37847,20,1914,39781,65717,6337
17,MORELOS,13,YAUTEPEC ORIENTE,PVEM_NUAL,8,37847,20,1914,39781,65717,2935
17,MORELOS,13,YAUTEPEC ORIENTE,PRI_PVEM_NUAL,3,37847,20,1914,39781,65717,7337
17,MORELOS,13,YAUTEPEC ORIENTE,PRD,8091,37847,20,1914,39781,65717,8091
17,MORELOS,13,YAUTEPEC ORIENTE,PT,2523,37847,20,1914,39781,65717,2523
17,MORELOS,13,YAUTEPEC ORIENTE,MC,4590,37847,20,1914,39781,65717,4590
17,MORELOS,13,YAUTEPEC ORIENTE,PSD,1622,37847,20,1914,39781,65717,1622
17,MORELOS,13,YAUTEPEC ORIENTE,MORENA,6691,37847,20,1914,39781,65717,6691
17,MORELOS,13,YAUTEPEC ORIENTE,ES,593,37847,20,1914,39781,65717,593
17,MORELOS,13,YAUTEPEC ORIENTE,PH,1699,37847,20,1914,39781,65717,1699
17,MORELOS,14,CUAUTLA NORTE,PAN,3194,34198,54,2215,36467,77854,3194
17,MORELOS,14,CUAUTLA NORTE,PRI,5892,34198,54,2215,36467,77854,5892
17,MORELOS,14,CUAUTLA NORTE,PVEM,1735,34198,54,2215,36467,77854,1735
17,MORELOS,14,CUAUTLA NORTE,NUAL,1802,34198,54,2215,36467,77854,1802
17,MORELOS,14,CUAUTLA NORTE,PRI_PVEM,0,34198,54,2215,36467,77854,7627
17,MORELOS,14,CUAUTLA NORTE,PRI_NUAL,0,34198,54,2215,36467,77854,7694
17,MORELOS,14,CUAUTLA NORTE,PVEM_NUAL,0,34198,54,2215,36467,77854,3537
17,MORELOS,14,CUAUTLA NORTE,PRI_PVEM_NUAL,0,34198,54,2215,36467,77854,9429
17,MORELOS,14,CUAUTLA NORTE,PRD,7321,34198,54,2215,36467,77854,7321
17,MORELOS,14,CUAUTLA NORTE,PT,2311,34198,54,2215,36467,77854,2311
17,MORELOS,14,CUAUTLA NORTE,MC,4661,34198,54,2215,36467,77854,4661
17,MORELOS,14,CUAUTLA NORTE,PSD,989,34198,54,2215,36467,77854,989
17,MORELOS,14,CUAUTLA NORTE,MORENA,2930,34198,54,2215,36467,77854,2930
17,MORELOS,14,CUAUTLA NORTE,ES,1844,34198,54,2215,36467,77854,1844
17,MORELOS,14,CUAUTLA NORTE,PH,1519,34198,54,2215,36467,77854,1519
17,MORELOS,15,CUAUTLA SUR,PAN,2148,23831,22,1647,25500,57358,2148
17,MORELOS,15,CUAUTLA SUR,PRI,4105,23831,22,1647,25500,57358,4105
17,MORELOS,15,CUAUTLA SUR,PVEM,1586,23831,22,1647,25500,57358,1586
17,MORELOS,15,CUAUTLA SUR,NUAL,1302,23831,22,1647,25500,57358,1302
17,MORELOS,15,CUAUTLA SUR,PRI_PVEM,0,23831,22,1647,25500,57358,5691
17,MORELOS,15,CUAUTLA SUR,PRI_NUAL,0,23831,22,1647,25500,57358,5407
17,MORELOS,15,CUAUTLA SUR,PVEM_NUAL,0,23831,22,1647,25500,57358,2888
17,MORELOS,15,CUAUTLA SUR,PRI_PVEM_NUAL,0,23831,22,1647,25500,57358,6993
17,MORELOS,15,CUAUTLA SUR,PRD,4338,23831,22,1647,25500,57358,4338
17,MORELOS,15,CUAUTLA SUR,PT,1621,23831,22,1647,25500,57358,1621
17,MORELOS,15,CUAUTLA SUR,MC,4120,23831,22,1647,25500,57358,4120
17,MORELOS,15,CUAUTLA SUR,PSD,401,23831,22,1647,25500,57358,401
17,MORELOS,15,CUAUTLA SUR,MORENA,1461,23831,22,1647,25500,57358,1461
17,MORELOS,15,CUAUTLA SUR,ES,1257,23831,22,1647,25500,57358,1257
17,MORELOS,15,CUAUTLA SUR,PH,1492,23831,22,1647,25500,57358,1492
17,MORELOS,16,AYALA,PAN,6748,28907,59,1819,30785,58593,6748
17,MORELOS,16,AYALA,PRI,5625,28907,59,1819,30785,58593,5625
17,MORELOS,16,AYALA,PVEM,6222,28907,59,1819,30785,58593,6222
17,MORELOS,16,AYALA,NUAL,3610,28907,59,1819,30785,58593,3610
17,MORELOS,16,AYALA,PRI_PVEM,0,28907,59,1819,30785,58593,11847
17,MORELOS,16,AYALA,PRI_NUAL,0,28907,59,1819,30785,58593,9235
17,MORELOS,16,AYALA,PVEM_NUAL,0,28907,59,1819,30785,58593,9832
17,MORELOS,16,AYALA,PRI_PVEM_NUAL,0,28907,59,1819,30785,58593,15457
17,MORELOS,16,AYALA,PRD,3018,28907,59,1819,30785,58593,3018
17,MORELOS,16,AYALA,PT,338,28907,59,1819,30785,58593,338
17,MORELOS,16,AYALA,MC,230,28907,59,1819,30785,58593,230
17,MORELOS,16,AYALA,PSD,769,28907,59,1819,30785,58593,769
17,MORELOS,16,AYALA,MORENA,1114,28907,59,1819,30785,58593,1114
17,MORELOS,16,AYALA,ES,968,28907,59,1819,30785,58593,968
17,MORELOS,16,AYALA,PH,265,28907,59,1819,30785,58593,265
17,MORELOS,17,YECAPIXTLA,PAN,5307,42822,13,2097,44932,65552,5307
17,MORELOS,17,YECAPIXTLA,PRI,4784,42822,13,2097,44932,65552,4784
17,MORELOS,17,YECAPIXTLA,PVEM,826,42822,13,2097,44932,65552,826
17,MORELOS,17,YECAPIXTLA,NUAL,3409,42822,13,2097,44932,65552,3409
17,MORELOS,17,YECAPIXTLA,PRI_PVEM,0,42822,13,2097,44932,65552,5610
17,MORELOS,17,YECAPIXTLA,PRI_NUAL,0,42822,13,2097,44932,65552,8193
17,MORELOS,17,YECAPIXTLA,PVEM_NUAL,0,42822,13,2097,44932,65552,4235
17,MORELOS,17,YECAPIXTLA,PRI_PVEM_NUAL,0,42822,13,2097,44932,65552,9019
17,MORELOS,17,YECAPIXTLA,PRD,12044,42822,13,2097,44932,65552,12044
17,MORELOS,17,YECAPIXTLA,PT,8216,42822,13,2097,44932,65552,8216
17,MORELOS,17,YECAPIXTLA,MC,1578,42822,13,2097,44932,65552,1578
17,MORELOS,17,YECAPIXTLA,PSD,1376,42822,13,2097,44932,65552,1376
17,MORELOS,17,YECAPIXTLA,MORENA,2921,42822,13,2097,44932,65552,2921
17,MORELOS,17,YECAPIXTLA,ES,1244,42822,13,2097,44932,65552,1244
17,MORELOS,17,YECAPIXTLA,PH,1117,42822,13,2097,44932,65552,1117
17,MORELOS,18,JONACATEPEC,PAN,2332,50792,76,3029,53897,77159,2332
17,MORELOS,18,JONACATEPEC,PRI,3158,50792,76,3029,53897,77159,3158
17,MORELOS,18,JONACATEPEC,PVEM,3585,50792,76,3029,53897,77159,3585
17,MORELOS,18,JONACATEPEC,NUAL,1910,50792,76,3029,53897,77159,1910
17,MORELOS,18,JONACATEPEC,PRI_PVEM,41,50792,76,3029,53897,77159,6784
17,MORELOS,18,JONACATEPEC,PRI_NUAL,19,50792,76,3029,53897,77159,5087
17,MORELOS,18,JONACATEPEC,PVEM_NUAL,27,50792,76,3029,53897,77159,5522
17,MORELOS,18,JONACATEPEC,PRI_PVEM_NUAL,7,50792,76,3029,53897,77159,8660
17,MORELOS,18,JONACATEPEC,PRD,10351,50792,76,3029,53897,77159,10351
17,MORELOS,18,JONACATEPEC,PT,2218,50792,76,3029,53897,77159,2218
17,MORELOS,18,JONACATEPEC,MC,10022,50792,76,3029,53897,77159,10022
17,MORELOS,18,JONACATEPEC,PSD,3870,50792,76,3029,53897,77159,3870
17,MORELOS,18,JONACATEPEC,MORENA,2360,50792,76,3029,53897,77159,2360
17,MORELOS,18,JONACATEPEC,ES,2448,50792,76,3029,53897,77159,2448
17,MORELOS,18,JONACATEPEC,PH,8444,50792,76,3029,53897,77159,8444
19,NUEVO LEON,1,MONTERREY,PAN,34087,121606,NA,3874,125480,223034,34087
19,NUEVO LEON,1,MONTERREY,PRI,36359,121606,NA,3874,125480,223034,36359
19,NUEVO LEON,1,MONTERREY,PRD,2028,121606,NA,3874,125480,223034,2028
19,NUEVO LEON,1,MONTERREY,PT,8226,121606,NA,3874,125480,223034,8226
19,NUEVO LEON,1,MONTERREY,PVEM,5289,121606,NA,3874,125480,223034,5289
19,NUEVO LEON,1,MONTERREY,MC,16412,121606,NA,3874,125480,223034,16412
19,NUEVO LEON,1,MONTERREY,NUAL,4221,121606,NA,3874,125480,223034,4221
19,NUEVO LEON,1,MONTERREY,PD,449,121606,NA,3874,125480,223034,449
19,NUEVO LEON,1,MONTERREY,CC,936,121606,NA,3874,125480,223034,936
19,NUEVO LEON,1,MONTERREY,MORENA,2820,121606,NA,3874,125480,223034,2820
19,NUEVO LEON,1,MONTERREY,PH,3500,121606,NA,3874,125480,223034,3500
19,NUEVO LEON,1,MONTERREY,ES,7279,121606,NA,3874,125480,223034,7279
19,NUEVO LEON,1,MONTERREY,CAND_IND2,NA,121606,NA,3874,125480,223034,0
19,NUEVO LEON,1,MONTERREY,CAND_IND3,NA,121606,NA,3874,125480,223034,0
19,NUEVO LEON,1,MONTERREY,CAND_IND4,NA,121606,NA,3874,125480,223034,0
19,NUEVO LEON,1,MONTERREY,CAND_IND5,NA,121606,NA,3874,125480,223034,0
19,NUEVO LEON,1,MONTERREY,CAND_IND6,NA,121606,NA,3874,125480,223034,0
19,NUEVO LEON,1,MONTERREY,CAND_IND7,NA,121606,NA,3874,125480,223034,0
19,NUEVO LEON,1,MONTERREY,CAND_IND8,NA,121606,NA,3874,125480,223034,0
19,NUEVO LEON,1,MONTERREY,CAND_IND9,NA,121606,NA,3874,125480,223034,0
19,NUEVO LEON,1,MONTERREY,CAND_IND10,NA,121606,NA,3874,125480,223034,0
19,NUEVO LEON,1,MONTERREY,CAND_IND11,NA,121606,NA,3874,125480,223034,0
19,NUEVO LEON,1,MONTERREY,CAND_IND12,NA,121606,NA,3874,125480,223034,0
19,NUEVO LEON,2,MONTERREY,PAN,10753,58061,NA,2393,60454,112463,10753
19,NUEVO LEON,2,MONTERREY,PRI,22270,58061,NA,2393,60454,112463,22270
19,NUEVO LEON,2,MONTERREY,PRD,802,58061,NA,2393,60454,112463,802
19,NUEVO LEON,2,MONTERREY,PT,9001,58061,NA,2393,60454,112463,9001
19,NUEVO LEON,2,MONTERREY,PVEM,2350,58061,NA,2393,60454,112463,2350
19,NUEVO LEON,2,MONTERREY,MC,3954,58061,NA,2393,60454,112463,3954
19,NUEVO LEON,2,MONTERREY,NUAL,1531,58061,NA,2393,60454,112463,1531
19,NUEVO LEON,2,MONTERREY,PD,204,58061,NA,2393,60454,112463,204
19,NUEVO LEON,2,MONTERREY,CC,333,58061,NA,2393,60454,112463,333
19,NUEVO LEON,2,MONTERREY,MORENA,1079,58061,NA,2393,60454,112463,1079
19,NUEVO LEON,2,MONTERREY,PH,1364,58061,NA,2393,60454,112463,1364
19,NUEVO LEON,2,MONTERREY,ES,4420,58061,NA,2393,60454,112463,4420
19,NUEVO LEON,2,MONTERREY,CAND_IND2,NA,58061,NA,2393,60454,112463,0
19,NUEVO LEON,2,MONTERREY,CAND_IND3,NA,58061,NA,2393,60454,112463,0
19,NUEVO LEON,2,MONTERREY,CAND_IND4,NA,58061,NA,2393,60454,112463,0
19,NUEVO LEON,2,MONTERREY,CAND_IND5,NA,58061,NA,2393,60454,112463,0
19,NUEVO LEON,2,MONTERREY,CAND_IND6,NA,58061,NA,2393,60454,112463,0
19,NUEVO LEON,2,MONTERREY,CAND_IND7,NA,58061,NA,2393,60454,112463,0
19,NUEVO LEON,2,MONTERREY,CAND_IND8,NA,58061,NA,2393,60454,112463,0
19,NUEVO LEON,2,MONTERREY,CAND_IND9,NA,58061,NA,2393,60454,112463,0
19,NUEVO LEON,2,MONTERREY,CAND_IND10,NA,58061,NA,2393,60454,112463,0
19,NUEVO LEON,2,MONTERREY,CAND_IND11,NA,58061,NA,2393,60454,112463,0
19,NUEVO LEON,2,MONTERREY,CAND_IND12,NA,58061,NA,2393,60454,112463,0
19,NUEVO LEON,3,MONTERREY,PAN,18889,62784,NA,2258,65042,102488,18889
19,NUEVO LEON,3,MONTERREY,PRI,17092,62784,NA,2258,65042,102488,17092
19,NUEVO LEON,3,MONTERREY,PRD,1248,62784,NA,2258,65042,102488,1248
19,NUEVO LEON,3,MONTERREY,PT,4464,62784,NA,2258,65042,102488,4464
19,NUEVO LEON,3,MONTERREY,PVEM,2533,62784,NA,2258,65042,102488,2533
19,NUEVO LEON,3,MONTERREY,MC,8621,62784,NA,2258,65042,102488,8621
19,NUEVO LEON,3,MONTERREY,NUAL,2973,62784,NA,2258,65042,102488,2973
19,NUEVO LEON,3,MONTERREY,PD,232,62784,NA,2258,65042,102488,232
19,NUEVO LEON,3,MONTERREY,CC,NA,62784,NA,2258,65042,102488,0
19,NUEVO LEON,3,MONTERREY,MORENA,1634,62784,NA,2258,65042,102488,1634
19,NUEVO LEON,3,MONTERREY,PH,1743,62784,NA,2258,65042,102488,1743
19,NUEVO LEON,3,MONTERREY,ES,3355,62784,NA,2258,65042,102488,3355
19,NUEVO LEON,3,MONTERREY,CAND_IND2,NA,62784,NA,2258,65042,102488,0
19,NUEVO LEON,3,MONTERREY,CAND_IND3,NA,62784,NA,2258,65042,102488,0
19,NUEVO LEON,3,MONTERREY,CAND_IND4,NA,62784,NA,2258,65042,102488,0
19,NUEVO LEON,3,MONTERREY,CAND_IND5,NA,62784,NA,2258,65042,102488,0
19,NUEVO LEON,3,MONTERREY,CAND_IND6,NA,62784,NA,2258,65042,102488,0
19,NUEVO LEON,3,MONTERREY,CAND_IND7,NA,62784,NA,2258,65042,102488,0
19,NUEVO LEON,3,MONTERREY,CAND_IND8,NA,62784,NA,2258,65042,102488,0
19,NUEVO LEON,3,MONTERREY,CAND_IND9,NA,62784,NA,2258,65042,102488,0
19,NUEVO LEON,3,MONTERREY,CAND_IND10,NA,62784,NA,2258,65042,102488,0
19,NUEVO LEON,3,MONTERREY,CAND_IND11,NA,62784,NA,2258,65042,102488,0
19,NUEVO LEON,3,MONTERREY,CAND_IND12,NA,62784,NA,2258,65042,102488,0
19,NUEVO LEON,4,MONTERREY,PAN,25614,66167,NA,1753,67920,101890,25614
19,NUEVO LEON,4,MONTERREY,PRI,14146,66167,NA,1753,67920,101890,14146
19,NUEVO LEON,4,MONTERREY,PRD,815,66167,NA,1753,67920,101890,815
19,NUEVO LEON,4,MONTERREY,PT,1592,66167,NA,1753,67920,101890,1592
19,NUEVO LEON,4,MONTERREY,PVEM,1857,66167,NA,1753,67920,101890,1857
19,NUEVO LEON,4,MONTERREY,MC,14931,66167,NA,1753,67920,101890,14931
19,NUEVO LEON,4,MONTERREY,NUAL,1590,66167,NA,1753,67920,101890,1590
19,NUEVO LEON,4,MONTERREY,PD,271,66167,NA,1753,67920,101890,271
19,NUEVO LEON,4,MONTERREY,CC,687,66167,NA,1753,67920,101890,687
19,NUEVO LEON,4,MONTERREY,MORENA,1652,66167,NA,1753,67920,101890,1652
19,NUEVO LEON,4,MONTERREY,PH,1568,66167,NA,1753,67920,101890,1568
19,NUEVO LEON,4,MONTERREY,ES,1444,66167,NA,1753,67920,101890,1444
19,NUEVO LEON,4,MONTERREY,CAND_IND2,NA,66167,NA,1753,67920,101890,0
19,NUEVO LEON,4,MONTERREY,CAND_IND3,NA,66167,NA,1753,67920,101890,0
19,NUEVO LEON,4,MONTERREY,CAND_IND4,NA,66167,NA,1753,67920,101890,0
19,NUEVO LEON,4,MONTERREY,CAND_IND5,NA,66167,NA,1753,67920,101890,0
19,NUEVO LEON,4,MONTERREY,CAND_IND6,NA,66167,NA,1753,67920,101890,0
19,NUEVO LEON,4,MONTERREY,CAND_IND7,NA,66167,NA,1753,67920,101890,0
19,NUEVO LEON,4,MONTERREY,CAND_IND8,NA,66167,NA,1753,67920,101890,0
19,NUEVO LEON,4,MONTERREY,CAND_IND9,NA,66167,NA,1753,67920,101890,0
19,NUEVO LEON,4,MONTERREY,CAND_IND10,NA,66167,NA,1753,67920,101890,0
19,NUEVO LEON,4,MONTERREY,CAND_IND11,NA,66167,NA,1753,67920,101890,0
19,NUEVO LEON,4,MONTERREY,CAND_IND12,NA,66167,NA,1753,67920,101890,0
19,NUEVO LEON,5,MONTERREY,PAN,14748,45208,NA,1365,46573,77065,14748
19,NUEVO LEON,5,MONTERREY,PRI,13725,45208,NA,1365,46573,77065,13725
19,NUEVO LEON,5,MONTERREY,PRD,669,45208,NA,1365,46573,77065,669
19,NUEVO LEON,5,MONTERREY,PT,1592,45208,NA,1365,46573,77065,1592
19,NUEVO LEON,5,MONTERREY,PVEM,2275,45208,NA,1365,46573,77065,2275
19,NUEVO LEON,5,MONTERREY,MC,5913,45208,NA,1365,46573,77065,5913
19,NUEVO LEON,5,MONTERREY,NUAL,1171,45208,NA,1365,46573,77065,1171
19,NUEVO LEON,5,MONTERREY,PD,170,45208,NA,1365,46573,77065,170
19,NUEVO LEON,5,MONTERREY,CC,340,45208,NA,1365,46573,77065,340
19,NUEVO LEON,5,MONTERREY,MORENA,1250,45208,NA,1365,46573,77065,1250
19,NUEVO LEON,5,MONTERREY,PH,1282,45208,NA,1365,46573,77065,1282
19,NUEVO LEON,5,MONTERREY,ES,2073,45208,NA,1365,46573,77065,2073
19,NUEVO LEON,5,MONTERREY,CAND_IND2,NA,45208,NA,1365,46573,77065,0
19,NUEVO LEON,5,MONTERREY,CAND_IND3,NA,45208,NA,1365,46573,77065,0
19,NUEVO LEON,5,MONTERREY,CAND_IND4,NA,45208,NA,1365,46573,77065,0
19,NUEVO LEON,5,MONTERREY,CAND_IND5,NA,45208,NA,1365,46573,77065,0
19,NUEVO LEON,5,MONTERREY,CAND_IND6,NA,45208,NA,1365,46573,77065,0
19,NUEVO LEON,5,MONTERREY,CAND_IND7,NA,45208,NA,1365,46573,77065,0
19,NUEVO LEON,5,MONTERREY,CAND_IND8,NA,45208,NA,1365,46573,77065,0
19,NUEVO LEON,5,MONTERREY,CAND_IND9,NA,45208,NA,1365,46573,77065,0
19,NUEVO LEON,5,MONTERREY,CAND_IND10,NA,45208,NA,1365,46573,77065,0
19,NUEVO LEON,5,MONTERREY,CAND_IND11,NA,45208,NA,1365,46573,77065,0
19,NUEVO LEON,5,MONTERREY,CAND_IND12,NA,45208,NA,1365,46573,77065,0
19,NUEVO LEON,6,MONTERREY,PAN,14555,43858,NA,1270,45128,75810,14555
19,NUEVO LEON,6,MONTERREY,PRI,11592,43858,NA,1270,45128,75810,11592
19,NUEVO LEON,6,MONTERREY,PRD,1824,43858,NA,1270,45128,75810,1824
19,NUEVO LEON,6,MONTERREY,PT,1695,43858,NA,1270,45128,75810,1695
19,NUEVO LEON,6,MONTERREY,PVEM,1559,43858,NA,1270,45128,75810,1559
19,NUEVO LEON,6,MONTERREY,MC,4517,43858,NA,1270,45128,75810,4517
19,NUEVO LEON,6,MONTERREY,NUAL,1453,43858,NA,1270,45128,75810,1453
19,NUEVO LEON,6,MONTERREY,PD,291,43858,NA,1270,45128,75810,291
19,NUEVO LEON,6,MONTERREY,CC,494,43858,NA,1270,45128,75810,494
19,NUEVO LEON,6,MONTERREY,MORENA,1148,43858,NA,1270,45128,75810,1148
19,NUEVO LEON,6,MONTERREY,PH,3402,43858,NA,1270,45128,75810,3402
19,NUEVO LEON,6,MONTERREY,ES,1328,43858,NA,1270,45128,75810,1328
19,NUEVO LEON,6,MONTERREY,CAND_IND2,NA,43858,NA,1270,45128,75810,0
19,NUEVO LEON,6,MONTERREY,CAND_IND3,NA,43858,NA,1270,45128,75810,0
19,NUEVO LEON,6,MONTERREY,CAND_IND4,NA,43858,NA,1270,45128,75810,0
19,NUEVO LEON,6,MONTERREY,CAND_IND5,NA,43858,NA,1270,45128,75810,0
19,NUEVO LEON,6,MONTERREY,CAND_IND6,NA,43858,NA,1270,45128,75810,0
19,NUEVO LEON,6,MONTERREY,CAND_IND7,NA,43858,NA,1270,45128,75810,0
19,NUEVO LEON,6,MONTERREY,CAND_IND8,NA,43858,NA,1270,45128,75810,0
19,NUEVO LEON,6,MONTERREY,CAND_IND9,NA,43858,NA,1270,45128,75810,0
19,NUEVO LEON,6,MONTERREY,CAND_IND10,NA,43858,NA,1270,45128,75810,0
19,NUEVO LEON,6,MONTERREY,CAND_IND11,NA,43858,NA,1270,45128,75810,0
19,NUEVO LEON,6,MONTERREY,CAND_IND12,NA,43858,NA,1270,45128,75810,0
19,NUEVO LEON,7,MONTERREY,PAN,19390,51166,NA,1421,52587,82165,19390
19,NUEVO LEON,7,MONTERREY,PRI,10349,51166,NA,1421,52587,82165,10349
19,NUEVO LEON,7,MONTERREY,PRD,834,51166,NA,1421,52587,82165,834
19,NUEVO LEON,7,MONTERREY,PT,1671,51166,NA,1421,52587,82165,1671
19,NUEVO LEON,7,MONTERREY,PVEM,1918,51166,NA,1421,52587,82165,1918
19,NUEVO LEON,7,MONTERREY,MC,9198,51166,NA,1421,52587,82165,9198
19,NUEVO LEON,7,MONTERREY,NUAL,1757,51166,NA,1421,52587,82165,1757
19,NUEVO LEON,7,MONTERREY,PD,237,51166,NA,1421,52587,82165,237
19,NUEVO LEON,7,MONTERREY,CC,454,51166,NA,1421,52587,82165,454
19,NUEVO LEON,7,MONTERREY,MORENA,1677,51166,NA,1421,52587,82165,1677
19,NUEVO LEON,7,MONTERREY,PH,1244,51166,NA,1421,52587,82165,1244
19,NUEVO LEON,7,MONTERREY,ES,2437,51166,NA,1421,52587,82165,2437
19,NUEVO LEON,7,MONTERREY,CAND_IND2,NA,51166,NA,1421,52587,82165,0
19,NUEVO LEON,7,MONTERREY,CAND_IND3,NA,51166,NA,1421,52587,82165,0
19,NUEVO LEON,7,MONTERREY,CAND_IND4,NA,51166,NA,1421,52587,82165,0
19,NUEVO LEON,7,MONTERREY,CAND_IND5,NA,51166,NA,1421,52587,82165,0
19,NUEVO LEON,7,MONTERREY,CAND_IND6,NA,51166,NA,1421,52587,82165,0
19,NUEVO LEON,7,MONTERREY,CAND_IND7,NA,51166,NA,1421,52587,82165,0
19,NUEVO LEON,7,MONTERREY,CAND_IND8,NA,51166,NA,1421,52587,82165,0
19,NUEVO LEON,7,MONTERREY,CAND_IND9,NA,51166,NA,1421,52587,82165,0
19,NUEVO LEON,7,MONTERREY,CAND_IND10,NA,51166,NA,1421,52587,82165,0
19,NUEVO LEON,7,MONTERREY,CAND_IND11,NA,51166,NA,1421,52587,82165,0
19,NUEVO LEON,7,MONTERREY,CAND_IND12,NA,51166,NA,1421,52587,82165,0
19,NUEVO LEON,8,MONTERREY,PAN,25755,75898,NA,2493,78391,129805,25755
19,NUEVO LEON,8,MONTERREY,PRI,17278,75898,NA,2493,78391,129805,17278
19,NUEVO LEON,8,MONTERREY,PRD,840,75898,NA,2493,78391,129805,840
19,NUEVO LEON,8,MONTERREY,PT,2377,75898,NA,2493,78391,129805,2377
19,NUEVO LEON,8,MONTERREY,PVEM,4260,75898,NA,2493,78391,129805,4260
19,NUEVO LEON,8,MONTERREY,MC,12969,75898,NA,2493,78391,129805,12969
19,NUEVO LEON,8,MONTERREY,NUAL,1752,75898,NA,2493,78391,129805,1752
19,NUEVO LEON,8,MONTERREY,PD,179,75898,NA,2493,78391,129805,179
19,NUEVO LEON,8,MONTERREY,CC,600,75898,NA,2493,78391,129805,600
19,NUEVO LEON,8,MONTERREY,MORENA,1660,75898,NA,2493,78391,129805,1660
19,NUEVO LEON,8,MONTERREY,PH,1436,75898,NA,2493,78391,129805,1436
19,NUEVO LEON,8,MONTERREY,ES,NA,75898,NA,2493,78391,129805,0
19,NUEVO LEON,8,MONTERREY,CAND_IND2,6792,75898,NA,2493,78391,129805,6792
19,NUEVO LEON,8,MONTERREY,CAND_IND3,NA,75898,NA,2493,78391,129805,0
19,NUEVO LEON,8,MONTERREY,CAND_IND4,NA,75898,NA,2493,78391,129805,0
19,NUEVO LEON,8,MONTERREY,CAND_IND5,NA,75898,NA,2493,78391,129805,0
19,NUEVO LEON,8,MONTERREY,CAND_IND6,NA,75898,NA,2493,78391,129805,0
19,NUEVO LEON,8,MONTERREY,CAND_IND7,NA,75898,NA,2493,78391,129805,0
19,NUEVO LEON,8,MONTERREY,CAND_IND8,NA,75898,NA,2493,78391,129805,0
19,NUEVO LEON,8,MONTERREY,CAND_IND9,NA,75898,NA,2493,78391,129805,0
19,NUEVO LEON,8,MONTERREY,CAND_IND10,NA,75898,NA,2493,78391,129805,0
19,NUEVO LEON,8,MONTERREY,CAND_IND11,NA,75898,NA,2493,78391,129805,0
19,NUEVO LEON,8,MONTERREY,CAND_IND12,NA,75898,NA,2493,78391,129805,0
19,NUEVO LEON,9,SAN NICOLAS DE LOS GARZA,PAN,33836,69326,NA,1539,70865,113840,33836
19,NUEVO LEON,9,SAN NICOLAS DE LOS GARZA,PRI,10197,69326,NA,1539,70865,113840,10197
19,NUEVO LEON,9,SAN NICOLAS DE LOS GARZA,PRD,1366,69326,NA,1539,70865,113840,1366
19,NUEVO LEON,9,SAN NICOLAS DE LOS GARZA,PT,1246,69326,NA,1539,70865,113840,1246
19,NUEVO LEON,9,SAN NICOLAS DE LOS GARZA,PVEM,2856,69326,NA,1539,70865,113840,2856
19,NUEVO LEON,9,SAN NICOLAS DE LOS GARZA,MC,7884,69326,NA,1539,70865,113840,7884
19,NUEVO LEON,9,SAN NICOLAS DE LOS GARZA,NUAL,2000,69326,NA,1539,70865,113840,2000
19,NUEVO LEON,9,SAN NICOLAS DE LOS GARZA,PD,176,69326,NA,1539,70865,113840,176
19,NUEVO LEON,9,SAN NICOLAS DE LOS GARZA,CC,NA,69326,NA,1539,70865,113840,0
19,NUEVO LEON,9,SAN NICOLAS DE LOS GARZA,MORENA,1435,69326,NA,1539,70865,113840,1435
19,NUEVO LEON,9,SAN NICOLAS DE LOS GARZA,PH,1628,69326,NA,1539,70865,113840,1628
19,NUEVO LEON,9,SAN NICOLAS DE LOS GARZA,ES,NA,69326,NA,1539,70865,113840,0
19,NUEVO LEON,9,SAN NICOLAS DE LOS GARZA,CAND_IND2,NA,69326,NA,1539,70865,113840,0
19,NUEVO LEON,9,SAN NICOLAS DE LOS GARZA,CAND_IND3,6702,69326,NA,1539,70865,113840,6702
19,NUEVO LEON,9,SAN NICOLAS DE LOS GARZA,CAND_IND4,NA,69326,NA,1539,70865,113840,0
19,NUEVO LEON,9,SAN NICOLAS DE LOS GARZA,CAND_IND5,NA,69326,NA,1539,70865,113840,0
19,NUEVO LEON,9,SAN NICOLAS DE LOS GARZA,CAND_IND6,NA,69326,NA,1539,70865,113840,0
19,NUEVO LEON,9,SAN NICOLAS DE LOS GARZA,CAND_IND7,NA,69326,NA,1539,70865,113840,0
19,NUEVO LEON,9,SAN NICOLAS DE LOS GARZA,CAND_IND8,NA,69326,NA,1539,70865,113840,0
19,NUEVO LEON,9,SAN NICOLAS DE LOS GARZA,CAND_IND9,NA,69326,NA,1539,70865,113840,0
19,NUEVO LEON,9,SAN NICOLAS DE LOS GARZA,CAND_IND10,NA,69326,NA,1539,70865,113840,0
19,NUEVO LEON,9,SAN NICOLAS DE LOS GARZA,CAND_IND11,NA,69326,NA,1539,70865,113840,0
19,NUEVO LEON,9,SAN NICOLAS DE LOS GARZA,CAND_IND12,NA,69326,NA,1539,70865,113840,0
19,NUEVO LEON,10,SAN NICOLAS DE LOS GARZA,PAN,31640,67779,NA,1878,69657,115134,31640
19,NUEVO LEON,10,SAN NICOLAS DE LOS GARZA,PRI,11952,67779,NA,1878,69657,115134,11952
19,NUEVO LEON,10,SAN NICOLAS DE LOS GARZA,PRD,916,67779,NA,1878,69657,115134,916
19,NUEVO LEON,10,SAN NICOLAS DE LOS GARZA,PT,1239,67779,NA,1878,69657,115134,1239
19,NUEVO LEON,10,SAN NICOLAS DE LOS GARZA,PVEM,4060,67779,NA,1878,69657,115134,4060
19,NUEVO LEON,10,SAN NICOLAS DE LOS GARZA,MC,9545,67779,NA,1878,69657,115134,9545
19,NUEVO LEON,10,SAN NICOLAS DE LOS GARZA,NUAL,2287,67779,NA,1878,69657,115134,2287
19,NUEVO LEON,10,SAN NICOLAS DE LOS GARZA,PD,229,67779,NA,1878,69657,115134,229
19,NUEVO LEON,10,SAN NICOLAS DE LOS GARZA,CC,NA,67779,NA,1878,69657,115134,0
19,NUEVO LEON,10,SAN NICOLAS DE LOS GARZA,MORENA,1865,67779,NA,1878,69657,115134,1865
19,NUEVO LEON,10,SAN NICOLAS DE LOS GARZA,PH,1500,67779,NA,1878,69657,115134,1500
19,NUEVO LEON,10,SAN NICOLAS DE LOS GARZA,ES,2546,67779,NA,1878,69657,115134,2546
19,NUEVO LEON,10,SAN NICOLAS DE LOS GARZA,CAND_IND2,NA,67779,NA,1878,69657,115134,0
19,NUEVO LEON,10,SAN NICOLAS DE LOS GARZA,CAND_IND3,NA,67779,NA,1878,69657,115134,0
19,NUEVO LEON,10,SAN NICOLAS DE LOS GARZA,CAND_IND4,NA,67779,NA,1878,69657,115134,0
19,NUEVO LEON,10,SAN NICOLAS DE LOS GARZA,CAND_IND5,NA,67779,NA,1878,69657,115134,0
19,NUEVO LEON,10,SAN NICOLAS DE LOS GARZA,CAND_IND6,NA,67779,NA,1878,69657,115134,0
19,NUEVO LEON,10,SAN NICOLAS DE LOS GARZA,CAND_IND7,NA,67779,NA,1878,69657,115134,0
19,NUEVO LEON,10,SAN NICOLAS DE LOS GARZA,CAND_IND8,NA,67779,NA,1878,69657,115134,0
19,NUEVO LEON,10,SAN NICOLAS DE LOS GARZA,CAND_IND9,NA,67779,NA,1878,69657,115134,0
19,NUEVO LEON,10,SAN NICOLAS DE LOS GARZA,CAND_IND10,NA,67779,NA,1878,69657,115134,0
19,NUEVO LEON,10,SAN NICOLAS DE LOS GARZA,CAND_IND11,NA,67779,NA,1878,69657,115134,0
19,NUEVO LEON,10,SAN NICOLAS DE LOS GARZA,CAND_IND12,NA,67779,NA,1878,69657,115134,0
19,NUEVO LEON,11,SAN NICOLAS DE LOS GARZA,PAN,31480,68924,NA,1564,70488,110592,31480
19,NUEVO LEON,11,SAN NICOLAS DE LOS GARZA,PRI,10584,68924,NA,1564,70488,110592,10584
19,NUEVO LEON,11,SAN NICOLAS DE LOS GARZA,PRD,1601,68924,NA,1564,70488,110592,1601
19,NUEVO LEON,11,SAN NICOLAS DE LOS GARZA,PT,1871,68924,NA,1564,70488,110592,1871
19,NUEVO LEON,11,SAN NICOLAS DE LOS GARZA,PVEM,3343,68924,NA,1564,70488,110592,3343
19,NUEVO LEON,11,SAN NICOLAS DE LOS GARZA,MC,9901,68924,NA,1564,70488,110592,9901
19,NUEVO LEON,11,SAN NICOLAS DE LOS GARZA,NUAL,2485,68924,NA,1564,70488,110592,2485
19,NUEVO LEON,11,SAN NICOLAS DE LOS GARZA,PD,265,68924,NA,1564,70488,110592,265
19,NUEVO LEON,11,SAN NICOLAS DE LOS GARZA,CC,638,68924,NA,1564,70488,110592,638
19,NUEVO LEON,11,SAN NICOLAS DE LOS GARZA,MORENA,1832,68924,NA,1564,70488,110592,1832
19,NUEVO LEON,11,SAN NICOLAS DE LOS GARZA,PH,1560,68924,NA,1564,70488,110592,1560
19,NUEVO LEON,11,SAN NICOLAS DE LOS GARZA,ES,3364,68924,NA,1564,70488,110592,3364
19,NUEVO LEON,11,SAN NICOLAS DE LOS GARZA,CAND_IND2,NA,68924,NA,1564,70488,110592,0
19,NUEVO LEON,11,SAN NICOLAS DE LOS GARZA,CAND_IND3,NA,68924,NA,1564,70488,110592,0
19,NUEVO LEON,11,SAN NICOLAS DE LOS GARZA,CAND_IND4,NA,68924,NA,1564,70488,110592,0
19,NUEVO LEON,11,SAN NICOLAS DE LOS GARZA,CAND_IND5,NA,68924,NA,1564,70488,110592,0
19,NUEVO LEON,11,SAN NICOLAS DE LOS GARZA,CAND_IND6,NA,68924,NA,1564,70488,110592,0
19,NUEVO LEON,11,SAN NICOLAS DE LOS GARZA,CAND_IND7,NA,68924,NA,1564,70488,110592,0
19,NUEVO LEON,11,SAN NICOLAS DE LOS GARZA,CAND_IND8,NA,68924,NA,1564,70488,110592,0
19,NUEVO LEON,11,SAN NICOLAS DE LOS GARZA,CAND_IND9,NA,68924,NA,1564,70488,110592,0
19,NUEVO LEON,11,SAN NICOLAS DE LOS GARZA,CAND_IND10,NA,68924,NA,1564,70488,110592,0
19,NUEVO LEON,11,SAN NICOLAS DE LOS GARZA,CAND_IND11,NA,68924,NA,1564,70488,110592,0
19,NUEVO LEON,11,SAN NICOLAS DE LOS GARZA,CAND_IND12,NA,68924,NA,1564,70488,110592,0
19,NUEVO LEON,12,GUADALUPE,PAN,26055,73460,NA,2074,75534,126952,26055
19,NUEVO LEON,12,GUADALUPE,PRI,19748,73460,NA,2074,75534,126952,19748
19,NUEVO LEON,12,GUADALUPE,PRD,1086,73460,NA,2074,75534,126952,1086
19,NUEVO LEON,12,GUADALUPE,PT,1559,73460,NA,2074,75534,126952,1559
19,NUEVO LEON,12,GUADALUPE,PVEM,3532,73460,NA,2074,75534,126952,3532
19,NUEVO LEON,12,GUADALUPE,MC,10915,73460,NA,2074,75534,126952,10915
19,NUEVO LEON,12,GUADALUPE,NUAL,3577,73460,NA,2074,75534,126952,3577
19,NUEVO LEON,12,GUADALUPE,PD,257,73460,NA,2074,75534,126952,257
19,NUEVO LEON,12,GUADALUPE,CC,514,73460,NA,2074,75534,126952,514
19,NUEVO LEON,12,GUADALUPE,MORENA,2248,73460,NA,2074,75534,126952,2248
19,NUEVO LEON,12,GUADALUPE,PH,1818,73460,NA,2074,75534,126952,1818
19,NUEVO LEON,12,GUADALUPE,ES,2151,73460,NA,2074,75534,126952,2151
19,NUEVO LEON,12,GUADALUPE,CAND_IND2,NA,73460,NA,2074,75534,126952,0
19,NUEVO LEON,12,GUADALUPE,CAND_IND3,NA,73460,NA,2074,75534,126952,0
19,NUEVO LEON,12,GUADALUPE,CAND_IND4,NA,73460,NA,2074,75534,126952,0
19,NUEVO LEON,12,GUADALUPE,CAND_IND5,NA,73460,NA,2074,75534,126952,0
19,NUEVO LEON,12,GUADALUPE,CAND_IND6,NA,73460,NA,2074,75534,126952,0
19,NUEVO LEON,12,GUADALUPE,CAND_IND7,NA,73460,NA,2074,75534,126952,0
19,NUEVO LEON,12,GUADALUPE,CAND_IND8,NA,73460,NA,2074,75534,126952,0
19,NUEVO LEON,12,GUADALUPE,CAND_IND9,NA,73460,NA,2074,75534,126952,0
19,NUEVO LEON,12,GUADALUPE,CAND_IND10,NA,73460,NA,2074,75534,126952,0
19,NUEVO LEON,12,GUADALUPE,CAND_IND11,NA,73460,NA,2074,75534,126952,0
19,NUEVO LEON,12,GUADALUPE,CAND_IND12,NA,73460,NA,2074,75534,126952,0
19,NUEVO LEON,13,GUADALUPE,PAN,22941,76582,NA,2039,78621,144419,22941
19,NUEVO LEON,13,GUADALUPE,PRI,25364,76582,NA,2039,78621,144419,25364
19,NUEVO LEON,13,GUADALUPE,PRD,1093,76582,NA,2039,78621,144419,1093
19,NUEVO LEON,13,GUADALUPE,PT,1448,76582,NA,2039,78621,144419,1448
19,NUEVO LEON,13,GUADALUPE,PVEM,3298,76582,NA,2039,78621,144419,3298
19,NUEVO LEON,13,GUADALUPE,MC,7888,76582,NA,2039,78621,144419,7888
19,NUEVO LEON,13,GUADALUPE,NUAL,3191,76582,NA,2039,78621,144419,3191
19,NUEVO LEON,13,GUADALUPE,PD,423,76582,NA,2039,78621,144419,423
19,NUEVO LEON,13,GUADALUPE,CC,507,76582,NA,2039,78621,144419,507
19,NUEVO LEON,13,GUADALUPE,MORENA,2037,76582,NA,2039,78621,144419,2037
19,NUEVO LEON,13,GUADALUPE,PH,1578,76582,NA,2039,78621,144419,1578
19,NUEVO LEON,13,GUADALUPE,ES,NA,76582,NA,2039,78621,144419,0
19,NUEVO LEON,13,GUADALUPE,CAND_IND2,NA,76582,NA,2039,78621,144419,0
19,NUEVO LEON,13,GUADALUPE,CAND_IND3,NA,76582,NA,2039,78621,144419,0
19,NUEVO LEON,13,GUADALUPE,CAND_IND4,6814,76582,NA,2039,78621,144419,6814
19,NUEVO LEON,13,GUADALUPE,CAND_IND5,NA,76582,NA,2039,78621,144419,0
19,NUEVO LEON,13,GUADALUPE,CAND_IND6,NA,76582,NA,2039,78621,144419,0
19,NUEVO LEON,13,GUADALUPE,CAND_IND7,NA,76582,NA,2039,78621,144419,0
19,NUEVO LEON,13,GUADALUPE,CAND_IND8,NA,76582,NA,2039,78621,144419,0
19,NUEVO LEON,13,GUADALUPE,CAND_IND9,NA,76582,NA,2039,78621,144419,0
19,NUEVO LEON,13,GUADALUPE,CAND_IND10,NA,76582,NA,2039,78621,144419,0
19,NUEVO LEON,13,GUADALUPE,CAND_IND11,NA,76582,NA,2039,78621,144419,0
19,NUEVO LEON,13,GUADALUPE,CAND_IND12,NA,76582,NA,2039,78621,144419,0
19,NUEVO LEON,14,GUADALUPE,PAN,33901,95475,NA,2228,97703,165412,33901
19,NUEVO LEON,14,GUADALUPE,PRI,25319,95475,NA,2228,97703,165412,25319
19,NUEVO LEON,14,GUADALUPE,PRD,1953,95475,NA,2228,97703,165412,1953
19,NUEVO LEON,14,GUADALUPE,PT,2144,95475,NA,2228,97703,165412,2144
19,NUEVO LEON,14,GUADALUPE,PVEM,6174,95475,NA,2228,97703,165412,6174
19,NUEVO LEON,14,GUADALUPE,MC,9929,95475,NA,2228,97703,165412,9929
19,NUEVO LEON,14,GUADALUPE,NUAL,3201,95475,NA,2228,97703,165412,3201
19,NUEVO LEON,14,GUADALUPE,PD,284,95475,NA,2228,97703,165412,284
19,NUEVO LEON,14,GUADALUPE,CC,615,95475,NA,2228,97703,165412,615
19,NUEVO LEON,14,GUADALUPE,MORENA,2086,95475,NA,2228,97703,165412,2086
19,NUEVO LEON,14,GUADALUPE,PH,2084,95475,NA,2228,97703,165412,2084
19,NUEVO LEON,14,GUADALUPE,ES,NA,95475,NA,2228,97703,165412,0
19,NUEVO LEON,14,GUADALUPE,CAND_IND2,NA,95475,NA,2228,97703,165412,0
19,NUEVO LEON,14,GUADALUPE,CAND_IND3,NA,95475,NA,2228,97703,165412,0
19,NUEVO LEON,14,GUADALUPE,CAND_IND4,NA,95475,NA,2228,97703,165412,0
19,NUEVO LEON,14,GUADALUPE,CAND_IND5,7785,95475,NA,2228,97703,165412,7785
19,NUEVO LEON,14,GUADALUPE,CAND_IND6,NA,95475,NA,2228,97703,165412,0
19,NUEVO LEON,14,GUADALUPE,CAND_IND7,NA,95475,NA,2228,97703,165412,0
19,NUEVO LEON,14,GUADALUPE,CAND_IND8,NA,95475,NA,2228,97703,165412,0
19,NUEVO LEON,14,GUADALUPE,CAND_IND9,NA,95475,NA,2228,97703,165412,0
19,NUEVO LEON,14,GUADALUPE,CAND_IND10,NA,95475,NA,2228,97703,165412,0
19,NUEVO LEON,14,GUADALUPE,CAND_IND11,NA,95475,NA,2228,97703,165412,0
19,NUEVO LEON,14,GUADALUPE,CAND_IND12,NA,95475,NA,2228,97703,165412,0
19,NUEVO LEON,15,GUADALUPE,PAN,19127,54605,NA,1230,55835,87103,19127
19,NUEVO LEON,15,GUADALUPE,PRI,14440,54605,NA,1230,55835,87103,14440
19,NUEVO LEON,15,GUADALUPE,PRD,786,54605,NA,1230,55835,87103,786
19,NUEVO LEON,15,GUADALUPE,PT,789,54605,NA,1230,55835,87103,789
19,NUEVO LEON,15,GUADALUPE,PVEM,4661,54605,NA,1230,55835,87103,4661
19,NUEVO LEON,15,GUADALUPE,MC,6002,54605,NA,1230,55835,87103,6002
19,NUEVO LEON,15,GUADALUPE,NUAL,1816,54605,NA,1230,55835,87103,1816
19,NUEVO LEON,15,GUADALUPE,PD,238,54605,NA,1230,55835,87103,238
19,NUEVO LEON,15,GUADALUPE,CC,394,54605,NA,1230,55835,87103,394
19,NUEVO LEON,15,GUADALUPE,MORENA,1391,54605,NA,1230,55835,87103,1391
19,NUEVO LEON,15,GUADALUPE,PH,1075,54605,NA,1230,55835,87103,1075
19,NUEVO LEON,15,GUADALUPE,ES,NA,54605,NA,1230,55835,87103,0
19,NUEVO LEON,15,GUADALUPE,CAND_IND2,NA,54605,NA,1230,55835,87103,0
19,NUEVO LEON,15,GUADALUPE,CAND_IND3,NA,54605,NA,1230,55835,87103,0
19,NUEVO LEON,15,GUADALUPE,CAND_IND4,NA,54605,NA,1230,55835,87103,0
19,NUEVO LEON,15,GUADALUPE,CAND_IND5,NA,54605,NA,1230,55835,87103,0
19,NUEVO LEON,15,GUADALUPE,CAND_IND6,3886,54605,NA,1230,55835,87103,3886
19,NUEVO LEON,15,GUADALUPE,CAND_IND7,NA,54605,NA,1230,55835,87103,0
19,NUEVO LEON,15,GUADALUPE,CAND_IND8,NA,54605,NA,1230,55835,87103,0
19,NUEVO LEON,15,GUADALUPE,CAND_IND9,NA,54605,NA,1230,55835,87103,0
19,NUEVO LEON,15,GUADALUPE,CAND_IND10,NA,54605,NA,1230,55835,87103,0
19,NUEVO LEON,15,GUADALUPE,CAND_IND11,NA,54605,NA,1230,55835,87103,0
19,NUEVO LEON,15,GUADALUPE,CAND_IND12,NA,54605,NA,1230,55835,87103,0
19,NUEVO LEON,16,APODACA,PAN,55131,189858,NA,4554,194412,360935,55131
19,NUEVO LEON,16,APODACA,PRI,58726,189858,NA,4554,194412,360935,58726
19,NUEVO LEON,16,APODACA,PRD,4069,189858,NA,4554,194412,360935,4069
19,NUEVO LEON,16,APODACA,PT,3779,189858,NA,4554,194412,360935,3779
19,NUEVO LEON,16,APODACA,PVEM,11982,189858,NA,4554,194412,360935,11982
19,NUEVO LEON,16,APODACA,MC,22174,189858,NA,4554,194412,360935,22174
19,NUEVO LEON,16,APODACA,NUAL,6794,189858,NA,4554,194412,360935,6794
19,NUEVO LEON,16,APODACA,PD,488,189858,NA,4554,194412,360935,488
19,NUEVO LEON,16,APODACA,CC,1026,189858,NA,4554,194412,360935,1026
19,NUEVO LEON,16,APODACA,MORENA,4101,189858,NA,4554,194412,360935,4101
19,NUEVO LEON,16,APODACA,PH,3449,189858,NA,4554,194412,360935,3449
19,NUEVO LEON,16,APODACA,ES,3545,189858,NA,4554,194412,360935,3545
19,NUEVO LEON,16,APODACA,CAND_IND2,NA,189858,NA,4554,194412,360935,0
19,NUEVO LEON,16,APODACA,CAND_IND3,NA,189858,NA,4554,194412,360935,0
19,NUEVO LEON,16,APODACA,CAND_IND4,NA,189858,NA,4554,194412,360935,0
19,NUEVO LEON,16,APODACA,CAND_IND5,NA,189858,NA,4554,194412,360935,0
19,NUEVO LEON,16,APODACA,CAND_IND6,NA,189858,NA,4554,194412,360935,0
19,NUEVO LEON,16,APODACA,CAND_IND7,14594,189858,NA,4554,194412,360935,14594
19,NUEVO LEON,16,APODACA,CAND_IND8,NA,189858,NA,4554,194412,360935,0
19,NUEVO LEON,16,APODACA,CAND_IND9,NA,189858,NA,4554,194412,360935,0
19,NUEVO LEON,16,APODACA,CAND_IND10,NA,189858,NA,4554,194412,360935,0
19,NUEVO LEON,16,APODACA,CAND_IND11,NA,189858,NA,4554,194412,360935,0
19,NUEVO LEON,16,APODACA,CAND_IND12,NA,189858,NA,4554,194412,360935,0
19,NUEVO LEON,17,GENERAL ESCOBEDO,PAN,36068,137865,NA,3760,141625,272504,36068
19,NUEVO LEON,17,GENERAL ESCOBEDO,PRI,43740,137865,NA,3760,141625,272504,43740
19,NUEVO LEON,17,GENERAL ESCOBEDO,PRD,3723,137865,NA,3760,141625,272504,3723
19,NUEVO LEON,17,GENERAL ESCOBEDO,PT,4265,137865,NA,3760,141625,272504,4265
19,NUEVO LEON,17,GENERAL ESCOBEDO,PVEM,7032,137865,NA,3760,141625,272504,7032
19,NUEVO LEON,17,GENERAL ESCOBEDO,MC,16706,137865,NA,3760,141625,272504,16706
19,NUEVO LEON,17,GENERAL ESCOBEDO,NUAL,5340,137865,NA,3760,141625,272504,5340
19,NUEVO LEON,17,GENERAL ESCOBEDO,PD,421,137865,NA,3760,141625,272504,421
19,NUEVO LEON,17,GENERAL ESCOBEDO,CC,929,137865,NA,3760,141625,272504,929
19,NUEVO LEON,17,GENERAL ESCOBEDO,MORENA,3138,137865,NA,3760,141625,272504,3138
19,NUEVO LEON,17,GENERAL ESCOBEDO,PH,3848,137865,NA,3760,141625,272504,3848
19,NUEVO LEON,17,GENERAL ESCOBEDO,ES,NA,137865,NA,3760,141625,272504,0
19,NUEVO LEON,17,GENERAL ESCOBEDO,CAND_IND2,NA,137865,NA,3760,141625,272504,0
19,NUEVO LEON,17,GENERAL ESCOBEDO,CAND_IND3,NA,137865,NA,3760,141625,272504,0
19,NUEVO LEON,17,GENERAL ESCOBEDO,CAND_IND4,NA,137865,NA,3760,141625,272504,0
19,NUEVO LEON,17,GENERAL ESCOBEDO,CAND_IND5,NA,137865,NA,3760,141625,272504,0
19,NUEVO LEON,17,GENERAL ESCOBEDO,CAND_IND6,NA,137865,NA,3760,141625,272504,0
19,NUEVO LEON,17,GENERAL ESCOBEDO,CAND_IND7,NA,137865,NA,3760,141625,272504,0
19,NUEVO LEON,17,GENERAL ESCOBEDO,CAND_IND8,12655,137865,NA,3760,141625,272504,12655
19,NUEVO LEON,17,GENERAL ESCOBEDO,CAND_IND9,NA,137865,NA,3760,141625,272504,0
19,NUEVO LEON,17,GENERAL ESCOBEDO,CAND_IND10,NA,137865,NA,3760,141625,272504,0
19,NUEVO LEON,17,GENERAL ESCOBEDO,CAND_IND11,NA,137865,NA,3760,141625,272504,0
19,NUEVO LEON,17,GENERAL ESCOBEDO,CAND_IND12,NA,137865,NA,3760,141625,272504,0
19,NUEVO LEON,18,SAN PEDRO GARZA GARCIA,PAN,29055,77462,NA,1783,79245,128742,29055
19,NUEVO LEON,18,SAN PEDRO GARZA GARCIA,PRI,12020,77462,NA,1783,79245,128742,12020
19,NUEVO LEON,18,SAN PEDRO GARZA GARCIA,PRD,922,77462,NA,1783,79245,128742,922
19,NUEVO LEON,18,SAN PEDRO GARZA GARCIA,PT,710,77462,NA,1783,79245,128742,710
19,NUEVO LEON,18,SAN PEDRO GARZA GARCIA,PVEM,2229,77462,NA,1783,79245,128742,2229
19,NUEVO LEON,18,SAN PEDRO GARZA GARCIA,MC,15996,77462,NA,1783,79245,128742,15996
19,NUEVO LEON,18,SAN PEDRO GARZA GARCIA,NUAL,1703,77462,NA,1783,79245,128742,1703
19,NUEVO LEON,18,SAN PEDRO GARZA GARCIA,PD,723,77462,NA,1783,79245,128742,723
19,NUEVO LEON,18,SAN PEDRO GARZA GARCIA,CC,404,77462,NA,1783,79245,128742,404
19,NUEVO LEON,18,SAN PEDRO GARZA GARCIA,MORENA,925,77462,NA,1783,79245,128742,925
19,NUEVO LEON,18,SAN PEDRO GARZA GARCIA,PH,2402,77462,NA,1783,79245,128742,2402
19,NUEVO LEON,18,SAN PEDRO GARZA GARCIA,ES,885,77462,NA,1783,79245,128742,885
19,NUEVO LEON,18,SAN PEDRO GARZA GARCIA,CAND_IND2,NA,77462,NA,1783,79245,128742,0
19,NUEVO LEON,18,SAN PEDRO GARZA GARCIA,CAND_IND3,NA,77462,NA,1783,79245,128742,0
19,NUEVO LEON,18,SAN PEDRO GARZA GARCIA,CAND_IND4,NA,77462,NA,1783,79245,128742,0
19,NUEVO LEON,18,SAN PEDRO GARZA GARCIA,CAND_IND5,NA,77462,NA,1783,79245,128742,0
19,NUEVO LEON,18,SAN PEDRO GARZA GARCIA,CAND_IND6,NA,77462,NA,1783,79245,128742,0
19,NUEVO LEON,18,SAN PEDRO GARZA GARCIA,CAND_IND7,NA,77462,NA,1783,79245,128742,0
19,NUEVO LEON,18,SAN PEDRO GARZA GARCIA,CAND_IND8,NA,77462,NA,1783,79245,128742,0
19,NUEVO LEON,18,SAN PEDRO GARZA GARCIA,CAND_IND9,9488,77462,NA,1783,79245,128742,9488
19,NUEVO LEON,18,SAN PEDRO GARZA GARCIA,CAND_IND10,NA,77462,NA,1783,79245,128742,0
19,NUEVO LEON,18,SAN PEDRO GARZA GARCIA,CAND_IND11,NA,77462,NA,1783,79245,128742,0
19,NUEVO LEON,18,SAN PEDRO GARZA GARCIA,CAND_IND12,NA,77462,NA,1783,79245,128742,0
19,NUEVO LEON,19,SANTA CATARINA,PAN,42100,92651,NA,2225,94876,166499,42100
19,NUEVO LEON,19,SANTA CATARINA,PRI,16336,92651,NA,2225,94876,166499,16336
19,NUEVO LEON,19,SANTA CATARINA,PRD,1198,92651,NA,2225,94876,166499,1198
19,NUEVO LEON,19,SANTA CATARINA,PT,1688,92651,NA,2225,94876,166499,1688
19,NUEVO LEON,19,SANTA CATARINA,PVEM,4529,92651,NA,2225,94876,166499,4529
19,NUEVO LEON,19,SANTA CATARINA,MC,9039,92651,NA,2225,94876,166499,9039
19,NUEVO LEON,19,SANTA CATARINA,NUAL,2812,92651,NA,2225,94876,166499,2812
19,NUEVO LEON,19,SANTA CATARINA,PD,554,92651,NA,2225,94876,166499,554
19,NUEVO LEON,19,SANTA CATARINA,CC,382,92651,NA,2225,94876,166499,382
19,NUEVO LEON,19,SANTA CATARINA,MORENA,2393,92651,NA,2225,94876,166499,2393
19,NUEVO LEON,19,SANTA CATARINA,PH,1898,92651,NA,2225,94876,166499,1898
19,NUEVO LEON,19,SANTA CATARINA,ES,1070,92651,NA,2225,94876,166499,1070
19,NUEVO LEON,19,SANTA CATARINA,CAND_IND2,NA,92651,NA,2225,94876,166499,0
19,NUEVO LEON,19,SANTA CATARINA,CAND_IND3,NA,92651,NA,2225,94876,166499,0
19,NUEVO LEON,19,SANTA CATARINA,CAND_IND4,NA,92651,NA,2225,94876,166499,0
19,NUEVO LEON,19,SANTA CATARINA,CAND_IND5,NA,92651,NA,2225,94876,166499,0
19,NUEVO LEON,19,SANTA CATARINA,CAND_IND6,NA,92651,NA,2225,94876,166499,0
19,NUEVO LEON,19,SANTA CATARINA,CAND_IND7,NA,92651,NA,2225,94876,166499,0
19,NUEVO LEON,19,SANTA CATARINA,CAND_IND8,NA,92651,NA,2225,94876,166499,0
19,NUEVO LEON,19,SANTA CATARINA,CAND_IND9,NA,92651,NA,2225,94876,166499,0
19,NUEVO LEON,19,SANTA CATARINA,CAND_IND10,8652,92651,NA,2225,94876,166499,8652
19,NUEVO LEON,19,SANTA CATARINA,CAND_IND11,NA,92651,NA,2225,94876,166499,0
19,NUEVO LEON,19,SANTA CATARINA,CAND_IND12,NA,92651,NA,2225,94876,166499,0
19,NUEVO LEON,20,HIDALGO,PAN,28268,123290,NA,3977,127267,225622,28268
19,NUEVO LEON,20,HIDALGO,PRI,39599,123290,NA,3977,127267,225622,39599
19,NUEVO LEON,20,HIDALGO,PRD,11394,123290,NA,3977,127267,225622,11394
19,NUEVO LEON,20,HIDALGO,PT,3988,123290,NA,3977,127267,225622,3988
19,NUEVO LEON,20,HIDALGO,PVEM,6869,123290,NA,3977,127267,225622,6869
19,NUEVO LEON,20,HIDALGO,MC,8593,123290,NA,3977,127267,225622,8593
19,NUEVO LEON,20,HIDALGO,NUAL,4290,123290,NA,3977,127267,225622,4290
19,NUEVO LEON,20,HIDALGO,PD,1714,123290,NA,3977,127267,225622,1714
19,NUEVO LEON,20,HIDALGO,CC,NA,123290,NA,3977,127267,225622,0
19,NUEVO LEON,20,HIDALGO,MORENA,2119,123290,NA,3977,127267,225622,2119
19,NUEVO LEON,20,HIDALGO,PH,2808,123290,NA,3977,127267,225622,2808
19,NUEVO LEON,20,HIDALGO,ES,NA,123290,NA,3977,127267,225622,0
19,NUEVO LEON,20,HIDALGO,CAND_IND2,NA,123290,NA,3977,127267,225622,0
19,NUEVO LEON,20,HIDALGO,CAND_IND3,NA,123290,NA,3977,127267,225622,0
19,NUEVO LEON,20,HIDALGO,CAND_IND4,NA,123290,NA,3977,127267,225622,0
19,NUEVO LEON,20,HIDALGO,CAND_IND5,NA,123290,NA,3977,127267,225622,0
19,NUEVO LEON,20,HIDALGO,CAND_IND6,NA,123290,NA,3977,127267,225622,0
19,NUEVO LEON,20,HIDALGO,CAND_IND7,NA,123290,NA,3977,127267,225622,0
19,NUEVO LEON,20,HIDALGO,CAND_IND8,NA,123290,NA,3977,127267,225622,0
19,NUEVO LEON,20,HIDALGO,CAND_IND9,NA,123290,NA,3977,127267,225622,0
19,NUEVO LEON,20,HIDALGO,CAND_IND10,NA,123290,NA,3977,127267,225622,0
19,NUEVO LEON,20,HIDALGO,CAND_IND11,13648,123290,NA,3977,127267,225622,13648
19,NUEVO LEON,20,HIDALGO,CAND_IND12,NA,123290,NA,3977,127267,225622,0
19,NUEVO LEON,21,SABINAS HIDALGO,PAN,18257,37105,NA,760,37865,54220,18257
19,NUEVO LEON,21,SABINAS HIDALGO,PRI,10507,37105,NA,760,37865,54220,10507
19,NUEVO LEON,21,SABINAS HIDALGO,PRD,2034,37105,NA,760,37865,54220,2034
19,NUEVO LEON,21,SABINAS HIDALGO,PT,718,37105,NA,760,37865,54220,718
19,NUEVO LEON,21,SABINAS HIDALGO,PVEM,751,37105,NA,760,37865,54220,751
19,NUEVO LEON,21,SABINAS HIDALGO,MC,NA,37105,NA,760,37865,54220,0
19,NUEVO LEON,21,SABINAS HIDALGO,NUAL,1641,37105,NA,760,37865,54220,1641
19,NUEVO LEON,21,SABINAS HIDALGO,PD,26,37105,NA,760,37865,54220,26
19,NUEVO LEON,21,SABINAS HIDALGO,CC,93,37105,NA,760,37865,54220,93
19,NUEVO LEON,21,SABINAS HIDALGO,MORENA,378,37105,NA,760,37865,54220,378
19,NUEVO LEON,21,SABINAS HIDALGO,PH,1831,37105,NA,760,37865,54220,1831
19,NUEVO LEON,21,SABINAS HIDALGO,ES,NA,37105,NA,760,37865,54220,0
19,NUEVO LEON,21,SABINAS HIDALGO,CAND_IND2,NA,37105,NA,760,37865,54220,0
19,NUEVO LEON,21,SABINAS HIDALGO,CAND_IND3,NA,37105,NA,760,37865,54220,0
19,NUEVO LEON,21,SABINAS HIDALGO,CAND_IND4,NA,37105,NA,760,37865,54220,0
19,NUEVO LEON,21,SABINAS HIDALGO,CAND_IND5,NA,37105,NA,760,37865,54220,0
19,NUEVO LEON,21,SABINAS HIDALGO,CAND_IND6,NA,37105,NA,760,37865,54220,0
19,NUEVO LEON,21,SABINAS HIDALGO,CAND_IND7,NA,37105,NA,760,37865,54220,0
19,NUEVO LEON,21,SABINAS HIDALGO,CAND_IND8,NA,37105,NA,760,37865,54220,0
19,NUEVO LEON,21,SABINAS HIDALGO,CAND_IND9,NA,37105,NA,760,37865,54220,0
19,NUEVO LEON,21,SABINAS HIDALGO,CAND_IND10,NA,37105,NA,760,37865,54220,0
19,NUEVO LEON,21,SABINAS HIDALGO,CAND_IND11,NA,37105,NA,760,37865,54220,0
19,NUEVO LEON,21,SABINAS HIDALGO,CAND_IND12,869,37105,NA,760,37865,54220,869
19,NUEVO LEON,22,CHINA,PAN,34250,131668,NA,4046,135714,246209,34250
19,NUEVO LEON,22,CHINA,PRI,45343,131668,NA,4046,135714,246209,45343
19,NUEVO LEON,22,CHINA,PRD,1304,131668,NA,4046,135714,246209,1304
19,NUEVO LEON,22,CHINA,PT,1822,131668,NA,4046,135714,246209,1822
19,NUEVO LEON,22,CHINA,PVEM,13509,131668,NA,4046,135714,246209,13509
19,NUEVO LEON,22,CHINA,MC,6031,131668,NA,4046,135714,246209,6031
19,NUEVO LEON,22,CHINA,NUAL,3762,131668,NA,4046,135714,246209,3762
19,NUEVO LEON,22,CHINA,PD,320,131668,NA,4046,135714,246209,320
19,NUEVO LEON,22,CHINA,CC,1020,131668,NA,4046,135714,246209,1020
19,NUEVO LEON,22,CHINA,MORENA,1695,131668,NA,4046,135714,246209,1695
19,NUEVO LEON,22,CHINA,PH,2238,131668,NA,4046,135714,246209,2238
19,NUEVO LEON,22,CHINA,ES,20374,131668,NA,4046,135714,246209,20374
19,NUEVO LEON,22,CHINA,CAND_IND2,NA,131668,NA,4046,135714,246209,0
19,NUEVO LEON,22,CHINA,CAND_IND3,NA,131668,NA,4046,135714,246209,0
19,NUEVO LEON,22,CHINA,CAND_IND4,NA,131668,NA,4046,135714,246209,0
19,NUEVO LEON,22,CHINA,CAND_IND5,NA,131668,NA,4046,135714,246209,0
19,NUEVO LEON,22,CHINA,CAND_IND6,NA,131668,NA,4046,135714,246209,0
19,NUEVO LEON,22,CHINA,CAND_IND7,NA,131668,NA,4046,135714,246209,0
19,NUEVO LEON,22,CHINA,CAND_IND8,NA,131668,NA,4046,135714,246209,0
19,NUEVO LEON,22,CHINA,CAND_IND9,NA,131668,NA,4046,135714,246209,0
19,NUEVO LEON,22,CHINA,CAND_IND10,NA,131668,NA,4046,135714,246209,0
19,NUEVO LEON,22,CHINA,CAND_IND11,NA,131668,NA,4046,135714,246209,0
19,NUEVO LEON,22,CHINA,CAND_IND12,NA,131668,NA,4046,135714,246209,0
19,NUEVO LEON,23,CADEREYTA JIMENEZ,PAN,13928,54734,NA,1594,56328,100819,13928
19,NUEVO LEON,23,CADEREYTA JIMENEZ,PRI,15871,54734,NA,1594,56328,100819,15871
19,NUEVO LEON,23,CADEREYTA JIMENEZ,PRD,402,54734,NA,1594,56328,100819,402
19,NUEVO LEON,23,CADEREYTA JIMENEZ,PT,4733,54734,NA,1594,56328,100819,4733
19,NUEVO LEON,23,CADEREYTA JIMENEZ,PVEM,11542,54734,NA,1594,56328,100819,11542
19,NUEVO LEON,23,CADEREYTA JIMENEZ,MC,2194,54734,NA,1594,56328,100819,2194
19,NUEVO LEON,23,CADEREYTA JIMENEZ,NUAL,1128,54734,NA,1594,56328,100819,1128
19,NUEVO LEON,23,CADEREYTA JIMENEZ,PD,270,54734,NA,1594,56328,100819,270
19,NUEVO LEON,23,CADEREYTA JIMENEZ,CC,714,54734,NA,1594,56328,100819,714
19,NUEVO LEON,23,CADEREYTA JIMENEZ,MORENA,995,54734,NA,1594,56328,100819,995
19,NUEVO LEON,23,CADEREYTA JIMENEZ,PH,2031,54734,NA,1594,56328,100819,2031
19,NUEVO LEON,23,CADEREYTA JIMENEZ,ES,926,54734,NA,1594,56328,100819,926
19,NUEVO LEON,23,CADEREYTA JIMENEZ,CAND_IND2,NA,54734,NA,1594,56328,100819,0
19,NUEVO LEON,23,CADEREYTA JIMENEZ,CAND_IND3,NA,54734,NA,1594,56328,100819,0
19,NUEVO LEON,23,CADEREYTA JIMENEZ,CAND_IND4,NA,54734,NA,1594,56328,100819,0
19,NUEVO LEON,23,CADEREYTA JIMENEZ,CAND_IND5,NA,54734,NA,1594,56328,100819,0
19,NUEVO LEON,23,CADEREYTA JIMENEZ,CAND_IND6,NA,54734,NA,1594,56328,100819,0
19,NUEVO LEON,23,CADEREYTA JIMENEZ,CAND_IND7,NA,54734,NA,1594,56328,100819,0
19,NUEVO LEON,23,CADEREYTA JIMENEZ,CAND_IND8,NA,54734,NA,1594,56328,100819,0
19,NUEVO LEON,23,CADEREYTA JIMENEZ,CAND_IND9,NA,54734,NA,1594,56328,100819,0
19,NUEVO LEON,23,CADEREYTA JIMENEZ,CAND_IND10,NA,54734,NA,1594,56328,100819,0
19,NUEVO LEON,23,CADEREYTA JIMENEZ,CAND_IND11,NA,54734,NA,1594,56328,100819,0
19,NUEVO LEON,23,CADEREYTA JIMENEZ,CAND_IND12,NA,54734,NA,1594,56328,100819,0
19,NUEVO LEON,24,MONTEMORELOS,PAN,16502,48395,NA,1767,50162,85605,16502
19,NUEVO LEON,24,MONTEMORELOS,PRI,20948,48395,NA,1767,50162,85605,20948
19,NUEVO LEON,24,MONTEMORELOS,PRD,287,48395,NA,1767,50162,85605,287
19,NUEVO LEON,24,MONTEMORELOS,PT,1442,48395,NA,1767,50162,85605,1442
19,NUEVO LEON,24,MONTEMORELOS,PVEM,1166,48395,NA,1767,50162,85605,1166
19,NUEVO LEON,24,MONTEMORELOS,MC,1895,48395,NA,1767,50162,85605,1895
19,NUEVO LEON,24,MONTEMORELOS,NUAL,2497,48395,NA,1767,50162,85605,2497
19,NUEVO LEON,24,MONTEMORELOS,PD,70,48395,NA,1767,50162,85605,70
19,NUEVO LEON,24,MONTEMORELOS,CC,806,48395,NA,1767,50162,85605,806
19,NUEVO LEON,24,MONTEMORELOS,MORENA,942,48395,NA,1767,50162,85605,942
19,NUEVO LEON,24,MONTEMORELOS,PH,1208,48395,NA,1767,50162,85605,1208
19,NUEVO LEON,24,MONTEMORELOS,ES,632,48395,NA,1767,50162,85605,632
19,NUEVO LEON,24,MONTEMORELOS,CAND_IND2,NA,48395,NA,1767,50162,85605,0
19,NUEVO LEON,24,MONTEMORELOS,CAND_IND3,NA,48395,NA,1767,50162,85605,0
19,NUEVO LEON,24,MONTEMORELOS,CAND_IND4,NA,48395,NA,1767,50162,85605,0
19,NUEVO LEON,24,MONTEMORELOS,CAND_IND5,NA,48395,NA,1767,50162,85605,0
19,NUEVO LEON,24,MONTEMORELOS,CAND_IND6,NA,48395,NA,1767,50162,85605,0
19,NUEVO LEON,24,MONTEMORELOS,CAND_IND7,NA,48395,NA,1767,50162,85605,0
19,NUEVO LEON,24,MONTEMORELOS,CAND_IND8,NA,48395,NA,1767,50162,85605,0
19,NUEVO LEON,24,MONTEMORELOS,CAND_IND9,NA,48395,NA,1767,50162,85605,0
19,NUEVO LEON,24,MONTEMORELOS,CAND_IND10,NA,48395,NA,1767,50162,85605,0
19,NUEVO LEON,24,MONTEMORELOS,CAND_IND11,NA,48395,NA,1767,50162,85605,0
19,NUEVO LEON,24,MONTEMORELOS,CAND_IND12,NA,48395,NA,1767,50162,85605,0
19,NUEVO LEON,25,LINARES,PAN,15206,40040,NA,2100,42140,69420,15206
19,NUEVO LEON,25,LINARES,PRI,10149,40040,NA,2100,42140,69420,10149
19,NUEVO LEON,25,LINARES,PRD,910,40040,NA,2100,42140,69420,910
19,NUEVO LEON,25,LINARES,PT,204,40040,NA,2100,42140,69420,204
19,NUEVO LEON,25,LINARES,PVEM,3015,40040,NA,2100,42140,69420,3015
19,NUEVO LEON,25,LINARES,MC,508,40040,NA,2100,42140,69420,508
19,NUEVO LEON,25,LINARES,NUAL,7799,40040,NA,2100,42140,69420,7799
19,NUEVO LEON,25,LINARES,PD,55,40040,NA,2100,42140,69420,55
19,NUEVO LEON,25,LINARES,CC,746,40040,NA,2100,42140,69420,746
19,NUEVO LEON,25,LINARES,MORENA,179,40040,NA,2100,42140,69420,179
19,NUEVO LEON,25,LINARES,PH,224,40040,NA,2100,42140,69420,224
19,NUEVO LEON,25,LINARES,ES,1045,40040,NA,2100,42140,69420,1045
19,NUEVO LEON,25,LINARES,CAND_IND2,NA,40040,NA,2100,42140,69420,0
19,NUEVO LEON,25,LINARES,CAND_IND3,NA,40040,NA,2100,42140,69420,0
19,NUEVO LEON,25,LINARES,CAND_IND4,NA,40040,NA,2100,42140,69420,0
19,NUEVO LEON,25,LINARES,CAND_IND5,NA,40040,NA,2100,42140,69420,0
19,NUEVO LEON,25,LINARES,CAND_IND6,NA,40040,NA,2100,42140,69420,0
19,NUEVO LEON,25,LINARES,CAND_IND7,NA,40040,NA,2100,42140,69420,0
19,NUEVO LEON,25,LINARES,CAND_IND8,NA,40040,NA,2100,42140,69420,0
19,NUEVO LEON,25,LINARES,CAND_IND9,NA,40040,NA,2100,42140,69420,0
19,NUEVO LEON,25,LINARES,CAND_IND10,NA,40040,NA,2100,42140,69420,0
19,NUEVO LEON,25,LINARES,CAND_IND11,NA,40040,NA,2100,42140,69420,0
19,NUEVO LEON,25,LINARES,CAND_IND12,NA,40040,NA,2100,42140,69420,0
19,NUEVO LEON,26,GALEANA,PAN,16807,59134,NA,2599,61733,81710,16807
19,NUEVO LEON,26,GALEANA,PRI,31698,59134,NA,2599,61733,81710,31698
19,NUEVO LEON,26,GALEANA,PRD,320,59134,NA,2599,61733,81710,320
19,NUEVO LEON,26,GALEANA,PT,2663,59134,NA,2599,61733,81710,2663
19,NUEVO LEON,26,GALEANA,PVEM,633,59134,NA,2599,61733,81710,633
19,NUEVO LEON,26,GALEANA,MC,506,59134,NA,2599,61733,81710,506
19,NUEVO LEON,26,GALEANA,NUAL,4424,59134,NA,2599,61733,81710,4424
19,NUEVO LEON,26,GALEANA,PD,40,59134,NA,2599,61733,81710,40
19,NUEVO LEON,26,GALEANA,CC,102,59134,NA,2599,61733,81710,102
19,NUEVO LEON,26,GALEANA,MORENA,202,59134,NA,2599,61733,81710,202
19,NUEVO LEON,26,GALEANA,PH,316,59134,NA,2599,61733,81710,316
19,NUEVO LEON,26,GALEANA,ES,1423,59134,NA,2599,61733,81710,1423
19,NUEVO LEON,26,GALEANA,CAND_IND2,NA,59134,NA,2599,61733,81710,0
19,NUEVO LEON,26,GALEANA,CAND_IND3,NA,59134,NA,2599,61733,81710,0
19,NUEVO LEON,26,GALEANA,CAND_IND4,NA,59134,NA,2599,61733,81710,0
19,NUEVO LEON,26,GALEANA,CAND_IND5,NA,59134,NA,2599,61733,81710,0
19,NUEVO LEON,26,GALEANA,CAND_IND6,NA,59134,NA,2599,61733,81710,0
19,NUEVO LEON,26,GALEANA,CAND_IND7,NA,59134,NA,2599,61733,81710,0
19,NUEVO LEON,26,GALEANA,CAND_IND8,NA,59134,NA,2599,61733,81710,0
19,NUEVO LEON,26,GALEANA,CAND_IND9,NA,59134,NA,2599,61733,81710,0
19,NUEVO LEON,26,GALEANA,CAND_IND10,NA,59134,NA,2599,61733,81710,0
19,NUEVO LEON,26,GALEANA,CAND_IND11,NA,59134,NA,2599,61733,81710,0
19,NUEVO LEON,26,GALEANA,CAND_IND12,NA,59134,NA,2599,61733,81710,0
22,QUERETARO,1,QUERETARO,PAN,13200,28353,61,1855,30267,50732,13200
22,QUERETARO,1,QUERETARO,PRI,6861,28353,61,1855,30267,50732,6861
22,QUERETARO,1,QUERETARO,PRD,542,28353,61,1855,30267,50732,542
22,QUERETARO,1,QUERETARO,MC,1172,28353,61,1855,30267,50732,1172
22,QUERETARO,1,QUERETARO,NUAL,666,28353,61,1855,30267,50732,666
22,QUERETARO,1,QUERETARO,PVEM,1589,28353,61,1855,30267,50732,1589
22,QUERETARO,1,QUERETARO,ES,769,28353,61,1855,30267,50732,769
22,QUERETARO,1,QUERETARO,MORENA,2090,28353,61,1855,30267,50732,2090
22,QUERETARO,1,QUERETARO,PH,1208,28353,61,1855,30267,50732,1208
22,QUERETARO,1,QUERETARO,PT,254,28353,61,1855,30267,50732,254
22,QUERETARO,1,QUERETARO,PRI_NUAL_PVEM,NA,28353,61,1855,30267,50732,9116
22,QUERETARO,1,QUERETARO,PRI_PVEM_PT,NA,28353,61,1855,30267,50732,8704
22,QUERETARO,1,QUERETARO,PRI_NUAL,NA,28353,61,1855,30267,50732,7527
22,QUERETARO,1,QUERETARO,PRI_PVEM,NA,28353,61,1855,30267,50732,8450
22,QUERETARO,1,QUERETARO,PRI_PT,NA,28353,61,1855,30267,50732,7115
22,QUERETARO,1,QUERETARO,NUAL_PVEM,NA,28353,61,1855,30267,50732,2255
22,QUERETARO,1,QUERETARO,PVEM_PT,NA,28353,61,1855,30267,50732,1843
22,QUERETARO,2,QUERETARO,PAN,26306,71049,90,3388,74527,152918,26306
22,QUERETARO,2,QUERETARO,PRI,22397,71049,90,3388,74527,152918,22397
22,QUERETARO,2,QUERETARO,PRD,1475,71049,90,3388,74527,152918,1475
22,QUERETARO,2,QUERETARO,MC,5145,71049,90,3388,74527,152918,5145
22,QUERETARO,2,QUERETARO,NUAL,2586,71049,90,3388,74527,152918,2586
22,QUERETARO,2,QUERETARO,PVEM,3019,71049,90,3388,74527,152918,3019
22,QUERETARO,2,QUERETARO,ES,2031,71049,90,3388,74527,152918,2031
22,QUERETARO,2,QUERETARO,MORENA,4274,71049,90,3388,74527,152918,4274
22,QUERETARO,2,QUERETARO,PH,1942,71049,90,3388,74527,152918,1942
22,QUERETARO,2,QUERETARO,PT,820,71049,90,3388,74527,152918,820
22,QUERETARO,2,QUERETARO,PRI_NUAL_PVEM,602,71049,90,3388,74527,152918,28604
22,QUERETARO,2,QUERETARO,PRI_PVEM_PT,NA,71049,90,3388,74527,152918,26236
22,QUERETARO,2,QUERETARO,PRI_NUAL,92,71049,90,3388,74527,152918,25075
22,QUERETARO,2,QUERETARO,PRI_PVEM,322,71049,90,3388,74527,152918,25738
22,QUERETARO,2,QUERETARO,PRI_PT,NA,71049,90,3388,74527,152918,23217
22,QUERETARO,2,QUERETARO,NUAL_PVEM,38,71049,90,3388,74527,152918,5643
22,QUERETARO,2,QUERETARO,PVEM_PT,NA,71049,90,3388,74527,152918,3839
22,QUERETARO,3,QUERETARO,PAN,27190,63772,106,3483,67361,135276,27190
22,QUERETARO,3,QUERETARO,PRI,19935,63772,106,3483,67361,135276,19935
22,QUERETARO,3,QUERETARO,PRD,1945,63772,106,3483,67361,135276,1945
22,QUERETARO,3,QUERETARO,MC,1709,63772,106,3483,67361,135276,1709
22,QUERETARO,3,QUERETARO,NUAL,1829,63772,106,3483,67361,135276,1829
22,QUERETARO,3,QUERETARO,PVEM,2205,63772,106,3483,67361,135276,2205
22,QUERETARO,3,QUERETARO,ES,2627,63772,106,3483,67361,135276,2627
22,QUERETARO,3,QUERETARO,MORENA,4062,63772,106,3483,67361,135276,4062
22,QUERETARO,3,QUERETARO,PH,1122,63772,106,3483,67361,135276,1122
22,QUERETARO,3,QUERETARO,PT,1148,63772,106,3483,67361,135276,1148
22,QUERETARO,3,QUERETARO,PRI_NUAL_PVEM,NA,63772,106,3483,67361,135276,23969
22,QUERETARO,3,QUERETARO,PRI_PVEM_PT,NA,63772,106,3483,67361,135276,23288
22,QUERETARO,3,QUERETARO,PRI_NUAL,NA,63772,106,3483,67361,135276,21764
22,QUERETARO,3,QUERETARO,PRI_PVEM,NA,63772,106,3483,67361,135276,22140
22,QUERETARO,3,QUERETARO,PRI_PT,NA,63772,106,3483,67361,135276,21083
22,QUERETARO,3,QUERETARO,NUAL_PVEM,NA,63772,106,3483,67361,135276,4034
22,QUERETARO,3,QUERETARO,PVEM_PT,NA,63772,106,3483,67361,135276,3353
22,QUERETARO,4,QUERETARO,PAN,25178,63415,102,3359,66876,139019,25178
22,QUERETARO,4,QUERETARO,PRI,21729,63415,102,3359,66876,139019,21729
22,QUERETARO,4,QUERETARO,PRD,2730,63415,102,3359,66876,139019,2730
22,QUERETARO,4,QUERETARO,MC,1672,63415,102,3359,66876,139019,1672
22,QUERETARO,4,QUERETARO,NUAL,958,63415,102,3359,66876,139019,958
22,QUERETARO,4,QUERETARO,PVEM,1546,63415,102,3359,66876,139019,1546
22,QUERETARO,4,QUERETARO,ES,1786,63415,102,3359,66876,139019,1786
22,QUERETARO,4,QUERETARO,MORENA,5348,63415,102,3359,66876,139019,5348
22,QUERETARO,4,QUERETARO,PH,1520,63415,102,3359,66876,139019,1520
22,QUERETARO,4,QUERETARO,PT,948,63415,102,3359,66876,139019,948
22,QUERETARO,4,QUERETARO,PRI_NUAL_PVEM,NA,63415,102,3359,66876,139019,24233
22,QUERETARO,4,QUERETARO,PRI_PVEM_PT,NA,63415,102,3359,66876,139019,24223
22,QUERETARO,4,QUERETARO,PRI_NUAL,NA,63415,102,3359,66876,139019,22687
22,QUERETARO,4,QUERETARO,PRI_PVEM,NA,63415,102,3359,66876,139019,23275
22,QUERETARO,4,QUERETARO,PRI_PT,NA,63415,102,3359,66876,139019,22677
22,QUERETARO,4,QUERETARO,NUAL_PVEM,NA,63415,102,3359,66876,139019,2504
22,QUERETARO,4,QUERETARO,PVEM_PT,NA,63415,102,3359,66876,139019,2494
22,QUERETARO,5,QUERETARO,PAN,21582,47617,93,2849,50559,83261,21582
22,QUERETARO,5,QUERETARO,PRI,12015,47617,93,2849,50559,83261,12015
22,QUERETARO,5,QUERETARO,PRD,1901,47617,93,2849,50559,83261,1901
22,QUERETARO,5,QUERETARO,MC,1124,47617,93,2849,50559,83261,1124
22,QUERETARO,5,QUERETARO,NUAL,1173,47617,93,2849,50559,83261,1173
22,QUERETARO,5,QUERETARO,PVEM,2071,47617,93,2849,50559,83261,2071
22,QUERETARO,5,QUERETARO,ES,1354,47617,93,2849,50559,83261,1354
22,QUERETARO,5,QUERETARO,MORENA,3650,47617,93,2849,50559,83261,3650
22,QUERETARO,5,QUERETARO,PH,1650,47617,93,2849,50559,83261,1650
22,QUERETARO,5,QUERETARO,PT,620,47617,93,2849,50559,83261,620
22,QUERETARO,5,QUERETARO,PRI_NUAL_PVEM,249,47617,93,2849,50559,83261,15508
22,QUERETARO,5,QUERETARO,PRI_PVEM_PT,NA,47617,93,2849,50559,83261,14706
22,QUERETARO,5,QUERETARO,PRI_NUAL,26,47617,93,2849,50559,83261,13214
22,QUERETARO,5,QUERETARO,PRI_PVEM,170,47617,93,2849,50559,83261,14256
22,QUERETARO,5,QUERETARO,PRI_PT,NA,47617,93,2849,50559,83261,12635
22,QUERETARO,5,QUERETARO,NUAL_PVEM,32,47617,93,2849,50559,83261,3276
22,QUERETARO,5,QUERETARO,PVEM_PT,NA,47617,93,2849,50559,83261,2691
22,QUERETARO,6,QUERETARO,PAN,19102,44964,96,2506,47566,89621,19102
22,QUERETARO,6,QUERETARO,PRI,12353,44964,96,2506,47566,89621,12353
22,QUERETARO,6,QUERETARO,PRD,2937,44964,96,2506,47566,89621,2937
22,QUERETARO,6,QUERETARO,MC,950,44964,96,2506,47566,89621,950
22,QUERETARO,6,QUERETARO,NUAL,908,44964,96,2506,47566,89621,908
22,QUERETARO,6,QUERETARO,PVEM,1343,44964,96,2506,47566,89621,1343
22,QUERETARO,6,QUERETARO,ES,1422,44964,96,2506,47566,89621,1422
22,QUERETARO,6,QUERETARO,MORENA,3465,44964,96,2506,47566,89621,3465
22,QUERETARO,6,QUERETARO,PH,1668,44964,96,2506,47566,89621,1668
22,QUERETARO,6,QUERETARO,PT,396,44964,96,2506,47566,89621,396
22,QUERETARO,6,QUERETARO,PRI_NUAL_PVEM,NA,44964,96,2506,47566,89621,14604
22,QUERETARO,6,QUERETARO,PRI_PVEM_PT,170,44964,96,2506,47566,89621,14262
22,QUERETARO,6,QUERETARO,PRI_NUAL,NA,44964,96,2506,47566,89621,13261
22,QUERETARO,6,QUERETARO,PRI_PVEM,232,44964,96,2506,47566,89621,13928
22,QUERETARO,6,QUERETARO,PRI_PT,16,44964,96,2506,47566,89621,12765
22,QUERETARO,6,QUERETARO,NUAL_PVEM,NA,44964,96,2506,47566,89621,2251
22,QUERETARO,6,QUERETARO,PVEM_PT,2,44964,96,2506,47566,89621,1741
22,QUERETARO,7,CORREGIDORA,PAN,27552,58929,151,3530,62610,113775,27552
22,QUERETARO,7,CORREGIDORA,PRI,13502,58929,151,3530,62610,113775,13502
22,QUERETARO,7,CORREGIDORA,PRD,2734,58929,151,3530,62610,113775,2734
22,QUERETARO,7,CORREGIDORA,MC,582,58929,151,3530,62610,113775,582
22,QUERETARO,7,CORREGIDORA,NUAL,1569,58929,151,3530,62610,113775,1569
22,QUERETARO,7,CORREGIDORA,PVEM,1995,58929,151,3530,62610,113775,1995
22,QUERETARO,7,CORREGIDORA,ES,2080,58929,151,3530,62610,113775,2080
22,QUERETARO,7,CORREGIDORA,MORENA,3689,58929,151,3530,62610,113775,3689
22,QUERETARO,7,CORREGIDORA,PH,2335,58929,151,3530,62610,113775,2335
22,QUERETARO,7,CORREGIDORA,PT,2158,58929,151,3530,62610,113775,2158
22,QUERETARO,7,CORREGIDORA,PRI_NUAL_PVEM,381,58929,151,3530,62610,113775,17447
22,QUERETARO,7,CORREGIDORA,PRI_PVEM_PT,NA,58929,151,3530,62610,113775,17655
22,QUERETARO,7,CORREGIDORA,PRI_NUAL,69,58929,151,3530,62610,113775,15140
22,QUERETARO,7,CORREGIDORA,PRI_PVEM,254,58929,151,3530,62610,113775,15751
22,QUERETARO,7,CORREGIDORA,PRI_PT,NA,58929,151,3530,62610,113775,15660
22,QUERETARO,7,CORREGIDORA,NUAL_PVEM,29,58929,151,3530,62610,113775,3593
22,QUERETARO,7,CORREGIDORA,PVEM_PT,NA,58929,151,3530,62610,113775,4153
22,QUERETARO,8,AMEALCO DE BONFIL,PAN,16698,41794,10,2438,44242,67532,16698
22,QUERETARO,8,AMEALCO DE BONFIL,PRI,16112,41794,10,2438,44242,67532,16112
22,QUERETARO,8,AMEALCO DE BONFIL,PRD,1571,41794,10,2438,44242,67532,1571
22,QUERETARO,8,AMEALCO DE BONFIL,MC,1376,41794,10,2438,44242,67532,1376
22,QUERETARO,8,AMEALCO DE BONFIL,NUAL,3135,41794,10,2438,44242,67532,3135
22,QUERETARO,8,AMEALCO DE BONFIL,PVEM,1235,41794,10,2438,44242,67532,1235
22,QUERETARO,8,AMEALCO DE BONFIL,ES,407,41794,10,2438,44242,67532,407
22,QUERETARO,8,AMEALCO DE BONFIL,MORENA,435,41794,10,2438,44242,67532,435
22,QUERETARO,8,AMEALCO DE BONFIL,PH,309,41794,10,2438,44242,67532,309
22,QUERETARO,8,AMEALCO DE BONFIL,PT,354,41794,10,2438,44242,67532,354
22,QUERETARO,8,AMEALCO DE BONFIL,PRI_NUAL_PVEM,NA,41794,10,2438,44242,67532,20482
22,QUERETARO,8,AMEALCO DE BONFIL,PRI_PVEM_PT,NA,41794,10,2438,44242,67532,17701
22,QUERETARO,8,AMEALCO DE BONFIL,PRI_NUAL,NA,41794,10,2438,44242,67532,19247
22,QUERETARO,8,AMEALCO DE BONFIL,PRI_PVEM,NA,41794,10,2438,44242,67532,17347
22,QUERETARO,8,AMEALCO DE BONFIL,PRI_PT,162,41794,10,2438,44242,67532,16628
22,QUERETARO,8,AMEALCO DE BONFIL,NUAL_PVEM,NA,41794,10,2438,44242,67532,4370
22,QUERETARO,8,AMEALCO DE BONFIL,PVEM_PT,NA,41794,10,2438,44242,67532,1589
22,QUERETARO,9,SAN JUAN DEL RIO,PAN,20784,50611,69,2498,53178,101542,20784
22,QUERETARO,9,SAN JUAN DEL RIO,PRI,17566,50611,69,2498,53178,101542,17566
22,QUERETARO,9,SAN JUAN DEL RIO,PRD,943,50611,69,2498,53178,101542,943
22,QUERETARO,9,SAN JUAN DEL RIO,MC,713,50611,69,2498,53178,101542,713
22,QUERETARO,9,SAN JUAN DEL RIO,NUAL,1819,50611,69,2498,53178,101542,1819
22,QUERETARO,9,SAN JUAN DEL RIO,PVEM,1679,50611,69,2498,53178,101542,1679
22,QUERETARO,9,SAN JUAN DEL RIO,ES,1287,50611,69,2498,53178,101542,1287
22,QUERETARO,9,SAN JUAN DEL RIO,MORENA,1953,50611,69,2498,53178,101542,1953
22,QUERETARO,9,SAN JUAN DEL RIO,PH,3068,50611,69,2498,53178,101542,3068
22,QUERETARO,9,SAN JUAN DEL RIO,PT,799,50611,69,2498,53178,101542,799
22,QUERETARO,9,SAN JUAN DEL RIO,PRI_NUAL_PVEM,NA,50611,69,2498,53178,101542,21064
22,QUERETARO,9,SAN JUAN DEL RIO,PRI_PVEM_PT,NA,50611,69,2498,53178,101542,20044
22,QUERETARO,9,SAN JUAN DEL RIO,PRI_NUAL,NA,50611,69,2498,53178,101542,19385
22,QUERETARO,9,SAN JUAN DEL RIO,PRI_PVEM,NA,50611,69,2498,53178,101542,19245
22,QUERETARO,9,SAN JUAN DEL RIO,PRI_PT,NA,50611,69,2498,53178,101542,18365
22,QUERETARO,9,SAN JUAN DEL RIO,NUAL_PVEM,NA,50611,69,2498,53178,101542,3498
22,QUERETARO,9,SAN JUAN DEL RIO,PVEM_PT,NA,50611,69,2498,53178,101542,2478
22,QUERETARO,10,SAN JUAN DEL RIO,PAN,19477,42856,41,1991,44888,81531,19477
22,QUERETARO,10,SAN JUAN DEL RIO,PRI,10674,42856,41,1991,44888,81531,10674
22,QUERETARO,10,SAN JUAN DEL RIO,PRD,837,42856,41,1991,44888,81531,837
22,QUERETARO,10,SAN JUAN DEL RIO,MC,969,42856,41,1991,44888,81531,969
22,QUERETARO,10,SAN JUAN DEL RIO,NUAL,1557,42856,41,1991,44888,81531,1557
22,QUERETARO,10,SAN JUAN DEL RIO,PVEM,1530,42856,41,1991,44888,81531,1530
22,QUERETARO,10,SAN JUAN DEL RIO,ES,885,42856,41,1991,44888,81531,885
22,QUERETARO,10,SAN JUAN DEL RIO,MORENA,1302,42856,41,1991,44888,81531,1302
22,QUERETARO,10,SAN JUAN DEL RIO,PH,3430,42856,41,1991,44888,81531,3430
22,QUERETARO,10,SAN JUAN DEL RIO,PT,1476,42856,41,1991,44888,81531,1476
22,QUERETARO,10,SAN JUAN DEL RIO,PRI_NUAL_PVEM,341,42856,41,1991,44888,81531,14102
22,QUERETARO,10,SAN JUAN DEL RIO,PRI_PVEM_PT,NA,42856,41,1991,44888,81531,13680
22,QUERETARO,10,SAN JUAN DEL RIO,PRI_NUAL,62,42856,41,1991,44888,81531,12293
22,QUERETARO,10,SAN JUAN DEL RIO,PRI_PVEM,285,42856,41,1991,44888,81531,12489
22,QUERETARO,10,SAN JUAN DEL RIO,PRI_PT,NA,42856,41,1991,44888,81531,12150
22,QUERETARO,10,SAN JUAN DEL RIO,NUAL_PVEM,31,42856,41,1991,44888,81531,3118
22,QUERETARO,10,SAN JUAN DEL RIO,PVEM_PT,NA,42856,41,1991,44888,81531,3006
22,QUERETARO,11,PEDRO ESCOBEDO,PAN,17119,58817,43,2958,61818,94391,17119
22,QUERETARO,11,PEDRO ESCOBEDO,PRI,19577,58817,43,2958,61818,94391,19577
22,QUERETARO,11,PEDRO ESCOBEDO,PRD,6332,58817,43,2958,61818,94391,6332
22,QUERETARO,11,PEDRO ESCOBEDO,MC,2317,58817,43,2958,61818,94391,2317
22,QUERETARO,11,PEDRO ESCOBEDO,NUAL,981,58817,43,2958,61818,94391,981
22,QUERETARO,11,PEDRO ESCOBEDO,PVEM,8477,58817,43,2958,61818,94391,8477
22,QUERETARO,11,PEDRO ESCOBEDO,ES,812,58817,43,2958,61818,94391,812
22,QUERETARO,11,PEDRO ESCOBEDO,MORENA,2269,58817,43,2958,61818,94391,2269
22,QUERETARO,11,PEDRO ESCOBEDO,PH,NA,58817,43,2958,61818,94391,0
22,QUERETARO,11,PEDRO ESCOBEDO,PT,933,58817,43,2958,61818,94391,933
22,QUERETARO,11,PEDRO ESCOBEDO,PRI_NUAL_PVEM,NA,58817,43,2958,61818,94391,29035
22,QUERETARO,11,PEDRO ESCOBEDO,PRI_PVEM_PT,NA,58817,43,2958,61818,94391,28987
22,QUERETARO,11,PEDRO ESCOBEDO,PRI_NUAL,NA,58817,43,2958,61818,94391,20558
22,QUERETARO,11,PEDRO ESCOBEDO,PRI_PVEM,NA,58817,43,2958,61818,94391,28054
22,QUERETARO,11,PEDRO ESCOBEDO,PRI_PT,0,58817,43,2958,61818,94391,20510
22,QUERETARO,11,PEDRO ESCOBEDO,NUAL_PVEM,NA,58817,43,2958,61818,94391,9458
22,QUERETARO,11,PEDRO ESCOBEDO,PVEM_PT,NA,58817,43,2958,61818,94391,9410
22,QUERETARO,12,EL MARQUES,PAN,23511,54277,43,2400,56720,88846,23511
22,QUERETARO,12,EL MARQUES,PRI,19987,54277,43,2400,56720,88846,19987
22,QUERETARO,12,EL MARQUES,PRD,1799,54277,43,2400,56720,88846,1799
22,QUERETARO,12,EL MARQUES,MC,977,54277,43,2400,56720,88846,977
22,QUERETARO,12,EL MARQUES,NUAL,1275,54277,43,2400,56720,88846,1275
22,QUERETARO,12,EL MARQUES,PVEM,1999,54277,43,2400,56720,88846,1999
22,QUERETARO,12,EL MARQUES,ES,725,54277,43,2400,56720,88846,725
22,QUERETARO,12,EL MARQUES,MORENA,1904,54277,43,2400,56720,88846,1904
22,QUERETARO,12,EL MARQUES,PH,677,54277,43,2400,56720,88846,677
22,QUERETARO,12,EL MARQUES,PT,1423,54277,43,2400,56720,88846,1423
22,QUERETARO,12,EL MARQUES,PRI_NUAL_PVEM,NA,54277,43,2400,56720,88846,23261
22,QUERETARO,12,EL MARQUES,PRI_PVEM_PT,NA,54277,43,2400,56720,88846,23409
22,QUERETARO,12,EL MARQUES,PRI_NUAL,NA,54277,43,2400,56720,88846,21262
22,QUERETARO,12,EL MARQUES,PRI_PVEM,NA,54277,43,2400,56720,88846,21986
22,QUERETARO,12,EL MARQUES,PRI_PT,NA,54277,43,2400,56720,88846,21410
22,QUERETARO,12,EL MARQUES,NUAL_PVEM,NA,54277,43,2400,56720,88846,3274
22,QUERETARO,12,EL MARQUES,PVEM_PT,NA,54277,43,2400,56720,88846,3422
22,QUERETARO,13,TOLIMAN,PAN,15636,47525,17,2774,50316,71189,15636
22,QUERETARO,13,TOLIMAN,PRI,19452,47525,17,2774,50316,71189,19452
22,QUERETARO,13,TOLIMAN,PRD,1577,47525,17,2774,50316,71189,1577
22,QUERETARO,13,TOLIMAN,MC,2785,47525,17,2774,50316,71189,2785
22,QUERETARO,13,TOLIMAN,NUAL,1923,47525,17,2774,50316,71189,1923
22,QUERETARO,13,TOLIMAN,PVEM,2606,47525,17,2774,50316,71189,2606
22,QUERETARO,13,TOLIMAN,ES,529,47525,17,2774,50316,71189,529
22,QUERETARO,13,TOLIMAN,MORENA,929,47525,17,2774,50316,71189,929
22,QUERETARO,13,TOLIMAN,PH,862,47525,17,2774,50316,71189,862
22,QUERETARO,13,TOLIMAN,PT,1226,47525,17,2774,50316,71189,1226
22,QUERETARO,13,TOLIMAN,PRI_NUAL_PVEM,NA,47525,17,2774,50316,71189,23981
22,QUERETARO,13,TOLIMAN,PRI_PVEM_PT,NA,47525,17,2774,50316,71189,23284
22,QUERETARO,13,TOLIMAN,PRI_NUAL,NA,47525,17,2774,50316,71189,21375
22,QUERETARO,13,TOLIMAN,PRI_PVEM,NA,47525,17,2774,50316,71189,22058
22,QUERETARO,13,TOLIMAN,PRI_PT,NA,47525,17,2774,50316,71189,20678
22,QUERETARO,13,TOLIMAN,NUAL_PVEM,NA,47525,17,2774,50316,71189,4529
22,QUERETARO,13,TOLIMAN,PVEM_PT,NA,47525,17,2774,50316,71189,3832
22,QUERETARO,14,CADEREYTA DE MONTES,PAN,17102,45614,55,2335,48004,74644,17102
22,QUERETARO,14,CADEREYTA DE MONTES,PRI,12687,45614,55,2335,48004,74644,12687
22,QUERETARO,14,CADEREYTA DE MONTES,PRD,1281,45614,55,2335,48004,74644,1281
22,QUERETARO,14,CADEREYTA DE MONTES,MC,1103,45614,55,2335,48004,74644,1103
22,QUERETARO,14,CADEREYTA DE MONTES,NUAL,1269,45614,55,2335,48004,74644,1269
22,QUERETARO,14,CADEREYTA DE MONTES,PVEM,6311,45614,55,2335,48004,74644,6311
22,QUERETARO,14,CADEREYTA DE MONTES,ES,698,45614,55,2335,48004,74644,698
22,QUERETARO,14,CADEREYTA DE MONTES,MORENA,3439,45614,55,2335,48004,74644,3439
22,QUERETARO,14,CADEREYTA DE MONTES,PH,1091,45614,55,2335,48004,74644,1091
22,QUERETARO,14,CADEREYTA DE MONTES,PT,471,45614,55,2335,48004,74644,471
22,QUERETARO,14,CADEREYTA DE MONTES,PRI_NUAL_PVEM,NA,45614,55,2335,48004,74644,20267
22,QUERETARO,14,CADEREYTA DE MONTES,PRI_PVEM_PT,NA,45614,55,2335,48004,74644,19469
22,QUERETARO,14,CADEREYTA DE MONTES,PRI_NUAL,NA,45614,55,2335,48004,74644,13956
22,QUERETARO,14,CADEREYTA DE MONTES,PRI_PVEM,NA,45614,55,2335,48004,74644,18998
22,QUERETARO,14,CADEREYTA DE MONTES,PRI_PT,162,45614,55,2335,48004,74644,13320
22,QUERETARO,14,CADEREYTA DE MONTES,NUAL_PVEM,NA,45614,55,2335,48004,74644,7580
22,QUERETARO,14,CADEREYTA DE MONTES,PVEM_PT,NA,45614,55,2335,48004,74644,6782
22,QUERETARO,15,JALPAN DE SERRA,PAN,23952,45952,10,1868,47830,69510,23952
22,QUERETARO,15,JALPAN DE SERRA,PRI,18189,45952,10,1868,47830,69510,18189
22,QUERETARO,15,JALPAN DE SERRA,PRD,826,45952,10,1868,47830,69510,826
22,QUERETARO,15,JALPAN DE SERRA,MC,206,45952,10,1868,47830,69510,206
22,QUERETARO,15,JALPAN DE SERRA,NUAL,409,45952,10,1868,47830,69510,409
22,QUERETARO,15,JALPAN DE SERRA,PVEM,628,45952,10,1868,47830,69510,628
22,QUERETARO,15,JALPAN DE SERRA,ES,190,45952,10,1868,47830,69510,190
22,QUERETARO,15,JALPAN DE SERRA,MORENA,904,45952,10,1868,47830,69510,904
22,QUERETARO,15,JALPAN DE SERRA,PH,332,45952,10,1868,47830,69510,332
22,QUERETARO,15,JALPAN DE SERRA,PT,165,45952,10,1868,47830,69510,165
22,QUERETARO,15,JALPAN DE SERRA,PRI_NUAL_PVEM,NA,45952,10,1868,47830,69510,19226
22,QUERETARO,15,JALPAN DE SERRA,PRI_PVEM_PT,NA,45952,10,1868,47830,69510,18982
22,QUERETARO,15,JALPAN DE SERRA,PRI_NUAL,NA,45952,10,1868,47830,69510,18598
22,QUERETARO,15,JALPAN DE SERRA,PRI_PVEM,NA,45952,10,1868,47830,69510,18817
22,QUERETARO,15,JALPAN DE SERRA,PRI_PT,151,45952,10,1868,47830,69510,18505
22,QUERETARO,15,JALPAN DE SERRA,NUAL_PVEM,NA,45952,10,1868,47830,69510,1037
22,QUERETARO,15,JALPAN DE SERRA,PVEM_PT,NA,45952,10,1868,47830,69510,793
24,SAN LUIS POTOSI,1,MATEHUALA,PAN,19471,61021,64,3178,64199,119752,19471
24,SAN LUIS POTOSI,1,MATEHUALA,PRI,25181,61021,64,3178,64199,119752,25181
24,SAN LUIS POTOSI,1,MATEHUALA,PRD,NA,61021,64,3178,64199,119752,0
24,SAN LUIS POTOSI,1,MATEHUALA,PT,2280,61021,64,3178,64199,119752,2280
24,SAN LUIS POTOSI,1,MATEHUALA,PVEM,2344,61021,64,3178,64199,119752,2344
24,SAN LUIS POTOSI,1,MATEHUALA,PCP,1274,61021,64,3178,64199,119752,1274
24,SAN LUIS POTOSI,1,MATEHUALA,MC,1289,61021,64,3178,64199,119752,1289
24,SAN LUIS POTOSI,1,MATEHUALA,NUAL,2586,61021,64,3178,64199,119752,2586
24,SAN LUIS POTOSI,1,MATEHUALA,MORENA,3631,61021,64,3178,64199,119752,3631
24,SAN LUIS POTOSI,1,MATEHUALA,PH,NA,61021,64,3178,64199,119752,0
24,SAN LUIS POTOSI,1,MATEHUALA,ES,836,61021,64,3178,64199,119752,836
24,SAN LUIS POTOSI,1,MATEHUALA,PAN_PT,NA,61021,64,3178,64199,119752,21751
24,SAN LUIS POTOSI,1,MATEHUALA,PRI_PVEM,2065,61021,64,3178,64199,119752,29590
24,SAN LUIS POTOSI,1,MATEHUALA,PRI_PVEM_NUAL,NA,61021,64,3178,64199,119752,30111
24,SAN LUIS POTOSI,1,MATEHUALA,PRD_PT,NA,61021,64,3178,64199,119752,2280
24,SAN LUIS POTOSI,1,MATEHUALA,PRD_PT_PCP,NA,61021,64,3178,64199,119752,3554
24,SAN LUIS POTOSI,2,CERRITOS,PAN,15626,54626,20,3746,58372,84989,15626
24,SAN LUIS POTOSI,2,CERRITOS,PRI,18413,54626,20,3746,58372,84989,18413
24,SAN LUIS POTOSI,2,CERRITOS,PRD,3048,54626,20,3746,58372,84989,3048
24,SAN LUIS POTOSI,2,CERRITOS,PT,1929,54626,20,3746,58372,84989,1929
24,SAN LUIS POTOSI,2,CERRITOS,PVEM,7622,54626,20,3746,58372,84989,7622
24,SAN LUIS POTOSI,2,CERRITOS,PCP,1943,54626,20,3746,58372,84989,1943
24,SAN LUIS POTOSI,2,CERRITOS,MC,1967,54626,20,3746,58372,84989,1967
24,SAN LUIS POTOSI,2,CERRITOS,NUAL,916,54626,20,3746,58372,84989,916
24,SAN LUIS POTOSI,2,CERRITOS,MORENA,1440,54626,20,3746,58372,84989,1440
24,SAN LUIS POTOSI,2,CERRITOS,PH,NA,54626,20,3746,58372,84989,0
24,SAN LUIS POTOSI,2,CERRITOS,ES,412,54626,20,3746,58372,84989,412
24,SAN LUIS POTOSI,2,CERRITOS,PAN_PT,NA,54626,20,3746,58372,84989,17555
24,SAN LUIS POTOSI,2,CERRITOS,PRI_PVEM,NA,54626,20,3746,58372,84989,26035
24,SAN LUIS POTOSI,2,CERRITOS,PRI_PVEM_NUAL,1105,54626,20,3746,58372,84989,28056
24,SAN LUIS POTOSI,2,CERRITOS,PRD_PT,185,54626,20,3746,58372,84989,5162
24,SAN LUIS POTOSI,2,CERRITOS,PRD_PT_PCP,NA,54626,20,3746,58372,84989,6920
24,SAN LUIS POTOSI,3,SANTA MARIA DEL RIO,PAN,14278,64181,55,4069,68250,101272,14278
24,SAN LUIS POTOSI,3,SANTA MARIA DEL RIO,PRI,21857,64181,55,4069,68250,101272,21857
24,SAN LUIS POTOSI,3,SANTA MARIA DEL RIO,PRD,5530,64181,55,4069,68250,101272,5530
24,SAN LUIS POTOSI,3,SANTA MARIA DEL RIO,PT,2523,64181,55,4069,68250,101272,2523
24,SAN LUIS POTOSI,3,SANTA MARIA DEL RIO,PVEM,3894,64181,55,4069,68250,101272,3894
24,SAN LUIS POTOSI,3,SANTA MARIA DEL RIO,PCP,6395,64181,55,4069,68250,101272,6395
24,SAN LUIS POTOSI,3,SANTA MARIA DEL RIO,MC,3086,64181,55,4069,68250,101272,3086
24,SAN LUIS POTOSI,3,SANTA MARIA DEL RIO,NUAL,3219,64181,55,4069,68250,101272,3219
24,SAN LUIS POTOSI,3,SANTA MARIA DEL RIO,MORENA,1046,64181,55,4069,68250,101272,1046
24,SAN LUIS POTOSI,3,SANTA MARIA DEL RIO,PH,1034,64181,55,4069,68250,101272,1034
24,SAN LUIS POTOSI,3,SANTA MARIA DEL RIO,ES,405,64181,55,4069,68250,101272,405
24,SAN LUIS POTOSI,3,SANTA MARIA DEL RIO,PAN_PT,NA,64181,55,4069,68250,101272,16801
24,SAN LUIS POTOSI,3,SANTA MARIA DEL RIO,PRI_PVEM,859,64181,55,4069,68250,101272,26610
24,SAN LUIS POTOSI,3,SANTA MARIA DEL RIO,PRI_PVEM_NUAL,NA,64181,55,4069,68250,101272,28970
24,SAN LUIS POTOSI,3,SANTA MARIA DEL RIO,PRD_PT,NA,64181,55,4069,68250,101272,8053
24,SAN LUIS POTOSI,3,SANTA MARIA DEL RIO,PRD_PT_PCP,NA,64181,55,4069,68250,101272,14448
24,SAN LUIS POTOSI,4,SALINAS,PAN,17896,75730,60,5963,81693,122493,17896
24,SAN LUIS POTOSI,4,SALINAS,PRI,20298,75730,60,5963,81693,122493,20298
24,SAN LUIS POTOSI,4,SALINAS,PRD,7919,75730,60,5963,81693,122493,7919
24,SAN LUIS POTOSI,4,SALINAS,PT,5793,75730,60,5963,81693,122493,5793
24,SAN LUIS POTOSI,4,SALINAS,PVEM,4723,75730,60,5963,81693,122493,4723
24,SAN LUIS POTOSI,4,SALINAS,PCP,4796,75730,60,5963,81693,122493,4796
24,SAN LUIS POTOSI,4,SALINAS,MC,4731,75730,60,5963,81693,122493,4731
24,SAN LUIS POTOSI,4,SALINAS,NUAL,4127,75730,60,5963,81693,122493,4127
24,SAN LUIS POTOSI,4,SALINAS,MORENA,1340,75730,60,5963,81693,122493,1340
24,SAN LUIS POTOSI,4,SALINAS,PH,NA,75730,60,5963,81693,122493,0
24,SAN LUIS POTOSI,4,SALINAS,ES,1820,75730,60,5963,81693,122493,1820
24,SAN LUIS POTOSI,4,SALINAS,PAN_PT,NA,75730,60,5963,81693,122493,23689
24,SAN LUIS POTOSI,4,SALINAS,PRI_PVEM,999,75730,60,5963,81693,122493,26020
24,SAN LUIS POTOSI,4,SALINAS,PRI_PVEM_NUAL,NA,75730,60,5963,81693,122493,29148
24,SAN LUIS POTOSI,4,SALINAS,PRD_PT,1228,75730,60,5963,81693,122493,14940
24,SAN LUIS POTOSI,4,SALINAS,PRD_PT_PCP,NA,75730,60,5963,81693,122493,18508
24,SAN LUIS POTOSI,5,SAN LUIS POTOSI,PAN,15048,59380,364,3947,63327,135456,15048
24,SAN LUIS POTOSI,5,SAN LUIS POTOSI,PRI,9938,59380,364,3947,63327,135456,9938
24,SAN LUIS POTOSI,5,SAN LUIS POTOSI,PRD,15919,59380,364,3947,63327,135456,15919
24,SAN LUIS POTOSI,5,SAN LUIS POTOSI,PT,989,59380,364,3947,63327,135456,989
24,SAN LUIS POTOSI,5,SAN LUIS POTOSI,PVEM,3319,59380,364,3947,63327,135456,3319
24,SAN LUIS POTOSI,5,SAN LUIS POTOSI,PCP,3471,59380,364,3947,63327,135456,3471
24,SAN LUIS POTOSI,5,SAN LUIS POTOSI,MC,1292,59380,364,3947,63327,135456,1292
24,SAN LUIS POTOSI,5,SAN LUIS POTOSI,NUAL,1962,59380,364,3947,63327,135456,1962
24,SAN LUIS POTOSI,5,SAN LUIS POTOSI,MORENA,2583,59380,364,3947,63327,135456,2583
24,SAN LUIS POTOSI,5,SAN LUIS POTOSI,PH,1479,59380,364,3947,63327,135456,1479
24,SAN LUIS POTOSI,5,SAN LUIS POTOSI,ES,2021,59380,364,3947,63327,135456,2021
24,SAN LUIS POTOSI,5,SAN LUIS POTOSI,PAN_PT,NA,59380,364,3947,63327,135456,16037
24,SAN LUIS POTOSI,5,SAN LUIS POTOSI,PRI_PVEM,NA,59380,364,3947,63327,135456,13257
24,SAN LUIS POTOSI,5,SAN LUIS POTOSI,PRI_PVEM_NUAL,995,59380,364,3947,63327,135456,16214
24,SAN LUIS POTOSI,5,SAN LUIS POTOSI,PRD_PT,NA,59380,364,3947,63327,135456,16908
24,SAN LUIS POTOSI,5,SAN LUIS POTOSI,PRD_PT_PCP,NA,59380,364,3947,63327,135456,20379
24,SAN LUIS POTOSI,6,SAN LUIS POTOSI,PAN,16050,66146,513,4678,70824,150423,16050
24,SAN LUIS POTOSI,6,SAN LUIS POTOSI,PRI,7117,66146,513,4678,70824,150423,7117
24,SAN LUIS POTOSI,6,SAN LUIS POTOSI,PRD,19179,66146,513,4678,70824,150423,19179
24,SAN LUIS POTOSI,6,SAN LUIS POTOSI,PT,1475,66146,513,4678,70824,150423,1475
24,SAN LUIS POTOSI,6,SAN LUIS POTOSI,PVEM,5317,66146,513,4678,70824,150423,5317
24,SAN LUIS POTOSI,6,SAN LUIS POTOSI,PCP,3027,66146,513,4678,70824,150423,3027
24,SAN LUIS POTOSI,6,SAN LUIS POTOSI,MC,2881,66146,513,4678,70824,150423,2881
24,SAN LUIS POTOSI,6,SAN LUIS POTOSI,NUAL,2068,66146,513,4678,70824,150423,2068
24,SAN LUIS POTOSI,6,SAN LUIS POTOSI,MORENA,3220,66146,513,4678,70824,150423,3220
24,SAN LUIS POTOSI,6,SAN LUIS POTOSI,PH,2347,66146,513,4678,70824,150423,2347
24,SAN LUIS POTOSI,6,SAN LUIS POTOSI,ES,2187,66146,513,4678,70824,150423,2187
24,SAN LUIS POTOSI,6,SAN LUIS POTOSI,PAN_PT,NA,66146,513,4678,70824,150423,17525
24,SAN LUIS POTOSI,6,SAN LUIS POTOSI,PRI_PVEM,NA,66146,513,4678,70824,150423,12434
24,SAN LUIS POTOSI,6,SAN LUIS POTOSI,PRI_PVEM_NUAL,765,66146,513,4678,70824,150423,15267
24,SAN LUIS POTOSI,6,SAN LUIS POTOSI,PRD_PT,NA,66146,513,4678,70824,150423,20654
24,SAN LUIS POTOSI,6,SAN LUIS POTOSI,PRD_PT_PCP,NA,66146,513,4678,70824,150423,23681
24,SAN LUIS POTOSI,7,SAN LUIS POTOSI,PAN,29018,79162,1395,5879,85041,152030,29018
24,SAN LUIS POTOSI,7,SAN LUIS POTOSI,PRI,8929,79162,1395,5879,85041,152030,8929
24,SAN LUIS POTOSI,7,SAN LUIS POTOSI,PRD,12837,79162,1395,5879,85041,152030,12837
24,SAN LUIS POTOSI,7,SAN LUIS POTOSI,PT,1267,79162,1395,5879,85041,152030,1267
24,SAN LUIS POTOSI,7,SAN LUIS POTOSI,PVEM,7344,79162,1395,5879,85041,152030,7344
24,SAN LUIS POTOSI,7,SAN LUIS POTOSI,PCP,1308,79162,1395,5879,85041,152030,1308
24,SAN LUIS POTOSI,7,SAN LUIS POTOSI,MC,1694,79162,1395,5879,85041,152030,1694
24,SAN LUIS POTOSI,7,SAN LUIS POTOSI,NUAL,4750,79162,1395,5879,85041,152030,4750
24,SAN LUIS POTOSI,7,SAN LUIS POTOSI,MORENA,7059,79162,1395,5879,85041,152030,7059
24,SAN LUIS POTOSI,7,SAN LUIS POTOSI,PH,1407,79162,1395,5879,85041,152030,1407
24,SAN LUIS POTOSI,7,SAN LUIS POTOSI,ES,2154,79162,1395,5879,85041,152030,2154
24,SAN LUIS POTOSI,7,SAN LUIS POTOSI,PAN_PT,NA,79162,1395,5879,85041,152030,30285
24,SAN LUIS POTOSI,7,SAN LUIS POTOSI,PRI_PVEM,NA,79162,1395,5879,85041,152030,16273
24,SAN LUIS POTOSI,7,SAN LUIS POTOSI,PRI_PVEM_NUAL,NA,79162,1395,5879,85041,152030,21023
24,SAN LUIS POTOSI,7,SAN LUIS POTOSI,PRD_PT,NA,79162,1395,5879,85041,152030,14104
24,SAN LUIS POTOSI,7,SAN LUIS POTOSI,PRD_PT_PCP,NA,79162,1395,5879,85041,152030,15412
24,SAN LUIS POTOSI,8,SAN LUIS POTOSI,PAN,15615,60204,712,3704,63908,134909,15615
24,SAN LUIS POTOSI,8,SAN LUIS POTOSI,PRI,7151,60204,712,3704,63908,134909,7151
24,SAN LUIS POTOSI,8,SAN LUIS POTOSI,PRD,18713,60204,712,3704,63908,134909,18713
24,SAN LUIS POTOSI,8,SAN LUIS POTOSI,PT,1057,60204,712,3704,63908,134909,1057
24,SAN LUIS POTOSI,8,SAN LUIS POTOSI,PVEM,4033,60204,712,3704,63908,134909,4033
24,SAN LUIS POTOSI,8,SAN LUIS POTOSI,PCP,3578,60204,712,3704,63908,134909,3578
24,SAN LUIS POTOSI,8,SAN LUIS POTOSI,MC,1964,60204,712,3704,63908,134909,1964
24,SAN LUIS POTOSI,8,SAN LUIS POTOSI,NUAL,1388,60204,712,3704,63908,134909,1388
24,SAN LUIS POTOSI,8,SAN LUIS POTOSI,MORENA,2708,60204,712,3704,63908,134909,2708
24,SAN LUIS POTOSI,8,SAN LUIS POTOSI,PH,1242,60204,712,3704,63908,134909,1242
24,SAN LUIS POTOSI,8,SAN LUIS POTOSI,ES,1452,60204,712,3704,63908,134909,1452
24,SAN LUIS POTOSI,8,SAN LUIS POTOSI,PAN_PT,NA,60204,712,3704,63908,134909,16672
24,SAN LUIS POTOSI,8,SAN LUIS POTOSI,PRI_PVEM,591,60204,712,3704,63908,134909,11775
24,SAN LUIS POTOSI,8,SAN LUIS POTOSI,PRI_PVEM_NUAL,NA,60204,712,3704,63908,134909,12572
24,SAN LUIS POTOSI,8,SAN LUIS POTOSI,PRD_PT,NA,60204,712,3704,63908,134909,19770
24,SAN LUIS POTOSI,8,SAN LUIS POTOSI,PRD_PT_PCP,NA,60204,712,3704,63908,134909,23348
24,SAN LUIS POTOSI,9,SOLEDAD DE GRACIANO SANCHEZ,PAN,8942,81708,377,4910,86618,191977,8942
24,SAN LUIS POTOSI,9,SOLEDAD DE GRACIANO SANCHEZ,PRI,10036,81708,377,4910,86618,191977,10036
24,SAN LUIS POTOSI,9,SOLEDAD DE GRACIANO SANCHEZ,PRD,31949,81708,377,4910,86618,191977,31949
24,SAN LUIS POTOSI,9,SOLEDAD DE GRACIANO SANCHEZ,PT,2566,81708,377,4910,86618,191977,2566
24,SAN LUIS POTOSI,9,SOLEDAD DE GRACIANO SANCHEZ,PVEM,4892,81708,377,4910,86618,191977,4892
24,SAN LUIS POTOSI,9,SOLEDAD DE GRACIANO SANCHEZ,PCP,9136,81708,377,4910,86618,191977,9136
24,SAN LUIS POTOSI,9,SOLEDAD DE GRACIANO SANCHEZ,MC,1486,81708,377,4910,86618,191977,1486
24,SAN LUIS POTOSI,9,SOLEDAD DE GRACIANO SANCHEZ,NUAL,3235,81708,377,4910,86618,191977,3235
24,SAN LUIS POTOSI,9,SOLEDAD DE GRACIANO SANCHEZ,MORENA,4317,81708,377,4910,86618,191977,4317
24,SAN LUIS POTOSI,9,SOLEDAD DE GRACIANO SANCHEZ,PH,2605,81708,377,4910,86618,191977,2605
24,SAN LUIS POTOSI,9,SOLEDAD DE GRACIANO SANCHEZ,ES,1551,81708,377,4910,86618,191977,1551
24,SAN LUIS POTOSI,9,SOLEDAD DE GRACIANO SANCHEZ,PAN_PT,NA,81708,377,4910,86618,191977,11508
24,SAN LUIS POTOSI,9,SOLEDAD DE GRACIANO SANCHEZ,PRI_PVEM,NA,81708,377,4910,86618,191977,14928
24,SAN LUIS POTOSI,9,SOLEDAD DE GRACIANO SANCHEZ,PRI_PVEM_NUAL,616,81708,377,4910,86618,191977,18779
24,SAN LUIS POTOSI,9,SOLEDAD DE GRACIANO SANCHEZ,PRD_PT,NA,81708,377,4910,86618,191977,34515
24,SAN LUIS POTOSI,9,SOLEDAD DE GRACIANO SANCHEZ,PRD_PT_PCP,NA,81708,377,4910,86618,191977,43651
24,SAN LUIS POTOSI,10,RIOVERDE,PAN,23040,63511,74,2708,66219,119459,23040
24,SAN LUIS POTOSI,10,RIOVERDE,PRI,23572,63511,74,2708,66219,119459,23572
24,SAN LUIS POTOSI,10,RIOVERDE,PRD,1758,63511,74,2708,66219,119459,1758
24,SAN LUIS POTOSI,10,RIOVERDE,PT,2176,63511,74,2708,66219,119459,2176
24,SAN LUIS POTOSI,10,RIOVERDE,PVEM,3492,63511,74,2708,66219,119459,3492
24,SAN LUIS POTOSI,10,RIOVERDE,PCP,1935,63511,74,2708,66219,119459,1935
24,SAN LUIS POTOSI,10,RIOVERDE,MC,1523,63511,74,2708,66219,119459,1523
24,SAN LUIS POTOSI,10,RIOVERDE,NUAL,1478,63511,74,2708,66219,119459,1478
24,SAN LUIS POTOSI,10,RIOVERDE,MORENA,1354,63511,74,2708,66219,119459,1354
24,SAN LUIS POTOSI,10,RIOVERDE,PH,506,63511,74,2708,66219,119459,506
24,SAN LUIS POTOSI,10,RIOVERDE,ES,1018,63511,74,2708,66219,119459,1018
24,SAN LUIS POTOSI,10,RIOVERDE,PAN_PT,NA,63511,74,2708,66219,119459,25216
24,SAN LUIS POTOSI,10,RIOVERDE,PRI_PVEM,NA,63511,74,2708,66219,119459,27064
24,SAN LUIS POTOSI,10,RIOVERDE,PRI_PVEM_NUAL,1585,63511,74,2708,66219,119459,30127
24,SAN LUIS POTOSI,10,RIOVERDE,PRD_PT,NA,63511,74,2708,66219,119459,3934
24,SAN LUIS POTOSI,10,RIOVERDE,PRD_PT_PCP,NA,63511,74,2708,66219,119459,5869
24,SAN LUIS POTOSI,11,CARDENAS,PAN,25797,60152,25,4175,64327,98272,25797
24,SAN LUIS POTOSI,11,CARDENAS,PRI,19697,60152,25,4175,64327,98272,19697
24,SAN LUIS POTOSI,11,CARDENAS,PRD,NA,60152,25,4175,64327,98272,0
24,SAN LUIS POTOSI,11,CARDENAS,PT,4127,60152,25,4175,64327,98272,4127
24,SAN LUIS POTOSI,11,CARDENAS,PVEM,1387,60152,25,4175,64327,98272,1387
24,SAN LUIS POTOSI,11,CARDENAS,PCP,1017,60152,25,4175,64327,98272,1017
24,SAN LUIS POTOSI,11,CARDENAS,MC,1010,60152,25,4175,64327,98272,1010
24,SAN LUIS POTOSI,11,CARDENAS,NUAL,3505,60152,25,4175,64327,98272,3505
24,SAN LUIS POTOSI,11,CARDENAS,MORENA,799,60152,25,4175,64327,98272,799
24,SAN LUIS POTOSI,11,CARDENAS,PH,NA,60152,25,4175,64327,98272,0
24,SAN LUIS POTOSI,11,CARDENAS,ES,633,60152,25,4175,64327,98272,633
24,SAN LUIS POTOSI,11,CARDENAS,PAN_PT,891,60152,25,4175,64327,98272,30815
24,SAN LUIS POTOSI,11,CARDENAS,PRI_PVEM,1264,60152,25,4175,64327,98272,22348
24,SAN LUIS POTOSI,11,CARDENAS,PRI_PVEM_NUAL,NA,60152,25,4175,64327,98272,24589
24,SAN LUIS POTOSI,11,CARDENAS,PRD_PT,NA,60152,25,4175,64327,98272,4127
24,SAN LUIS POTOSI,11,CARDENAS,PRD_PT_PCP,NA,60152,25,4175,64327,98272,5144
24,SAN LUIS POTOSI,12,CIUDAD VALLES,PAN,17378,55310,31,2493,57803,123376,17378
24,SAN LUIS POTOSI,12,CIUDAD VALLES,PRI,11550,55310,31,2493,57803,123376,11550
24,SAN LUIS POTOSI,12,CIUDAD VALLES,PRD,5353,55310,31,2493,57803,123376,5353
24,SAN LUIS POTOSI,12,CIUDAD VALLES,PT,696,55310,31,2493,57803,123376,696
24,SAN LUIS POTOSI,12,CIUDAD VALLES,PVEM,1865,55310,31,2493,57803,123376,1865
24,SAN LUIS POTOSI,12,CIUDAD VALLES,PCP,3232,55310,31,2493,57803,123376,3232
24,SAN LUIS POTOSI,12,CIUDAD VALLES,MC,7663,55310,31,2493,57803,123376,7663
24,SAN LUIS POTOSI,12,CIUDAD VALLES,NUAL,1227,55310,31,2493,57803,123376,1227
24,SAN LUIS POTOSI,12,CIUDAD VALLES,MORENA,1624,55310,31,2493,57803,123376,1624
24,SAN LUIS POTOSI,12,CIUDAD VALLES,PH,2343,55310,31,2493,57803,123376,2343
24,SAN LUIS POTOSI,12,CIUDAD VALLES,ES,1277,55310,31,2493,57803,123376,1277
24,SAN LUIS POTOSI,12,CIUDAD VALLES,PAN_PT,NA,55310,31,2493,57803,123376,18074
24,SAN LUIS POTOSI,12,CIUDAD VALLES,PRI_PVEM,NA,55310,31,2493,57803,123376,13415
24,SAN LUIS POTOSI,12,CIUDAD VALLES,PRI_PVEM_NUAL,1071,55310,31,2493,57803,123376,15713
24,SAN LUIS POTOSI,12,CIUDAD VALLES,PRD_PT,NA,55310,31,2493,57803,123376,6049
24,SAN LUIS POTOSI,12,CIUDAD VALLES,PRD_PT_PCP,NA,55310,31,2493,57803,123376,9281
24,SAN LUIS POTOSI,13,TAMUIN,PAN,24218,73827,63,5130,78957,115126,24218
24,SAN LUIS POTOSI,13,TAMUIN,PRI,21818,73827,63,5130,78957,115126,21818
24,SAN LUIS POTOSI,13,TAMUIN,PRD,4092,73827,63,5130,78957,115126,4092
24,SAN LUIS POTOSI,13,TAMUIN,PT,1992,73827,63,5130,78957,115126,1992
24,SAN LUIS POTOSI,13,TAMUIN,PVEM,1756,73827,63,5130,78957,115126,1756
24,SAN LUIS POTOSI,13,TAMUIN,PCP,1276,73827,63,5130,78957,115126,1276
24,SAN LUIS POTOSI,13,TAMUIN,MC,3323,73827,63,5130,78957,115126,3323
24,SAN LUIS POTOSI,13,TAMUIN,NUAL,7006,73827,63,5130,78957,115126,7006
24,SAN LUIS POTOSI,13,TAMUIN,MORENA,4494,73827,63,5130,78957,115126,4494
24,SAN LUIS POTOSI,13,TAMUIN,PH,1321,73827,63,5130,78957,115126,1321
24,SAN LUIS POTOSI,13,TAMUIN,ES,748,73827,63,5130,78957,115126,748
24,SAN LUIS POTOSI,13,TAMUIN,PAN_PT,592,73827,63,5130,78957,115126,26802
24,SAN LUIS POTOSI,13,TAMUIN,PRI_PVEM,1128,73827,63,5130,78957,115126,24702
24,SAN LUIS POTOSI,13,TAMUIN,PRI_PVEM_NUAL,NA,73827,63,5130,78957,115126,30580
24,SAN LUIS POTOSI,13,TAMUIN,PRD_PT,NA,73827,63,5130,78957,115126,6084
24,SAN LUIS POTOSI,13,TAMUIN,PRD_PT_PCP,NA,73827,63,5130,78957,115126,7360
24,SAN LUIS POTOSI,14,TANCANHUITZ,PAN,28017,73922,49,5120,79042,111502,28017
24,SAN LUIS POTOSI,14,TANCANHUITZ,PRI,29713,73922,49,5120,79042,111502,29713
24,SAN LUIS POTOSI,14,TANCANHUITZ,PRD,NA,73922,49,5120,79042,111502,0
24,SAN LUIS POTOSI,14,TANCANHUITZ,PT,1987,73922,49,5120,79042,111502,1987
24,SAN LUIS POTOSI,14,TANCANHUITZ,PVEM,3592,73922,49,5120,79042,111502,3592
24,SAN LUIS POTOSI,14,TANCANHUITZ,PCP,871,73922,49,5120,79042,111502,871
24,SAN LUIS POTOSI,14,TANCANHUITZ,MC,2998,73922,49,5120,79042,111502,2998
24,SAN LUIS POTOSI,14,TANCANHUITZ,NUAL,1751,73922,49,5120,79042,111502,1751
24,SAN LUIS POTOSI,14,TANCANHUITZ,MORENA,1132,73922,49,5120,79042,111502,1132
24,SAN LUIS POTOSI,14,TANCANHUITZ,PH,1274,73922,49,5120,79042,111502,1274
24,SAN LUIS POTOSI,14,TANCANHUITZ,ES,216,73922,49,5120,79042,111502,216
24,SAN LUIS POTOSI,14,TANCANHUITZ,PAN_PT,NA,73922,49,5120,79042,111502,30004
24,SAN LUIS POTOSI,14,TANCANHUITZ,PRI_PVEM,NA,73922,49,5120,79042,111502,33305
24,SAN LUIS POTOSI,14,TANCANHUITZ,PRI_PVEM_NUAL,2322,73922,49,5120,79042,111502,37378
24,SAN LUIS POTOSI,14,TANCANHUITZ,PRD_PT,NA,73922,49,5120,79042,111502,1987
24,SAN LUIS POTOSI,14,TANCANHUITZ,PRD_PT_PCP,NA,73922,49,5120,79042,111502,2858
24,SAN LUIS POTOSI,15,TAMAZUNCHALE,PAN,24730,69179,14,5129,74308,113598,24730
24,SAN LUIS POTOSI,15,TAMAZUNCHALE,PRI,14081,69179,14,5129,74308,113598,14081
24,SAN LUIS POTOSI,15,TAMAZUNCHALE,PRD,9968,69179,14,5129,74308,113598,9968
24,SAN LUIS POTOSI,15,TAMAZUNCHALE,PT,2021,69179,14,5129,74308,113598,2021
24,SAN LUIS POTOSI,15,TAMAZUNCHALE,PVEM,4182,69179,14,5129,74308,113598,4182
24,SAN LUIS POTOSI,15,TAMAZUNCHALE,PCP,499,69179,14,5129,74308,113598,499
24,SAN LUIS POTOSI,15,TAMAZUNCHALE,MC,1129,69179,14,5129,74308,113598,1129
24,SAN LUIS POTOSI,15,TAMAZUNCHALE,NUAL,6102,69179,14,5129,74308,113598,6102
24,SAN LUIS POTOSI,15,TAMAZUNCHALE,MORENA,3023,69179,14,5129,74308,113598,3023
24,SAN LUIS POTOSI,15,TAMAZUNCHALE,PH,794,69179,14,5129,74308,113598,794
24,SAN LUIS POTOSI,15,TAMAZUNCHALE,ES,1111,69179,14,5129,74308,113598,1111
24,SAN LUIS POTOSI,15,TAMAZUNCHALE,PAN_PT,NA,69179,14,5129,74308,113598,26751
24,SAN LUIS POTOSI,15,TAMAZUNCHALE,PRI_PVEM,NA,69179,14,5129,74308,113598,18263
24,SAN LUIS POTOSI,15,TAMAZUNCHALE,PRI_PVEM_NUAL,920,69179,14,5129,74308,113598,25285
24,SAN LUIS POTOSI,15,TAMAZUNCHALE,PRD_PT,NA,69179,14,5129,74308,113598,11989
24,SAN LUIS POTOSI,15,TAMAZUNCHALE,PRD_PT_PCP,605,69179,14,5129,74308,113598,13093
26,SONORA,1,SAN LUIS RIO COLORADO,PAN,14302,32025,25,1438,33488,76350,14302
26,SONORA,1,SAN LUIS RIO COLORADO,PRI,11343,32025,25,1438,33488,76350,11343
26,SONORA,1,SAN LUIS RIO COLORADO,PRD,520,32025,25,1438,33488,76350,520
26,SONORA,1,SAN LUIS RIO COLORADO,PVEM,1084,32025,25,1438,33488,76350,1084
26,SONORA,1,SAN LUIS RIO COLORADO,PT,271,32025,25,1438,33488,76350,271
26,SONORA,1,SAN LUIS RIO COLORADO,MC,318,32025,25,1438,33488,76350,318
26,SONORA,1,SAN LUIS RIO COLORADO,NUAL,618,32025,25,1438,33488,76350,618
26,SONORA,1,SAN LUIS RIO COLORADO,MORENA,1921,32025,25,1438,33488,76350,1921
26,SONORA,1,SAN LUIS RIO COLORADO,PH,0,32025,25,1438,33488,76350,0
26,SONORA,1,SAN LUIS RIO COLORADO,ES,1398,32025,25,1438,33488,76350,1398
26,SONORA,1,SAN LUIS RIO COLORADO,PRI_PVEM_NUAL,39,32025,25,1438,33488,76350,13084
26,SONORA,1,SAN LUIS RIO COLORADO,PRI_PVEM,180,32025,25,1438,33488,76350,12607
26,SONORA,1,SAN LUIS RIO COLORADO,PRI_NUAL,13,32025,25,1438,33488,76350,11974
26,SONORA,1,SAN LUIS RIO COLORADO,PVEM_NUAL,18,32025,25,1438,33488,76350,1720
26,SONORA,1,SAN LUIS RIO COLORADO,CAND_IND1,0,32025,25,1438,33488,76350,0
26,SONORA,1,SAN LUIS RIO COLORADO,CAND_IND2,0,32025,25,1438,33488,76350,0
26,SONORA,2,PUERTO PEÑASCO,PAN,23499,49504,42,1199,50745,115092,23499
26,SONORA,2,PUERTO PEÑASCO,PRI,15741,49504,42,1199,50745,115092,15741
26,SONORA,2,PUERTO PEÑASCO,PRD,2076,49504,42,1199,50745,115092,2076
26,SONORA,2,PUERTO PEÑASCO,PVEM,1256,49504,42,1199,50745,115092,1256
26,SONORA,2,PUERTO PEÑASCO,PT,419,49504,42,1199,50745,115092,419
26,SONORA,2,PUERTO PEÑASCO,MC,1681,49504,42,1199,50745,115092,1681
26,SONORA,2,PUERTO PEÑASCO,NUAL,940,49504,42,1199,50745,115092,940
26,SONORA,2,PUERTO PEÑASCO,MORENA,2009,49504,42,1199,50745,115092,2009
26,SONORA,2,PUERTO PEÑASCO,PH,0,49504,42,1199,50745,115092,0
26,SONORA,2,PUERTO PEÑASCO,ES,1541,49504,42,1199,50745,115092,1541
26,SONORA,2,PUERTO PEÑASCO,PRI_PVEM_NUAL,76,49504,42,1199,50745,115092,18013
26,SONORA,2,PUERTO PEÑASCO,PRI_PVEM,235,49504,42,1199,50745,115092,17232
26,SONORA,2,PUERTO PEÑASCO,PRI_NUAL,31,49504,42,1199,50745,115092,16712
26,SONORA,2,PUERTO PEÑASCO,PVEM_NUAL,0,49504,42,1199,50745,115092,2196
26,SONORA,2,PUERTO PEÑASCO,CAND_IND1,0,49504,42,1199,50745,115092,0
26,SONORA,2,PUERTO PEÑASCO,CAND_IND2,0,49504,42,1199,50745,115092,0
26,SONORA,3,CABORCA,PAN,15445,49362,11,1104,50477,92111,15445
26,SONORA,3,CABORCA,PRI,24502,49362,11,1104,50477,92111,24502
26,SONORA,3,CABORCA,PRD,1605,49362,11,1104,50477,92111,1605
26,SONORA,3,CABORCA,PVEM,835,49362,11,1104,50477,92111,835
26,SONORA,3,CABORCA,PT,1269,49362,11,1104,50477,92111,1269
26,SONORA,3,CABORCA,MC,1197,49362,11,1104,50477,92111,1197
26,SONORA,3,CABORCA,NUAL,1025,49362,11,1104,50477,92111,1025
26,SONORA,3,CABORCA,MORENA,2523,49362,11,1104,50477,92111,2523
26,SONORA,3,CABORCA,PH,0,49362,11,1104,50477,92111,0
26,SONORA,3,CABORCA,ES,561,49362,11,1104,50477,92111,561
26,SONORA,3,CABORCA,PRI_PVEM_NUAL,136,49362,11,1104,50477,92111,26498
26,SONORA,3,CABORCA,PRI_PVEM,183,49362,11,1104,50477,92111,25520
26,SONORA,3,CABORCA,PRI_NUAL,56,49362,11,1104,50477,92111,25583
26,SONORA,3,CABORCA,PVEM_NUAL,25,49362,11,1104,50477,92111,1885
26,SONORA,3,CABORCA,CAND_IND1,0,49362,11,1104,50477,92111,0
26,SONORA,3,CABORCA,CAND_IND2,0,49362,11,1104,50477,92111,0
26,SONORA,4,NOGALES NORTE,PAN,10599,26920,23,770,27713,65158,10599
26,SONORA,4,NOGALES NORTE,PRI,9311,26920,23,770,27713,65158,9311
26,SONORA,4,NOGALES NORTE,PRD,512,26920,23,770,27713,65158,512
26,SONORA,4,NOGALES NORTE,PVEM,527,26920,23,770,27713,65158,527
26,SONORA,4,NOGALES NORTE,PT,334,26920,23,770,27713,65158,334
26,SONORA,4,NOGALES NORTE,MC,2797,26920,23,770,27713,65158,2797
26,SONORA,4,NOGALES NORTE,NUAL,520,26920,23,770,27713,65158,520
26,SONORA,4,NOGALES NORTE,MORENA,1428,26920,23,770,27713,65158,1428
26,SONORA,4,NOGALES NORTE,PH,302,26920,23,770,27713,65158,302
26,SONORA,4,NOGALES NORTE,ES,351,26920,23,770,27713,65158,351
26,SONORA,4,NOGALES NORTE,PRI_PVEM_NUAL,61,26920,23,770,27713,65158,10419
26,SONORA,4,NOGALES NORTE,PRI_PVEM,151,26920,23,770,27713,65158,9989
26,SONORA,4,NOGALES NORTE,PRI_NUAL,23,26920,23,770,27713,65158,9854
26,SONORA,4,NOGALES NORTE,PVEM_NUAL,4,26920,23,770,27713,65158,1051
26,SONORA,4,NOGALES NORTE,CAND_IND1,0,26920,23,770,27713,65158,0
26,SONORA,4,NOGALES NORTE,CAND_IND2,0,26920,23,770,27713,65158,0
26,SONORA,5,NOGALES SUR,PAN,20798,51644,55,1598,53297,120732,20798
26,SONORA,5,NOGALES SUR,PRI,17177,51644,55,1598,53297,120732,17177
26,SONORA,5,NOGALES SUR,PRD,1091,51644,55,1598,53297,120732,1091
26,SONORA,5,NOGALES SUR,PVEM,1148,51644,55,1598,53297,120732,1148
26,SONORA,5,NOGALES SUR,PT,880,51644,55,1598,53297,120732,880
26,SONORA,5,NOGALES SUR,MC,6944,51644,55,1598,53297,120732,6944
26,SONORA,5,NOGALES SUR,NUAL,0,51644,55,1598,53297,120732,0
26,SONORA,5,NOGALES SUR,MORENA,1465,51644,55,1598,53297,120732,1465
26,SONORA,5,NOGALES SUR,PH,1166,51644,55,1598,53297,120732,1166
26,SONORA,5,NOGALES SUR,ES,975,51644,55,1598,53297,120732,975
26,SONORA,5,NOGALES SUR,PRI_PVEM_NUAL,0,51644,55,1598,53297,120732,18325
26,SONORA,5,NOGALES SUR,PRI_PVEM,0,51644,55,1598,53297,120732,18325
26,SONORA,5,NOGALES SUR,PRI_NUAL,0,51644,55,1598,53297,120732,17177
26,SONORA,5,NOGALES SUR,PVEM_NUAL,0,51644,55,1598,53297,120732,1148
26,SONORA,5,NOGALES SUR,CAND_IND1,0,51644,55,1598,53297,120732,0
26,SONORA,5,NOGALES SUR,CAND_IND2,0,51644,55,1598,53297,120732,0
26,SONORA,6,CANANEA,PAN,24323,51877,32,3106,55015,88954,24323
26,SONORA,6,CANANEA,PRI,0,51877,32,3106,55015,88954,0
26,SONORA,6,CANANEA,PRD,3909,51877,32,3106,55015,88954,3909
26,SONORA,6,CANANEA,PVEM,0,51877,32,3106,55015,88954,0
26,SONORA,6,CANANEA,PT,1276,51877,32,3106,55015,88954,1276
26,SONORA,6,CANANEA,MC,2390,51877,32,3106,55015,88954,2390
26,SONORA,6,CANANEA,NUAL,17690,51877,32,3106,55015,88954,17690
26,SONORA,6,CANANEA,MORENA,1301,51877,32,3106,55015,88954,1301
26,SONORA,6,CANANEA,PH,0,51877,32,3106,55015,88954,0
26,SONORA,6,CANANEA,ES,988,51877,32,3106,55015,88954,988
26,SONORA,6,CANANEA,PRI_PVEM_NUAL,0,51877,32,3106,55015,88954,17690
26,SONORA,6,CANANEA,PRI_PVEM,0,51877,32,3106,55015,88954,0
26,SONORA,6,CANANEA,PRI_NUAL,0,51877,32,3106,55015,88954,17690
26,SONORA,6,CANANEA,PVEM_NUAL,0,51877,32,3106,55015,88954,17690
26,SONORA,6,CANANEA,CAND_IND1,0,51877,32,3106,55015,88954,0
26,SONORA,6,CANANEA,CAND_IND2,0,51877,32,3106,55015,88954,0
26,SONORA,7,AGUA PRIETA,PAN,26084,49361,38,2091,51490,90616,26084
26,SONORA,7,AGUA PRIETA,PRI,0,49361,38,2091,51490,90616,0
26,SONORA,7,AGUA PRIETA,PRD,2375,49361,38,2091,51490,90616,2375
26,SONORA,7,AGUA PRIETA,PVEM,0,49361,38,2091,51490,90616,0
26,SONORA,7,AGUA PRIETA,PT,1918,49361,38,2091,51490,90616,1918
26,SONORA,7,AGUA PRIETA,MC,659,49361,38,2091,51490,90616,659
26,SONORA,7,AGUA PRIETA,NUAL,17092,49361,38,2091,51490,90616,17092
26,SONORA,7,AGUA PRIETA,MORENA,972,49361,38,2091,51490,90616,972
26,SONORA,7,AGUA PRIETA,PH,0,49361,38,2091,51490,90616,0
26,SONORA,7,AGUA PRIETA,ES,261,49361,38,2091,51490,90616,261
26,SONORA,7,AGUA PRIETA,PRI_PVEM_NUAL,0,49361,38,2091,51490,90616,17092
26,SONORA,7,AGUA PRIETA,PRI_PVEM,0,49361,38,2091,51490,90616,0
26,SONORA,7,AGUA PRIETA,PRI_NUAL,0,49361,38,2091,51490,90616,17092
26,SONORA,7,AGUA PRIETA,PVEM_NUAL,0,49361,38,2091,51490,90616,17092
26,SONORA,7,AGUA PRIETA,CAND_IND1,0,49361,38,2091,51490,90616,0
26,SONORA,7,AGUA PRIETA,CAND_IND2,0,49361,38,2091,51490,90616,0
26,SONORA,8,HERMOSILLO NOROESTE,PAN,23052,55034,29,1689,56752,122540,23052
26,SONORA,8,HERMOSILLO NOROESTE,PRI,19170,55034,29,1689,56752,122540,19170
26,SONORA,8,HERMOSILLO NOROESTE,PRD,1316,55034,29,1689,56752,122540,1316
26,SONORA,8,HERMOSILLO NOROESTE,PVEM,1389,55034,29,1689,56752,122540,1389
26,SONORA,8,HERMOSILLO NOROESTE,PT,720,55034,29,1689,56752,122540,720
26,SONORA,8,HERMOSILLO NOROESTE,MC,2775,55034,29,1689,56752,122540,2775
26,SONORA,8,HERMOSILLO NOROESTE,NUAL,1262,55034,29,1689,56752,122540,1262
26,SONORA,8,HERMOSILLO NOROESTE,MORENA,1997,55034,29,1689,56752,122540,1997
26,SONORA,8,HERMOSILLO NOROESTE,PH,1305,55034,29,1689,56752,122540,1305
26,SONORA,8,HERMOSILLO NOROESTE,ES,1093,55034,29,1689,56752,122540,1093
26,SONORA,8,HERMOSILLO NOROESTE,PRI_PVEM_NUAL,221,55034,29,1689,56752,122540,22042
26,SONORA,8,HERMOSILLO NOROESTE,PRI_PVEM,675,55034,29,1689,56752,122540,21234
26,SONORA,8,HERMOSILLO NOROESTE,PRI_NUAL,54,55034,29,1689,56752,122540,20486
26,SONORA,8,HERMOSILLO NOROESTE,PVEM_NUAL,5,55034,29,1689,56752,122540,2656
26,SONORA,8,HERMOSILLO NOROESTE,CAND_IND1,0,55034,29,1689,56752,122540,0
26,SONORA,8,HERMOSILLO NOROESTE,CAND_IND2,0,55034,29,1689,56752,122540,0
26,SONORA,9,HERMOSILLO CENTRO,PAN,21449,57987,86,2147,60220,102651,21449
26,SONORA,9,HERMOSILLO CENTRO,PRI,23775,57987,86,2147,60220,102651,23775
26,SONORA,9,HERMOSILLO CENTRO,PRD,1567,57987,86,2147,60220,102651,1567
26,SONORA,9,HERMOSILLO CENTRO,PVEM,1404,57987,86,2147,60220,102651,1404
26,SONORA,9,HERMOSILLO CENTRO,PT,654,57987,86,2147,60220,102651,654
26,SONORA,9,HERMOSILLO CENTRO,MC,2947,57987,86,2147,60220,102651,2947
26,SONORA,9,HERMOSILLO CENTRO,NUAL,1108,57987,86,2147,60220,102651,1108
26,SONORA,9,HERMOSILLO CENTRO,MORENA,2961,57987,86,2147,60220,102651,2961
26,SONORA,9,HERMOSILLO CENTRO,PH,0,57987,86,2147,60220,102651,0
26,SONORA,9,HERMOSILLO CENTRO,ES,1358,57987,86,2147,60220,102651,1358
26,SONORA,9,HERMOSILLO CENTRO,PRI_PVEM_NUAL,216,57987,86,2147,60220,102651,26503
26,SONORA,9,HERMOSILLO CENTRO,PRI_PVEM,508,57987,86,2147,60220,102651,25687
26,SONORA,9,HERMOSILLO CENTRO,PRI_NUAL,38,57987,86,2147,60220,102651,24921
26,SONORA,9,HERMOSILLO CENTRO,PVEM_NUAL,2,57987,86,2147,60220,102651,2514
26,SONORA,9,HERMOSILLO CENTRO,CAND_IND1,0,57987,86,2147,60220,102651,0
26,SONORA,9,HERMOSILLO CENTRO,CAND_IND2,0,57987,86,2147,60220,102651,0
26,SONORA,10,HERMOSILLO NORESTE,PAN,22127,54016,51,1864,55931,101542,22127
26,SONORA,10,HERMOSILLO NORESTE,PRI,20934,54016,51,1864,55931,101542,20934
26,SONORA,10,HERMOSILLO NORESTE,PRD,1114,54016,51,1864,55931,101542,1114
26,SONORA,10,HERMOSILLO NORESTE,PVEM,1283,54016,51,1864,55931,101542,1283
26,SONORA,10,HERMOSILLO NORESTE,PT,575,54016,51,1864,55931,101542,575
26,SONORA,10,HERMOSILLO NORESTE,MC,1994,54016,51,1864,55931,101542,1994
26,SONORA,10,HERMOSILLO NORESTE,NUAL,1101,54016,51,1864,55931,101542,1101
26,SONORA,10,HERMOSILLO NORESTE,MORENA,2108,54016,51,1864,55931,101542,2108
26,SONORA,10,HERMOSILLO NORESTE,PH,753,54016,51,1864,55931,101542,753
26,SONORA,10,HERMOSILLO NORESTE,ES,1050,54016,51,1864,55931,101542,1050
26,SONORA,10,HERMOSILLO NORESTE,PRI_PVEM_NUAL,245,54016,51,1864,55931,101542,23563
26,SONORA,10,HERMOSILLO NORESTE,PRI_PVEM,689,54016,51,1864,55931,101542,22906
26,SONORA,10,HERMOSILLO NORESTE,PRI_NUAL,38,54016,51,1864,55931,101542,22073
26,SONORA,10,HERMOSILLO NORESTE,PVEM_NUAL,5,54016,51,1864,55931,101542,2389
26,SONORA,10,HERMOSILLO NORESTE,CAND_IND1,0,54016,51,1864,55931,101542,0
26,SONORA,10,HERMOSILLO NORESTE,CAND_IND2,0,54016,51,1864,55931,101542,0
26,SONORA,11,HERMOSILLO COSTA,PAN,21266,57584,57,1951,59592,122526,21266
26,SONORA,11,HERMOSILLO COSTA,PRI,24621,57584,57,1951,59592,122526,24621
26,SONORA,11,HERMOSILLO COSTA,PRD,1286,57584,57,1951,59592,122526,1286
26,SONORA,11,HERMOSILLO COSTA,PVEM,1485,57584,57,1951,59592,122526,1485
26,SONORA,11,HERMOSILLO COSTA,PT,784,57584,57,1951,59592,122526,784
26,SONORA,11,HERMOSILLO COSTA,MC,2604,57584,57,1951,59592,122526,2604
26,SONORA,11,HERMOSILLO COSTA,NUAL,1351,57584,57,1951,59592,122526,1351
26,SONORA,11,HERMOSILLO COSTA,MORENA,1954,57584,57,1951,59592,122526,1954
26,SONORA,11,HERMOSILLO COSTA,PH,0,57584,57,1951,59592,122526,0
26,SONORA,11,HERMOSILLO COSTA,ES,1170,57584,57,1951,59592,122526,1170
26,SONORA,11,HERMOSILLO COSTA,PRI_PVEM_NUAL,327,57584,57,1951,59592,122526,27784
26,SONORA,11,HERMOSILLO COSTA,PRI_PVEM,686,57584,57,1951,59592,122526,26792
26,SONORA,11,HERMOSILLO COSTA,PRI_NUAL,40,57584,57,1951,59592,122526,26012
26,SONORA,11,HERMOSILLO COSTA,PVEM_NUAL,10,57584,57,1951,59592,122526,2846
26,SONORA,11,HERMOSILLO COSTA,CAND_IND1,0,57584,57,1951,59592,122526,0
26,SONORA,11,HERMOSILLO COSTA,CAND_IND2,0,57584,57,1951,59592,122526,0
26,SONORA,12,HERMOSILLO SUR,PAN,18312,47773,91,1452,49316,103412,18312
26,SONORA,12,HERMOSILLO SUR,PRI,18673,47773,91,1452,49316,103412,18673
26,SONORA,12,HERMOSILLO SUR,PRD,971,47773,91,1452,49316,103412,971
26,SONORA,12,HERMOSILLO SUR,PVEM,980,47773,91,1452,49316,103412,980
26,SONORA,12,HERMOSILLO SUR,PT,937,47773,91,1452,49316,103412,937
26,SONORA,12,HERMOSILLO SUR,MC,1404,47773,91,1452,49316,103412,1404
26,SONORA,12,HERMOSILLO SUR,NUAL,995,47773,91,1452,49316,103412,995
26,SONORA,12,HERMOSILLO SUR,MORENA,1516,47773,91,1452,49316,103412,1516
26,SONORA,12,HERMOSILLO SUR,PH,0,47773,91,1452,49316,103412,0
26,SONORA,12,HERMOSILLO SUR,ES,1835,47773,91,1452,49316,103412,1835
26,SONORA,12,HERMOSILLO SUR,PRI_PVEM_NUAL,194,47773,91,1452,49316,103412,20842
26,SONORA,12,HERMOSILLO SUR,PRI_PVEM,535,47773,91,1452,49316,103412,20188
26,SONORA,12,HERMOSILLO SUR,PRI_NUAL,48,47773,91,1452,49316,103412,19716
26,SONORA,12,HERMOSILLO SUR,PVEM_NUAL,8,47773,91,1452,49316,103412,1983
26,SONORA,12,HERMOSILLO SUR,CAND_IND1,1365,47773,91,1452,49316,103412,1365
26,SONORA,12,HERMOSILLO SUR,CAND_IND2,0,47773,91,1452,49316,103412,0
26,SONORA,13,GUAYMAS,PAN,17331,45953,19,1222,47194,93901,17331
26,SONORA,13,GUAYMAS,PRI,13694,45953,19,1222,47194,93901,13694
26,SONORA,13,GUAYMAS,PRD,1065,45953,19,1222,47194,93901,1065
26,SONORA,13,GUAYMAS,PVEM,427,45953,19,1222,47194,93901,427
26,SONORA,13,GUAYMAS,PT,8609,45953,19,1222,47194,93901,8609
26,SONORA,13,GUAYMAS,MC,941,45953,19,1222,47194,93901,941
26,SONORA,13,GUAYMAS,NUAL,738,45953,19,1222,47194,93901,738
26,SONORA,13,GUAYMAS,MORENA,2271,45953,19,1222,47194,93901,2271
26,SONORA,13,GUAYMAS,PH,256,45953,19,1222,47194,93901,256
26,SONORA,13,GUAYMAS,ES,359,45953,19,1222,47194,93901,359
26,SONORA,13,GUAYMAS,PRI_PVEM_NUAL,65,45953,19,1222,47194,93901,14924
26,SONORA,13,GUAYMAS,PRI_PVEM,167,45953,19,1222,47194,93901,14288
26,SONORA,13,GUAYMAS,PRI_NUAL,26,45953,19,1222,47194,93901,14458
26,SONORA,13,GUAYMAS,PVEM_NUAL,4,45953,19,1222,47194,93901,1169
26,SONORA,13,GUAYMAS,CAND_IND1,0,45953,19,1222,47194,93901,0
26,SONORA,13,GUAYMAS,CAND_IND2,0,45953,19,1222,47194,93901,0
26,SONORA,14,EMPALME,PAN,11789,43440,3,1704,45147,81071,11789
26,SONORA,14,EMPALME,PRI,13126,43440,3,1704,45147,81071,13126
26,SONORA,14,EMPALME,PRD,6520,43440,3,1704,45147,81071,6520
26,SONORA,14,EMPALME,PVEM,5085,43440,3,1704,45147,81071,5085
26,SONORA,14,EMPALME,PT,887,43440,3,1704,45147,81071,887
26,SONORA,14,EMPALME,MC,574,43440,3,1704,45147,81071,574
26,SONORA,14,EMPALME,NUAL,2223,43440,3,1704,45147,81071,2223
26,SONORA,14,EMPALME,MORENA,1267,43440,3,1704,45147,81071,1267
26,SONORA,14,EMPALME,PH,0,43440,3,1704,45147,81071,0
26,SONORA,14,EMPALME,ES,1969,43440,3,1704,45147,81071,1969
26,SONORA,14,EMPALME,PRI_PVEM_NUAL,0,43440,3,1704,45147,81071,20434
26,SONORA,14,EMPALME,PRI_PVEM,0,43440,3,1704,45147,81071,18211
26,SONORA,14,EMPALME,PRI_NUAL,0,43440,3,1704,45147,81071,15349
26,SONORA,14,EMPALME,PVEM_NUAL,0,43440,3,1704,45147,81071,7308
26,SONORA,14,EMPALME,CAND_IND1,0,43440,3,1704,45147,81071,0
26,SONORA,14,EMPALME,CAND_IND2,0,43440,3,1704,45147,81071,0
26,SONORA,15,OBREGON SUR,PAN,10292,36001,59,1156,37216,83241,10292
26,SONORA,15,OBREGON SUR,PRI,14218,36001,59,1156,37216,83241,14218
26,SONORA,15,OBREGON SUR,PRD,798,36001,59,1156,37216,83241,798
26,SONORA,15,OBREGON SUR,PVEM,570,36001,59,1156,37216,83241,570
26,SONORA,15,OBREGON SUR,PT,345,36001,59,1156,37216,83241,345
26,SONORA,15,OBREGON SUR,MC,3045,36001,59,1156,37216,83241,3045
26,SONORA,15,OBREGON SUR,NUAL,911,36001,59,1156,37216,83241,911
26,SONORA,15,OBREGON SUR,MORENA,1295,36001,59,1156,37216,83241,1295
26,SONORA,15,OBREGON SUR,PH,350,36001,59,1156,37216,83241,350
26,SONORA,15,OBREGON SUR,ES,525,36001,59,1156,37216,83241,525
26,SONORA,15,OBREGON SUR,PRI_PVEM_NUAL,94,36001,59,1156,37216,83241,15793
26,SONORA,15,OBREGON SUR,PRI_PVEM,284,36001,59,1156,37216,83241,15072
26,SONORA,15,OBREGON SUR,PRI_NUAL,37,36001,59,1156,37216,83241,15166
26,SONORA,15,OBREGON SUR,PVEM_NUAL,12,36001,59,1156,37216,83241,1493
26,SONORA,15,OBREGON SUR,CAND_IND1,0,36001,59,1156,37216,83241,0
26,SONORA,15,OBREGON SUR,CAND_IND2,3225,36001,59,1156,37216,83241,3225
26,SONORA,16,OBREGON SURESTE,PAN,10689,37421,19,992,38432,82866,10689
26,SONORA,16,OBREGON SURESTE,PRI,18326,37421,19,992,38432,82866,18326
26,SONORA,16,OBREGON SURESTE,PRD,1047,37421,19,992,38432,82866,1047
26,SONORA,16,OBREGON SURESTE,PVEM,599,37421,19,992,38432,82866,599
26,SONORA,16,OBREGON SURESTE,PT,322,37421,19,992,38432,82866,322
26,SONORA,16,OBREGON SURESTE,MC,3056,37421,19,992,38432,82866,3056
26,SONORA,16,OBREGON SURESTE,NUAL,683,37421,19,992,38432,82866,683
26,SONORA,16,OBREGON SURESTE,MORENA,1370,37421,19,992,38432,82866,1370
26,SONORA,16,OBREGON SURESTE,PH,347,37421,19,992,38432,82866,347
26,SONORA,16,OBREGON SURESTE,ES,501,37421,19,992,38432,82866,501
26,SONORA,16,OBREGON SURESTE,PRI_PVEM_NUAL,134,37421,19,992,38432,82866,19742
26,SONORA,16,OBREGON SURESTE,PRI_PVEM,305,37421,19,992,38432,82866,19230
26,SONORA,16,OBREGON SURESTE,PRI_NUAL,26,37421,19,992,38432,82866,19035
26,SONORA,16,OBREGON SURESTE,PVEM_NUAL,16,37421,19,992,38432,82866,1298
26,SONORA,16,OBREGON SURESTE,CAND_IND1,0,37421,19,992,38432,82866,0
26,SONORA,16,OBREGON SURESTE,CAND_IND2,0,37421,19,992,38432,82866,0
26,SONORA,17,OBREGON CENTRO,PAN,11267,43344,44,1173,44561,88341,11267
26,SONORA,17,OBREGON CENTRO,PRI,20517,43344,44,1173,44561,88341,20517
26,SONORA,17,OBREGON CENTRO,PRD,773,43344,44,1173,44561,88341,773
26,SONORA,17,OBREGON CENTRO,PVEM,721,43344,44,1173,44561,88341,721
26,SONORA,17,OBREGON CENTRO,PT,433,43344,44,1173,44561,88341,433
26,SONORA,17,OBREGON CENTRO,MC,4693,43344,44,1173,44561,88341,4693
26,SONORA,17,OBREGON CENTRO,NUAL,1239,43344,44,1173,44561,88341,1239
26,SONORA,17,OBREGON CENTRO,MORENA,1930,43344,44,1173,44561,88341,1930
26,SONORA,17,OBREGON CENTRO,PH,506,43344,44,1173,44561,88341,506
26,SONORA,17,OBREGON CENTRO,ES,705,43344,44,1173,44561,88341,705
26,SONORA,17,OBREGON CENTRO,PRI_PVEM_NUAL,168,43344,44,1173,44561,88341,22645
26,SONORA,17,OBREGON CENTRO,PRI_PVEM,326,43344,44,1173,44561,88341,21564
26,SONORA,17,OBREGON CENTRO,PRI_NUAL,57,43344,44,1173,44561,88341,21813
26,SONORA,17,OBREGON CENTRO,PVEM_NUAL,9,43344,44,1173,44561,88341,1969
26,SONORA,17,OBREGON CENTRO,CAND_IND1,0,43344,44,1173,44561,88341,0
26,SONORA,17,OBREGON CENTRO,CAND_IND2,0,43344,44,1173,44561,88341,0
26,SONORA,18,OBREGON NORTE,PAN,16766,46485,4,1132,47621,86875,16766
26,SONORA,18,OBREGON NORTE,PRI,22195,46485,4,1132,47621,86875,22195
26,SONORA,18,OBREGON NORTE,PRD,1186,46485,4,1132,47621,86875,1186
26,SONORA,18,OBREGON NORTE,PVEM,1061,46485,4,1132,47621,86875,1061
26,SONORA,18,OBREGON NORTE,PT,231,46485,4,1132,47621,86875,231
26,SONORA,18,OBREGON NORTE,MC,1879,46485,4,1132,47621,86875,1879
26,SONORA,18,OBREGON NORTE,NUAL,899,46485,4,1132,47621,86875,899
26,SONORA,18,OBREGON NORTE,MORENA,847,46485,4,1132,47621,86875,847
26,SONORA,18,OBREGON NORTE,PH,276,46485,4,1132,47621,86875,276
26,SONORA,18,OBREGON NORTE,ES,556,46485,4,1132,47621,86875,556
26,SONORA,18,OBREGON NORTE,PRI_PVEM_NUAL,203,46485,4,1132,47621,86875,24358
26,SONORA,18,OBREGON NORTE,PRI_PVEM,345,46485,4,1132,47621,86875,23601
26,SONORA,18,OBREGON NORTE,PRI_NUAL,33,46485,4,1132,47621,86875,23127
26,SONORA,18,OBREGON NORTE,PVEM_NUAL,8,46485,4,1132,47621,86875,1968
26,SONORA,18,OBREGON NORTE,CAND_IND1,0,46485,4,1132,47621,86875,0
26,SONORA,18,OBREGON NORTE,CAND_IND2,0,46485,4,1132,47621,86875,0
26,SONORA,19,NAVOJOA NORTE,PAN,19048,42752,34,1124,43910,79476,19048
26,SONORA,19,NAVOJOA NORTE,PRI,17610,42752,34,1124,43910,79476,17610
26,SONORA,19,NAVOJOA NORTE,PRD,1530,42752,34,1124,43910,79476,1530
26,SONORA,19,NAVOJOA NORTE,PVEM,737,42752,34,1124,43910,79476,737
26,SONORA,19,NAVOJOA NORTE,PT,381,42752,34,1124,43910,79476,381
26,SONORA,19,NAVOJOA NORTE,MC,745,42752,34,1124,43910,79476,745
26,SONORA,19,NAVOJOA NORTE,NUAL,765,42752,34,1124,43910,79476,765
26,SONORA,19,NAVOJOA NORTE,MORENA,1127,42752,34,1124,43910,79476,1127
26,SONORA,19,NAVOJOA NORTE,PH,0,42752,34,1124,43910,79476,0
26,SONORA,19,NAVOJOA NORTE,ES,425,42752,34,1124,43910,79476,425
26,SONORA,19,NAVOJOA NORTE,PRI_PVEM_NUAL,66,42752,34,1124,43910,79476,19178
26,SONORA,19,NAVOJOA NORTE,PRI_PVEM,285,42752,34,1124,43910,79476,18632
26,SONORA,19,NAVOJOA NORTE,PRI_NUAL,29,42752,34,1124,43910,79476,18404
26,SONORA,19,NAVOJOA NORTE,PVEM_NUAL,4,42752,34,1124,43910,79476,1506
26,SONORA,19,NAVOJOA NORTE,CAND_IND1,0,42752,34,1124,43910,79476,0
26,SONORA,19,NAVOJOA NORTE,CAND_IND2,0,42752,34,1124,43910,79476,0
26,SONORA,20,ETCHOJOA,PAN,21049,55639,26,1553,57218,94409,21049
26,SONORA,20,ETCHOJOA,PRI,21569,55639,26,1553,57218,94409,21569
26,SONORA,20,ETCHOJOA,PRD,7655,55639,26,1553,57218,94409,7655
26,SONORA,20,ETCHOJOA,PVEM,707,55639,26,1553,57218,94409,707
26,SONORA,20,ETCHOJOA,PT,578,55639,26,1553,57218,94409,578
26,SONORA,20,ETCHOJOA,MC,714,55639,26,1553,57218,94409,714
26,SONORA,20,ETCHOJOA,NUAL,1302,55639,26,1553,57218,94409,1302
26,SONORA,20,ETCHOJOA,MORENA,966,55639,26,1553,57218,94409,966
26,SONORA,20,ETCHOJOA,PH,0,55639,26,1553,57218,94409,0
26,SONORA,20,ETCHOJOA,ES,400,55639,26,1553,57218,94409,400
26,SONORA,20,ETCHOJOA,PRI_PVEM_NUAL,199,55639,26,1553,57218,94409,23777
26,SONORA,20,ETCHOJOA,PRI_PVEM,421,55639,26,1553,57218,94409,22697
26,SONORA,20,ETCHOJOA,PRI_NUAL,71,55639,26,1553,57218,94409,22942
26,SONORA,20,ETCHOJOA,PVEM_NUAL,8,55639,26,1553,57218,94409,2017
26,SONORA,20,ETCHOJOA,CAND_IND1,0,55639,26,1553,57218,94409,0
26,SONORA,20,ETCHOJOA,CAND_IND2,0,55639,26,1553,57218,94409,0
26,SONORA,21,HUATABAMPO,PAN,22659,49198,10,1072,50280,75746,22659
26,SONORA,21,HUATABAMPO,PRI,19411,49198,10,1072,50280,75746,19411
26,SONORA,21,HUATABAMPO,PRD,3634,49198,10,1072,50280,75746,3634
26,SONORA,21,HUATABAMPO,PVEM,405,49198,10,1072,50280,75746,405
26,SONORA,21,HUATABAMPO,PT,297,49198,10,1072,50280,75746,297
26,SONORA,21,HUATABAMPO,MC,313,49198,10,1072,50280,75746,313
26,SONORA,21,HUATABAMPO,NUAL,749,49198,10,1072,50280,75746,749
26,SONORA,21,HUATABAMPO,MORENA,496,49198,10,1072,50280,75746,496
26,SONORA,21,HUATABAMPO,PH,0,49198,10,1072,50280,75746,0
26,SONORA,21,HUATABAMPO,ES,149,49198,10,1072,50280,75746,149
26,SONORA,21,HUATABAMPO,PRI_PVEM_NUAL,355,49198,10,1072,50280,75746,20920
26,SONORA,21,HUATABAMPO,PRI_PVEM,630,49198,10,1072,50280,75746,20446
26,SONORA,21,HUATABAMPO,PRI_NUAL,83,49198,10,1072,50280,75746,20243
26,SONORA,21,HUATABAMPO,PVEM_NUAL,17,49198,10,1072,50280,75746,1171
26,SONORA,21,HUATABAMPO,CAND_IND1,0,49198,10,1072,50280,75746,0
26,SONORA,21,HUATABAMPO,CAND_IND2,0,49198,10,1072,50280,75746,0
27,TABASCO,1,TENOSIQUE,PAN,5824,51446,4,1476,52926,79718,5824
27,TABASCO,1,TENOSIQUE,PRI,17047,51446,4,1476,52926,79718,17047
27,TABASCO,1,TENOSIQUE,PRD,18809,51446,4,1476,52926,79718,18809
27,TABASCO,1,TENOSIQUE,PVEM,2366,51446,4,1476,52926,79718,2366
27,TABASCO,1,TENOSIQUE,PT,323,51446,4,1476,52926,79718,323
27,TABASCO,1,TENOSIQUE,MC,4790,51446,4,1476,52926,79718,4790
27,TABASCO,1,TENOSIQUE,NUAL,495,51446,4,1476,52926,79718,495
27,TABASCO,1,TENOSIQUE,MORENA,1371,51446,4,1476,52926,79718,1371
27,TABASCO,1,TENOSIQUE,PH,103,51446,4,1476,52926,79718,103
27,TABASCO,1,TENOSIQUE,ES,135,51446,4,1476,52926,79718,135
27,TABASCO,1,TENOSIQUE,CAND_IND7,NA,51446,4,1476,52926,79718,0
27,TABASCO,1,TENOSIQUE,PRD_NUAL,183,51446,4,1476,52926,79718,19487
27,TABASCO,1,TENOSIQUE,PAN_PVEM,NA,51446,4,1476,52926,79718,8190
27,TABASCO,2,CARDENAS,PAN,1449,35116,38,1070,36224,73249,1449
27,TABASCO,2,CARDENAS,PRI,10517,35116,38,1070,36224,73249,10517
27,TABASCO,2,CARDENAS,PRD,9149,35116,38,1070,36224,73249,9149
27,TABASCO,2,CARDENAS,PVEM,2495,35116,38,1070,36224,73249,2495
27,TABASCO,2,CARDENAS,PT,4608,35116,38,1070,36224,73249,4608
27,TABASCO,2,CARDENAS,MC,1066,35116,38,1070,36224,73249,1066
27,TABASCO,2,CARDENAS,NUAL,674,35116,38,1070,36224,73249,674
27,TABASCO,2,CARDENAS,MORENA,4061,35116,38,1070,36224,73249,4061
27,TABASCO,2,CARDENAS,PH,451,35116,38,1070,36224,73249,451
27,TABASCO,2,CARDENAS,ES,624,35116,38,1070,36224,73249,624
27,TABASCO,2,CARDENAS,CAND_IND7,NA,35116,38,1070,36224,73249,0
27,TABASCO,2,CARDENAS,PRD_NUAL,22,35116,38,1070,36224,73249,9845
27,TABASCO,2,CARDENAS,PAN_PVEM,NA,35116,38,1070,36224,73249,3944
27,TABASCO,3,CARDENAS,PAN,1014,38301,9,1335,39645,68455,1014
27,TABASCO,3,CARDENAS,PRI,12176,38301,9,1335,39645,68455,12176
27,TABASCO,3,CARDENAS,PRD,12520,38301,9,1335,39645,68455,12520
27,TABASCO,3,CARDENAS,PVEM,2059,38301,9,1335,39645,68455,2059
27,TABASCO,3,CARDENAS,PT,6662,38301,9,1335,39645,68455,6662
27,TABASCO,3,CARDENAS,MC,751,38301,9,1335,39645,68455,751
27,TABASCO,3,CARDENAS,NUAL,327,38301,9,1335,39645,68455,327
27,TABASCO,3,CARDENAS,MORENA,2183,38301,9,1335,39645,68455,2183
27,TABASCO,3,CARDENAS,PH,254,38301,9,1335,39645,68455,254
27,TABASCO,3,CARDENAS,ES,326,38301,9,1335,39645,68455,326
27,TABASCO,3,CARDENAS,CAND_IND7,NA,38301,9,1335,39645,68455,0
27,TABASCO,3,CARDENAS,PRD_NUAL,29,38301,9,1335,39645,68455,12876
27,TABASCO,3,CARDENAS,PAN_PVEM,NA,38301,9,1335,39645,68455,3073
27,TABASCO,4,HUIMANGUILLO,PAN,330,42626,7,1561,44194,71106,330
27,TABASCO,4,HUIMANGUILLO,PRI,12557,42626,7,1561,44194,71106,12557
27,TABASCO,4,HUIMANGUILLO,PRD,19424,42626,7,1561,44194,71106,19424
27,TABASCO,4,HUIMANGUILLO,PVEM,2882,42626,7,1561,44194,71106,2882
27,TABASCO,4,HUIMANGUILLO,PT,3357,42626,7,1561,44194,71106,3357
27,TABASCO,4,HUIMANGUILLO,MC,1120,42626,7,1561,44194,71106,1120
27,TABASCO,4,HUIMANGUILLO,NUAL,650,42626,7,1561,44194,71106,650
27,TABASCO,4,HUIMANGUILLO,MORENA,1480,42626,7,1561,44194,71106,1480
27,TABASCO,4,HUIMANGUILLO,PH,396,42626,7,1561,44194,71106,396
27,TABASCO,4,HUIMANGUILLO,ES,430,42626,7,1561,44194,71106,430
27,TABASCO,4,HUIMANGUILLO,CAND_IND7,NA,42626,7,1561,44194,71106,0
27,TABASCO,4,HUIMANGUILLO,PRD_NUAL,NA,42626,7,1561,44194,71106,20074
27,TABASCO,4,HUIMANGUILLO,PAN_PVEM,NA,42626,7,1561,44194,71106,3212
27,TABASCO,5,CENTLA,PAN,1653,43127,15,1780,44922,68974,1653
27,TABASCO,5,CENTLA,PRI,10444,43127,15,1780,44922,68974,10444
27,TABASCO,5,CENTLA,PRD,12388,43127,15,1780,44922,68974,12388
27,TABASCO,5,CENTLA,PVEM,10244,43127,15,1780,44922,68974,10244
27,TABASCO,5,CENTLA,PT,1061,43127,15,1780,44922,68974,1061
27,TABASCO,5,CENTLA,MC,2423,43127,15,1780,44922,68974,2423
27,TABASCO,5,CENTLA,NUAL,391,43127,15,1780,44922,68974,391
27,TABASCO,5,CENTLA,MORENA,3313,43127,15,1780,44922,68974,3313
27,TABASCO,5,CENTLA,PH,164,43127,15,1780,44922,68974,164
27,TABASCO,5,CENTLA,ES,302,43127,15,1780,44922,68974,302
27,TABASCO,5,CENTLA,CAND_IND7,411,43127,15,1780,44922,68974,411
27,TABASCO,5,CENTLA,PRD_NUAL,333,43127,15,1780,44922,68974,13112
27,TABASCO,5,CENTLA,PAN_PVEM,NA,43127,15,1780,44922,68974,11897
27,TABASCO,6,CENTRO,PAN,1152,39850,62,1794,41706,89893,1152
27,TABASCO,6,CENTRO,PRI,11730,39850,62,1794,41706,89893,11730
27,TABASCO,6,CENTRO,PRD,6517,39850,62,1794,41706,89893,6517
27,TABASCO,6,CENTRO,PVEM,7993,39850,62,1794,41706,89893,7993
27,TABASCO,6,CENTRO,PT,928,39850,62,1794,41706,89893,928
27,TABASCO,6,CENTRO,MC,1604,39850,62,1794,41706,89893,1604
27,TABASCO,6,CENTRO,NUAL,730,39850,62,1794,41706,89893,730
27,TABASCO,6,CENTRO,MORENA,6987,39850,62,1794,41706,89893,6987
27,TABASCO,6,CENTRO,PH,583,39850,62,1794,41706,89893,583
27,TABASCO,6,CENTRO,ES,1273,39850,62,1794,41706,89893,1273
27,TABASCO,6,CENTRO,CAND_IND7,NA,39850,62,1794,41706,89893,0
27,TABASCO,6,CENTRO,PRD_NUAL,353,39850,62,1794,41706,89893,7600
27,TABASCO,6,CENTRO,PAN_PVEM,NA,39850,62,1794,41706,89893,9145
27,TABASCO,7,CENTRO,PAN,999,31708,14,1418,33140,80920,999
27,TABASCO,7,CENTRO,PRI,8787,31708,14,1418,33140,80920,8787
27,TABASCO,7,CENTRO,PRD,7153,31708,14,1418,33140,80920,7153
27,TABASCO,7,CENTRO,PVEM,6236,31708,14,1418,33140,80920,6236
27,TABASCO,7,CENTRO,PT,607,31708,14,1418,33140,80920,607
27,TABASCO,7,CENTRO,MC,2106,31708,14,1418,33140,80920,2106
27,TABASCO,7,CENTRO,NUAL,608,31708,14,1418,33140,80920,608
27,TABASCO,7,CENTRO,MORENA,4187,31708,14,1418,33140,80920,4187
27,TABASCO,7,CENTRO,PH,269,31708,14,1418,33140,80920,269
27,TABASCO,7,CENTRO,ES,695,31708,14,1418,33140,80920,695
27,TABASCO,7,CENTRO,CAND_IND7,NA,31708,14,1418,33140,80920,0
27,TABASCO,7,CENTRO,PRD_NUAL,61,31708,14,1418,33140,80920,7822
27,TABASCO,7,CENTRO,PAN_PVEM,NA,31708,14,1418,33140,80920,7235
27,TABASCO,8,CENTRO,PAN,1266,34797,46,2225,37068,84582,1266
27,TABASCO,8,CENTRO,PRI,7947,34797,46,2225,37068,84582,7947
27,TABASCO,8,CENTRO,PRD,5207,34797,46,2225,37068,84582,5207
27,TABASCO,8,CENTRO,PVEM,4927,34797,46,2225,37068,84582,4927
27,TABASCO,8,CENTRO,PT,1813,34797,46,2225,37068,84582,1813
27,TABASCO,8,CENTRO,MC,1128,34797,46,2225,37068,84582,1128
27,TABASCO,8,CENTRO,NUAL,1819,34797,46,2225,37068,84582,1819
27,TABASCO,8,CENTRO,MORENA,8761,34797,46,2225,37068,84582,8761
27,TABASCO,8,CENTRO,PH,545,34797,46,2225,37068,84582,545
27,TABASCO,8,CENTRO,ES,1155,34797,46,2225,37068,84582,1155
27,TABASCO,8,CENTRO,CAND_IND7,NA,34797,46,2225,37068,84582,0
27,TABASCO,8,CENTRO,PRD_NUAL,229,34797,46,2225,37068,84582,7255
27,TABASCO,8,CENTRO,PAN_PVEM,NA,34797,46,2225,37068,84582,6193
27,TABASCO,9,CENTRO,PAN,1515,37953,48,1827,39828,89232,1515
27,TABASCO,9,CENTRO,PRI,11144,37953,48,1827,39828,89232,11144
27,TABASCO,9,CENTRO,PRD,8436,37953,48,1827,39828,89232,8436
27,TABASCO,9,CENTRO,PVEM,5415,37953,48,1827,39828,89232,5415
27,TABASCO,9,CENTRO,PT,516,37953,48,1827,39828,89232,516
27,TABASCO,9,CENTRO,MC,1156,37953,48,1827,39828,89232,1156
27,TABASCO,9,CENTRO,NUAL,750,37953,48,1827,39828,89232,750
27,TABASCO,9,CENTRO,MORENA,6717,37953,48,1827,39828,89232,6717
27,TABASCO,9,CENTRO,PH,580,37953,48,1827,39828,89232,580
27,TABASCO,9,CENTRO,ES,1189,37953,48,1827,39828,89232,1189
27,TABASCO,9,CENTRO,CAND_IND7,NA,37953,48,1827,39828,89232,0
27,TABASCO,9,CENTRO,PRD_NUAL,285,37953,48,1827,39828,89232,9471
27,TABASCO,9,CENTRO,PAN_PVEM,250,37953,48,1827,39828,89232,7180
27,TABASCO,10,CENTRO,PAN,694,35445,24,1597,37066,81093,694
27,TABASCO,10,CENTRO,PRI,5876,35445,24,1597,37066,81093,5876
27,TABASCO,10,CENTRO,PRD,7998,35445,24,1597,37066,81093,7998
27,TABASCO,10,CENTRO,PVEM,5987,35445,24,1597,37066,81093,5987
27,TABASCO,10,CENTRO,PT,2637,35445,24,1597,37066,81093,2637
27,TABASCO,10,CENTRO,MC,1668,35445,24,1597,37066,81093,1668
27,TABASCO,10,CENTRO,NUAL,710,35445,24,1597,37066,81093,710
27,TABASCO,10,CENTRO,MORENA,7590,35445,24,1597,37066,81093,7590
27,TABASCO,10,CENTRO,PH,1094,35445,24,1597,37066,81093,1094
27,TABASCO,10,CENTRO,ES,1142,35445,24,1597,37066,81093,1142
27,TABASCO,10,CENTRO,CAND_IND7,NA,35445,24,1597,37066,81093,0
27,TABASCO,10,CENTRO,PRD_NUAL,49,35445,24,1597,37066,81093,8757
27,TABASCO,10,CENTRO,PAN_PVEM,NA,35445,24,1597,37066,81093,6681
27,TABASCO,11,CENTRO,PAN,1612,40863,32,2086,42981,84958,1612
27,TABASCO,11,CENTRO,PRI,12309,40863,32,2086,42981,84958,12309
27,TABASCO,11,CENTRO,PRD,12837,40863,32,2086,42981,84958,12837
27,TABASCO,11,CENTRO,PVEM,5546,40863,32,2086,42981,84958,5546
27,TABASCO,11,CENTRO,PT,570,40863,32,2086,42981,84958,570
27,TABASCO,11,CENTRO,MC,1095,40863,32,2086,42981,84958,1095
27,TABASCO,11,CENTRO,NUAL,867,40863,32,2086,42981,84958,867
27,TABASCO,11,CENTRO,MORENA,4555,40863,32,2086,42981,84958,4555
27,TABASCO,11,CENTRO,PH,248,40863,32,2086,42981,84958,248
27,TABASCO,11,CENTRO,ES,1125,40863,32,2086,42981,84958,1125
27,TABASCO,11,CENTRO,CAND_IND7,NA,40863,32,2086,42981,84958,0
27,TABASCO,11,CENTRO,PRD_NUAL,99,40863,32,2086,42981,84958,13803
27,TABASCO,11,CENTRO,PAN_PVEM,NA,40863,32,2086,42981,84958,7158
27,TABASCO,12,COMALCALCO,PAN,499,48201,14,1255,49470,74486,499
27,TABASCO,12,COMALCALCO,PRI,13370,48201,14,1255,49470,74486,13370
27,TABASCO,12,COMALCALCO,PRD,13313,48201,14,1255,49470,74486,13313
27,TABASCO,12,COMALCALCO,PVEM,1657,48201,14,1255,49470,74486,1657
27,TABASCO,12,COMALCALCO,PT,500,48201,14,1255,49470,74486,500
27,TABASCO,12,COMALCALCO,MC,620,48201,14,1255,49470,74486,620
27,TABASCO,12,COMALCALCO,NUAL,573,48201,14,1255,49470,74486,573
27,TABASCO,12,COMALCALCO,MORENA,16667,48201,14,1255,49470,74486,16667
27,TABASCO,12,COMALCALCO,PH,471,48201,14,1255,49470,74486,471
27,TABASCO,12,COMALCALCO,ES,394,48201,14,1255,49470,74486,394
27,TABASCO,12,COMALCALCO,CAND_IND7,NA,48201,14,1255,49470,74486,0
27,TABASCO,12,COMALCALCO,PRD_NUAL,137,48201,14,1255,49470,74486,14023
27,TABASCO,12,COMALCALCO,PAN_PVEM,NA,48201,14,1255,49470,74486,2156
27,TABASCO,13,COMALCALCO,PAN,576,47384,3,1314,48701,67992,576
27,TABASCO,13,COMALCALCO,PRI,12668,47384,3,1314,48701,67992,12668
27,TABASCO,13,COMALCALCO,PRD,15902,47384,3,1314,48701,67992,15902
27,TABASCO,13,COMALCALCO,PVEM,1922,47384,3,1314,48701,67992,1922
27,TABASCO,13,COMALCALCO,PT,457,47384,3,1314,48701,67992,457
27,TABASCO,13,COMALCALCO,MC,816,47384,3,1314,48701,67992,816
27,TABASCO,13,COMALCALCO,NUAL,812,47384,3,1314,48701,67992,812
27,TABASCO,13,COMALCALCO,MORENA,13795,47384,3,1314,48701,67992,13795
27,TABASCO,13,COMALCALCO,PH,225,47384,3,1314,48701,67992,225
27,TABASCO,13,COMALCALCO,ES,178,47384,3,1314,48701,67992,178
27,TABASCO,13,COMALCALCO,CAND_IND7,NA,47384,3,1314,48701,67992,0
27,TABASCO,13,COMALCALCO,PRD_NUAL,33,47384,3,1314,48701,67992,16747
27,TABASCO,13,COMALCALCO,PAN_PVEM,NA,47384,3,1314,48701,67992,2498
27,TABASCO,14,CUNDUACAN,PAN,367,40174,39,1594,41807,72131,367
27,TABASCO,14,CUNDUACAN,PRI,8172,40174,39,1594,41807,72131,8172
27,TABASCO,14,CUNDUACAN,PRD,14678,40174,39,1594,41807,72131,14678
27,TABASCO,14,CUNDUACAN,PVEM,2514,40174,39,1594,41807,72131,2514
27,TABASCO,14,CUNDUACAN,PT,995,40174,39,1594,41807,72131,995
27,TABASCO,14,CUNDUACAN,MC,910,40174,39,1594,41807,72131,910
27,TABASCO,14,CUNDUACAN,NUAL,6996,40174,39,1594,41807,72131,6996
27,TABASCO,14,CUNDUACAN,MORENA,4959,40174,39,1594,41807,72131,4959
27,TABASCO,14,CUNDUACAN,PH,453,40174,39,1594,41807,72131,453
27,TABASCO,14,CUNDUACAN,ES,130,40174,39,1594,41807,72131,130
27,TABASCO,14,CUNDUACAN,CAND_IND7,NA,40174,39,1594,41807,72131,0
27,TABASCO,14,CUNDUACAN,PRD_NUAL,NA,40174,39,1594,41807,72131,21674
27,TABASCO,14,CUNDUACAN,PAN_PVEM,NA,40174,39,1594,41807,72131,2881
27,TABASCO,15,EMILIANO ZAPATA,PAN,1766,49594,19,1666,51279,77003,1766
27,TABASCO,15,EMILIANO ZAPATA,PRI,11242,49594,19,1666,51279,77003,11242
27,TABASCO,15,EMILIANO ZAPATA,PRD,10002,49594,19,1666,51279,77003,10002
27,TABASCO,15,EMILIANO ZAPATA,PVEM,12637,49594,19,1666,51279,77003,12637
27,TABASCO,15,EMILIANO ZAPATA,PT,2444,49594,19,1666,51279,77003,2444
27,TABASCO,15,EMILIANO ZAPATA,MC,1204,49594,19,1666,51279,77003,1204
27,TABASCO,15,EMILIANO ZAPATA,NUAL,1692,49594,19,1666,51279,77003,1692
27,TABASCO,15,EMILIANO ZAPATA,MORENA,7763,49594,19,1666,51279,77003,7763
27,TABASCO,15,EMILIANO ZAPATA,PH,266,49594,19,1666,51279,77003,266
27,TABASCO,15,EMILIANO ZAPATA,ES,578,49594,19,1666,51279,77003,578
27,TABASCO,15,EMILIANO ZAPATA,CAND_IND7,NA,49594,19,1666,51279,77003,0
27,TABASCO,15,EMILIANO ZAPATA,PRD_NUAL,NA,49594,19,1666,51279,77003,11694
27,TABASCO,15,EMILIANO ZAPATA,PAN_PVEM,NA,49594,19,1666,51279,77003,14403
27,TABASCO,16,HUIMANGUILLO,PAN,288,51387,7,1322,52716,79225,288
27,TABASCO,16,HUIMANGUILLO,PRI,21398,51387,7,1322,52716,79225,21398
27,TABASCO,16,HUIMANGUILLO,PRD,21440,51387,7,1322,52716,79225,21440
27,TABASCO,16,HUIMANGUILLO,PVEM,5539,51387,7,1322,52716,79225,5539
27,TABASCO,16,HUIMANGUILLO,PT,230,51387,7,1322,52716,79225,230
27,TABASCO,16,HUIMANGUILLO,MC,281,51387,7,1322,52716,79225,281
27,TABASCO,16,HUIMANGUILLO,NUAL,956,51387,7,1322,52716,79225,956
27,TABASCO,16,HUIMANGUILLO,MORENA,756,51387,7,1322,52716,79225,756
27,TABASCO,16,HUIMANGUILLO,PH,166,51387,7,1322,52716,79225,166
27,TABASCO,16,HUIMANGUILLO,ES,333,51387,7,1322,52716,79225,333
27,TABASCO,16,HUIMANGUILLO,CAND_IND7,NA,51387,7,1322,52716,79225,0
27,TABASCO,16,HUIMANGUILLO,PRD_NUAL,NA,51387,7,1322,52716,79225,22396
27,TABASCO,16,HUIMANGUILLO,PAN_PVEM,NA,51387,7,1322,52716,79225,5827
27,TABASCO,17,JALPA DE MENDEZ,PAN,1147,43422,401,1492,45315,68214,1147
27,TABASCO,17,JALPA DE MENDEZ,PRI,9907,43422,401,1492,45315,68214,9907
27,TABASCO,17,JALPA DE MENDEZ,PRD,14753,43422,401,1492,45315,68214,14753
27,TABASCO,17,JALPA DE MENDEZ,PVEM,8045,43422,401,1492,45315,68214,8045
27,TABASCO,17,JALPA DE MENDEZ,PT,2157,43422,401,1492,45315,68214,2157
27,TABASCO,17,JALPA DE MENDEZ,MC,1203,43422,401,1492,45315,68214,1203
27,TABASCO,17,JALPA DE MENDEZ,NUAL,1448,43422,401,1492,45315,68214,1448
27,TABASCO,17,JALPA DE MENDEZ,MORENA,3827,43422,401,1492,45315,68214,3827
27,TABASCO,17,JALPA DE MENDEZ,PH,332,43422,401,1492,45315,68214,332
27,TABASCO,17,JALPA DE MENDEZ,ES,359,43422,401,1492,45315,68214,359
27,TABASCO,17,JALPA DE MENDEZ,CAND_IND7,NA,43422,401,1492,45315,68214,0
27,TABASCO,17,JALPA DE MENDEZ,PRD_NUAL,244,43422,401,1492,45315,68214,16445
27,TABASCO,17,JALPA DE MENDEZ,PAN_PVEM,NA,43422,401,1492,45315,68214,9192
27,TABASCO,18,MACUSPANA,PAN,599,39415,51,1819,41285,79204,599
27,TABASCO,18,MACUSPANA,PRI,8905,39415,51,1819,41285,79204,8905
27,TABASCO,18,MACUSPANA,PRD,7231,39415,51,1819,41285,79204,7231
27,TABASCO,18,MACUSPANA,PVEM,11704,39415,51,1819,41285,79204,11704
27,TABASCO,18,MACUSPANA,PT,508,39415,51,1819,41285,79204,508
27,TABASCO,18,MACUSPANA,MC,1760,39415,51,1819,41285,79204,1760
27,TABASCO,18,MACUSPANA,NUAL,1601,39415,51,1819,41285,79204,1601
27,TABASCO,18,MACUSPANA,MORENA,6003,39415,51,1819,41285,79204,6003
27,TABASCO,18,MACUSPANA,PH,605,39415,51,1819,41285,79204,605
27,TABASCO,18,MACUSPANA,ES,499,39415,51,1819,41285,79204,499
27,TABASCO,18,MACUSPANA,CAND_IND7,NA,39415,51,1819,41285,79204,0
27,TABASCO,18,MACUSPANA,PRD_NUAL,NA,39415,51,1819,41285,79204,8832
27,TABASCO,18,MACUSPANA,PAN_PVEM,NA,39415,51,1819,41285,79204,12303
27,TABASCO,19,NACAJUCA,PAN,12180,45887,18,2144,48049,83595,12180
27,TABASCO,19,NACAJUCA,PRI,10121,45887,18,2144,48049,83595,10121
27,TABASCO,19,NACAJUCA,PRD,5846,45887,18,2144,48049,83595,5846
27,TABASCO,19,NACAJUCA,PVEM,5188,45887,18,2144,48049,83595,5188
27,TABASCO,19,NACAJUCA,PT,4198,45887,18,2144,48049,83595,4198
27,TABASCO,19,NACAJUCA,MC,853,45887,18,2144,48049,83595,853
27,TABASCO,19,NACAJUCA,NUAL,391,45887,18,2144,48049,83595,391
27,TABASCO,19,NACAJUCA,MORENA,6234,45887,18,2144,48049,83595,6234
27,TABASCO,19,NACAJUCA,PH,273,45887,18,2144,48049,83595,273
27,TABASCO,19,NACAJUCA,ES,603,45887,18,2144,48049,83595,603
27,TABASCO,19,NACAJUCA,CAND_IND7,NA,45887,18,2144,48049,83595,0
27,TABASCO,19,NACAJUCA,PRD_NUAL,NA,45887,18,2144,48049,83595,6237
27,TABASCO,19,NACAJUCA,PAN_PVEM,NA,45887,18,2144,48049,83595,17368
27,TABASCO,20,PARAISO,PAN,8838,43665,10,1178,44853,69573,8838
27,TABASCO,20,PARAISO,PRI,11768,43665,10,1178,44853,69573,11768
27,TABASCO,20,PARAISO,PRD,13217,43665,10,1178,44853,69573,13217
27,TABASCO,20,PARAISO,PVEM,2302,43665,10,1178,44853,69573,2302
27,TABASCO,20,PARAISO,PT,294,43665,10,1178,44853,69573,294
27,TABASCO,20,PARAISO,MC,2086,43665,10,1178,44853,69573,2086
27,TABASCO,20,PARAISO,NUAL,283,43665,10,1178,44853,69573,283
27,TABASCO,20,PARAISO,MORENA,2862,43665,10,1178,44853,69573,2862
27,TABASCO,20,PARAISO,PH,1071,43665,10,1178,44853,69573,1071
27,TABASCO,20,PARAISO,ES,731,43665,10,1178,44853,69573,731
27,TABASCO,20,PARAISO,CAND_IND7,NA,43665,10,1178,44853,69573,0
27,TABASCO,20,PARAISO,PRD_NUAL,213,43665,10,1178,44853,69573,13713
27,TABASCO,20,PARAISO,PAN_PVEM,NA,43665,10,1178,44853,69573,11140
27,TABASCO,21,TEAPA,PAN,702,41496,12,1610,43118,69946,702
27,TABASCO,21,TEAPA,PRI,13250,41496,12,1610,43118,69946,13250
27,TABASCO,21,TEAPA,PRD,10679,41496,12,1610,43118,69946,10679
27,TABASCO,21,TEAPA,PVEM,13368,41496,12,1610,43118,69946,13368
27,TABASCO,21,TEAPA,PT,897,41496,12,1610,43118,69946,897
27,TABASCO,21,TEAPA,MC,379,41496,12,1610,43118,69946,379
27,TABASCO,21,TEAPA,NUAL,353,41496,12,1610,43118,69946,353
27,TABASCO,21,TEAPA,MORENA,1334,41496,12,1610,43118,69946,1334
27,TABASCO,21,TEAPA,PH,218,41496,12,1610,43118,69946,218
27,TABASCO,21,TEAPA,ES,271,41496,12,1610,43118,69946,271
27,TABASCO,21,TEAPA,CAND_IND7,NA,41496,12,1610,43118,69946,0
27,TABASCO,21,TEAPA,PRD_NUAL,45,41496,12,1610,43118,69946,11077
27,TABASCO,21,TEAPA,PAN_PVEM,NA,41496,12,1610,43118,69946,14070
31,YUCATAN,1,MERIDA,PAN,22783,52353,40,2373,54766,87073,22783
31,YUCATAN,1,MERIDA,PRI,22577,52353,40,2373,54766,87073,22577
31,YUCATAN,1,MERIDA,PRD,637,52353,40,2373,54766,87073,637
31,YUCATAN,1,MERIDA,PVEM,1133,52353,40,2373,54766,87073,1133
31,YUCATAN,1,MERIDA,PT,378,52353,40,2373,54766,87073,378
31,YUCATAN,1,MERIDA,MC,1550,52353,40,2373,54766,87073,1550
31,YUCATAN,1,MERIDA,NUAL,645,52353,40,2373,54766,87073,645
31,YUCATAN,1,MERIDA,MORENA,1860,52353,40,2373,54766,87073,1860
31,YUCATAN,1,MERIDA,PH,0,52353,40,2373,54766,87073,0
31,YUCATAN,1,MERIDA,ES,0,52353,40,2373,54766,87073,0
31,YUCATAN,1,MERIDA,PRI_PVEM,NA,52353,40,2373,54766,87073,23710
31,YUCATAN,1,MERIDA,PRI_PVEM_NUAL,790,52353,40,2373,54766,87073,25145
31,YUCATAN,1,MERIDA,PRD_PT,NA,52353,40,2373,54766,87073,1015
31,YUCATAN,2,MERIDA,PAN,23626,57491,38,2954,60483,94785,23626
31,YUCATAN,2,MERIDA,PRI,24839,57491,38,2954,60483,94785,24839
31,YUCATAN,2,MERIDA,PRD,1018,57491,38,2954,60483,94785,1018
31,YUCATAN,2,MERIDA,PVEM,1224,57491,38,2954,60483,94785,1224
31,YUCATAN,2,MERIDA,PT,375,57491,38,2954,60483,94785,375
31,YUCATAN,2,MERIDA,MC,2326,57491,38,2954,60483,94785,2326
31,YUCATAN,2,MERIDA,NUAL,896,57491,38,2954,60483,94785,896
31,YUCATAN,2,MERIDA,MORENA,2422,57491,38,2954,60483,94785,2422
31,YUCATAN,2,MERIDA,PH,5,57491,38,2954,60483,94785,5
31,YUCATAN,2,MERIDA,ES,8,57491,38,2954,60483,94785,8
31,YUCATAN,2,MERIDA,PRI_PVEM,NA,57491,38,2954,60483,94785,26063
31,YUCATAN,2,MERIDA,PRI_PVEM_NUAL,752,57491,38,2954,60483,94785,27711
31,YUCATAN,2,MERIDA,PRD_PT,NA,57491,38,2954,60483,94785,1393
31,YUCATAN,3,MERIDA,PAN,25147,60750,71,3643,64464,109054,25147
31,YUCATAN,3,MERIDA,PRI,25589,60750,71,3643,64464,109054,25589
31,YUCATAN,3,MERIDA,PRD,950,60750,71,3643,64464,109054,950
31,YUCATAN,3,MERIDA,PVEM,1306,60750,71,3643,64464,109054,1306
31,YUCATAN,3,MERIDA,PT,460,60750,71,3643,64464,109054,460
31,YUCATAN,3,MERIDA,MC,2420,60750,71,3643,64464,109054,2420
31,YUCATAN,3,MERIDA,NUAL,988,60750,71,3643,64464,109054,988
31,YUCATAN,3,MERIDA,MORENA,3239,60750,71,3643,64464,109054,3239
31,YUCATAN,3,MERIDA,PH,0,60750,71,3643,64464,109054,0
31,YUCATAN,3,MERIDA,ES,0,60750,71,3643,64464,109054,0
31,YUCATAN,3,MERIDA,PRI_PVEM,NA,60750,71,3643,64464,109054,26895
31,YUCATAN,3,MERIDA,PRI_PVEM_NUAL,629,60750,71,3643,64464,109054,28512
31,YUCATAN,3,MERIDA,PRD_PT,22,60750,71,3643,64464,109054,1432
31,YUCATAN,4,MERIDA,PAN,27231,58165,73,3254,61492,95126,27231
31,YUCATAN,4,MERIDA,PRI,21639,58165,73,3254,61492,95126,21639
31,YUCATAN,4,MERIDA,PRD,1152,58165,73,3254,61492,95126,1152
31,YUCATAN,4,MERIDA,PVEM,1179,58165,73,3254,61492,95126,1179
31,YUCATAN,4,MERIDA,PT,353,58165,73,3254,61492,95126,353
31,YUCATAN,4,MERIDA,MC,2860,58165,73,3254,61492,95126,2860
31,YUCATAN,4,MERIDA,NUAL,736,58165,73,3254,61492,95126,736
31,YUCATAN,4,MERIDA,MORENA,2401,58165,73,3254,61492,95126,2401
31,YUCATAN,4,MERIDA,PH,45,58165,73,3254,61492,95126,45
31,YUCATAN,4,MERIDA,ES,0,58165,73,3254,61492,95126,0
31,YUCATAN,4,MERIDA,PRI_PVEM,NA,58165,73,3254,61492,95126,22818
31,YUCATAN,4,MERIDA,PRI_PVEM_NUAL,569,58165,73,3254,61492,95126,24123
31,YUCATAN,4,MERIDA,PRD_PT,NA,58165,73,3254,61492,95126,1505
31,YUCATAN,5,MERIDA,PAN,28450,53635,77,3092,56804,88569,28450
31,YUCATAN,5,MERIDA,PRI,16589,53635,77,3092,56804,88569,16589
31,YUCATAN,5,MERIDA,PRD,710,53635,77,3092,56804,88569,710
31,YUCATAN,5,MERIDA,PVEM,1159,53635,77,3092,56804,88569,1159
31,YUCATAN,5,MERIDA,PT,334,53635,77,3092,56804,88569,334
31,YUCATAN,5,MERIDA,MC,2824,53635,77,3092,56804,88569,2824
31,YUCATAN,5,MERIDA,NUAL,688,53635,77,3092,56804,88569,688
31,YUCATAN,5,MERIDA,MORENA,2397,53635,77,3092,56804,88569,2397
31,YUCATAN,5,MERIDA,PH,0,53635,77,3092,56804,88569,0
31,YUCATAN,5,MERIDA,ES,0,53635,77,3092,56804,88569,0
31,YUCATAN,5,MERIDA,PRI_PVEM,NA,53635,77,3092,56804,88569,17748
31,YUCATAN,5,MERIDA,PRI_PVEM_NUAL,480,53635,77,3092,56804,88569,18916
31,YUCATAN,5,MERIDA,PRD_PT,4,53635,77,3092,56804,88569,1048
31,YUCATAN,6,KANASIN,PAN,21712,59579,34,1980,61593,107818,21712
31,YUCATAN,6,KANASIN,PRI,28884,59579,34,1980,61593,107818,28884
31,YUCATAN,6,KANASIN,PRD,1599,59579,34,1980,61593,107818,1599
31,YUCATAN,6,KANASIN,PVEM,1516,59579,34,1980,61593,107818,1516
31,YUCATAN,6,KANASIN,PT,380,59579,34,1980,61593,107818,380
31,YUCATAN,6,KANASIN,MC,1507,59579,34,1980,61593,107818,1507
31,YUCATAN,6,KANASIN,NUAL,732,59579,34,1980,61593,107818,732
31,YUCATAN,6,KANASIN,MORENA,1980,59579,34,1980,61593,107818,1980
31,YUCATAN,6,KANASIN,PH,228,59579,34,1980,61593,107818,228
31,YUCATAN,6,KANASIN,ES,405,59579,34,1980,61593,107818,405
31,YUCATAN,6,KANASIN,PRI_PVEM,NA,59579,34,1980,61593,107818,30400
31,YUCATAN,6,KANASIN,PRI_PVEM_NUAL,616,59579,34,1980,61593,107818,31748
31,YUCATAN,6,KANASIN,PRD_PT,20,59579,34,1980,61593,107818,1999
31,YUCATAN,7,MERIDA,PAN,17539,50696,17,2640,53353,102308,17539
31,YUCATAN,7,MERIDA,PRI,25475,50696,17,2640,53353,102308,25475
31,YUCATAN,7,MERIDA,PRD,753,50696,17,2640,53353,102308,753
31,YUCATAN,7,MERIDA,PVEM,1524,50696,17,2640,53353,102308,1524
31,YUCATAN,7,MERIDA,PT,355,50696,17,2640,53353,102308,355
31,YUCATAN,7,MERIDA,MC,1563,50696,17,2640,53353,102308,1563
31,YUCATAN,7,MERIDA,NUAL,705,50696,17,2640,53353,102308,705
31,YUCATAN,7,MERIDA,MORENA,1752,50696,17,2640,53353,102308,1752
31,YUCATAN,7,MERIDA,PH,6,50696,17,2640,53353,102308,6
31,YUCATAN,7,MERIDA,ES,4,50696,17,2640,53353,102308,4
31,YUCATAN,7,MERIDA,PRI_PVEM,NA,50696,17,2640,53353,102308,26999
31,YUCATAN,7,MERIDA,PRI_PVEM_NUAL,1004,50696,17,2640,53353,102308,28708
31,YUCATAN,7,MERIDA,PRD_PT,16,50696,17,2640,53353,102308,1124
31,YUCATAN,8,UMAN,PAN,21512,63066,11,2137,65214,85719,21512
31,YUCATAN,8,UMAN,PRI,24809,63066,11,2137,65214,85719,24809
31,YUCATAN,8,UMAN,PRD,8990,63066,11,2137,65214,85719,8990
31,YUCATAN,8,UMAN,PVEM,3534,63066,11,2137,65214,85719,3534
31,YUCATAN,8,UMAN,PT,557,63066,11,2137,65214,85719,557
31,YUCATAN,8,UMAN,MC,303,63066,11,2137,65214,85719,303
31,YUCATAN,8,UMAN,NUAL,1807,63066,11,2137,65214,85719,1807
31,YUCATAN,8,UMAN,MORENA,1187,63066,11,2137,65214,85719,1187
31,YUCATAN,8,UMAN,PH,241,63066,11,2137,65214,85719,241
31,YUCATAN,8,UMAN,ES,0,63066,11,2137,65214,85719,0
31,YUCATAN,8,UMAN,PRI_PVEM,92,63066,11,2137,65214,85719,28435
31,YUCATAN,8,UMAN,PRI_PVEM_NUAL,NA,63066,11,2137,65214,85719,30150
31,YUCATAN,8,UMAN,PRD_PT,34,63066,11,2137,65214,85719,9581
31,YUCATAN,9,PROGRESO,PAN,20706,72199,0,2111,74310,104863,20706
31,YUCATAN,9,PROGRESO,PRI,33755,72199,0,2111,74310,104863,33755
31,YUCATAN,9,PROGRESO,PRD,1576,72199,0,2111,74310,104863,1576
31,YUCATAN,9,PROGRESO,PVEM,463,72199,0,2111,74310,104863,463
31,YUCATAN,9,PROGRESO,PT,2399,72199,0,2111,74310,104863,2399
31,YUCATAN,9,PROGRESO,MC,1039,72199,0,2111,74310,104863,1039
31,YUCATAN,9,PROGRESO,NUAL,9698,72199,0,2111,74310,104863,9698
31,YUCATAN,9,PROGRESO,MORENA,183,72199,0,2111,74310,104863,183
31,YUCATAN,9,PROGRESO,PH,263,72199,0,2111,74310,104863,263
31,YUCATAN,9,PROGRESO,ES,1651,72199,0,2111,74310,104863,1651
31,YUCATAN,9,PROGRESO,PRI_PVEM,NA,72199,0,2111,74310,104863,34218
31,YUCATAN,9,PROGRESO,PRI_PVEM_NUAL,NA,72199,0,2111,74310,104863,43916
31,YUCATAN,9,PROGRESO,PRD_PT,463,72199,0,2111,74310,104863,4438
31,YUCATAN,10,TIZIMIN,PAN,33139,76127,36,1492,77655,97827,33139
31,YUCATAN,10,TIZIMIN,PRI,36994,76127,36,1492,77655,97827,36994
31,YUCATAN,10,TIZIMIN,PRD,745,76127,36,1492,77655,97827,745
31,YUCATAN,10,TIZIMIN,PVEM,200,76127,36,1492,77655,97827,200
31,YUCATAN,10,TIZIMIN,PT,455,76127,36,1492,77655,97827,455
31,YUCATAN,10,TIZIMIN,MC,1375,76127,36,1492,77655,97827,1375
31,YUCATAN,10,TIZIMIN,NUAL,1137,76127,36,1492,77655,97827,1137
31,YUCATAN,10,TIZIMIN,MORENA,1644,76127,36,1492,77655,97827,1644
31,YUCATAN,10,TIZIMIN,PH,90,76127,36,1492,77655,97827,90
31,YUCATAN,10,TIZIMIN,ES,40,76127,36,1492,77655,97827,40
31,YUCATAN,10,TIZIMIN,PRI_PVEM,308,76127,36,1492,77655,97827,37502
31,YUCATAN,10,TIZIMIN,PRI_PVEM_NUAL,NA,76127,36,1492,77655,97827,38331
31,YUCATAN,10,TIZIMIN,PRD_PT,NA,76127,36,1492,77655,97827,1200
31,YUCATAN,11,VALLADOLID,PAN,20214,65452,5,1232,66689,88150,20214
31,YUCATAN,11,VALLADOLID,PRI,27890,65452,5,1232,66689,88150,27890
31,YUCATAN,11,VALLADOLID,PRD,4691,65452,5,1232,66689,88150,4691
31,YUCATAN,11,VALLADOLID,PVEM,325,65452,5,1232,66689,88150,325
31,YUCATAN,11,VALLADOLID,PT,326,65452,5,1232,66689,88150,326
31,YUCATAN,11,VALLADOLID,MC,360,65452,5,1232,66689,88150,360
31,YUCATAN,11,VALLADOLID,NUAL,1999,65452,5,1232,66689,88150,1999
31,YUCATAN,11,VALLADOLID,MORENA,8989,65452,5,1232,66689,88150,8989
31,YUCATAN,11,VALLADOLID,PH,150,65452,5,1232,66689,88150,150
31,YUCATAN,11,VALLADOLID,ES,161,65452,5,1232,66689,88150,161
31,YUCATAN,11,VALLADOLID,PRI_PVEM,347,65452,5,1232,66689,88150,28562
31,YUCATAN,11,VALLADOLID,PRI_PVEM_NUAL,NA,65452,5,1232,66689,88150,30214
31,YUCATAN,11,VALLADOLID,PRD_PT,NA,65452,5,1232,66689,88150,5017
31,YUCATAN,12,TEKAX,PAN,16688,72984,3,2047,75034,93432,16688
31,YUCATAN,12,TEKAX,PRI,33333,72984,3,2047,75034,93432,33333
31,YUCATAN,12,TEKAX,PRD,18522,72984,3,2047,75034,93432,18522
31,YUCATAN,12,TEKAX,PVEM,299,72984,3,2047,75034,93432,299
31,YUCATAN,12,TEKAX,PT,1382,72984,3,2047,75034,93432,1382
31,YUCATAN,12,TEKAX,MC,174,72984,3,2047,75034,93432,174
31,YUCATAN,12,TEKAX,NUAL,1145,72984,3,2047,75034,93432,1145
31,YUCATAN,12,TEKAX,MORENA,845,72984,3,2047,75034,93432,845
31,YUCATAN,12,TEKAX,PH,271,72984,3,2047,75034,93432,271
31,YUCATAN,12,TEKAX,ES,57,72984,3,2047,75034,93432,57
31,YUCATAN,12,TEKAX,PRI_PVEM,268,72984,3,2047,75034,93432,33900
31,YUCATAN,12,TEKAX,PRI_PVEM_NUAL,NA,72984,3,2047,75034,93432,34777
31,YUCATAN,12,TEKAX,PRD_PT,NA,72984,3,2047,75034,93432,19904
31,YUCATAN,13,TICUL,PAN,26679,71744,11,1234,72989,89121,26679
31,YUCATAN,13,TICUL,PRI,33849,71744,11,1234,72989,89121,33849
31,YUCATAN,13,TICUL,PRD,1190,71744,11,1234,72989,89121,1190
31,YUCATAN,13,TICUL,PVEM,6321,71744,11,1234,72989,89121,6321
31,YUCATAN,13,TICUL,PT,183,71744,11,1234,72989,89121,183
31,YUCATAN,13,TICUL,MC,310,71744,11,1234,72989,89121,310
31,YUCATAN,13,TICUL,NUAL,655,71744,11,1234,72989,89121,655
31,YUCATAN,13,TICUL,MORENA,1880,71744,11,1234,72989,89121,1880
31,YUCATAN,13,TICUL,PH,165,71744,11,1234,72989,89121,165
31,YUCATAN,13,TICUL,ES,400,71744,11,1234,72989,89121,400
31,YUCATAN,13,TICUL,PRI_PVEM,112,71744,11,1234,72989,89121,40282
31,YUCATAN,13,TICUL,PRI_PVEM_NUAL,NA,71744,11,1234,72989,89121,40825
31,YUCATAN,13,TICUL,PRD_PT,NA,71744,11,1234,72989,89121,1373
31,YUCATAN,14,TIXKOKOB,PAN,26026,80467,3,1445,81915,94702,26026
31,YUCATAN,14,TIXKOKOB,PRI,36311,80467,3,1445,81915,94702,36311
31,YUCATAN,14,TIXKOKOB,PRD,9503,80467,3,1445,81915,94702,9503
31,YUCATAN,14,TIXKOKOB,PVEM,2454,80467,3,1445,81915,94702,2454
31,YUCATAN,14,TIXKOKOB,PT,282,80467,3,1445,81915,94702,282
31,YUCATAN,14,TIXKOKOB,MC,285,80467,3,1445,81915,94702,285
31,YUCATAN,14,TIXKOKOB,NUAL,3509,80467,3,1445,81915,94702,3509
31,YUCATAN,14,TIXKOKOB,MORENA,1492,80467,3,1445,81915,94702,1492
31,YUCATAN,14,TIXKOKOB,PH,457,80467,3,1445,81915,94702,457
31,YUCATAN,14,TIXKOKOB,ES,4,80467,3,1445,81915,94702,4
31,YUCATAN,14,TIXKOKOB,PRI_PVEM,NA,80467,3,1445,81915,94702,38765
31,YUCATAN,14,TIXKOKOB,PRI_PVEM_NUAL,144,80467,3,1445,81915,94702,42418
31,YUCATAN,14,TIXKOKOB,PRD_PT,NA,80467,3,1445,81915,94702,9785
31,YUCATAN,15,IZAMAL,PAN,34386,83694,4,1033,84731,98061,34386
31,YUCATAN,15,IZAMAL,PRI,42428,83694,4,1033,84731,98061,42428
31,YUCATAN,15,IZAMAL,PRD,4111,83694,4,1033,84731,98061,4111
31,YUCATAN,15,IZAMAL,PVEM,867,83694,4,1033,84731,98061,867
31,YUCATAN,15,IZAMAL,PT,101,83694,4,1033,84731,98061,101
31,YUCATAN,15,IZAMAL,MC,484,83694,4,1033,84731,98061,484
31,YUCATAN,15,IZAMAL,NUAL,155,83694,4,1033,84731,98061,155
31,YUCATAN,15,IZAMAL,MORENA,824,83694,4,1033,84731,98061,824
31,YUCATAN,15,IZAMAL,PH,57,83694,4,1033,84731,98061,57
31,YUCATAN,15,IZAMAL,ES,132,83694,4,1033,84731,98061,132
31,YUCATAN,15,IZAMAL,PRI_PVEM,136,83694,4,1033,84731,98061,43431
31,YUCATAN,15,IZAMAL,PRI_PVEM_NUAL,NA,83694,4,1033,84731,98061,43450
31,YUCATAN,15,IZAMAL,PRD_PT,13,83694,4,1033,84731,98061,4225
